rank,score,deferred,chapel,requirements,electives,credits,free_days,early1,lunch_fail,late,runs,holes
1,21.795,Lang,YCA1006-02-00,QRM1001-01-00 UIC1561-01-00 UIC1551-01-00 UIC2151-12-00,YCE1253-01-00 BIZ1101-09-00,18.0,월금,1,0,1,,1+1+1
2,21.065,MR,YCA1006-02-00,UIC1561-01-00 UIC1551-01-00 UIC2151-12-00 UIC1805-02-00,ECO1002-05-00 BIZ1101-09-00,18.0,월금,1,0,1,,1+1+1
3,21.065,MR,YCA1006-02-00,UIC1561-01-00 UIC1551-01-00 UIC2151-12-00 UIC1805-02-00,ECO1002-05-00 BIZ1101-09-00,18.0,월금,1,0,1,,1+1+1
4,20.065,MR,YCA1006-02-00,UIC1561-01-00 UIC1551-01-00 UIC2151-12-00 UIC1805-02-00,ECO1002-05-00 YCK1998-03-00,18.0,월금,1,0,1,,1+3+1
5,20.065,MR,YCA1006-02-00,UIC1561-01-00 UIC1551-01-00 UIC2151-12-00 UIC1805-02-00,ECO1002-05-00 YCK1998-03-00,18.0,월금,1,0,1,,1+3+1
6,19.92,Lang,YCA1006-02-00,QRM1001-01-00 UIC1561-01-00 UIC1551-01-00 UIC2151-12-00,YCH1605-01-00 BIZ1101-09-00,18.0,월금,1,0,1,,2+1+1
7,19.815,MR,YCA1006-02-00,UIC1561-01-00 UIC1551-04-00 UIC2151-12-00 UIC1806-02-00,YCI1998-02-00 BIZ1101-09-00,18.0,월금,1,0,1,,2+1
8,19.815,MR,YCA1006-02-00,UIC1561-01-00 UIC1551-04-00 UIC2151-12-00 UIC1806-02-00,YCI1998-02-00 BIZ1101-09-00,18.0,월금,1,0,1,,2+1
9,19.355,MR,YCA1006-02-00,UIC1561-01-00 UIC1551-01-00 UIC2151-12-00 UIC1805-02-00,STA2102-04-00 BIZ1101-09-00,18.0,월금,1,0,1,,1+1+1
10,19.355,MR,YCA1006-02-00,UIC1561-01-00 UIC1551-01-00 UIC2151-12-00 UIC1805-02-00,STA2102-04-00 BIZ1101-09-00,18.0,월금,1,0,1,,1+1+1
11,19.19,MR,YCA1006-02-00,UIC1561-01-00 UIC1551-01-00 UIC2151-12-00 UIC1805-02-00,UCB1105-02-00 BIZ1101-09-00,18.0,월금,1,0,1,,1+1+2
12,19.19,MR,YCA1006-02-00,UIC1561-01-00 UIC1551-01-00 UIC2151-12-00 UIC1805-02-00,UCB1105-02-00 BIZ1101-09-00,18.0,월금,1,0,1,,1+1+2
13,19.19,MR,YCA1006-02-00,UIC1561-01-00 UIC1551-01-00 UIC2151-12-00 UIC1806-02-00,ECO1002-06-00 BIZ1101-09-00,18.0,월금,1,0,1,,2+1+1
14,19.19,MR,YCA1006-02-00,UIC1561-01-00 UIC1551-01-00 UIC2151-12-00 UIC1806-02-00,ECO1002-06-00 BIZ1101-09-00,18.0,월금,1,0,1,,2+1+1
15,18.92,Lang,YCA1006-02-00,QRM1001-01-00 UIC1561-01-00 UIC1551-01-00 UIC2151-12-00,YCH1605-01-00 YCK1998-03-00,18.0,월금,1,0,1,,2+3+1
16,18.815,MR,YCA1006-02-00,UIC1561-01-00 UIC1551-04-00 UIC2151-12-00 UIC1806-02-00,YCI1998-02-00 YCK1998-03-00,18.0,월금,1,0,1,,2+3
17,18.815,MR,YCA1006-02-00,UIC1561-01-00 UIC1551-04-00 UIC2151-12-00 UIC1806-02-00,YCI1998-02-00 YCK1998-03-00,18.0,월금,1,0,1,,2+3
18,18.49,MR,YCA1006-01-00,UIC1561-01-00 UIC1551-01-00 UIC2151-08-00 UIC1806-02-00,YCI1901-01-00 YCK1998-03-00,18.0,월금,0,0,2,6,1+1
19,18.49,MR,YCA1006-01-00,UIC1561-01-00 UIC1551-01-00 UIC2151-07-00 UIC1805-02-00,YCI1901-01-00 YCK1998-03-00,18.0,월금,0,0,2,6,1+1
20,18.49,MR,YCA1006-01-00,UIC1561-01-00 UIC1551-01-00 UIC2151-06-00 UIC1805-02-00,YCI1901-01-00 YCK1998-03-00,18.0,월금,0,0,2,6,1+1
21,18.49,MR,YCA1006-01-00,UIC1561-01-00 UIC1551-04-00 UIC2151-09-00 UIC1806-02-00,UCD1101-01-00 YCK1998-03-00,18.0,월금,0,0,2,6,1+1
22,18.49,MR,YCA1006-01-00,UIC1561-01-00 UIC1551-04-00 UIC2151-07-00 UIC1805-02-00,UCD1101-01-00 YCK1998-03-00,18.0,월금,0,0,2,6,1+1
23,18.49,MR,YCA1006-01-00,UIC1561-01-00 UIC1401-02-00 UIC2151-14-00 UIC1806-02-00,UCD1101-01-00 YCK1998-03-00,18.0,월금,0,0,2,6,1+1
24,18.49,MR,YCA1006-01-00,UIC1561-01-00 UIC1551-04-00 UIC2151-06-00 UIC1805-02-00,UCD1101-01-00 YCK1998-03-00,18.0,월금,0,0,2,6,1+1
25,18.49,MR,YCA1006-01-00,UIC1561-01-00 UIC1551-04-00 UIC2151-09-00 UIC1806-02-00,UCD1101-01-00 YCK1998-03-00,18.0,월금,0,0,2,6,1+1
26,18.49,MR,YCA1006-01-00,UIC1561-01-00 UIC1551-04-00 UIC2151-06-00 UIC1805-02-00,UCD1101-01-00 YCK1998-03-00,18.0,월금,0,0,2,6,1+1
27,18.49,MR,YCA1006-01-00,UIC1561-01-00 UIC1251-02-00 UIC2151-14-00 UIC1805-02-00,UCD1101-01-00 YCK1998-03-00,18.0,월금,0,0,2,6,1+1
28,18.49,MR,YCA1006-01-00,UIC1561-01-00 UIC1401-02-00 UIC2151-14-00 UIC1806-02-00,UCD1101-01-00 YCK1998-03-00,18.0,월금,0,0,2,6,1+1
29,18.49,MR,YCA1006-01-00,UIC1561-01-00 UIC1551-04-00 UIC2151-08-00 UIC1806-02-00,UCD1101-01-00 YCK1998-03-00,18.0,월금,0,0,2,6,1+1
30,18.49,MR,YCA1006-01-00,UIC1561-01-00 UIC1551-01-00 UIC2151-07-00 UIC1805-02-00,YCI1901-01-00 YCK1998-03-00,18.0,월금,0,0,2,6,1+1
31,18.49,MR,YCA1006-01-00,UIC1561-01-00 UIC1551-04-00 UIC2151-07-00 UIC1805-02-00,UCD1101-01-00 YCK1998-03-00,18.0,월금,0,0,2,6,1+1
32,18.49,MR,YCA1006-01-00,UIC1561-01-00 UIC1551-01-00 UIC2151-06-00 UIC1805-02-00,YCI1901-01-00 YCK1998-03-00,18.0,월금,0,0,2,6,1+1
33,18.49,MR,YCA1006-01-00,UIC1561-01-00 UIC1551-01-00 UIC2151-09-00 UIC1806-02-00,YCI1901-01-00 YCK1998-03-00,18.0,월금,0,0,2,6,1+1
34,18.49,MR,YCA1006-01-00,UIC1561-01-00 UIC1551-04-00 UIC2151-08-00 UIC1806-02-00,UCD1101-01-00 YCK1998-03-00,18.0,월금,0,0,2,6,1+1
35,18.49,MR,YCA1006-01-00,UIC1561-01-00 UIC1251-02-00 UIC2151-14-00 UIC1805-02-00,UCD1101-01-00 YCK1998-03-00,18.0,월금,0,0,2,6,1+1
36,18.49,MR,YCA1006-01-00,UIC1561-01-00 UIC1551-01-00 UIC2151-09-00 UIC1806-02-00,YCI1901-01-00 YCK1998-03-00,18.0,월금,0,0,2,6,1+1
37,18.49,MR,YCA1006-01-00,UIC1561-01-00 UIC1551-01-00 UIC2151-08-00 UIC1806-02-00,YCI1901-01-00 YCK1998-03-00,18.0,월금,0,0,2,6,1+1
38,18.355,MR,YCA1006-02-00,UIC1561-01-00 UIC1551-01-00 UIC2151-12-00 UIC1805-02-00,YCK1998-03-00 STA2102-04-00,18.0,월금,1,0,1,,1+3+1
39,18.355,MR,YCA1006-02-00,UIC1561-01-00 UIC1551-01-00 UIC2151-12-00 UIC1805-02-00,YCK1998-03-00 STA2102-04-00,18.0,월금,1,0,1,,1+3+1
40,18.19,MR,YCA1006-01-00,UIC1561-01-00 UIC1551-04-00 UIC2151-06-00 UIC1805-01-00,YCI1998-02-00 YCK1998-03-00,18.0,월금,1,0,1,,1+2+1
41,18.19,MR,YCA1006-02-00,UIC1561-01-00 UIC1551-01-00 UIC2151-09-00 UIC1805-01-00,UCB1105-02-00 YCK1998-03-00,18.0,월금,1,0,1,,1+1+2
42,18.19,MR,YCA1006-02-00,UIC1561-01-00 UIC1551-04-00 UIC2151-06-00 UIC1805-01-00,YCI1998-02-00 YCK1998-03-00,18.0,월금,1,0,1,,1+2+1
43,18.19,MR,YCA1006-01-00,UIC1561-01-00 UIC1551-04-00 UIC2151-05-00 UIC1805-02-00,YCH1605-01-00 YCK1998-03-00,18.0,월금,1,0,1,,1+1+2
44,18.19,MR,YCA1006-01-00,UIC1561-01-00 UIC1551-04-00 UIC2151-07-00 UIC1806-01-00,YCI1998-02-00 YCK1998-03-00,18.0,월금,1,0,1,,1+2+1
45,18.19,MR,YCA1006-02-00,UIC1561-01-00 UIC1551-04-00 UIC2151-05-00 UIC1806-02-00,YCI1998-02-00 YCK1998-03-00,18.0,월금,1,0,1,,1+2+1
46,18.19,MR,YCA1006-02-00,UIC1561-01-00 UIC1551-04-00 UIC2151-07-00 UIC1805-01-00,YCI1998-02-00 YCK1998-03-00,18.0,월금,1,0,1,,1+2+1
47,18.19,MR,YCA1006-01-00,UIC1561-01-00 UIC1551-04-00 UIC2151-07-00 UIC1806-01-00,YCI1998-02-00 YCK1998-03-00,18.0,월금,1,0,1,,1+2+1
48,18.19,MR,YCA1006-01-00,UIC1561-01-00 UIC1551-04-00 UIC2151-05-00 UIC1806-02-00,YCI1998-02-00 YCK1998-03-00,18.0,월금,1,0,1,,1+2+1
49,18.19,MR,YCA1006-02-00,UIC1561-01-00 UIC1551-01-00 UIC2151-08-00 UIC1805-01-00,UCB1105-02-00 YCK1998-03-00,18.0,월금,1,0,1,,1+1+2
50,18.19,MR,YCA1006-01-00,UIC1561-01-00 UIC1251-02-00 UIC2151-14-00 UIC1806-01-00,UCB1105-02-00 YCK1998-03-00,18.0,월금,1,0,1,,1+2+1
51,18.19,MR,YCA1006-01-00,UIC1561-01-00 UIC1551-04-00 UIC2151-06-00 UIC1806-01-00,YCI1998-02-00 YCK1998-03-00,18.0,월금,1,0,1,,1+2+1
52,18.19,MR,YCA1006-01-00,UIC1561-01-00 UIC1551-04-00 UIC2151-09-00 UIC1805-01-00,YCH1605-01-00 YCK1998-03-00,18.0,월금,1,0,1,,1+1+2
53,18.19,MR,YCA1006-01-00,UIC1561-01-00 UIC1551-04-00 UIC2151-09-00 UIC1805-01-00,YCH1605-01-00 YCK1998-03-00,18.0,월금,1,0,1,,1+1+2
54,18.19,MR,YCA1006-02-00,UIC1561-01-00 UIC1551-01-00 UIC2151-12-00 UIC1806-02-00,ECO1002-06-00 YCK1998-03-00,18.0,월금,1,0,1,,2+3+1
55,18.19,MR,YCA1006-02-00,UIC1561-01-00 UIC1251-02-00 UIC2151-14-00 UIC1806-01-00,UCB1105-02-00 YCK1998-03-00,18.0,월금,1,0,1,,1+2+1
56,18.19,MR,YCA1006-01-00,UIC1561-01-00 UIC1551-04-00 UIC2151-06-00 UIC1806-01-00,YCI1998-02-00 YCK1998-03-00,18.0,월금,1,0,1,,1+2+1
57,18.19,MR,YCA1006-02-00,UIC1561-01-00 UIC1501-04-00 UIC2151-14-00 UIC1806-02-00,UCB1105-02-00 YCK1998-03-00,18.0,월금,1,0,1,,1+2+1
58,18.19,MR,YCA1006-01-00,UIC1561-01-00 UIC1551-04-00 UIC2151-05-00 UIC1805-02-00,YCH1605-01-00 YCK1998-03-00,18.0,월금,1,0,1,,1+1+2
59,18.19,MR,YCA1006-02-00,UIC1561-01-00 UIC1551-01-00 UIC2151-12-00 UIC1805-02-00,UCB1105-02-00 YCK1998-03-00,18.0,월금,1,0,1,,1+3+2
60,18.19,MR,YCA1006-02-00,UIC1561-01-00 UIC1551-01-00 UIC2151-12-00 UIC1805-02-00,UCB1105-02-00 YCK1998-03-00,18.0,월금,1,0,1,,1+3+2
61,18.19,MR,YCA1006-02-00,UIC1561-01-00 UIC1551-01-00 UIC2151-12-00 UIC1806-02-00,ECO1002-06-00 YCK1998-03-00,18.0,월금,1,0,1,,2+3+1
62,18.19,MR,YCA1006-02-00,UIC1561-01-00 UIC1551-01-00 UIC2151-09-00 UIC1806-01-00,UCB1105-02-00 YCK1998-03-00,18.0,월금,1,0,1,,1+1+2
63,18.19,MR,YCA1006-02-00,UIC1561-01-00 UIC1551-04-00 UIC2151-06-00 UIC1805-01-00,YCI1998-02-00 YCK1998-03-00,18.0,월금,1,0,1,,1+2+1
64,18.19,MR,YCA1006-01-00,UIC1561-01-00 UIC1551-04-00 UIC2151-05-00 UIC1806-02-00,YCI1998-02-00 YCK1998-03-00,18.0,월금,1,0,1,,1+2+1
65,18.19,MR,YCA1006-02-00,UIC1561-01-00 UIC1551-01-00 UIC2151-08-00 UIC1806-01-00,UCB1105-02-00 YCK1998-03-00,18.0,월금,1,0,1,,1+1+2
66,18.19,MR,YCA1006-02-00,UIC1561-01-00 UIC1551-04-00 UIC2151-06-00 UIC1806-01-00,YCI1998-02-00 YCK1998-03-00,18.0,월금,1,0,1,,1+2+1
67,18.19,MR,YCA1006-02-00,UIC1561-01-00 UIC1551-01-00 UIC2151-08-00 UIC1805-01-00,UCB1105-02-00 YCK1998-03-00,18.0,월금,1,0,1,,1+1+2
68,18.19,MR,YCA1006-01-00,UIC1561-01-00 UIC1251-02-00 UIC2151-14-00 UIC1805-01-00,UCB1105-02-00 YCK1998-03-00,18.0,월금,1,0,1,,1+2+1
69,18.19,MR,YCA1006-02-00,UIC1561-01-00 UIC1251-02-00 UIC2151-14-00 UIC1805-01-00,UCB1105-02-00 YCK1998-03-00,18.0,월금,1,0,1,,1+2+1
70,18.19,MR,YCA1006-02-00,UIC1561-01-00 UIC1251-02-00 UIC2151-14-00 UIC1806-01-00,UCB1105-02-00 YCK1998-03-00,18.0,월금,1,0,1,,1+2+1
71,18.19,MR,YCA1006-02-00,UIC1561-01-00 UIC1551-01-00 UIC2151-05-00 UIC1805-02-00,UCB1105-02-00 YCK1998-03-00,18.0,월금,1,0,1,,1+1+2
72,18.19,MR,YCA1006-01-00,UIC1561-01-00 UIC1551-04-00 UIC2151-08-00 UIC1806-01-00,YCH1605-01-00 YCK1998-03-00,18.0,월금,1,0,1,,1+1+2
73,18.19,MR,YCA1006-02-00,UIC1561-01-00 UIC1551-04-00 UIC2151-06-00 UIC1806-01-00,YCI1998-02-00 YCK1998-03-00,18.0,월금,1,0,1,,1+2+1
74,18.19,MR,YCA1006-01-00,UIC1561-01-00 UIC1551-04-00 UIC2151-07-00 UIC1805-01-00,YCI1998-02-00 YCK1998-03-00,18.0,월금,1,0,1,,1+2+1
75,18.19,MR,YCA1006-01-00,UIC1561-01-00 UIC1551-04-00 UIC2151-08-00 UIC1805-01-00,YCH1605-01-00 YCK1998-03-00,18.0,월금,1,0,1,,1+1+2
76,18.19,MR,YCA1006-02-00,UIC1561-01-00 UIC1551-01-00 UIC2151-12-00 UIC1806-02-00,YCI1901-01-00 BIZ1101-09-00,18.0,월금,1,0,2,,2+1+1
77,18.19,MR,YCA1006-01-00,UIC1561-01-00 UIC1251-02-00 UIC2151-14-00 UIC1806-01-00,UCB1105-02-00 YCK1998-03-00,18.0,월금,1,0,1,,1+2+1
78,18.19,MR,YCA1006-02-00,UIC1561-01-00 UIC1551-01-00 UIC2151-09-00 UIC1806-01-00,UCB1105-02-00 YCK1998-03-00,18.0,월금,1,0,1,,1+1+2
79,18.19,MR,YCA1006-02-00,UIC1561-01-00 UIC1551-01-00 UIC2151-05-00 UIC1805-02-00,UCB1105-02-00 YCK1998-03-00,18.0,월금,1,0,1,,1+1+2
80,18.19,MR,YCA1006-01-00,UIC1561-01-00 UIC1501-04-00 UIC2151-14-00 UIC1806-02-00,UCB1105-02-00 YCK1998-03-00,18.0,월금,1,0,1,,1+2+1
81,18.19,MR,YCA1006-01-00,UIC1561-01-00 UIC1551-04-00 UIC2151-08-00 UIC1806-01-00,YCH1605-01-00 YCK1998-03-00,18.0,월금,1,0,1,,1+1+2
82,18.19,MR,YCA1006-02-00,UIC1561-01-00 UIC1551-01-00 UIC2151-12-00 UIC1806-02-00,YCI1901-01-00 BIZ1101-09-00,18.0,월금,1,0,2,,2+1+1
83,18.19,MR,YCA1006-01-00,UIC1561-01-00 UIC1251-02-00 UIC2151-14-00 UIC1805-01-00,UCB1105-02-00 YCK1998-03-00,18.0,월금,1,0,1,,1+2+1
84,18.19,MR,YCA1006-01-00,UIC1561-01-00 UIC1551-04-00 UIC2151-07-00 UIC1805-01-00,YCI1998-02-00 YCK1998-03-00,18.0,월금,1,0,1,,1+2+1
85,18.19,MR,YCA1006-02-00,UIC1561-01-00 UIC1551-04-00 UIC2151-07-00 UIC1806-01-00,YCI1998-02-00 YCK1998-03-00,18.0,월금,1,0,1,,1+2+1
86,18.19,MR,YCA1006-01-00,UIC1561-01-00 UIC1501-04-00 UIC2151-14-00 UIC1806-02-00,UCB1105-02-00 YCK1998-03-00,18.0,월금,1,0,1,,1+2+1
87,18.19,MR,YCA1006-02-00,UIC1561-01-00 UIC1251-02-00 UIC2151-14-00 UIC1805-01-00,UCB1105-02-00 YCK1998-03-00,18.0,월금,1,0,1,,1+2+1
88,18.19,MR,YCA1006-01-00,UIC1561-01-00 UIC1551-04-00 UIC2151-06-00 UIC1805-01-00,YCI1998-02-00 YCK1998-03-00,18.0,월금,1,0,1,,1+2+1
89,18.19,MR,YCA1006-02-00,UIC1561-01-00 UIC1551-01-00 UIC2151-09-00 UIC1805-01-00,UCB1105-02-00 YCK1998-03-00,18.0,월금,1,0,1,,1+1+2
90,18.19,MR,YCA1006-02-00,UIC1561-01-00 UIC1551-01-00 UIC2151-08-00 UIC1806-01-00,UCB1105-02-00 YCK1998-03-00,18.0,월금,1,0,1,,1+1+2
91,18.19,MR,YCA1006-01-00,UIC1561-01-00 UIC1551-04-00 UIC2151-08-00 UIC1805-01-00,YCH1605-01-00 YCK1998-03-00,18.0,월금,1,0,1,,1+1+2
92,18.19,MR,YCA1006-01-00,UIC1561-01-00 UIC1551-04-00 UIC2151-09-00 UIC1806-01-00,YCH1605-01-00 YCK1998-03-00,18.0,월금,1,0,1,,1+1+2
93,18.19,MR,YCA1006-02-00,UIC1561-01-00 UIC1551-04-00 UIC2151-05-00 UIC1806-02-00,YCI1998-02-00 YCK1998-03-00,18.0,월금,1,0,1,,1+2+1
94,18.19,MR,YCA1006-02-00,UIC1561-01-00 UIC1551-04-00 UIC2151-07-00 UIC1806-01-00,YCI1998-02-00 YCK1998-03-00,18.0,월금,1,0,1,,1+2+1
95,18.19,MR,YCA1006-02-00,UIC1561-01-00 UIC1551-04-00 UIC2151-07-00 UIC1805-01-00,YCI1998-02-00 YCK1998-03-00,18.0,월금,1,0,1,,1+2+1
96,18.19,MR,YCA1006-01-00,UIC1561-01-00 UIC1551-04-00 UIC2151-09-00 UIC1806-01-00,YCH1605-01-00 YCK1998-03-00,18.0,월금,1,0,1,,1+1+2
97,18.19,MR,YCA1006-02-00,UIC1561-01-00 UIC1501-04-00 UIC2151-14-00 UIC1806-02-00,UCB1105-02-00 YCK1998-03-00,18.0,월금,1,0,1,,1+2+1
98,17.92,Lang,YCA1006-02-00,QRM1001-01-00 UIC1561-01-00 UIC1551-01-00 UIC2151-12-00,YCH1605-01-00 YCI1901-01-00,18.0,월금,1,0,2,,2+3+1
99,17.69,MR,YCA1006-01-00,UIC1561-01-00 UIC1551-04-00 UIC2151-06-00 UIC1805-02-00,YCK1998-03-00 STA1002-04-00,18.0,월금,0,0,1,4,2+1+1+2
100,17.69,MR,YCA1006-01-00,UIC1561-01-00 UIC1551-04-00 UIC2151-09-00 UIC1806-02-00,YCK1998-03-00 STA1002-04-00,18.0,월금,0,0,1,4,2+1+1+2
101,17.69,MR,YCA1006-01-00,UIC1561-01-00 UIC1551-01-00 UIC2151-07-00 UIC1805-02-00,YCK1998-03-00 STA1002-04-00,18.0,월금,0,0,1,4,2+1+2+1
102,17.69,MR,YCA1006-01-00,UIC1561-01-00 UIC1551-01-00 UIC2151-09-00 UIC1806-02-00,YCK1998-03-00 STA1002-04-00,18.0,월금,0,0,1,4,2+1+2+1
103,17.69,MR,YCA1006-01-00,UIC1561-01-00 UIC1551-01-00 UIC2151-08-00 UIC1806-02-00,YCK1998-03-00 STA1002-04-00,18.0,월금,0,0,1,4,2+1+2+1
104,17.69,MR,YCA1006-01-00,UIC1561-01-00 UIC1551-01-00 UIC2151-07-00 UIC1805-02-00,YCK1998-03-00 STA1002-04-00,18.0,월금,0,0,1,4,2+1+2+1
105,17.69,MR,YCA1006-01-00,UIC1561-01-00 UIC1551-04-00 UIC2151-08-00 UIC1806-02-00,YCK1998-03-00 STA1002-04-00,18.0,월금,0,0,1,4,2+1+1+2
106,17.69,MR,YCA1006-01-00,UIC1561-01-00 UIC1551-01-00 UIC2151-06-00 UIC1805-02-00,YCK1998-03-00 STA1002-04-00,18.0,월금,0,0,1,4,2+1+2+1
107,17.69,MR,YCA1006-01-00,UIC1561-01-00 UIC1551-04-00 UIC2151-07-00 UIC1805-02-00,YCK1998-03-00 STA1002-04-00,18.0,월금,0,0,1,4,2+1+1+2
108,17.69,MR,YCA1006-01-00,UIC1561-01-00 UIC1551-01-00 UIC2151-06-00 UIC1805-02-00,YCK1998-03-00 STA1002-04-00,18.0,월금,0,0,1,4,2+1+2+1
109,17.69,MR,YCA1006-01-00,UIC1561-01-00 UIC1551-01-00 UIC2151-09-00 UIC1806-02-00,YCK1998-03-00 STA1002-04-00,18.0,월금,0,0,1,4,2+1+2+1
110,17.69,MR,YCA1006-01-00,UIC1561-01-00 UIC1551-01-00 UIC2151-08-00 UIC1806-02-00,YCK1998-03-00 STA1002-04-00,18.0,월금,0,0,1,4,2+1+2+1
111,17.69,MR,YCA1006-01-00,UIC1561-01-00 UIC1551-04-00 UIC2151-07-00 UIC1805-02-00,YCK1998-03-00 STA1002-04-00,18.0,월금,0,0,1,4,2+1+1+2
112,17.69,MR,YCA1006-01-00,UIC1561-01-00 UIC1551-04-00 UIC2151-08-00 UIC1806-02-00,YCK1998-03-00 STA1002-04-00,18.0,월금,0,0,1,4,2+1+1+2
113,17.69,MR,YCA1006-01-00,UIC1561-01-00 UIC1551-04-00 UIC2151-06-00 UIC1805-02-00,YCK1998-03-00 STA1002-04-00,18.0,월금,0,0,1,4,2+1+1+2
114,17.69,MR,YCA1006-01-00,UIC1561-01-00 UIC1551-04-00 UIC2151-09-00 UIC1806-02-00,YCK1998-03-00 STA1002-04-00,18.0,월금,0,0,1,4,2+1+1+2
115,17.565,MR,YCA1006-02-00,UIC1561-01-00 UIC1551-04-00 UIC2151-12-00 UIC1805-02-00,UCD1101-01-00 BIZ1101-09-00,18.0,월금,1,0,2,,1+1+1+2
116,17.565,MR,YCA1006-02-00,UIC1561-01-00 UIC1551-04-00 UIC2151-12-00 UIC1805-02-00,UCD1101-01-00 BIZ1101-09-00,18.0,월금,1,0,2,,1+1+1+2
117,17.19,MR,YCA1006-01-00,UIC1561-01-00 UIC1551-04-00 UIC2151-08-00 UIC1805-01-00,YCH1605-01-00 UCD1101-01-00,18.0,월수금,1,0,2,,1+1+2
118,17.19,MR,YCA1006-01-00,UIC1561-01-00 UIC1551-04-00 UIC2151-09-00 UIC1806-01-00,YCH1605-01-00 UCD1101-01-00,18.0,월수금,1,0,2,,1+1+2
119,17.19,MR,YCA1006-01-00,UIC1561-01-00 UIC1551-04-00 UIC2151-09-00 UIC1805-01-00,YCH1605-01-00 UCD1101-01-00,18.0,월수금,1,0,2,,1+1+2
120,17.19,MR,YCA1006-01-00,UIC1561-01-00 UIC1551-04-00 UIC2151-08-00 UIC1806-01-00,YCH1605-01-00 UCD1101-01-00,18.0,월수금,1,0,2,,1+1+2
121,17.19,MR,YCA1006-02-00,UIC1561-01-00 UIC1551-01-00 UIC2151-12-00 UIC1806-02-00,ECO1002-06-00 YCI1901-01-00,18.0,월금,1,0,2,,2+3+1
122,17.19,MR,YCA1006-01-00,UIC1561-01-00 UIC1551-04-00 UIC2151-09-00 UIC1805-01-00,YCH1605-01-00 UCD1101-01-00,18.0,월수금,1,0,2,,1+1+2
123,17.19,MR,YCA1006-01-00,UIC1561-01-00 UIC1551-04-00 UIC2151-08-00 UIC1806-01-00,YCH1605-01-00 UCD1101-01-00,18.0,월수금,1,0,2,,1+1+2
124,17.19,MR,YCA1006-01-00,UIC1561-01-00 UIC1551-04-00 UIC2151-05-00 UIC1805-02-00,YCH1605-01-00 UCD1101-01-00,18.0,월수금,1,0,2,,1+1+2
125,17.19,MR,YCA1006-01-00,UIC1561-01-00 UIC1551-04-00 UIC2151-05-00 UIC1805-02-00,YCH1605-01-00 UCD1101-01-00,18.0,월수금,1,0,2,,1+1+2
126,17.19,MR,YCA1006-02-00,UIC1561-01-00 UIC1551-01-00 UIC2151-12-00 UIC1806-02-00,YCI1901-01-00 YCK1998-03-00,18.0,월금,1,0,2,,2+3+1
127,17.19,MR,YCA1006-01-00,UIC1561-01-00 UIC1551-04-00 UIC2151-08-00 UIC1805-01-00,YCH1605-01-00 UCD1101-01-00,18.0,월수금,1,0,2,,1+1+2
128,17.19,MR,YCA1006-02-00,UIC1561-01-00 UIC1551-01-00 UIC2151-12-00 UIC1806-02-00,ECO1002-06-00 YCI1901-01-00,18.0,월금,1,0,2,,2+3+1
129,17.19,MR,YCA1006-02-00,UIC1561-01-00 UIC1551-01-00 UIC2151-12-00 UIC1806-02-00,YCI1901-01-00 YCK1998-03-00,18.0,월금,1,0,2,,2+3+1
130,17.19,MR,YCA1006-01-00,UIC1561-01-00 UIC1551-04-00 UIC2151-09-00 UIC1806-01-00,YCH1605-01-00 UCD1101-01-00,18.0,월수금,1,0,2,,1+1+2
131,16.94,MR,YCA1006-01-00,UIC1561-01-00 UIC1551-01-00 UIC2151-08-00 UIC1805-01-00,UCB1105-02-00 YCK1998-03-00,18.0,월금,1,0,1,,2+2
132,16.94,MR,YCA1006-01-00,UIC1561-01-00 UIC1551-01-00 UIC2151-08-00 UIC1806-01-00,UCB1105-02-00 YCK1998-03-00,18.0,월금,1,0,1,,2+2
133,16.94,MR,YCA1006-01-00,UIC1561-01-00 UIC1551-01-00 UIC2151-09-00 UIC1805-01-00,UCB1105-02-00 YCK1998-03-00,18.0,월금,1,0,1,,2+2
134,16.94,MR,YCA1006-01-00,UIC1561-01-00 UIC1551-01-00 UIC2151-05-00 UIC1805-02-00,UCB1105-02-00 YCK1998-03-00,18.0,월금,1,0,1,,2+2
135,16.94,MR,YCA1006-01-00,UIC1561-01-00 UIC1551-01-00 UIC2151-08-00 UIC1805-01-00,UCB1105-02-00 YCK1998-03-00,18.0,월금,1,0,1,,2+2
136,16.94,MR,YCA1006-01-00,UIC1561-01-00 UIC1551-01-00 UIC2151-09-00 UIC1805-01-00,UCB1105-02-00 YCK1998-03-00,18.0,월금,1,0,1,,2+2
137,16.94,MR,YCA1006-01-00,UIC1561-01-00 UIC1551-01-00 UIC2151-09-00 UIC1806-01-00,UCB1105-02-00 YCK1998-03-00,18.0,월금,1,0,1,,2+2
138,16.94,MR,YCA1006-01-00,UIC1561-01-00 UIC1551-01-00 UIC2151-08-00 UIC1806-01-00,UCB1105-02-00 YCK1998-03-00,18.0,월금,1,0,1,,2+2
139,16.94,MR,YCA1006-01-00,UIC1561-01-00 UIC1551-01-00 UIC2151-09-00 UIC1806-01-00,UCB1105-02-00 YCK1998-03-00,18.0,월금,1,0,1,,2+2
140,16.94,MR,YCA1006-01-00,UIC1561-01-00 UIC1551-01-00 UIC2151-05-00 UIC1805-02-00,UCB1105-02-00 YCK1998-03-00,18.0,월금,1,0,1,,2+2
141,16.794,MR,YCA1006-01-00,UIC1561-01-00 UIC1401-02-00 UIC2151-14-00 UIC1806-02-00,YCH1202-01-00 YCK1998-03-00,18.0,월금,0,0,2,6,1+1
142,16.794,MR,YCA1006-01-00,UIC1561-01-00 UIC1401-02-00 UIC2151-14-00 UIC1806-02-00,YCH1202-01-00 YCK1998-03-00,18.0,월금,0,0,2,6,1+1
143,16.794,MR,YCA1006-01-00,UIC1561-01-00 UIC1251-02-00 UIC2151-14-00 UIC1805-02-00,YCH1202-01-00 YCK1998-03-00,18.0,월금,0,0,2,6,1+1
144,16.794,MR,YCA1006-01-00,UIC1561-01-00 UIC1251-02-00 UIC2151-14-00 UIC1805-02-00,YCH1202-01-00 YCK1998-03-00,18.0,월금,0,0,2,6,1+1
145,16.674,MR,YCA1006-01-00,UIC1561-01-00 UIC1551-01-00 UIC2151-09-00 UIC1806-02-00,ECO1101-06-00 YCK1998-03-00,18.0,월금,0,0,3,4+4,1+1+1
146,16.674,MR,YCA1006-01-00,UIC1561-01-00 UIC1551-01-00 UIC2151-06-00 UIC1805-02-00,ECO1101-06-00 YCK1998-03-00,18.0,월금,0,0,3,4+4,1+1+1
147,16.674,MR,YCA1006-01-00,UIC1561-01-00 UIC1551-01-00 UIC2151-07-00 UIC1805-02-00,ECO1101-06-00 YCK1998-03-00,18.0,월금,0,0,3,4+4,1+1+1
148,16.674,MR,YCA1006-01-00,UIC1561-01-00 UIC1551-01-00 UIC2151-08-00 UIC1806-02-00,ECO1101-06-00 YCK1998-03-00,18.0,월금,0,0,3,4+4,1+1+1
149,16.674,MR,YCA1006-01-00,UIC1561-01-00 UIC1551-01-00 UIC2151-08-00 UIC1806-02-00,ECO1101-06-00 YCK1998-03-00,18.0,월금,0,0,3,4+4,1+1+1
150,16.674,MR,YCA1006-01-00,UIC1561-01-00 UIC1551-04-00 UIC2151-09-00 UIC1806-02-00,ECO1101-06-00 YCK1998-03-00,18.0,월금,0,0,3,4+4,1+1+1
151,16.674,MR,YCA1006-01-00,UIC1561-01-00 UIC1551-04-00 UIC2151-06-00 UIC1805-02-00,ECO1101-06-00 YCK1998-03-00,18.0,월금,0,0,3,4+4,1+1+1
152,16.674,MR,YCA1006-01-00,UIC1561-01-00 UIC1551-04-00 UIC2151-06-00 UIC1805-02-00,ECO1101-06-00 YCK1998-03-00,18.0,월금,0,0,3,4+4,1+1+1
153,16.674,MR,YCA1006-01-00,UIC1561-01-00 UIC1551-04-00 UIC2151-08-00 UIC1806-02-00,ECO1101-06-00 YCK1998-03-00,18.0,월금,0,0,3,4+4,1+1+1
154,16.674,MR,YCA1006-01-00,UIC1561-01-00 UIC1551-01-00 UIC2151-06-00 UIC1805-02-00,ECO1101-06-00 YCK1998-03-00,18.0,월금,0,0,3,4+4,1+1+1
155,16.674,MR,YCA1006-01-00,UIC1561-01-00 UIC1551-04-00 UIC2151-07-00 UIC1805-02-00,ECO1101-06-00 YCK1998-03-00,18.0,월금,0,0,3,4+4,1+1+1
156,16.674,MR,YCA1006-01-00,UIC1561-01-00 UIC1551-04-00 UIC2151-09-00 UIC1806-02-00,ECO1101-06-00 YCK1998-03-00,18.0,월금,0,0,3,4+4,1+1+1
157,16.674,MR,YCA1006-01-00,UIC1561-01-00 UIC1551-01-00 UIC2151-09-00 UIC1806-02-00,ECO1101-06-00 YCK1998-03-00,18.0,월금,0,0,3,4+4,1+1+1
158,16.674,MR,YCA1006-01-00,UIC1561-01-00 UIC1551-04-00 UIC2151-08-00 UIC1806-02-00,ECO1101-06-00 YCK1998-03-00,18.0,월금,0,0,3,4+4,1+1+1
159,16.674,MR,YCA1006-01-00,UIC1561-01-00 UIC1551-04-00 UIC2151-07-00 UIC1805-02-00,ECO1101-06-00 YCK1998-03-00,18.0,월금,0,0,3,4+4,1+1+1
160,16.674,MR,YCA1006-01-00,UIC1561-01-00 UIC1551-01-00 UIC2151-07-00 UIC1805-02-00,ECO1101-06-00 YCK1998-03-00,18.0,월금,0,0,3,4+4,1+1+1
161,16.565,MR,YCA1006-01-00,UIC1561-01-00 UIC1251-02-00 UIC2151-14-00 UIC1806-01-00,UCD1101-01-00 YCK1998-03-00,18.0,월금,1,0,2,,1+2+1+1
162,16.565,MR,YCA1006-02-00,UIC1561-01-00 UIC1551-01-00 UIC2151-06-00 UIC1806-01-00,YCI1901-01-00 YCK1998-03-00,18.0,월금,1,0,2,,1+2+1+1
163,16.565,MR,YCA1006-02-00,UIC1561-01-00 UIC1251-02-00 UIC2151-14-00 UIC1805-01-00,UCD1101-01-00 YCK1998-03-00,18.0,월금,1,0,2,,1+2+1+1
164,16.565,MR,YCA1006-02-00,UIC1561-01-00 UIC1551-04-00 UIC2151-12-00 UIC1805-02-00,UCD1101-01-00 YCK1998-03-00,18.0,월금,1,0,2,,1+1+3+2
165,16.565,MR,YCA1006-02-00,UIC1561-01-00 UIC1551-01-00 UIC2151-06-00 UIC1805-01-00,YCI1901-01-00 YCK1998-03-00,18.0,월금,1,0,2,,1+2+1+1
166,16.565,MR,YCA1006-02-00,UIC1561-01-00 UIC1551-01-00 UIC2151-07-00 UIC1805-01-00,YCI1901-01-00 YCK1998-03-00,18.0,월금,1,0,2,,1+2+1+1
167,16.565,MR,YCA1006-01-00,UIC1561-01-00 UIC1551-01-00 UIC2151-05-00 UIC1806-02-00,YCI1901-01-00 YCK1998-03-00,18.0,월금,1,0,2,,1+2+1+1
168,16.565,MR,YCA1006-01-00,UIC1561-01-00 UIC1551-01-00 UIC2151-07-00 UIC1805-01-00,YCI1901-01-00 YCK1998-03-00,18.0,월금,1,0,2,,1+2+1+1
169,16.565,MR,YCA1006-01-00,UIC1561-01-00 UIC1251-02-00 UIC2151-14-00 UIC1805-01-00,UCD1101-01-00 YCK1998-03-00,18.0,월금,1,0,2,,1+2+1+1
170,16.565,MR,YCA1006-02-00,UIC1561-01-00 UIC1551-04-00 UIC2151-08-00 UIC1805-01-00,UCD1101-01-00 YCK1998-03-00,18.0,월금,1,0,2,,1+1+1+2
171,16.565,MR,YCA1006-02-00,UIC1561-01-00 UIC1551-04-00 UIC2151-08-00 UIC1805-01-00,UCD1101-01-00 YCK1998-03-00,18.0,월금,1,0,2,,1+1+1+2
172,16.565,MR,YCA1006-02-00,UIC1561-01-00 UIC1251-02-00 UIC2151-14-00 UIC1806-01-00,UCD1101-01-00 YCK1998-03-00,18.0,월금,1,0,2,,1+2+1+1
173,16.565,MR,YCA1006-02-00,UIC1561-01-00 UIC1551-04-00 UIC2151-09-00 UIC1806-01-00,UCD1101-01-00 YCK1998-03-00,18.0,월금,1,0,2,,1+1+1+2
174,16.565,MR,YCA1006-02-00,UIC1561-01-00 UIC1551-04-00 UIC2151-05-00 UIC1805-02-00,UCD1101-01-00 YCK1998-03-00,18.0,월금,1,0,2,,1+1+1+2
175,16.565,MR,YCA1006-02-00,UIC1561-01-00 UIC1551-04-00 UIC2151-12-00 UIC1805-02-00,UCD1101-01-00 YCK1998-03-00,18.0,월금,1,0,2,,1+1+3+2
176,16.565,MR,YCA1006-01-00,UIC1561-01-00 UIC1551-01-00 UIC2151-06-00 UIC1806-01-00,YCI1901-01-00 YCK1998-03-00,18.0,월금,1,0,2,,1+2+1+1
177,16.565,MR,YCA1006-01-00,UIC1561-01-00 UIC1551-01-00 UIC2151-05-00 UIC1806-02-00,YCI1901-01-00 YCK1998-03-00,18.0,월금,1,0,2,,1+2+1+1
178,16.565,MR,YCA1006-01-00,UIC1561-01-00 UIC1501-04-00 UIC2151-14-00 UIC1806-02-00,UCD1101-01-00 YCK1998-03-00,18.0,월금,1,0,2,,1+2+1+1
179,16.565,MR,YCA1006-01-00,UIC1561-01-00 UIC1551-01-00 UIC2151-06-00 UIC1805-01-00,YCI1901-01-00 YCK1998-03-00,18.0,월금,1,0,2,,1+2+1+1
180,16.565,MR,YCA1006-02-00,UIC1561-01-00 UIC1551-01-00 UIC2151-07-00 UIC1805-01-00,YCI1901-01-00 YCK1998-03-00,18.0,월금,1,0,2,,1+2+1+1
181,16.565,MR,YCA1006-02-00,UIC1561-01-00 UIC1251-02-00 UIC2151-14-00 UIC1806-01-00,UCD1101-01-00 YCK1998-03-00,18.0,월금,1,0,2,,1+2+1+1
182,16.565,MR,YCA1006-02-00,UIC1561-01-00 UIC1551-01-00 UIC2151-06-00 UIC1805-01-00,YCI1901-01-00 YCK1998-03-00,18.0,월금,1,0,2,,1+2+1+1
183,16.565,MR,YCA1006-01-00,UIC1561-01-00 UIC1551-01-00 UIC2151-06-00 UIC1806-01-00,YCI1901-01-00 YCK1998-03-00,18.0,월금,1,0,2,,1+2+1+1
184,16.565,MR,YCA1006-02-00,UIC1561-01-00 UIC1551-01-00 UIC2151-07-00 UIC1806-01-00,YCI1901-01-00 YCK1998-03-00,18.0,월금,1,0,2,,1+2+1+1
185,16.565,MR,YCA1006-01-00,UIC1561-01-00 UIC1251-02-00 UIC2151-14-00 UIC1806-01-00,UCD1101-01-00 YCK1998-03-00,18.0,월금,1,0,2,,1+2+1+1
186,16.565,MR,YCA1006-02-00,UIC1561-01-00 UIC1551-04-00 UIC2151-09-00 UIC1806-01-00,UCD1101-01-00 YCK1998-03-00,18.0,월금,1,0,2,,1+1+1+2
187,16.565,MR,YCA1006-02-00,UIC1561-01-00 UIC1551-04-00 UIC2151-08-00 UIC1806-01-00,UCD1101-01-00 YCK1998-03-00,18.0,월금,1,0,2,,1+1+1+2
188,16.565,MR,YCA1006-02-00,UIC1561-01-00 UIC1501-04-00 UIC2151-14-00 UIC1806-02-00,UCD1101-01-00 YCK1998-03-00,18.0,월금,1,0,2,,1+2+1+1
189,16.565,MR,YCA1006-02-00,UIC1561-01-00 UIC1501-04-00 UIC2151-14-00 UIC1806-02-00,UCD1101-01-00 YCK1998-03-00,18.0,월금,1,0,2,,1+2+1+1
190,16.565,MR,YCA1006-02-00,UIC1561-01-00 UIC1551-04-00 UIC2151-05-00 UIC1805-02-00,UCD1101-01-00 YCK1998-03-00,18.0,월금,1,0,2,,1+1+1+2
191,16.565,MR,YCA1006-01-00,UIC1561-01-00 UIC1501-04-00 UIC2151-14-00 UIC1806-02-00,UCD1101-01-00 YCK1998-03-00,18.0,월금,1,0,2,,1+2+1+1
192,16.565,MR,YCA1006-02-00,UIC1561-01-00 UIC1551-04-00 UIC2151-09-00 UIC1805-01-00,UCD1101-01-00 YCK1998-03-00,18.0,월금,1,0,2,,1+1+1+2
193,16.565,MR,YCA1006-02-00,UIC1561-01-00 UIC1551-01-00 UIC2151-07-00 UIC1806-01-00,YCI1901-01-00 YCK1998-03-00,18.0,월금,1,0,2,,1+2+1+1
194,16.565,MR,YCA1006-02-00,UIC1561-01-00 UIC1251-02-00 UIC2151-14-00 UIC1805-01-00,UCD1101-01-00 YCK1998-03-00,18.0,월금,1,0,2,,1+2+1+1
195,16.565,MR,YCA1006-02-00,UIC1561-01-00 UIC1551-01-00 UIC2151-05-00 UIC1806-02-00,YCI1901-01-00 YCK1998-03-00,18.0,월금,1,0,2,,1+2+1+1
196,16.565,MR,YCA1006-01-00,UIC1561-01-00 UIC1551-01-00 UIC2151-07-00 UIC1806-01-00,YCI1901-01-00 YCK1998-03-00,18.0,월금,1,0,2,,1+2+1+1
197,16.565,MR,YCA1006-02-00,UIC1561-01-00 UIC1551-04-00 UIC2151-08-00 UIC1806-01-00,UCD1101-01-00 YCK1998-03-00,18.0,월금,1,0,2,,1+1+1+2
198,16.565,MR,YCA1006-02-00,UIC1561-01-00 UIC1551-01-00 UIC2151-05-00 UIC1806-02-00,YCI1901-01-00 YCK1998-03-00,18.0,월금,1,0,2,,1+2+1+1
199,16.565,MR,YCA1006-01-00,UIC1561-01-00 UIC1551-01-00 UIC2151-07-00 UIC1806-01-00,YCI1901-01-00 YCK1998-03-00,18.0,월금,1,0,2,,1+2+1+1
200,16.565,MR,YCA1006-01-00,UIC1561-01-00 UIC1251-02-00 UIC2151-14-00 UIC1805-01-00,UCD1101-01-00 YCK1998-03-00,18.0,월금,1,0,2,,1+2+1+1
201,16.565,MR,YCA1006-01-00,UIC1561-01-00 UIC1551-01-00 UIC2151-07-00 UIC1805-01-00,YCI1901-01-00 YCK1998-03-00,18.0,월금,1,0,2,,1+2+1+1
202,16.565,MR,YCA1006-02-00,UIC1561-01-00 UIC1551-04-00 UIC2151-09-00 UIC1805-01-00,UCD1101-01-00 YCK1998-03-00,18.0,월금,1,0,2,,1+1+1+2
203,16.565,MR,YCA1006-01-00,UIC1561-01-00 UIC1551-01-00 UIC2151-06-00 UIC1805-01-00,YCI1901-01-00 YCK1998-03-00,18.0,월금,1,0,2,,1+2+1+1
204,16.565,MR,YCA1006-02-00,UIC1561-01-00 UIC1551-01-00 UIC2151-06-00 UIC1806-01-00,YCI1901-01-00 YCK1998-03-00,18.0,월금,1,0,2,,1+2+1+1
205,16.515,MR,YCA1006-02-00,UIC1561-01-00 UIC1551-01-00 UIC2151-06-00 UIC1805-02-00,YCK1998-03-00 STA1002-04-00,18.0,월금,0,1,1,5,2+2+1
206,16.515,MR,YCA1006-02-00,UIC1561-01-00 UIC1551-01-00 UIC2151-08-00 UIC1806-02-00,YCK1998-03-00 STA1002-04-00,18.0,월금,0,1,1,5,2+2+1
207,16.515,MR,YCA1006-02-00,UIC1561-01-00 UIC1551-01-00 UIC2151-06-00 UIC1805-02-00,YCK1998-03-00 STA1002-04-00,18.0,월금,0,1,1,5,2+2+1
208,16.515,MR,YCA1006-02-00,UIC1561-01-00 UIC1551-01-00 UIC2151-09-00 UIC1806-02-00,YCK1998-03-00 STA1002-04-00,18.0,월금,0,1,1,5,2+2+1
209,16.515,MR,YCA1006-02-00,UIC1561-01-00 UIC1551-01-00 UIC2151-07-00 UIC1805-02-00,YCK1998-03-00 STA1002-04-00,18.0,월금,0,1,1,5,2+2+1
210,16.515,MR,YCA1006-02-00,UIC1561-01-00 UIC1551-01-00 UIC2151-07-00 UIC1805-02-00,YCK1998-03-00 STA1002-04-00,18.0,월금,0,1,1,5,2+2+1
211,16.515,MR,YCA1006-02-00,UIC1561-01-00 UIC1551-01-00 UIC2151-09-00 UIC1806-02-00,YCK1998-03-00 STA1002-04-00,18.0,월금,0,1,1,5,2+2+1
212,16.515,MR,YCA1006-02-00,UIC1561-01-00 UIC1551-01-00 UIC2151-08-00 UIC1806-02-00,YCK1998-03-00 STA1002-04-00,18.0,월금,0,1,1,5,2+2+1
213,16.065,MR,YCA1006-01-00,UIC1561-01-00 UIC1551-04-00 UIC2151-06-00 UIC1806-01-00,YCE1253-01-00 BIZ1101-09-00,18.0,월금,1,0,1,,1+1+1
214,16.065,MR,YCA1006-01-00,UIC1561-01-00 UIC1551-04-00 UIC2151-05-00 UIC1806-02-00,YCE1253-01-00 BIZ1101-09-00,18.0,월금,1,0,1,,1+1+1
215,16.065,MR,YCA1006-01-00,UIC1561-01-00 UIC1551-04-00 UIC2151-09-00 UIC1806-02-00,YCK1998-03-00 CTM1001-02-00,18.0,월금,0,1,1,4,1+1+1
216,16.065,MR,YCA1006-01-00,UIC1561-01-00 UIC1251-02-00 UIC2151-12-00 UIC1805-02-00,YCI1901-01-00 BIZ1101-09-00,18.0,월금,1,0,1,,1+1+1
217,16.065,MR,YCA1006-01-00,UIC1561-01-00 UIC1551-01-00 UIC2151-06-00 UIC1805-02-00,YCK1998-03-00 CTM1001-02-00,18.0,월금,0,1,1,4,1+1+1
218,16.065,MR,YCA1006-01-00,UIC1561-01-00 UIC1551-04-00 UIC2151-07-00 UIC1805-02-00,YCK1998-03-00 CTM1001-02-00,18.0,월금,0,1,1,4,1+1+1
219,16.065,MR,YCA1006-01-00,UIC1561-01-00 UIC1551-04-00 UIC2151-06-00 UIC1805-02-00,YCK1998-03-00 CTM1001-02-00,18.0,월금,0,1,1,4,1+1+1
220,16.065,MR,YCA1006-01-00,UIC1561-01-00 UIC1251-02-00 UIC2151-12-00 UIC1805-02-00,UCD1101-01-00 BIZ1101-09-00,18.0,월금,1,0,1,,1+1+1
221,16.065,MR,YCA1006-01-00,UIC1561-01-00 UIC1551-01-00 UIC2151-09-00 UIC1806-02-00,YCK1998-03-00 CTM1001-02-00,18.0,월금,0,1,1,4,1+1+1
222,16.065,MR,YCA1006-01-00,UIC1561-01-00 UIC1551-01-00 UIC2151-08-00 UIC1806-02-00,YCK1998-03-00 CTM1001-02-00,18.0,월금,0,1,1,4,1+1+1
223,16.065,MR,YCA1006-01-00,UIC1561-01-00 UIC1251-02-00 UIC2151-12-00 UIC1805-02-00,YCI1901-01-00 BIZ1101-09-00,18.0,월금,1,0,1,,1+1+1
224,16.065,MR,YCA1006-01-00,UIC1561-01-00 UIC1401-02-00 UIC2151-12-00 UIC1806-02-00,UCD1101-01-00 BIZ1101-09-00,18.0,월금,1,0,1,,1+1+1
225,16.065,MR,YCA1006-01-00,UIC1561-01-00 UIC1551-01-00 UIC2151-07-00 UIC1805-02-00,YCK1998-03-00 CTM1001-02-00,18.0,월금,0,1,1,4,1+1+1
226,16.065,MR,YCA1006-01-00,UIC1561-01-00 UIC1551-04-00 UIC2151-12-00 UIC1806-02-00,YCE1253-01-00 BIZ1101-09-00,18.0,월금,1,0,1,,1+1+1
227,16.065,MR,YCA1006-01-00,UIC1561-01-00 UIC1551-04-00 UIC2151-06-00 UIC1805-01-00,YCE1253-01-00 BIZ1101-09-00,18.0,월금,1,0,1,,1+1+1
228,16.065,MR,YCA1006-01-00,UIC1561-01-00 UIC1551-04-00 UIC2151-07-00 UIC1805-01-00,YCE1253-01-00 BIZ1101-09-00,18.0,월금,1,0,1,,1+1+1
229,16.065,MR,YCA1006-01-00,UIC1561-01-00 UIC1551-04-00 UIC2151-08-00 UIC1806-02-00,YCK1998-03-00 CTM1001-02-00,18.0,월금,0,1,1,4,1+1+1
230,16.065,MR,YCA1006-01-00,UIC1561-01-00 UIC1551-04-00 UIC2151-08-00 UIC1806-02-00,YCK1998-03-00 CTM1001-02-00,18.0,월금,0,1,1,4,1+1+1
231,16.065,MR,YCA1006-01-00,UIC1561-01-00 UIC1401-02-00 UIC2151-12-00 UIC1806-02-00,UCD1101-01-00 BIZ1101-09-00,18.0,월금,1,0,1,,1+1+1
232,16.065,MR,YCA1006-01-00,UIC1561-01-00 UIC1551-04-00 UIC2151-07-00 UIC1805-01-00,YCE1253-01-00 BIZ1101-09-00,18.0,월금,1,0,1,,1+1+1
233,16.065,MR,YCA1006-01-00,UIC1561-01-00 UIC1401-02-00 UIC2151-12-00 UIC1806-02-00,YCI1901-01-00 BIZ1101-09-00,18.0,월금,1,0,1,,1+1+1
234,16.065,MR,YCA1006-01-00,UIC1561-01-00 UIC1551-04-00 UIC2151-06-00 UIC1805-01-00,YCE1253-01-00 BIZ1101-09-00,18.0,월금,1,0,1,,1+1+1
235,16.065,MR,YCA1006-01-00,UIC1561-01-00 UIC1551-04-00 UIC2151-07-00 UIC1806-01-00,YCE1253-01-00 BIZ1101-09-00,18.0,월금,1,0,1,,1+1+1
236,16.065,MR,YCA1006-01-00,UIC1561-01-00 UIC1551-04-00 UIC2151-05-00 UIC1806-02-00,YCE1253-01-00 BIZ1101-09-00,18.0,월금,1,0,1,,1+1+1
237,16.065,MR,YCA1006-01-00,UIC1561-01-00 UIC1551-01-00 UIC2151-09-00 UIC1806-02-00,YCK1998-03-00 CTM1001-02-00,18.0,월금,0,1,1,4,1+1+1
238,16.065,MR,YCA1006-01-00,UIC1561-01-00 UIC1551-04-00 UIC2151-07-00 UIC1805-02-00,YCK1998-03-00 CTM1001-02-00,18.0,월금,0,1,1,4,1+1+1
239,16.065,MR,YCA1006-01-00,UIC1561-01-00 UIC1551-04-00 UIC2151-12-00 UIC1806-02-00,YCE1253-01-00 BIZ1101-09-00,18.0,월금,1,0,1,,1+1+1
240,16.065,MR,YCA1006-01-00,UIC1561-01-00 UIC1551-01-00 UIC2151-07-00 UIC1805-02-00,YCK1998-03-00 CTM1001-02-00,18.0,월금,0,1,1,4,1+1+1
241,16.065,MR,YCA1006-01-00,UIC1561-01-00 UIC1551-01-00 UIC2151-08-00 UIC1806-02-00,YCK1998-03-00 CTM1001-02-00,18.0,월금,0,1,1,4,1+1+1
242,16.065,MR,YCA1006-01-00,UIC1561-01-00 UIC1551-04-00 UIC2151-07-00 UIC1806-01-00,YCE1253-01-00 BIZ1101-09-00,18.0,월금,1,0,1,,1+1+1
243,16.065,MR,YCA1006-01-00,UIC1561-01-00 UIC1401-02-00 UIC2151-12-00 UIC1806-02-00,YCI1901-01-00 BIZ1101-09-00,18.0,월금,1,0,1,,1+1+1
244,16.065,MR,YCA1006-01-00,UIC1561-01-00 UIC1551-04-00 UIC2151-06-00 UIC1805-02-00,YCK1998-03-00 CTM1001-02-00,18.0,월금,0,1,1,4,1+1+1
245,16.065,MR,YCA1006-01-00,UIC1561-01-00 UIC1551-04-00 UIC2151-06-00 UIC1806-01-00,YCE1253-01-00 BIZ1101-09-00,18.0,월금,1,0,1,,1+1+1
246,16.065,MR,YCA1006-01-00,UIC1561-01-00 UIC1551-04-00 UIC2151-09-00 UIC1806-02-00,YCK1998-03-00 CTM1001-02-00,18.0,월금,0,1,1,4,1+1+1
247,16.065,MR,YCA1006-01-00,UIC1561-01-00 UIC1251-02-00 UIC2151-12-00 UIC1805-02-00,UCD1101-01-00 BIZ1101-09-00,18.0,월금,1,0,1,,1+1+1
248,16.065,MR,YCA1006-01-00,UIC1561-01-00 UIC1551-01-00 UIC2151-06-00 UIC1805-02-00,YCK1998-03-00 CTM1001-02-00,18.0,월금,0,1,1,4,1+1+1
249,15.795,Lang,YCA1006-02-00,QRM1001-01-00 UIC1561-01-00 UIC1551-01-00 UIC2151-12-00,YCI1901-01-00 BIZ1101-09-00,18.0,월금,1,0,2,,3+1+1
250,15.499,MR,YCA1006-02-00,UIC1561-01-00 UIC1551-01-00 UIC2151-08-00 UIC1806-02-00,ECO1101-06-00 YCK1998-03-00,18.0,월금,0,1,3,4+5,1+1
251,15.499,MR,YCA1006-02-00,UIC1561-01-00 UIC1551-01-00 UIC2151-09-00 UIC1806-02-00,ECO1101-06-00 YCK1998-03-00,18.0,월금,0,1,3,4+5,1+1
252,15.499,MR,YCA1006-02-00,UIC1561-01-00 UIC1551-01-00 UIC2151-07-00 UIC1805-02-00,ECO1101-06-00 YCK1998-03-00,18.0,월금,0,1,3,4+5,1+1
253,15.499,MR,YCA1006-02-00,UIC1561-01-00 UIC1551-01-00 UIC2151-08-00 UIC1806-02-00,ECO1101-06-00 YCK1998-03-00,18.0,월금,0,1,3,4+5,1+1
254,15.499,MR,YCA1006-02-00,UIC1561-01-00 UIC1551-01-00 UIC2151-09-00 UIC1806-02-00,ECO1101-06-00 YCK1998-03-00,18.0,월금,0,1,3,4+5,1+1
255,15.499,MR,YCA1006-02-00,UIC1561-01-00 UIC1551-01-00 UIC2151-07-00 UIC1805-02-00,ECO1101-06-00 YCK1998-03-00,18.0,월금,0,1,3,4+5,1+1
256,15.499,MR,YCA1006-02-00,UIC1561-01-00 UIC1551-01-00 UIC2151-06-00 UIC1805-02-00,ECO1101-06-00 YCK1998-03-00,18.0,월금,0,1,3,4+5,1+1
257,15.499,MR,YCA1006-02-00,UIC1561-01-00 UIC1551-01-00 UIC2151-06-00 UIC1805-02-00,ECO1101-06-00 YCK1998-03-00,18.0,월금,0,1,3,4+5,1+1
258,15.315,MR,YCA1006-01-00,UIC1561-01-00 UIC1551-04-00 UIC2151-09-00 UIC1806-01-00,UCD1101-01-00 YCK1998-03-00,18.0,월금,1,0,2,,2+1+2
259,15.315,MR,YCA1006-01-00,UIC1561-01-00 UIC1551-04-00 UIC2151-09-00 UIC1805-01-00,UCD1101-01-00 YCK1998-03-00,18.0,월금,1,0,2,,2+1+2
260,15.315,MR,YCA1006-01-00,UIC1561-01-00 UIC1551-04-00 UIC2151-08-00 UIC1806-01-00,UCD1101-01-00 YCK1998-03-00,18.0,월금,1,0,2,,2+1+2
261,15.315,MR,YCA1006-01-00,UIC1561-01-00 UIC1551-04-00 UIC2151-08-00 UIC1805-01-00,UCD1101-01-00 YCK1998-03-00,18.0,월금,1,0,2,,2+1+2
262,15.315,MR,YCA1006-01-00,UIC1561-01-00 UIC1551-04-00 UIC2151-09-00 UIC1806-01-00,UCD1101-01-00 YCK1998-03-00,18.0,월금,1,0,2,,2+1+2
263,15.315,MR,YCA1006-01-00,UIC1561-01-00 UIC1551-04-00 UIC2151-05-00 UIC1805-02-00,UCD1101-01-00 YCK1998-03-00,18.0,월금,1,0,2,,2+1+2
264,15.315,MR,YCA1006-01-00,UIC1561-01-00 UIC1551-04-00 UIC2151-08-00 UIC1805-01-00,UCD1101-01-00 YCK1998-03-00,18.0,월금,1,0,2,,2+1+2
265,15.315,MR,YCA1006-01-00,UIC1561-01-00 UIC1551-04-00 UIC2151-08-00 UIC1806-01-00,UCD1101-01-00 YCK1998-03-00,18.0,월금,1,0,2,,2+1+2
266,15.315,MR,YCA1006-01-00,UIC1561-01-00 UIC1551-04-00 UIC2151-05-00 UIC1805-02-00,UCD1101-01-00 YCK1998-03-00,18.0,월금,1,0,2,,2+1+2
267,15.315,MR,YCA1006-01-00,UIC1561-01-00 UIC1551-04-00 UIC2151-09-00 UIC1805-01-00,UCD1101-01-00 YCK1998-03-00,18.0,월금,1,0,2,,2+1+2
268,15.19,WCiv,YCA1006-01-00,QRM1001-01-00 UIC1551-04-00 UIC2151-13-00 UIC1805-01-00,YCE1253-01-00 YCH1605-01-00,18.0,월금,1,1,2,6,1+1
269,15.19,WCiv,YCA1006-01-00,QRM1001-01-00 UIC1551-04-00 UIC2151-13-00 UIC1805-01-00,YCE1253-01-00 YCH1605-01-00,18.0,월금,1,1,2,6,1+1
270,15.19,WCiv,YCA1006-01-00,QRM1001-01-00 UIC1551-04-00 UIC2151-13-00 UIC1806-01-00,YCE1253-01-00 YCH1605-01-00,18.0,월금,1,1,2,6,1+1
271,15.19,WCiv,YCA1006-01-00,QRM1001-01-00 UIC1551-04-00 UIC2151-13-00 UIC1806-01-00,YCE1253-01-00 YCH1605-01-00,18.0,월금,1,1,2,6,1+1
272,15.115,MR,YCA1006-01-00,UIC1561-01-00 UIC1251-02-00 UIC2151-14-00 UIC1805-02-00,YCK1998-03-00 STA1002-04-00,18.0,월금,0,0,1,6,2+1+2
273,15.115,MR,YCA1006-01-00,UIC1561-01-00 UIC1401-02-00 UIC2151-14-00 UIC1806-02-00,YCK1998-03-00 STA1002-04-00,18.0,월금,0,0,1,6,2+1+2
274,15.115,MR,YCA1006-01-00,UIC1561-01-00 UIC1251-02-00 UIC2151-14-00 UIC1805-02-00,YCK1998-03-00 STA1002-04-00,18.0,월금,0,0,1,6,2+1+2
275,15.115,MR,YCA1006-01-00,UIC1561-01-00 UIC1401-02-00 UIC2151-14-00 UIC1806-02-00,YCK1998-03-00 STA1002-04-00,18.0,월금,0,0,1,6,2+1+2
276,15.065,MR,YCA1006-01-00,UIC1561-01-00 UIC1551-04-00 UIC2151-07-00 UIC1806-01-00,YCE1253-01-00 STA1002-04-00,18.0,월금,1,0,1,,2+1+1+2+1
277,15.065,MR,YCA1006-01-00,UIC1561-01-00 UIC1551-04-00 UIC2151-07-00 UIC1805-01-00,YCE1253-01-00 STA1002-04-00,18.0,월금,1,0,1,,2+1+1+2+1
278,15.065,MR,YCA1006-01-00,UIC1561-01-00 UIC1551-04-00 UIC2151-07-00 UIC1805-01-00,YCE1253-01-00 STA1002-04-00,18.0,월금,1,0,1,,2+1+1+2+1
279,15.065,MR,YCA1006-01-00,UIC1561-01-00 UIC1551-04-00 UIC2151-06-00 UIC1805-01-00,YCE1253-01-00 STA1002-04-00,18.0,월금,1,0,1,,2+1+1+2+1
280,15.065,MR,YCA1006-01-00,UIC1561-01-00 UIC1551-04-00 UIC2151-07-00 UIC1806-01-00,YCE1253-01-00 STA1002-04-00,18.0,월금,1,0,1,,2+1+1+2+1
281,15.065,MR,YCA1006-01-00,UIC1561-01-00 UIC1551-04-00 UIC2151-06-00 UIC1805-01-00,YCE1253-01-00 STA1002-04-00,18.0,월금,1,0,1,,2+1+1+2+1
282,15.065,MR,YCA1006-01-00,UIC1561-01-00 UIC1251-02-00 UIC2151-12-00 UIC1805-02-00,UCD1101-01-00 YCK1998-03-00,18.0,월금,1,0,1,,1+3+1
283,15.065,MR,YCA1006-01-00,UIC1561-01-00 UIC1251-02-00 UIC2151-12-00 UIC1805-02-00,YCI1901-01-00 YCK1998-03-00,18.0,월금,1,0,1,,1+1+3
284,15.065,MR,YCA1006-01-00,UIC1561-01-00 UIC1551-04-00 UIC2151-06-00 UIC1806-01-00,YCE1253-01-00 STA1002-04-00,18.0,월금,1,0,1,,2+1+1+2+1
285,15.065,MR,YCA1006-01-00,UIC1561-01-00 UIC1401-02-00 UIC2151-12-00 UIC1806-02-00,UCD1101-01-00 YCK1998-03-00,18.0,월금,1,0,1,,1+3+1
286,15.065,MR,YCA1006-01-00,UIC1561-01-00 UIC1401-02-00 UIC2151-12-00 UIC1806-02-00,YCI1901-01-00 YCK1998-03-00,18.0,월금,1,0,1,,1+1+3
287,15.065,MR,YCA1006-01-00,UIC1561-01-00 UIC1401-02-00 UIC2151-12-00 UIC1806-02-00,UCD1101-01-00 YCK1998-03-00,18.0,월금,1,0,1,,1+3+1
288,15.065,MR,YCA1006-01-00,UIC1561-01-00 UIC1251-02-00 UIC2151-12-00 UIC1805-02-00,YCI1901-01-00 YCK1998-03-00,18.0,월금,1,0,1,,1+1+3
289,15.065,MR,YCA1006-01-00,UIC1561-01-00 UIC1401-02-00 UIC2151-12-00 UIC1806-02-00,YCI1901-01-00 YCK1998-03-00,18.0,월금,1,0,1,,1+1+3
290,15.065,MR,YCA1006-01-00,UIC1561-01-00 UIC1551-04-00 UIC2151-06-00 UIC1806-01-00,YCE1253-01-00 STA1002-04-00,18.0,월금,1,0,1,,2+1+1+2+1
291,15.065,MR,YCA1006-01-00,UIC1561-01-00 UIC1551-04-00 UIC2151-05-00 UIC1806-02-00,YCE1253-01-00 STA1002-04-00,18.0,월금,1,0,1,,2+1+1+2+1
292,15.065,MR,YCA1006-01-00,UIC1561-01-00 UIC1551-04-00 UIC2151-05-00 UIC1806-02-00,YCE1253-01-00 STA1002-04-00,18.0,월금,1,0,1,,2+1+1+2+1
293,15.065,MR,YCA1006-01-00,UIC1561-01-00 UIC1251-02-00 UIC2151-12-00 UIC1805-02-00,UCD1101-01-00 YCK1998-03-00,18.0,월금,1,0,1,,1+3+1
294,14.92,Lang,YCA1006-01-00,QRM1001-01-00 UIC1561-01-00 UIC1551-01-00 UIC2151-12-00,MAT1011-02-00 BIZ1101-09-00,18.0,월금,1,0,1,,2+1+1
295,14.92,Lang,YCA1006-01-00,QRM1001-01-00 UIC1561-01-00 UIC1551-01-00 UIC2151-12-00,YCE1253-01-00 BIZ1101-09-00,18.0,월금,1,0,1,,2+1+1
296,14.89,MR,YCA1006-02-00,UIC1561-01-00 UIC1551-01-00 UIC2151-09-00 UIC1806-02-00,YCK1998-03-00 CTM1001-02-00,18.0,월금,0,2,1,5,1+1
297,14.89,MR,YCA1006-02-00,UIC1561-01-00 UIC1551-01-00 UIC2151-07-00 UIC1805-02-00,YCK1998-03-00 CTM1001-02-00,18.0,월금,0,2,1,5,1+1
298,14.89,MR,YCA1006-02-00,UIC1561-01-00 UIC1551-01-00 UIC2151-06-00 UIC1805-02-00,YCK1998-03-00 CTM1001-02-00,18.0,월금,0,2,1,5,1+1
299,14.89,MR,YCA1006-02-00,UIC1561-01-00 UIC1551-01-00 UIC2151-09-00 UIC1806-02-00,YCK1998-03-00 CTM1001-02-00,18.0,월금,0,2,1,5,1+1
300,14.89,MR,YCA1006-02-00,UIC1561-01-00 UIC1551-01-00 UIC2151-07-00 UIC1805-02-00,YCK1998-03-00 CTM1001-02-00,18.0,월금,0,2,1,5,1+1
301,14.89,MR,YCA1006-02-00,UIC1561-01-00 UIC1551-01-00 UIC2151-08-00 UIC1806-02-00,YCK1998-03-00 CTM1001-02-00,18.0,월금,0,2,1,5,1+1
302,14.89,MR,YCA1006-02-00,UIC1561-01-00 UIC1551-01-00 UIC2151-06-00 UIC1805-02-00,YCK1998-03-00 CTM1001-02-00,18.0,월금,0,2,1,5,1+1
303,14.89,MR,YCA1006-02-00,UIC1561-01-00 UIC1551-01-00 UIC2151-08-00 UIC1806-02-00,YCK1998-03-00 CTM1001-02-00,18.0,월금,0,2,1,5,1+1
304,14.869,MR,YCA1006-02-00,UIC1561-01-00 UIC1251-02-00 UIC2151-14-00 UIC1806-01-00,YCH1202-01-00 YCK1998-03-00,18.0,월금,1,0,2,,1+2+1+1
305,14.869,MR,YCA1006-02-00,UIC1561-01-00 UIC1501-04-00 UIC2151-14-00 UIC1806-02-00,YCH1202-01-00 YCK1998-03-00,18.0,월금,1,0,2,,1+2+1+1
306,14.869,MR,YCA1006-02-00,UIC1561-01-00 UIC1251-02-00 UIC2151-14-00 UIC1805-01-00,YCH1202-01-00 YCK1998-03-00,18.0,월금,1,0,2,,1+2+1+1
307,14.869,MR,YCA1006-02-00,UIC1561-01-00 UIC1251-02-00 UIC2151-14-00 UIC1806-01-00,YCH1202-01-00 YCK1998-03-00,18.0,월금,1,0,2,,1+2+1+1
308,14.869,MR,YCA1006-02-00,UIC1561-01-00 UIC1251-02-00 UIC2151-14-00 UIC1805-01-00,YCH1202-01-00 YCK1998-03-00,18.0,월금,1,0,2,,1+2+1+1
309,14.869,MR,YCA1006-02-00,UIC1561-01-00 UIC1501-04-00 UIC2151-14-00 UIC1806-02-00,YCH1202-01-00 YCK1998-03-00,18.0,월금,1,0,2,,1+2+1+1
310,14.869,MR,YCA1006-01-00,UIC1561-01-00 UIC1251-02-00 UIC2151-14-00 UIC1806-01-00,YCH1202-01-00 YCK1998-03-00,18.0,월금,1,0,2,,1+2+1+1
311,14.869,MR,YCA1006-01-00,UIC1561-01-00 UIC1251-02-00 UIC2151-14-00 UIC1806-01-00,YCH1202-01-00 YCK1998-03-00,18.0,월금,1,0,2,,1+2+1+1
312,14.869,MR,YCA1006-01-00,UIC1561-01-00 UIC1251-02-00 UIC2151-14-00 UIC1805-01-00,YCH1202-01-00 YCK1998-03-00,18.0,월금,1,0,2,,1+2+1+1
313,14.869,MR,YCA1006-01-00,UIC1561-01-00 UIC1501-04-00 UIC2151-14-00 UIC1806-02-00,YCH1202-01-00 YCK1998-03-00,18.0,월금,1,0,2,,1+2+1+1
314,14.869,MR,YCA1006-01-00,UIC1561-01-00 UIC1501-04-00 UIC2151-14-00 UIC1806-02-00,YCH1202-01-00 YCK1998-03-00,18.0,월금,1,0,2,,1+2+1+1
315,14.869,MR,YCA1006-01-00,UIC1561-01-00 UIC1251-02-00 UIC2151-14-00 UIC1805-01-00,YCH1202-01-00 YCK1998-03-00,18.0,월금,1,0,2,,1+2+1+1
316,14.795,Lang,YCA1006-02-00,QRM1001-01-00 UIC1561-01-00 UIC1551-01-00 UIC2151-12-00,YCI1901-01-00 YCK1998-03-00,18.0,월금,1,0,2,,3+3+1
317,14.49,MR,YCA1006-01-00,UIC1561-01-00 UIC1551-01-00 UIC2151-08-00 UIC1806-02-00,YCI1901-01-00 BIZ1101-09-00,18.0,월금,0,0,2,6,1+1
318,14.49,MR,YCA1006-01-00,UIC1561-01-00 UIC1401-02-00 UIC2151-14-00 UIC1806-02-00,UCD1101-01-00 BIZ1101-09-00,18.0,월금,0,0,2,6,1+1
319,14.49,MR,YCA1006-01-00,UIC1561-01-00 UIC1551-01-00 UIC2151-06-00 UIC1805-02-00,YCI1901-01-00 BIZ1101-09-00,18.0,월금,0,0,2,6,1+1
320,14.49,MR,YCA1006-01-00,UIC1561-01-00 UIC1551-04-00 UIC2151-08-00 UIC1806-02-00,UCD1101-01-00 BIZ1101-09-00,18.0,월금,0,0,2,6,1+1
321,14.49,MR,YCA1006-01-00,UIC1561-01-00 UIC1551-04-00 UIC2151-09-00 UIC1806-02-00,UCD1101-01-00 BIZ1101-09-00,18.0,월금,0,0,2,6,1+1
322,14.49,MR,YCA1006-01-00,UIC1561-01-00 UIC1401-02-00 UIC2151-14-00 UIC1806-02-00,UCD1101-01-00 BIZ1101-09-00,18.0,월금,0,0,2,6,1+1
323,14.49,MR,YCA1006-01-00,UIC1561-01-00 UIC1551-04-00 UIC2151-06-00 UIC1805-02-00,UCD1101-01-00 BIZ1101-09-00,18.0,월금,0,0,2,6,1+1
324,14.49,MR,YCA1006-01-00,UIC1561-01-00 UIC1551-01-00 UIC2151-08-00 UIC1806-02-00,YCI1901-01-00 BIZ1101-09-00,18.0,월금,0,0,2,6,1+1
325,14.49,MR,YCA1006-01-00,UIC1561-01-00 UIC1551-01-00 UIC2151-06-00 UIC1805-02-00,YCI1901-01-00 BIZ1101-09-00,18.0,월금,0,0,2,6,1+1
326,14.49,MR,YCA1006-01-00,UIC1561-01-00 UIC1551-01-00 UIC2151-09-00 UIC1806-02-00,YCI1901-01-00 BIZ1101-09-00,18.0,월금,0,0,2,6,1+1
327,14.49,MR,YCA1006-01-00,UIC1561-01-00 UIC1551-01-00 UIC2151-09-00 UIC1806-02-00,YCI1901-01-00 BIZ1101-09-00,18.0,월금,0,0,2,6,1+1
328,14.49,MR,YCA1006-01-00,UIC1561-01-00 UIC1551-04-00 UIC2151-07-00 UIC1805-02-00,UCD1101-01-00 BIZ1101-09-00,18.0,월금,0,0,2,6,1+1
329,14.49,MR,YCA1006-01-00,UIC1561-01-00 UIC1251-02-00 UIC2151-14-00 UIC1805-02-00,UCD1101-01-00 BIZ1101-09-00,18.0,월금,0,0,2,6,1+1
330,14.49,MR,YCA1006-01-00,UIC1561-01-00 UIC1551-01-00 UIC2151-07-00 UIC1805-02-00,YCI1901-01-00 BIZ1101-09-00,18.0,월금,0,0,2,6,1+1
331,14.49,MR,YCA1006-01-00,UIC1561-01-00 UIC1251-02-00 UIC2151-14-00 UIC1805-02-00,UCD1101-01-00 BIZ1101-09-00,18.0,월금,0,0,2,6,1+1
332,14.49,MR,YCA1006-01-00,UIC1561-01-00 UIC1551-01-00 UIC2151-07-00 UIC1805-02-00,YCI1901-01-00 BIZ1101-09-00,18.0,월금,0,0,2,6,1+1
333,14.49,MR,YCA1006-01-00,UIC1561-01-00 UIC1551-04-00 UIC2151-06-00 UIC1805-02-00,UCD1101-01-00 BIZ1101-09-00,18.0,월금,0,0,2,6,1+1
334,14.49,MR,YCA1006-01-00,UIC1561-01-00 UIC1551-04-00 UIC2151-08-00 UIC1806-02-00,UCD1101-01-00 BIZ1101-09-00,18.0,월금,0,0,2,6,1+1
335,14.49,MR,YCA1006-01-00,UIC1561-01-00 UIC1551-04-00 UIC2151-09-00 UIC1806-02-00,UCD1101-01-00 BIZ1101-09-00,18.0,월금,0,0,2,6,1+1
336,14.49,MR,YCA1006-01-00,UIC1561-01-00 UIC1551-04-00 UIC2151-07-00 UIC1805-02-00,UCD1101-01-00 BIZ1101-09-00,18.0,월금,0,0,2,6,1+1
337,14.369,MR,YCA1006-01-00,UIC1561-01-00 UIC1251-02-00 UIC2151-12-00 UIC1805-02-00,YCH1202-01-00 BIZ1101-09-00,18.0,월금,1,0,1,,1+1+1
338,14.369,MR,YCA1006-01-00,UIC1561-01-00 UIC1251-02-00 UIC2151-12-00 UIC1805-02-00,YCH1202-01-00 BIZ1101-09-00,18.0,월금,1,0,1,,1+1+1
339,14.369,MR,YCA1006-01-00,UIC1561-01-00 UIC1401-02-00 UIC2151-12-00 UIC1806-02-00,YCH1202-01-00 BIZ1101-09-00,18.0,월금,1,0,1,,1+1+1
340,14.369,MR,YCA1006-01-00,UIC1561-01-00 UIC1401-02-00 UIC2151-12-00 UIC1806-02-00,YCH1202-01-00 BIZ1101-09-00,18.0,월금,1,0,1,,1+1+1
341,14.295,Lang,YCA1006-01-00,QRM1001-01-00 UIC1561-01-00 UIC1551-01-00 UIC2151-12-00,YCH1605-01-00 BIZ1101-09-00,18.0,월금,1,0,1,,1+2+1+1
342,14.21,Lang,YCA1006-02-00,QRM1001-01-00 UIC1561-01-00 UIC1551-01-00 UIC2151-12-00,YCE1253-01-00 STA2102-05-00,18.0,월금,1,0,1,4,1+2+1
343,14.19,MR,YCA1006-02-00,UIC1561-01-00 UIC1551-04-00 UIC2151-07-00 UIC1806-01-00,YCI1998-02-00 BIZ1101-09-00,18.0,월금,1,0,1,,1+2+1
344,14.19,MR,YCA1006-02-00,UIC1561-01-00 UIC1551-04-00 UIC2151-06-00 UIC1805-01-00,YCI1998-02-00 BIZ1101-09-00,18.0,월금,1,0,1,,1+2+1
345,14.19,MR,YCA1006-01-00,UIC1561-01-00 UIC1251-02-00 UIC2151-14-00 UIC1805-01-00,UCB1105-02-00 BIZ1101-09-00,18.0,월금,1,0,1,,1+2+1
346,14.19,MR,YCA1006-02-00,UIC1561-01-00 UIC1551-01-00 UIC2151-05-00 UIC1805-02-00,UCB1105-02-00 BIZ1101-09-00,18.0,월금,1,0,1,,1+1+2
347,14.19,MR,YCA1006-01-00,UIC1561-01-00 UIC1251-02-00 UIC2151-14-00 UIC1806-01-00,UCB1105-02-00 BIZ1101-09-00,18.0,월금,1,0,1,,1+2+1
348,14.19,MR,YCA1006-02-00,UIC1561-01-00 UIC1501-04-00 UIC2151-14-00 UIC1806-02-00,UCB1105-02-00 BIZ1101-09-00,18.0,월금,1,0,1,,1+2+1
349,14.19,MR,YCA1006-02-00,UIC1561-01-00 UIC1551-01-00 UIC2151-09-00 UIC1806-01-00,UCB1105-02-00 BIZ1101-09-00,18.0,월금,1,0,1,,1+1+2
350,14.19,MR,YCA1006-01-00,UIC1561-01-00 UIC1551-04-00 UIC2151-06-00 UIC1806-01-00,YCI1998-02-00 BIZ1101-09-00,18.0,월금,1,0,1,,1+2+1
351,14.19,MR,YCA1006-02-00,UIC1561-01-00 UIC1551-01-00 UIC2151-09-00 UIC1805-01-00,UCB1105-02-00 BIZ1101-09-00,18.0,월금,1,0,1,,1+1+2
352,14.19,MR,YCA1006-02-00,UIC1561-01-00 UIC1551-04-00 UIC2151-06-00 UIC1805-01-00,YCI1998-02-00 BIZ1101-09-00,18.0,월금,1,0,1,,1+2+1
353,14.19,MR,YCA1006-01-00,UIC1561-01-00 UIC1551-04-00 UIC2151-05-00 UIC1806-02-00,YCI1998-02-00 BIZ1101-09-00,18.0,월금,1,0,1,,1+2+1
354,14.19,MR,YCA1006-02-00,UIC1561-01-00 UIC1501-04-00 UIC2151-14-00 UIC1806-02-00,UCB1105-02-00 BIZ1101-09-00,18.0,월금,1,0,1,,1+2+1
355,14.19,MR,YCA1006-02-00,UIC1561-01-00 UIC1251-02-00 UIC2151-14-00 UIC1806-01-00,UCB1105-02-00 BIZ1101-09-00,18.0,월금,1,0,1,,1+2+1
356,14.19,MR,YCA1006-01-00,UIC1561-01-00 UIC1551-04-00 UIC2151-07-00 UIC1806-01-00,YCI1998-02-00 BIZ1101-09-00,18.0,월금,1,0,1,,1+2+1
357,14.19,MR,YCA1006-01-00,UIC1561-01-00 UIC1551-04-00 UIC2151-07-00 UIC1805-01-00,YCI1998-02-00 BIZ1101-09-00,18.0,월금,1,0,1,,1+2+1
358,14.19,MR,YCA1006-02-00,UIC1561-01-00 UIC1551-04-00 UIC2151-07-00 UIC1806-01-00,YCI1998-02-00 BIZ1101-09-00,18.0,월금,1,0,1,,1+2+1
359,14.19,MR,YCA1006-01-00,UIC1561-01-00 UIC1551-04-00 UIC2151-05-00 UIC1806-02-00,YCI1998-02-00 BIZ1101-09-00,18.0,월금,1,0,1,,1+2+1
360,14.19,MR,YCA1006-01-00,UIC1561-01-00 UIC1551-04-00 UIC2151-05-00 UIC1805-02-00,YCH1605-01-00 BIZ1101-09-00,18.0,월금,1,0,1,,1+1+2
361,14.19,MR,YCA1006-01-00,UIC1561-01-00 UIC1551-04-00 UIC2151-06-00 UIC1805-01-00,YCI1998-02-00 BIZ1101-09-00,18.0,월금,1,0,1,,1+2+1
362,14.19,MR,YCA1006-01-00,UIC1561-01-00 UIC1551-04-00 UIC2151-09-00 UIC1805-01-00,YCH1605-01-00 BIZ1101-09-00,18.0,월금,1,0,1,,1+1+2
363,14.19,MR,YCA1006-01-00,UIC1561-01-00 UIC1551-04-00 UIC2151-07-00 UIC1806-01-00,YCI1998-02-00 BIZ1101-09-00,18.0,월금,1,0,1,,1+2+1
364,14.19,MR,YCA1006-02-00,UIC1561-01-00 UIC1551-04-00 UIC2151-05-00 UIC1806-02-00,YCI1998-02-00 BIZ1101-09-00,18.0,월금,1,0,1,,1+2+1
365,14.19,MR,YCA1006-01-00,UIC1561-01-00 UIC1551-04-00 UIC2151-08-00 UIC1805-01-00,YCH1605-01-00 BIZ1101-09-00,18.0,월금,1,0,1,,1+1+2
366,14.19,MR,YCA1006-01-00,UIC1561-01-00 UIC1551-04-00 UIC2151-06-00 UIC1806-01-00,YCI1998-02-00 BIZ1101-09-00,18.0,월금,1,0,1,,1+2+1
367,14.19,MR,YCA1006-01-00,UIC1561-01-00 UIC1501-04-00 UIC2151-14-00 UIC1806-02-00,UCB1105-02-00 BIZ1101-09-00,18.0,월금,1,0,1,,1+2+1
368,14.19,MR,YCA1006-02-00,UIC1561-01-00 UIC1551-04-00 UIC2151-06-00 UIC1806-01-00,YCI1998-02-00 BIZ1101-09-00,18.0,월금,1,0,1,,1+2+1
369,14.19,MR,YCA1006-01-00,UIC1561-01-00 UIC1551-04-00 UIC2151-12-00 UIC1806-02-00,YCI1998-02-00 BIZ1101-09-00,18.0,월금,1,0,1,,1+2+1
370,14.19,MR,YCA1006-01-00,UIC1561-01-00 UIC1551-04-00 UIC2151-12-00 UIC1806-02-00,YCI1998-02-00 BIZ1101-09-00,18.0,월금,1,0,1,,1+2+1
371,14.19,MR,YCA1006-01-00,UIC1561-01-00 UIC1251-02-00 UIC2151-14-00 UIC1805-01-00,UCB1105-02-00 BIZ1101-09-00,18.0,월금,1,0,1,,1+2+1
372,14.19,MR,YCA1006-02-00,UIC1561-01-00 UIC1551-01-00 UIC2151-09-00 UIC1805-01-00,UCB1105-02-00 BIZ1101-09-00,18.0,월금,1,0,1,,1+1+2
373,14.19,MR,YCA1006-02-00,UIC1561-01-00 UIC1251-02-00 UIC2151-14-00 UIC1806-01-00,UCB1105-02-00 BIZ1101-09-00,18.0,월금,1,0,1,,1+2+1
374,14.19,MR,YCA1006-02-00,UIC1561-01-00 UIC1251-02-00 UIC2151-14-00 UIC1805-01-00,UCB1105-02-00 BIZ1101-09-00,18.0,월금,1,0,1,,1+2+1
375,14.19,MR,YCA1006-02-00,UIC1561-01-00 UIC1551-01-00 UIC2151-08-00 UIC1806-01-00,UCB1105-02-00 BIZ1101-09-00,18.0,월금,1,0,1,,1+1+2
376,14.19,MR,YCA1006-01-00,UIC1561-01-00 UIC1551-04-00 UIC2151-09-00 UIC1805-01-00,YCH1605-01-00 BIZ1101-09-00,18.0,월금,1,0,1,,1+1+2
377,14.19,MR,YCA1006-01-00,UIC1561-01-00 UIC1551-04-00 UIC2151-08-00 UIC1806-01-00,YCH1605-01-00 BIZ1101-09-00,18.0,월금,1,0,1,,1+1+2
378,14.19,MR,YCA1006-01-00,UIC1561-01-00 UIC1551-04-00 UIC2151-07-00 UIC1805-01-00,YCI1998-02-00 BIZ1101-09-00,18.0,월금,1,0,1,,1+2+1
379,14.19,MR,YCA1006-01-00,UIC1561-01-00 UIC1551-04-00 UIC2151-08-00 UIC1806-01-00,YCH1605-01-00 BIZ1101-09-00,18.0,월금,1,0,1,,1+1+2
380,14.19,MR,YCA1006-02-00,UIC1561-01-00 UIC1251-02-00 UIC2151-14-00 UIC1805-01-00,UCB1105-02-00 BIZ1101-09-00,18.0,월금,1,0,1,,1+2+1
381,14.19,MR,YCA1006-02-00,UIC1561-01-00 UIC1551-01-00 UIC2151-08-00 UIC1805-01-00,UCB1105-02-00 BIZ1101-09-00,18.0,월금,1,0,1,,1+1+2
382,14.19,MR,YCA1006-02-00,UIC1561-01-00 UIC1551-04-00 UIC2151-07-00 UIC1805-01-00,YCI1998-02-00 BIZ1101-09-00,18.0,월금,1,0,1,,1+2+1
383,14.19,MR,YCA1006-02-00,UIC1561-01-00 UIC1551-04-00 UIC2151-06-00 UIC1806-01-00,YCI1998-02-00 BIZ1101-09-00,18.0,월금,1,0,1,,1+2+1
384,14.19,MR,YCA1006-02-00,UIC1561-01-00 UIC1551-04-00 UIC2151-07-00 UIC1805-01-00,YCI1998-02-00 BIZ1101-09-00,18.0,월금,1,0,1,,1+2+1
385,14.19,MR,YCA1006-02-00,UIC1561-01-00 UIC1551-04-00 UIC2151-05-00 UIC1806-02-00,YCI1998-02-00 BIZ1101-09-00,18.0,월금,1,0,1,,1+2+1
386,14.19,MR,YCA1006-01-00,UIC1561-01-00 UIC1551-01-00 UIC2151-12-00 UIC1805-02-00,ECO1002-05-00 BIZ1101-09-00,18.0,월금,1,0,1,,2+1+1
387,14.19,MR,YCA1006-01-00,UIC1561-01-00 UIC1501-04-00 UIC2151-14-00 UIC1806-02-00,UCB1105-02-00 BIZ1101-09-00,18.0,월금,1,0,1,,1+2+1
388,14.19,MR,YCA1006-01-00,UIC1561-01-00 UIC1551-04-00 UIC2151-09-00 UIC1806-01-00,YCH1605-01-00 BIZ1101-09-00,18.0,월금,1,0,1,,1+1+2
389,14.19,MR,YCA1006-01-00,UIC1561-01-00 UIC1551-04-00 UIC2151-08-00 UIC1805-01-00,YCH1605-01-00 BIZ1101-09-00,18.0,월금,1,0,1,,1+1+2
390,14.19,MR,YCA1006-02-00,UIC1561-01-00 UIC1551-01-00 UIC2151-09-00 UIC1806-01-00,UCB1105-02-00 BIZ1101-09-00,18.0,월금,1,0,1,,1+1+2
391,14.19,MR,YCA1006-02-00,UIC1561-01-00 UIC1551-01-00 UIC2151-08-00 UIC1805-01-00,UCB1105-02-00 BIZ1101-09-00,18.0,월금,1,0,1,,1+1+2
392,14.19,MR,YCA1006-01-00,UIC1561-01-00 UIC1251-02-00 UIC2151-14-00 UIC1806-01-00,UCB1105-02-00 BIZ1101-09-00,18.0,월금,1,0,1,,1+2+1
393,14.19,MR,YCA1006-01-00,UIC1561-01-00 UIC1551-04-00 UIC2151-09-00 UIC1806-01-00,YCH1605-01-00 BIZ1101-09-00,18.0,월금,1,0,1,,1+1+2
394,14.19,MR,YCA1006-01-00,UIC1561-01-00 UIC1551-01-00 UIC2151-12-00 UIC1805-02-00,ECO1002-05-00 BIZ1101-09-00,18.0,월금,1,0,1,,2+1+1
395,14.19,MR,YCA1006-01-00,UIC1561-01-00 UIC1551-04-00 UIC2151-05-00 UIC1805-02-00,YCH1605-01-00 BIZ1101-09-00,18.0,월금,1,0,1,,1+1+2
396,14.19,MR,YCA1006-01-00,UIC1561-01-00 UIC1551-04-00 UIC2151-06-00 UIC1805-01-00,YCI1998-02-00 BIZ1101-09-00,18.0,월금,1,0,1,,1+2+1
397,14.19,MR,YCA1006-02-00,UIC1561-01-00 UIC1551-01-00 UIC2151-08-00 UIC1806-01-00,UCB1105-02-00 BIZ1101-09-00,18.0,월금,1,0,1,,1+1+2
398,14.19,MR,YCA1006-02-00,UIC1561-01-00 UIC1551-01-00 UIC2151-05-00 UIC1805-02-00,UCB1105-02-00 BIZ1101-09-00,18.0,월금,1,0,1,,1+1+2
399,14.115,MR,YCA1006-02-00,UIC1561-01-00 UIC1401-02-00 UIC2151-14-00 UIC1806-02-00,UCD1101-01-00 YCK1998-03-00,18.0,월금,0,1,2,7,1
400,14.115,MR,YCA1006-02-00,UIC1561-01-00 UIC1551-01-00 UIC2151-08-00 UIC1806-02-00,YCI1901-01-00 YCK1998-03-00,18.0,월금,0,1,2,7,1
401,14.115,MR,YCA1006-02-00,UIC1561-01-00 UIC1551-01-00 UIC2151-06-00 UIC1805-02-00,YCI1901-01-00 YCK1998-03-00,18.0,월금,0,1,2,7,1
402,14.115,MR,YCA1006-02-00,UIC1561-01-00 UIC1551-01-00 UIC2151-07-00 UIC1805-02-00,YCI1901-01-00 YCK1998-03-00,18.0,월금,0,1,2,7,1
403,14.115,MR,YCA1006-02-00,UIC1561-01-00 UIC1251-02-00 UIC2151-14-00 UIC1805-02-00,UCD1101-01-00 YCK1998-03-00,18.0,월금,0,1,2,7,1
404,14.115,MR,YCA1006-02-00,UIC1561-01-00 UIC1551-01-00 UIC2151-09-00 UIC1806-02-00,YCI1901-01-00 YCK1998-03-00,18.0,월금,0,1,2,7,1
405,14.115,MR,YCA1006-02-00,UIC1561-01-00 UIC1551-01-00 UIC2151-07-00 UIC1805-02-00,YCI1901-01-00 YCK1998-03-00,18.0,월금,0,1,2,7,1
406,14.115,MR,YCA1006-02-00,UIC1561-01-00 UIC1551-01-00 UIC2151-09-00 UIC1806-02-00,YCI1901-01-00 YCK1998-03-00,18.0,월금,0,1,2,7,1
407,14.115,MR,YCA1006-02-00,UIC1561-01-00 UIC1401-02-00 UIC2151-14-00 UIC1806-02-00,UCD1101-01-00 YCK1998-03-00,18.0,월금,0,1,2,7,1
408,14.115,MR,YCA1006-02-00,UIC1561-01-00 UIC1251-02-00 UIC2151-14-00 UIC1805-02-00,UCD1101-01-00 YCK1998-03-00,18.0,월금,0,1,2,7,1
409,14.115,MR,YCA1006-02-00,UIC1561-01-00 UIC1551-01-00 UIC2151-08-00 UIC1806-02-00,YCI1901-01-00 YCK1998-03-00,18.0,월금,0,1,2,7,1
410,14.115,MR,YCA1006-02-00,UIC1561-01-00 UIC1551-01-00 UIC2151-06-00 UIC1805-02-00,YCI1901-01-00 YCK1998-03-00,18.0,월금,0,1,2,7,1
411,14.099,MR,YCA1006-01-00,UIC1561-01-00 UIC1401-02-00 UIC2151-14-00 UIC1806-02-00,ECO1101-06-00 YCK1998-03-00,18.0,월금,0,0,3,4+6,1+1
412,14.099,MR,YCA1006-01-00,UIC1561-01-00 UIC1401-02-00 UIC2151-14-00 UIC1806-02-00,ECO1101-06-00 YCK1998-03-00,18.0,월금,0,0,3,4+6,1+1
413,14.099,MR,YCA1006-01-00,UIC1561-01-00 UIC1251-02-00 UIC2151-14-00 UIC1805-02-00,ECO1101-06-00 YCK1998-03-00,18.0,월금,0,0,3,4+6,1+1
414,14.099,MR,YCA1006-01-00,UIC1561-01-00 UIC1251-02-00 UIC2151-14-00 UIC1805-02-00,ECO1101-06-00 YCK1998-03-00,18.0,월금,0,0,3,4+6,1+1
415,14.09,WCiv,YCA1006-02-00,QRM1001-01-00 UIC1551-01-00 UIC2151-13-00 UIC1806-01-00,YCH1605-01-00 YCI1901-01-00,18.0,월금,1,1,3,5,1+2+1
416,14.09,WCiv,YCA1006-02-00,QRM1001-01-00 UIC1551-01-00 UIC2151-13-00 UIC1805-01-00,YCH1605-01-00 YCI1901-01-00,18.0,월금,1,1,3,5,1+2+1
417,14.09,WCiv,YCA1006-01-00,QRM1001-01-00 UIC1551-01-00 UIC2151-13-00 UIC1806-01-00,YCH1605-01-00 YCI1901-01-00,18.0,월금,1,1,3,5,1+2+1
418,14.09,WCiv,YCA1006-01-00,QRM1001-01-00 UIC1551-01-00 UIC2151-13-00 UIC1805-01-00,YCH1605-01-00 YCI1901-01-00,18.0,월금,1,1,3,5,1+2+1
419,14.09,WCiv,YCA1006-02-00,QRM1001-01-00 UIC1551-01-00 UIC2151-13-00 UIC1805-01-00,YCH1605-01-00 YCI1901-01-00,18.0,월금,1,1,3,5,1+2+1
420,14.09,WCiv,YCA1006-01-00,QRM1001-01-00 UIC1551-01-00 UIC2151-13-00 UIC1805-01-00,YCH1605-01-00 YCI1901-01-00,18.0,월금,1,1,3,5,1+2+1
421,14.09,WCiv,YCA1006-02-00,QRM1001-01-00 UIC1551-01-00 UIC2151-13-00 UIC1806-01-00,YCH1605-01-00 YCI1901-01-00,18.0,월금,1,1,3,5,1+2+1
422,14.09,WCiv,YCA1006-01-00,QRM1001-01-00 UIC1551-01-00 UIC2151-13-00 UIC1806-01-00,YCH1605-01-00 YCI1901-01-00,18.0,월금,1,1,3,5,1+2+1
423,13.92,Lang,YCA1006-01-00,QRM1001-01-00 UIC1561-01-00 UIC1551-01-00 UIC2151-12-00,MAT1011-02-00 YCK1998-03-00,18.0,월금,1,0,1,,2+3+1
424,13.795,Lang,YCA1006-02-00,QRM1001-01-00 UIC1561-01-00 UIC1551-04-00 UIC2151-12-00,YCE1253-01-00 BIZ1101-09-00,18.0,월금,1,0,1,4,1+1+1
425,13.565,MR,YCA1006-02-00,UIC1561-01-00 UIC1551-01-00 UIC2151-12-00 UIC1806-02-00,ECO1002-04-00 BIZ1101-09-00,18.0,월금,1,0,1,,2+1+1+1
426,13.565,MR,YCA1006-02-00,UIC1561-01-00 UIC1551-04-00 UIC2151-12-00 UIC1805-02-00,ECO1002-04-00 BIZ1101-09-00,18.0,월금,1,0,1,,1+1+1+2
427,13.565,MR,YCA1006-01-00,UIC1561-01-00 UIC1551-04-00 UIC2151-12-00 UIC1805-02-00,YCH1605-01-00 BIZ1101-09-00,18.0,월금,1,0,1,,1+1+1+2
428,13.565,MR,YCA1006-02-00,UIC1561-01-00 UIC1551-04-00 UIC2151-12-00 UIC1805-02-00,ECO1002-04-00 BIZ1101-09-00,18.0,월금,1,0,1,,1+1+1+2
429,13.565,MR,YCA1006-01-00,UIC1561-01-00 UIC1551-04-00 UIC2151-12-00 UIC1805-02-00,YCH1605-01-00 BIZ1101-09-00,18.0,월금,1,0,1,,1+1+1+2
430,13.565,MR,YCA1006-02-00,UIC1561-01-00 UIC1551-01-00 UIC2151-12-00 UIC1806-02-00,ECO1002-04-00 BIZ1101-09-00,18.0,월금,1,0,1,,2+1+1+1
431,13.565,MR,YCA1006-01-00,UIC1561-01-00 UIC1551-01-00 UIC2151-12-00 UIC1806-02-00,ECO1002-06-00 BIZ1101-09-00,18.0,월금,1,0,1,,1+2+1+1
432,13.565,MR,YCA1006-01-00,UIC1561-01-00 UIC1551-01-00 UIC2151-12-00 UIC1806-02-00,ECO1002-06-00 BIZ1101-09-00,18.0,월금,1,0,1,,1+2+1+1
433,13.49,MR,YCA1006-01-00,UIC1561-01-00 UIC1251-02-00 UIC2151-14-00 UIC1805-02-00,UCD1101-01-00 STA1002-04-00,18.0,월금,0,0,2,6,2+1+2+1
434,13.49,MR,YCA1006-01-00,UIC1561-01-00 UIC1551-04-00 UIC2151-09-00 UIC1806-02-00,YCK1998-03-00 SED2104-01-00,18.0,월금,0,0,3,6,1+1
435,13.49,MR,YCA1006-01-00,UIC1561-01-00 UIC1551-01-00 UIC2151-08-00 UIC1806-02-00,YCI1901-01-00 STA1002-04-00,18.0,월금,0,0,2,6,2+1+2+1
436,13.49,MR,YCA1006-01-00,UIC1561-01-00 UIC1251-02-00 UIC2151-14-00 UIC1805-02-00,YCK1998-03-00 SED2104-01-00,18.0,월금,0,0,3,6,1+1
437,13.49,MR,YCA1006-01-00,UIC1561-01-00 UIC1551-04-00 UIC2151-09-00 UIC1806-02-00,YCK1998-03-00 SED2104-01-00,18.0,월금,0,0,3,6,1+1
438,13.49,MR,YCA1006-01-00,UIC1561-01-00 UIC1551-01-00 UIC2151-07-00 UIC1805-02-00,YCI1901-01-00 STA1002-04-00,18.0,월금,0,0,2,6,2+1+2+1
439,13.49,MR,YCA1006-01-00,UIC1561-01-00 UIC1551-01-00 UIC2151-07-00 UIC1805-02-00,YCI1901-01-00 STA1002-04-00,18.0,월금,0,0,2,6,2+1+2+1
440,13.49,MR,YCA1006-01-00,UIC1561-01-00 UIC1251-02-00 UIC2151-14-00 UIC1805-02-00,YCK1998-03-00 CTM1001-02-00,18.0,월금,0,1,1,6,1+1
441,13.49,MR,YCA1006-01-00,UIC1561-01-00 UIC1551-04-00 UIC2151-06-00 UIC1805-02-00,YCK1998-03-00 SED2104-01-00,18.0,월금,0,0,3,6,1+1
442,13.49,MR,YCA1006-01-00,UIC1561-01-00 UIC1551-04-00 UIC2151-06-00 UIC1805-02-00,UCD1101-01-00 STA1002-04-00,18.0,월금,0,0,2,6,2+1+1+2
443,13.49,MR,YCA1006-01-00,UIC1561-01-00 UIC1401-02-00 UIC2151-14-00 UIC1806-02-00,YCK1998-03-00 CTM1001-02-00,18.0,월금,0,1,1,6,1+1
444,13.49,MR,YCA1006-01-00,UIC1561-01-00 UIC1251-02-00 UIC2151-14-00 UIC1805-02-00,YCK1998-03-00 SED2104-01-00,18.0,월금,0,0,3,6,1+1
445,13.49,MR,YCA1006-01-00,UIC1561-01-00 UIC1551-04-00 UIC2151-07-00 UIC1805-02-00,UCD1101-01-00 STA1002-04-00,18.0,월금,0,0,2,6,2+1+1+2
446,13.49,MR,YCA1006-01-00,UIC1561-01-00 UIC1551-04-00 UIC2151-08-00 UIC1806-02-00,YCK1998-03-00 SED2104-01-00,18.0,월금,0,0,3,6,1+1
447,13.49,MR,YCA1006-01-00,UIC1561-01-00 UIC1551-01-00 UIC2151-09-00 UIC1806-02-00,YCI1901-01-00 STA1002-04-00,18.0,월금,0,0,2,6,2+1+2+1
448,13.49,MR,YCA1006-01-00,UIC1561-01-00 UIC1551-04-00 UIC2151-07-00 UIC1805-02-00,YCK1998-03-00 SED2104-01-00,18.0,월금,0,0,3,6,1+1
449,13.49,MR,YCA1006-01-00,UIC1561-01-00 UIC1551-04-00 UIC2151-08-00 UIC1806-02-00,YCK1998-03-00 SED2104-01-00,18.0,월금,0,0,3,6,1+1
450,13.49,MR,YCA1006-01-00,UIC1561-01-00 UIC1551-04-00 UIC2151-06-00 UIC1805-02-00,UCD1101-01-00 STA1002-04-00,18.0,월금,0,0,2,6,2+1+1+2
451,13.49,MR,YCA1006-01-00,UIC1561-01-00 UIC1401-02-00 UIC2151-14-00 UIC1806-02-00,YCK1998-03-00 SED2104-01-00,18.0,월금,0,0,3,6,1+1
452,13.49,MR,YCA1006-01-00,UIC1561-01-00 UIC1551-01-00 UIC2151-06-00 UIC1805-02-00,YCI1901-01-00 STA1002-04-00,18.0,월금,0,0,2,6,2+1+2+1
453,13.49,MR,YCA1006-01-00,UIC1561-01-00 UIC1401-02-00 UIC2151-14-00 UIC1806-02-00,UCD1101-01-00 STA1002-04-00,18.0,월금,0,0,2,6,2+1+2+1
454,13.49,MR,YCA1006-01-00,UIC1561-01-00 UIC1551-04-00 UIC2151-08-00 UIC1806-02-00,UCD1101-01-00 STA1002-04-00,18.0,월금,0,0,2,6,2+1+1+2
455,13.49,MR,YCA1006-01-00,UIC1561-01-00 UIC1551-04-00 UIC2151-09-00 UIC1806-02-00,UCD1101-01-00 STA1002-04-00,18.0,월금,0,0,2,6,2+1+1+2
456,13.49,MR,YCA1006-01-00,UIC1561-01-00 UIC1551-04-00 UIC2151-06-00 UIC1805-02-00,YCK1998-03-00 SED2104-01-00,18.0,월금,0,0,3,6,1+1
457,13.49,MR,YCA1006-01-00,UIC1561-01-00 UIC1251-02-00 UIC2151-14-00 UIC1805-02-00,YCK1998-03-00 CTM1001-02-00,18.0,월금,0,1,1,6,1+1
458,13.49,MR,YCA1006-01-00,UIC1561-01-00 UIC1401-02-00 UIC2151-14-00 UIC1806-02-00,YCK1998-03-00 CTM1001-02-00,18.0,월금,0,1,1,6,1+1
459,13.49,MR,YCA1006-01-00,UIC1561-01-00 UIC1551-04-00 UIC2151-07-00 UIC1805-02-00,YCK1998-03-00 SED2104-01-00,18.0,월금,0,0,3,6,1+1
460,13.49,MR,YCA1006-01-00,UIC1561-01-00 UIC1551-04-00 UIC2151-08-00 UIC1806-02-00,UCD1101-01-00 STA1002-04-00,18.0,월금,0,0,2,6,2+1+1+2
461,13.49,MR,YCA1006-01-00,UIC1561-01-00 UIC1551-01-00 UIC2151-09-00 UIC1806-02-00,YCI1901-01-00 STA1002-04-00,18.0,월금,0,0,2,6,2+1+2+1
462,13.49,MR,YCA1006-01-00,UIC1561-01-00 UIC1401-02-00 UIC2151-14-00 UIC1806-02-00,UCD1101-01-00 STA1002-04-00,18.0,월금,0,0,2,6,2+1+2+1
463,13.49,MR,YCA1006-01-00,UIC1561-01-00 UIC1551-01-00 UIC2151-08-00 UIC1806-02-00,YCI1901-01-00 STA1002-04-00,18.0,월금,0,0,2,6,2+1+2+1
464,13.49,MR,YCA1006-01-00,UIC1561-01-00 UIC1251-02-00 UIC2151-14-00 UIC1805-02-00,UCD1101-01-00 STA1002-04-00,18.0,월금,0,0,2,6,2+1+2+1
465,13.49,MR,YCA1006-01-00,UIC1561-01-00 UIC1551-04-00 UIC2151-09-00 UIC1806-02-00,UCD1101-01-00 STA1002-04-00,18.0,월금,0,0,2,6,2+1+1+2
466,13.49,MR,YCA1006-01-00,UIC1561-01-00 UIC1551-01-00 UIC2151-06-00 UIC1805-02-00,YCI1901-01-00 STA1002-04-00,18.0,월금,0,0,2,6,2+1+2+1
467,13.49,MR,YCA1006-01-00,UIC1561-01-00 UIC1551-04-00 UIC2151-07-00 UIC1805-02-00,UCD1101-01-00 STA1002-04-00,18.0,월금,0,0,2,6,2+1+1+2
468,13.49,MR,YCA1006-01-00,UIC1561-01-00 UIC1401-02-00 UIC2151-14-00 UIC1806-02-00,YCK1998-03-00 SED2104-01-00,18.0,월금,0,0,3,6,1+1
469,13.48,MR,YCA1006-02-00,UIC1561-01-00 UIC1551-01-00 UIC2151-12-00 UIC1805-02-00,ECO1002-05-00 STA2102-05-00,18.0,월금,1,0,1,4,1+2+1
470,13.48,MR,YCA1006-02-00,UIC1561-01-00 UIC1551-01-00 UIC2151-12-00 UIC1805-02-00,ECO1002-05-00 STA2102-05-00,18.0,월금,1,0,1,4,1+2+1
471,13.44,MR,YCA1006-01-00,UIC1561-01-00 UIC1551-04-00 UIC2151-05-00 UIC1806-02-00,YCE1253-01-00 CTM1001-02-00,18.0,월금,1,1,1,,1+1+1+1
472,13.44,MR,YCA1006-01-00,UIC1561-01-00 UIC1551-04-00 UIC2151-07-00 UIC1805-01-00,YCE1253-01-00 CTM1001-02-00,18.0,월금,1,1,1,,1+1+1+1
473,13.44,MR,YCA1006-01-00,UIC1561-01-00 UIC1401-02-00 UIC2151-12-00 UIC1806-02-00,UCD1101-01-00 YCI1901-01-00,18.0,월금,1,0,2,,1+1+3+1
474,13.44,MR,YCA1006-01-00,UIC1561-01-00 UIC1551-04-00 UIC2151-07-00 UIC1806-01-00,YCE1253-01-00 CTM1001-02-00,18.0,월금,1,1,1,,1+1+1+1
475,13.44,MR,YCA1006-01-00,UIC1561-01-00 UIC1401-02-00 UIC2151-12-00 UIC1806-02-00,UCD1101-01-00 YCI1901-01-00,18.0,월금,1,0,2,,1+1+3+1
476,13.44,MR,YCA1006-01-00,UIC1561-01-00 UIC1551-04-00 UIC2151-06-00 UIC1805-01-00,YCE1253-01-00 CTM1001-02-00,18.0,월금,1,1,1,,1+1+1+1
477,13.44,MR,YCA1006-01-00,UIC1561-01-00 UIC1551-04-00 UIC2151-06-00 UIC1805-01-00,YCE1253-01-00 CTM1001-02-00,18.0,월금,1,1,1,,1+1+1+1
478,13.44,MR,YCA1006-01-00,UIC1561-01-00 UIC1551-04-00 UIC2151-06-00 UIC1806-01-00,YCE1253-01-00 CTM1001-02-00,18.0,월금,1,1,1,,1+1+1+1
479,13.44,MR,YCA1006-01-00,UIC1561-01-00 UIC1551-04-00 UIC2151-07-00 UIC1806-01-00,YCE1253-01-00 CTM1001-02-00,18.0,월금,1,1,1,,1+1+1+1
480,13.44,MR,YCA1006-01-00,UIC1561-01-00 UIC1251-02-00 UIC2151-12-00 UIC1805-02-00,UCD1101-01-00 YCI1901-01-00,18.0,월금,1,0,2,,1+1+3+1
481,13.44,MR,YCA1006-01-00,UIC1561-01-00 UIC1551-04-00 UIC2151-07-00 UIC1805-01-00,YCE1253-01-00 CTM1001-02-00,18.0,월금,1,1,1,,1+1+1+1
482,13.44,MR,YCA1006-01-00,UIC1561-01-00 UIC1251-02-00 UIC2151-12-00 UIC1805-02-00,UCD1101-01-00 YCI1901-01-00,18.0,월금,1,0,2,,1+1+3+1
483,13.44,MR,YCA1006-01-00,UIC1561-01-00 UIC1551-04-00 UIC2151-05-00 UIC1806-02-00,YCE1253-01-00 CTM1001-02-00,18.0,월금,1,1,1,,1+1+1+1
484,13.44,MR,YCA1006-01-00,UIC1561-01-00 UIC1551-04-00 UIC2151-06-00 UIC1806-01-00,YCE1253-01-00 CTM1001-02-00,18.0,월금,1,1,1,,1+1+1+1
485,13.42,Lang,YCA1006-02-00,QRM1001-01-00 UIC1561-01-00 UIC1551-01-00 UIC2151-12-00,YCE1253-01-00 STA1002-04-00,18.0,월금,1,0,1,4,2+1+2+1
486,13.369,MR,YCA1006-01-00,UIC1561-01-00 UIC1401-02-00 UIC2151-12-00 UIC1806-02-00,YCH1202-01-00 YCK1998-03-00,18.0,월금,1,0,1,,1+3+1
487,13.369,MR,YCA1006-01-00,UIC1561-01-00 UIC1251-02-00 UIC2151-12-00 UIC1805-02-00,YCH1202-01-00 YCK1998-03-00,18.0,월금,1,0,1,,1+3+1
488,13.369,MR,YCA1006-01-00,UIC1561-01-00 UIC1401-02-00 UIC2151-12-00 UIC1806-02-00,YCH1202-01-00 YCK1998-03-00,18.0,월금,1,0,1,,1+3+1
489,13.369,MR,YCA1006-01-00,UIC1561-01-00 UIC1251-02-00 UIC2151-12-00 UIC1805-02-00,YCH1202-01-00 YCK1998-03-00,18.0,월금,1,0,1,,1+3+1
490,13.315,WCiv,YCA1006-02-00,QRM1001-01-00 UIC1551-04-00 UIC2151-13-00 UIC1805-01-00,YCH1605-01-00 YCI1998-02-00,18.0,월금,1,1,2,6,1+2
491,13.315,WCiv,YCA1006-01-00,QRM1001-01-00 UIC1551-04-00 UIC2151-13-00 UIC1806-01-00,YCH1605-01-00 YCI1998-02-00,18.0,월금,1,1,2,6,1+2
492,13.315,WCiv,YCA1006-01-00,QRM1001-01-00 UIC1551-04-00 UIC2151-13-00 UIC1805-01-00,YCH1605-01-00 YCI1998-02-00,18.0,월금,1,1,2,6,1+2
493,13.315,WCiv,YCA1006-02-00,QRM1001-01-00 UIC1551-04-00 UIC2151-13-00 UIC1805-01-00,YCH1605-01-00 YCI1998-02-00,18.0,월금,1,1,2,6,1+2
494,13.315,WCiv,YCA1006-01-00,QRM1001-01-00 UIC1551-04-00 UIC2151-13-00 UIC1806-01-00,YCH1605-01-00 YCI1998-02-00,18.0,월금,1,1,2,6,1+2
495,13.315,WCiv,YCA1006-02-00,QRM1001-01-00 UIC1551-04-00 UIC2151-13-00 UIC1806-01-00,YCH1605-01-00 YCI1998-02-00,18.0,월금,1,1,2,6,1+2
496,13.315,WCiv,YCA1006-01-00,QRM1001-01-00 UIC1551-04-00 UIC2151-13-00 UIC1805-01-00,YCH1605-01-00 YCI1998-02-00,18.0,월금,1,1,2,6,1+2
497,13.315,WCiv,YCA1006-02-00,QRM1001-01-00 UIC1551-04-00 UIC2151-13-00 UIC1806-01-00,YCH1605-01-00 YCI1998-02-00,18.0,월금,1,1,2,6,1+2
498,13.295,Lang,YCA1006-01-00,QRM1001-01-00 UIC1561-01-00 UIC1551-01-00 UIC2151-12-00,YCH1605-01-00 YCK1998-03-00,18.0,월금,1,0,1,,1+2+3+1
499,13.19,MR,YCA1006-02-00,UIC1561-01-00 UIC1551-01-00 UIC2151-05-00 UIC1805-02-00,UCB1105-02-00 STA1002-04-00,18.0,월금,1,0,1,,2+1+1+2+2
500,13.19,MR,YCA1006-01-00,UIC1561-01-00 UIC1551-04-00 UIC2151-07-00 UIC1806-01-00,YCI1998-02-00 STA1002-04-00,18.0,월금,1,0,1,,2+1+2+2+1
501,13.19,MR,YCA1006-02-00,UIC1561-01-00 UIC1551-04-00 UIC2151-06-00 UIC1806-01-00,YCI1998-02-00 STA1002-04-00,18.0,월금,1,0,1,,2+1+2+2+1
502,13.19,MR,YCA1006-02-00,UIC1561-01-00 UIC1551-01-00 UIC2151-09-00 UIC1806-01-00,UCB1105-02-00 STA1002-04-00,18.0,월금,1,0,1,,2+1+1+2+2
503,13.19,MR,YCA1006-02-00,UIC1561-01-00 UIC1551-04-00 UIC2151-07-00 UIC1806-01-00,YCI1998-02-00 STA1002-04-00,18.0,월금,1,0,1,,2+1+2+2+1
504,13.19,MR,YCA1006-02-00,UIC1561-01-00 UIC1551-01-00 UIC2151-08-00 UIC1805-01-00,UCB1105-02-00 STA1002-04-00,18.0,월금,1,0,1,,2+1+1+2+2
505,13.19,MR,YCA1006-02-00,UIC1561-01-00 UIC1551-04-00 UIC2151-07-00 UIC1805-01-00,YCI1998-02-00 STA1002-04-00,18.0,월금,1,0,1,,2+1+2+2+1
506,13.19,MR,YCA1006-02-00,UIC1561-01-00 UIC1551-04-00 UIC2151-06-00 UIC1805-01-00,YCI1998-02-00 STA1002-04-00,18.0,월금,1,0,1,,2+1+2+2+1
507,13.19,MR,YCA1006-02-00,UIC1561-01-00 UIC1551-04-00 UIC2151-06-00 UIC1805-01-00,YCI1998-02-00 STA1002-04-00,18.0,월금,1,0,1,,2+1+2+2+1
508,13.19,MR,YCA1006-01-00,UIC1561-01-00 UIC1501-04-00 UIC2151-14-00 UIC1806-02-00,YCK1998-03-00 STA1002-04-00,18.0,월금,1,0,1,,2+1+2+2+1
509,13.19,MR,YCA1006-01-00,UIC1561-01-00 UIC1551-04-00 UIC2151-07-00 UIC1805-01-00,YCI1998-02-00 STA1002-04-00,18.0,월금,1,0,1,,2+1+2+2+1
510,13.19,MR,YCA1006-01-00,UIC1561-01-00 UIC1251-02-00 UIC2151-14-00 UIC1805-01-00,UCB1105-02-00 STA1002-04-00,18.0,월금,1,0,1,,2+1+2+2+1
511,13.19,MR,YCA1006-02-00,UIC1561-01-00 UIC1551-01-00 UIC2151-05-00 UIC1805-02-00,UCB1105-02-00 STA1002-04-00,18.0,월금,1,0,1,,2+1+1+2+2
512,13.19,MR,YCA1006-02-00,UIC1561-01-00 UIC1551-01-00 UIC2151-08-00 UIC1806-01-00,UCB1105-02-00 STA1002-04-00,18.0,월금,1,0,1,,2+1+1+2+2
513,13.19,MR,YCA1006-01-00,UIC1561-01-00 UIC1551-04-00 UIC2151-05-00 UIC1805-02-00,YCH1605-01-00 STA1002-04-00,18.0,월금,1,0,1,,2+1+1+2+2
514,13.19,MR,YCA1006-01-00,UIC1561-01-00 UIC1551-04-00 UIC2151-05-00 UIC1806-02-00,YCI1998-02-00 STA1002-04-00,18.0,월금,1,0,1,,2+1+2+2+1
515,13.19,MR,YCA1006-01-00,UIC1561-01-00 UIC1551-04-00 UIC2151-08-00 UIC1806-01-00,YCH1605-01-00 STA1002-04-00,18.0,월금,1,0,1,,2+1+1+2+2
516,13.19,MR,YCA1006-02-00,UIC1561-01-00 UIC1501-04-00 UIC2151-14-00 UIC1806-02-00,YCK1998-03-00 STA1002-04-00,18.0,월금,1,0,1,,2+1+2+2+1
517,13.19,MR,YCA1006-01-00,UIC1561-01-00 UIC1251-02-00 UIC2151-14-00 UIC1806-01-00,YCK1998-03-00 STA1002-04-00,18.0,월금,1,0,1,,2+1+2+2+1
518,13.19,MR,YCA1006-01-00,UIC1561-01-00 UIC1251-02-00 UIC2151-14-00 UIC1805-01-00,UCB1105-02-00 STA1002-04-00,18.0,월금,1,0,1,,2+1+2+2+1
519,13.19,MR,YCA1006-01-00,UIC1561-01-00 UIC1551-04-00 UIC2151-05-00 UIC1806-02-00,YCI1998-02-00 STA1002-04-00,18.0,월금,1,0,1,,2+1+2+2+1
520,13.19,MR,YCA1006-01-00,UIC1561-01-00 UIC1501-04-00 UIC2151-14-00 UIC1806-02-00,YCK1998-03-00 STA1002-04-00,18.0,월금,1,0,1,,2+1+2+2+1
521,13.19,MR,YCA1006-02-00,UIC1561-01-00 UIC1251-02-00 UIC2151-14-00 UIC1806-01-00,UCB1105-02-00 STA1002-04-00,18.0,월금,1,0,1,,2+1+2+2+1
522,13.19,MR,YCA1006-01-00,UIC1561-01-00 UIC1251-02-00 UIC2151-14-00 UIC1806-01-00,YCK1998-03-00 STA1002-04-00,18.0,월금,1,0,1,,2+1+2+2+1
523,13.19,MR,YCA1006-01-00,UIC1561-01-00 UIC1551-04-00 UIC2151-06-00 UIC1806-01-00,YCI1998-02-00 STA1002-04-00,18.0,월금,1,0,1,,2+1+2+2+1
524,13.19,MR,YCA1006-02-00,UIC1561-01-00 UIC1551-04-00 UIC2151-12-00 UIC1806-02-00,ECO1002-04-00 YCI1998-02-00,18.0,월금,1,0,1,,2+3+1
525,13.19,MR,YCA1006-02-00,UIC1561-01-00 UIC1251-02-00 UIC2151-14-00 UIC1806-01-00,YCK1998-03-00 STA1002-04-00,18.0,월금,1,0,1,,2+1+2+2+1
526,13.19,MR,YCA1006-01-00,UIC1561-01-00 UIC1251-02-00 UIC2151-14-00 UIC1806-01-00,UCB1105-02-00 STA1002-04-00,18.0,월금,1,0,1,,2+1+2+2+1
527,13.19,MR,YCA1006-01-00,UIC1561-01-00 UIC1551-04-00 UIC2151-09-00 UIC1806-01-00,YCH1605-01-00 STA1002-04-00,18.0,월금,1,0,1,,2+1+1+2+2
528,13.19,MR,YCA1006-01-00,UIC1561-01-00 UIC1551-04-00 UIC2151-08-00 UIC1805-01-00,YCH1605-01-00 STA1002-04-00,18.0,월금,1,0,1,,2+1+1+2+2
529,13.19,MR,YCA1006-01-00,UIC1561-01-00 UIC1551-01-00 UIC2151-12-00 UIC1805-02-00,ECO1002-05-00 YCK1998-03-00,18.0,월금,1,0,1,,2+3+1
530,13.19,MR,YCA1006-01-00,UIC1561-01-00 UIC1551-04-00 UIC2151-06-00 UIC1806-01-00,YCI1998-02-00 STA1002-04-00,18.0,월금,1,0,1,,2+1+2+2+1
531,13.19,MR,YCA1006-01-00,UIC1561-01-00 UIC1551-01-00 UIC2151-12-00 UIC1805-02-00,ECO1002-05-00 YCK1998-03-00,18.0,월금,1,0,1,,2+3+1
532,13.19,MR,YCA1006-01-00,UIC1561-01-00 UIC1251-02-00 UIC2151-14-00 UIC1805-01-00,YCK1998-03-00 STA1002-04-00,18.0,월금,1,0,1,,2+1+2+2+1
533,13.19,MR,YCA1006-02-00,UIC1561-01-00 UIC1551-01-00 UIC2151-08-00 UIC1806-01-00,UCB1105-02-00 STA1002-04-00,18.0,월금,1,0,1,,2+1+1+2+2
534,13.19,MR,YCA1006-01-00,UIC1561-01-00 UIC1551-04-00 UIC2151-06-00 UIC1805-01-00,YCI1998-02-00 STA1002-04-00,18.0,월금,1,0,1,,2+1+2+2+1
535,13.19,MR,YCA1006-01-00,UIC1561-01-00 UIC1551-04-00 UIC2151-12-00 UIC1806-02-00,YCI1998-02-00 YCK1998-03-00,18.0,월금,1,0,1,,1+2+3
536,13.19,MR,YCA1006-01-00,UIC1561-01-00 UIC1551-04-00 UIC2151-07-00 UIC1806-01-00,YCI1998-02-00 STA1002-04-00,18.0,월금,1,0,1,,2+1+2+2+1
537,13.19,MR,YCA1006-01-00,UIC1561-01-00 UIC1251-02-00 UIC2151-14-00 UIC1806-01-00,UCB1105-02-00 STA1002-04-00,18.0,월금,1,0,1,,2+1+2+2+1
538,13.19,MR,YCA1006-02-00,UIC1561-01-00 UIC1251-02-00 UIC2151-14-00 UIC1806-01-00,YCK1998-03-00 STA1002-04-00,18.0,월금,1,0,1,,2+1+2+2+1
539,13.19,MR,YCA1006-01-00,UIC1561-01-00 UIC1551-04-00 UIC2151-08-00 UIC1806-01-00,YCH1605-01-00 STA1002-04-00,18.0,월금,1,0,1,,2+1+1+2+2
540,13.19,MR,YCA1006-01-00,UIC1561-01-00 UIC1551-04-00 UIC2151-09-00 UIC1806-01-00,YCH1605-01-00 STA1002-04-00,18.0,월금,1,0,1,,2+1+1+2+2
541,13.19,MR,YCA1006-01-00,UIC1561-01-00 UIC1551-04-00 UIC2151-09-00 UIC1805-01-00,YCH1605-01-00 STA1002-04-00,18.0,월금,1,0,1,,2+1+1+2+2
542,13.19,MR,YCA1006-02-00,UIC1561-01-00 UIC1551-01-00 UIC2151-09-00 UIC1805-01-00,UCB1105-02-00 STA1002-04-00,18.0,월금,1,0,1,,2+1+1+2+2
543,13.19,MR,YCA1006-02-00,UIC1561-01-00 UIC1251-02-00 UIC2151-14-00 UIC1805-01-00,YCK1998-03-00 STA1002-04-00,18.0,월금,1,0,1,,2+1+2+2+1
544,13.19,MR,YCA1006-02-00,UIC1561-01-00 UIC1551-01-00 UIC2151-09-00 UIC1805-01-00,UCB1105-02-00 STA1002-04-00,18.0,월금,1,0,1,,2+1+1+2+2
545,13.19,MR,YCA1006-01-00,UIC1561-01-00 UIC1551-04-00 UIC2151-07-00 UIC1805-01-00,YCI1998-02-00 STA1002-04-00,18.0,월금,1,0,1,,2+1+2+2+1
546,13.19,MR,YCA1006-02-00,UIC1561-01-00 UIC1251-02-00 UIC2151-14-00 UIC1805-01-00,UCB1105-02-00 STA1002-04-00,18.0,월금,1,0,1,,2+1+2+2+1
547,13.19,MR,YCA1006-02-00,UIC1561-01-00 UIC1251-02-00 UIC2151-14-00 UIC1806-01-00,UCB1105-02-00 STA1002-04-00,18.0,월금,1,0,1,,2+1+2+2+1
548,13.19,MR,YCA1006-02-00,UIC1561-01-00 UIC1251-02-00 UIC2151-14-00 UIC1805-01-00,YCK1998-03-00 STA1002-04-00,18.0,월금,1,0,1,,2+1+2+2+1
549,13.19,MR,YCA1006-01-00,UIC1561-01-00 UIC1251-02-00 UIC2151-14-00 UIC1805-01-00,YCK1998-03-00 STA1002-04-00,18.0,월금,1,0,1,,2+1+2+2+1
550,13.19,MR,YCA1006-01-00,UIC1561-01-00 UIC1501-04-00 UIC2151-14-00 UIC1806-02-00,UCB1105-02-00 STA1002-04-00,18.0,월금,1,0,1,,2+1+2+2+1
551,13.19,MR,YCA1006-02-00,UIC1561-01-00 UIC1551-04-00 UIC2151-06-00 UIC1806-01-00,YCI1998-02-00 STA1002-04-00,18.0,월금,1,0,1,,2+1+2+2+1
552,13.19,MR,YCA1006-02-00,UIC1561-01-00 UIC1551-04-00 UIC2151-07-00 UIC1805-01-00,YCI1998-02-00 STA1002-04-00,18.0,월금,1,0,1,,2+1+2+2+1
553,13.19,MR,YCA1006-02-00,UIC1561-01-00 UIC1551-04-00 UIC2151-05-00 UIC1806-02-00,YCI1998-02-00 STA1002-04-00,18.0,월금,1,0,1,,2+1+2+2+1
554,13.19,MR,YCA1006-01-00,UIC1561-01-00 UIC1551-04-00 UIC2151-06-00 UIC1805-01-00,YCI1998-02-00 STA1002-04-00,18.0,월금,1,0,1,,2+1+2+2+1
555,13.19,MR,YCA1006-02-00,UIC1561-01-00 UIC1501-04-00 UIC2151-14-00 UIC1806-02-00,UCB1105-02-00 STA1002-04-00,18.0,월금,1,0,1,,2+1+2+2+1
556,13.19,MR,YCA1006-02-00,UIC1561-01-00 UIC1551-04-00 UIC2151-05-00 UIC1806-02-00,YCI1998-02-00 STA1002-04-00,18.0,월금,1,0,1,,2+1+2+2+1
557,13.19,MR,YCA1006-02-00,UIC1561-01-00 UIC1551-01-00 UIC2151-12-00 UIC1805-02-00,UCB1105-02-00 ECO1002-04-00,18.0,월금,1,0,1,,1+3+2
558,13.19,MR,YCA1006-01-00,UIC1561-01-00 UIC1551-04-00 UIC2151-08-00 UIC1805-01-00,YCH1605-01-00 STA1002-04-00,18.0,월금,1,0,1,,2+1+1+2+2
559,13.19,MR,YCA1006-02-00,UIC1561-01-00 UIC1551-04-00 UIC2151-07-00 UIC1806-01-00,YCI1998-02-00 STA1002-04-00,18.0,월금,1,0,1,,2+1+2+2+1
560,13.19,MR,YCA1006-02-00,UIC1561-01-00 UIC1501-04-00 UIC2151-14-00 UIC1806-02-00,UCB1105-02-00 STA1002-04-00,18.0,월금,1,0,1,,2+1+2+2+1
561,13.19,MR,YCA1006-02-00,UIC1561-01-00 UIC1551-01-00 UIC2151-08-00 UIC1805-01-00,UCB1105-02-00 STA1002-04-00,18.0,월금,1,0,1,,2+1+1+2+2
562,13.19,MR,YCA1006-01-00,UIC1561-01-00 UIC1551-04-00 UIC2151-12-00 UIC1806-02-00,YCI1998-02-00 YCK1998-03-00,18.0,월금,1,0,1,,1+2+3
563,13.19,MR,YCA1006-02-00,UIC1561-01-00 UIC1251-02-00 UIC2151-14-00 UIC1805-01-00,UCB1105-02-00 STA1002-04-00,18.0,월금,1,0,1,,2+1+2+2+1
564,13.19,MR,YCA1006-01-00,UIC1561-01-00 UIC1501-04-00 UIC2151-14-00 UIC1806-02-00,UCB1105-02-00 STA1002-04-00,18.0,월금,1,0,1,,2+1+2+2+1
565,13.19,MR,YCA1006-02-00,UIC1561-01-00 UIC1501-04-00 UIC2151-14-00 UIC1806-02-00,YCK1998-03-00 STA1002-04-00,18.0,월금,1,0,1,,2+1+2+2+1
566,13.19,MR,YCA1006-01-00,UIC1561-01-00 UIC1551-04-00 UIC2151-05-00 UIC1805-02-00,YCH1605-01-00 STA1002-04-00,18.0,월금,1,0,1,,2+1+1+2+2
567,13.19,MR,YCA1006-02-00,UIC1561-01-00 UIC1551-01-00 UIC2151-12-00 UIC1805-02-00,UCB1105-02-00 ECO1002-04-00,18.0,월금,1,0,1,,1+3+2
568,13.19,MR,YCA1006-02-00,UIC1561-01-00 UIC1551-01-00 UIC2151-09-00 UIC1806-01-00,UCB1105-02-00 STA1002-04-00,18.0,월금,1,0,1,,2+1+1+2+2
569,13.19,MR,YCA1006-01-00,UIC1561-01-00 UIC1551-04-00 UIC2151-09-00 UIC1805-01-00,YCH1605-01-00 STA1002-04-00,18.0,월금,1,0,1,,2+1+1+2+2
570,13.19,MR,YCA1006-02-00,UIC1561-01-00 UIC1551-04-00 UIC2151-12-00 UIC1806-02-00,ECO1002-04-00 YCI1998-02-00,18.0,월금,1,0,1,,2+3+1
571,13.065,MR,YCA1006-02-00,UIC1561-01-00 UIC1551-04-00 UIC2151-12-00 UIC1805-02-00,ECO1002-05-00 BIZ1101-09-00,18.0,월금,1,0,1,4,1+1+1
572,13.065,MR,YCA1006-02-00,UIC1561-01-00 UIC1551-04-00 UIC2151-12-00 UIC1805-02-00,ECO1002-05-00 BIZ1101-09-00,18.0,월금,1,0,1,4,1+1+1
573,13.065,MR,YCA1006-01-00,UIC1561-01-00 UIC1551-01-00 UIC2151-06-00 UIC1805-02-00,YCG1804-01-00 YCK1998-03-00,18.0,월금,0,0,1,4,1+1+1
574,13.065,MR,YCA1006-01-00,UIC1561-01-00 UIC1551-01-00 UIC2151-07-00 UIC1805-02-00,YCG1804-01-00 YCK1998-03-00,18.0,월금,0,0,1,4,1+1+1
575,13.065,MR,YCA1006-01-00,UIC1561-01-00 UIC1551-01-00 UIC2151-08-00 UIC1806-02-00,YCG1804-01-00 YCK1998-03-00,18.0,월금,0,0,1,4,1+1+1
576,13.065,MR,YCA1006-01-00,UIC1561-01-00 UIC1551-01-00 UIC2151-06-00 UIC1805-02-00,YCG1804-01-00 YCK1998-03-00,18.0,월금,0,0,1,4,1+1+1
577,13.065,MR,YCA1006-01-00,UIC1561-01-00 UIC1551-01-00 UIC2151-08-00 UIC1806-02-00,YCG1804-01-00 YCK1998-03-00,18.0,월금,0,0,1,4,1+1+1
578,13.065,MR,YCA1006-01-00,UIC1561-01-00 UIC1551-01-00 UIC2151-07-00 UIC1805-02-00,YCG1804-01-00 YCK1998-03-00,18.0,월금,0,0,1,4,1+1+1
579,13.065,MR,YCA1006-01-00,UIC1561-01-00 UIC1551-01-00 UIC2151-09-00 UIC1806-02-00,YCG1804-01-00 YCK1998-03-00,18.0,월금,0,0,1,4,1+1+1
580,13.065,MR,YCA1006-01-00,UIC1561-01-00 UIC1551-01-00 UIC2151-09-00 UIC1806-02-00,YCG1804-01-00 YCK1998-03-00,18.0,월금,0,0,1,4,1+1+1
581,12.98,MR,YCA1006-01-00,UIC1561-01-00 UIC1551-04-00 UIC2151-07-00 UIC1805-02-00,YCK1998-03-00 STA2102-05-00,18.0,월금,0,0,1,4+4,1+1
582,12.98,MR,YCA1006-01-00,UIC1561-01-00 UIC1551-01-00 UIC2151-08-00 UIC1806-02-00,YCK1998-03-00 STA2102-05-00,18.0,월금,0,0,1,4+4,1+1
583,12.98,MR,YCA1006-01-00,UIC1561-01-00 UIC1551-01-00 UIC2151-06-00 UIC1805-02-00,YCK1998-03-00 STA2102-05-00,18.0,월금,0,0,1,4+4,1+1
584,12.98,MR,YCA1006-01-00,UIC1561-01-00 UIC1551-01-00 UIC2151-06-00 UIC1805-02-00,YCK1998-03-00 STA2102-05-00,18.0,월금,0,0,1,4+4,1+1
585,12.98,MR,YCA1006-01-00,UIC1561-01-00 UIC1551-01-00 UIC2151-07-00 UIC1805-02-00,YCK1998-03-00 STA2102-05-00,18.0,월금,0,0,1,4+4,1+1
586,12.98,MR,YCA1006-01-00,UIC1561-01-00 UIC1551-04-00 UIC2151-09-00 UIC1806-02-00,YCK1998-03-00 STA2102-05-00,18.0,월금,0,0,1,4+4,1+1
587,12.98,MR,YCA1006-01-00,UIC1561-01-00 UIC1551-04-00 UIC2151-07-00 UIC1805-02-00,YCK1998-03-00 STA2102-05-00,18.0,월금,0,0,1,4+4,1+1
588,12.98,MR,YCA1006-01-00,UIC1561-01-00 UIC1551-01-00 UIC2151-08-00 UIC1806-02-00,YCK1998-03-00 STA2102-05-00,18.0,월금,0,0,1,4+4,1+1
589,12.98,MR,YCA1006-01-00,UIC1561-01-00 UIC1551-04-00 UIC2151-08-00 UIC1806-02-00,YCK1998-03-00 STA2102-05-00,18.0,월금,0,0,1,4+4,1+1
590,12.98,MR,YCA1006-01-00,UIC1561-01-00 UIC1551-04-00 UIC2151-08-00 UIC1806-02-00,YCK1998-03-00 STA2102-05-00,18.0,월금,0,0,1,4+4,1+1
591,12.98,MR,YCA1006-01-00,UIC1561-01-00 UIC1551-04-00 UIC2151-06-00 UIC1805-02-00,YCK1998-03-00 STA2102-05-00,18.0,월금,0,0,1,4+4,1+1
592,12.98,MR,YCA1006-01-00,UIC1561-01-00 UIC1551-01-00 UIC2151-09-00 UIC1806-02-00,YCK1998-03-00 STA2102-05-00,18.0,월금,0,0,1,4+4,1+1
593,12.98,MR,YCA1006-01-00,UIC1561-01-00 UIC1551-04-00 UIC2151-06-00 UIC1805-02-00,YCK1998-03-00 STA2102-05-00,18.0,월금,0,0,1,4+4,1+1
594,12.98,MR,YCA1006-01-00,UIC1561-01-00 UIC1551-01-00 UIC2151-09-00 UIC1806-02-00,YCK1998-03-00 STA2102-05-00,18.0,월금,0,0,1,4+4,1+1
595,12.98,MR,YCA1006-01-00,UIC1561-01-00 UIC1551-04-00 UIC2151-09-00 UIC1806-02-00,YCK1998-03-00 STA2102-05-00,18.0,월금,0,0,1,4+4,1+1
596,12.98,MR,YCA1006-01-00,UIC1561-01-00 UIC1551-01-00 UIC2151-07-00 UIC1805-02-00,YCK1998-03-00 STA2102-05-00,18.0,월금,0,0,1,4+4,1+1
597,12.94,MR,YCA1006-01-00,UIC1561-01-00 UIC1551-01-00 UIC2151-09-00 UIC1806-01-00,UCB1105-02-00 BIZ1101-09-00,18.0,월금,1,0,1,,2+2
598,12.94,MR,YCA1006-01-00,UIC1561-01-00 UIC1551-01-00 UIC2151-08-00 UIC1806-01-00,UCB1105-02-00 BIZ1101-09-00,18.0,월금,1,0,1,,2+2
599,12.94,MR,YCA1006-01-00,UIC1561-01-00 UIC1551-01-00 UIC2151-09-00 UIC1805-01-00,UCB1105-02-00 BIZ1101-09-00,18.0,월금,1,0,1,,2+2
600,12.94,MR,YCA1006-01-00,UIC1561-01-00 UIC1551-01-00 UIC2151-05-00 UIC1805-02-00,UCB1105-02-00 BIZ1101-09-00,18.0,월금,1,0,1,,2+2
601,12.94,MR,YCA1006-01-00,UIC1561-01-00 UIC1551-01-00 UIC2151-08-00 UIC1806-01-00,UCB1105-02-00 BIZ1101-09-00,18.0,월금,1,0,1,,2+2
602,12.94,MR,YCA1006-01-00,UIC1561-01-00 UIC1551-01-00 UIC2151-09-00 UIC1806-01-00,UCB1105-02-00 BIZ1101-09-00,18.0,월금,1,0,1,,2+2
603,12.94,MR,YCA1006-01-00,UIC1561-01-00 UIC1551-01-00 UIC2151-08-00 UIC1805-01-00,UCB1105-02-00 BIZ1101-09-00,18.0,월금,1,0,1,,2+2
604,12.94,MR,YCA1006-01-00,UIC1561-01-00 UIC1551-01-00 UIC2151-05-00 UIC1805-02-00,UCB1105-02-00 BIZ1101-09-00,18.0,월금,1,0,1,,2+2
605,12.94,MR,YCA1006-01-00,UIC1561-01-00 UIC1551-01-00 UIC2151-08-00 UIC1805-01-00,UCB1105-02-00 BIZ1101-09-00,18.0,월금,1,0,1,,2+2
606,12.94,MR,YCA1006-01-00,UIC1561-01-00 UIC1551-01-00 UIC2151-09-00 UIC1805-01-00,UCB1105-02-00 BIZ1101-09-00,18.0,월금,1,0,1,,2+2
607,12.92,Lang,YCA1006-01-00,QRM1001-01-00 UIC1561-01-00 UIC1551-01-00 UIC2151-12-00,YCI1901-01-00 MAT1011-02-00,18.0,월금,1,0,2,,2+3+1
608,12.904,Lang,YCA1006-02-00,QRM1001-01-00 UIC1561-01-00 UIC1551-01-00 UIC2151-12-00,ECO1101-06-00 YCE1253-01-00,18.0,월금,1,0,3,4,1+3+2+1
609,12.794,MR,YCA1006-01-00,UIC1561-01-00 UIC1251-02-00 UIC2151-14-00 UIC1805-02-00,YCH1202-01-00 BIZ1101-09-00,18.0,월금,0,0,2,6,1+1
610,12.794,MR,YCA1006-01-00,UIC1561-01-00 UIC1551-04-00 UIC2151-07-00 UIC1805-02-00,YCH1202-01-00 YCK1998-03-00,18.0,월금,0,0,2,7,1+1
611,12.794,MR,YCA1006-01-00,UIC1561-01-00 UIC1551-04-00 UIC2151-06-00 UIC1805-02-00,YCH1202-01-00 YCK1998-03-00,18.0,월금,0,0,2,7,1+1
612,12.794,MR,YCA1006-01-00,UIC1561-01-00 UIC1551-04-00 UIC2151-07-00 UIC1805-02-00,YCH1202-01-00 YCK1998-03-00,18.0,월금,0,0,2,7,1+1
613,12.794,MR,YCA1006-01-00,UIC1561-01-00 UIC1401-02-00 UIC2151-14-00 UIC1806-02-00,YCH1202-01-00 BIZ1101-09-00,18.0,월금,0,0,2,6,1+1
614,12.794,MR,YCA1006-01-00,UIC1561-01-00 UIC1551-04-00 UIC2151-08-00 UIC1806-02-00,YCH1202-01-00 YCK1998-03-00,18.0,월금,0,0,2,7,1+1
615,12.794,MR,YCA1006-01-00,UIC1561-01-00 UIC1401-02-00 UIC2151-14-00 UIC1806-02-00,YCH1202-01-00 BIZ1101-09-00,18.0,월금,0,0,2,6,1+1
616,12.794,MR,YCA1006-01-00,UIC1561-01-00 UIC1551-04-00 UIC2151-09-00 UIC1806-02-00,YCH1202-01-00 YCK1998-03-00,18.0,월금,0,0,2,7,1+1
617,12.794,MR,YCA1006-01-00,UIC1561-01-00 UIC1251-02-00 UIC2151-14-00 UIC1805-02-00,YCH1202-01-00 BIZ1101-09-00,18.0,월금,0,0,2,6,1+1
618,12.794,MR,YCA1006-01-00,UIC1561-01-00 UIC1551-04-00 UIC2151-06-00 UIC1805-02-00,YCH1202-01-00 YCK1998-03-00,18.0,월금,0,0,2,7,1+1
619,12.794,MR,YCA1006-01-00,UIC1561-01-00 UIC1551-04-00 UIC2151-09-00 UIC1806-02-00,YCH1202-01-00 YCK1998-03-00,18.0,월금,0,0,2,7,1+1
620,12.794,MR,YCA1006-01-00,UIC1561-01-00 UIC1551-04-00 UIC2151-08-00 UIC1806-02-00,YCH1202-01-00 YCK1998-03-00,18.0,월금,0,0,2,7,1+1
621,12.69,MR,YCA1006-02-00,UIC1561-01-00 UIC1551-01-00 UIC2151-12-00 UIC1805-02-00,ECO1002-05-00 STA1002-04-00,18.0,월금,1,0,1,4,2+1+2+1
622,12.69,MR,YCA1006-02-00,UIC1561-01-00 UIC1551-01-00 UIC2151-12-00 UIC1805-02-00,ECO1002-05-00 STA1002-04-00,18.0,월금,1,0,1,4,2+1+2+1
623,12.565,MR,YCA1006-02-00,UIC1561-01-00 UIC1251-02-00 UIC2151-14-00 UIC1806-01-00,UCD1101-01-00 BIZ1101-09-00,18.0,월금,1,0,2,,1+2+1+1
624,12.565,MR,YCA1006-02-00,UIC1561-01-00 UIC1551-01-00 UIC2151-07-00 UIC1806-01-00,YCI1901-01-00 BIZ1101-09-00,18.0,월금,1,0,2,,1+2+1+1
625,12.565,MR,YCA1006-02-00,UIC1561-01-00 UIC1501-04-00 UIC2151-14-00 UIC1806-02-00,UCD1101-01-00 BIZ1101-09-00,18.0,월금,1,0,2,,1+2+1+1
626,12.565,MR,YCA1006-02-00,UIC1561-01-00 UIC1551-04-00 UIC2151-09-00 UIC1806-01-00,YCK1998-03-00 STA1002-04-00,18.0,월금,1,0,1,,2+1+1+1+2+2
627,12.565,MR,YCA1006-01-00,UIC1561-01-00 UIC1551-01-00 UIC2151-07-00 UIC1805-01-00,YCK1998-03-00 STA1002-04-00,18.0,월금,1,0,1,,2+1+2+2+1+1
628,12.565,MR,YCA1006-01-00,UIC1561-01-00 UIC1551-01-00 UIC2151-07-00 UIC1806-01-00,YCK1998-03-00 STA1002-04-00,18.0,월금,1,0,1,,2+1+2+2+1+1
629,12.565,MR,YCA1006-02-00,UIC1561-01-00 UIC1551-04-00 UIC2151-08-00 UIC1805-01-00,UCD1101-01-00 BIZ1101-09-00,18.0,월금,1,0,2,,1+1+1+2
630,12.565,MR,YCA1006-02-00,UIC1561-01-00 UIC1551-04-00 UIC2151-08-00 UIC1806-01-00,UCD1101-01-00 BIZ1101-09-00,18.0,월금,1,0,2,,1+1+1+2
631,12.565,MR,YCA1006-02-00,UIC1561-01-00 UIC1551-01-00 UIC2151-06-00 UIC1805-01-00,YCK1998-03-00 STA1002-04-00,18.0,월금,1,0,1,,2+1+2+2+1+1
632,12.565,MR,YCA1006-02-00,UIC1561-01-00 UIC1551-01-00 UIC2151-06-00 UIC1806-01-00,YCK1998-03-00 STA1002-04-00,18.0,월금,1,0,1,,2+1+2+2+1+1
633,12.565,MR,YCA1006-02-00,UIC1561-01-00 UIC1551-04-00 UIC2151-12-00 UIC1805-02-00,ECO1002-04-00 YCK1998-03-00,18.0,월금,1,0,1,,1+1+3+2
634,12.565,MR,YCA1006-02-00,UIC1561-01-00 UIC1551-01-00 UIC2151-07-00 UIC1806-01-00,YCI1901-01-00 BIZ1101-09-00,18.0,월금,1,0,2,,1+2+1+1
635,12.565,MR,YCA1006-02-00,UIC1561-01-00 UIC1551-04-00 UIC2151-09-00 UIC1806-01-00,UCD1101-01-00 BIZ1101-09-00,18.0,월금,1,0,2,,1+1+1+2
636,12.565,MR,YCA1006-02-00,UIC1561-01-00 UIC1551-01-00 UIC2151-05-00 UIC1806-02-00,YCK1998-03-00 STA1002-04-00,18.0,월금,1,0,1,,2+1+2+2+1+1
637,12.565,MR,YCA1006-02-00,UIC1561-01-00 UIC1551-01-00 UIC2151-05-00 UIC1806-02-00,YCK1998-03-00 STA1002-04-00,18.0,월금,1,0,1,,2+1+2+2+1+1
638,12.565,MR,YCA1006-02-00,UIC1561-01-00 UIC1551-04-00 UIC2151-09-00 UIC1805-01-00,UCD1101-01-00 BIZ1101-09-00,18.0,월금,1,0,2,,1+1+1+2
639,12.565,MR,YCA1006-02-00,UIC1561-01-00 UIC1551-04-00 UIC2151-08-00 UIC1806-01-00,YCK1998-03-00 STA1002-04-00,18.0,월금,1,0,1,,2+1+1+1+2+2
640,12.565,MR,YCA1006-01-00,UIC1561-01-00 UIC1551-01-00 UIC2151-05-00 UIC1806-02-00,YCK1998-03-00 STA1002-04-00,18.0,월금,1,0,1,,2+1+2+2+1+1
641,12.565,MR,YCA1006-02-00,UIC1561-01-00 UIC1551-04-00 UIC2151-05-00 UIC1805-02-00,UCD1101-01-00 BIZ1101-09-00,18.0,월금,1,0,2,,1+1+1+2
642,12.565,MR,YCA1006-02-00,UIC1561-01-00 UIC1551-01-00 UIC2151-06-00 UIC1805-01-00,YCI1901-01-00 BIZ1101-09-00,18.0,월금,1,0,2,,1+2+1+1
643,12.565,MR,YCA1006-02-00,UIC1561-01-00 UIC1551-04-00 UIC2151-05-00 UIC1805-02-00,YCK1998-03-00 STA1002-04-00,18.0,월금,1,0,1,,2+1+1+1+2+2
644,12.565,MR,YCA1006-01-00,UIC1561-01-00 UIC1551-01-00 UIC2151-07-00 UIC1805-01-00,YCI1901-01-00 BIZ1101-09-00,18.0,월금,1,0,2,,1+2+1+1
645,12.565,MR,YCA1006-01-00,UIC1561-01-00 UIC1551-04-00 UIC2151-12-00 UIC1805-02-00,YCH1605-01-00 YCK1998-03-00,18.0,월금,1,0,1,,1+1+3+2
646,12.565,MR,YCA1006-01-00,UIC1561-01-00 UIC1551-01-00 UIC2151-05-00 UIC1806-02-00,YCI1901-01-00 BIZ1101-09-00,18.0,월금,1,0,2,,1+2+1+1
647,12.565,MR,YCA1006-01-00,UIC1561-01-00 UIC1551-01-00 UIC2151-12-00 UIC1806-02-00,ECO1002-06-00 YCK1998-03-00,18.0,월금,1,0,1,,1+2+3+1
648,12.565,MR,YCA1006-01-00,UIC1561-01-00 UIC1551-01-00 UIC2151-07-00 UIC1805-01-00,YCK1998-03-00 STA1002-04-00,18.0,월금,1,0,1,,2+1+2+2+1+1
649,12.565,MR,YCA1006-02-00,UIC1561-01-00 UIC1251-02-00 UIC2151-14-00 UIC1806-01-00,UCD1101-01-00 BIZ1101-09-00,18.0,월금,1,0,2,,1+2+1+1
650,12.565,MR,YCA1006-02-00,UIC1561-01-00 UIC1551-01-00 UIC2151-07-00 UIC1805-01-00,YCK1998-03-00 STA1002-04-00,18.0,월금,1,0,1,,2+1+2+2+1+1
651,12.565,MR,YCA1006-02-00,UIC1561-01-00 UIC1251-02-00 UIC2151-14-00 UIC1805-01-00,UCD1101-01-00 BIZ1101-09-00,18.0,월금,1,0,2,,1+2+1+1
652,12.565,MR,YCA1006-02-00,UIC1561-01-00 UIC1251-02-00 UIC2151-14-00 UIC1805-01-00,UCD1101-01-00 BIZ1101-09-00,18.0,월금,1,0,2,,1+2+1+1
653,12.565,MR,YCA1006-01-00,UIC1561-01-00 UIC1551-01-00 UIC2151-05-00 UIC1806-02-00,YCK1998-03-00 STA1002-04-00,18.0,월금,1,0,1,,2+1+2+2+1+1
654,12.565,MR,YCA1006-01-00,UIC1561-01-00 UIC1551-01-00 UIC2151-12-00 UIC1806-02-00,ECO1002-06-00 YCK1998-03-00,18.0,월금,1,0,1,,1+2+3+1
655,12.565,MR,YCA1006-01-00,UIC1561-01-00 UIC1551-01-00 UIC2151-06-00 UIC1805-01-00,YCI1901-01-00 BIZ1101-09-00,18.0,월금,1,0,2,,1+2+1+1
656,12.565,MR,YCA1006-02-00,UIC1561-01-00 UIC1551-01-00 UIC2151-06-00 UIC1806-01-00,YCK1998-03-00 STA1002-04-00,18.0,월금,1,0,1,,2+1+2+2+1+1
657,12.565,MR,YCA1006-01-00,UIC1561-01-00 UIC1551-04-00 UIC2151-12-00 UIC1805-02-00,YCH1605-01-00 YCK1998-03-00,18.0,월금,1,0,1,,1+1+3+2
658,12.565,MR,YCA1006-02-00,UIC1561-01-00 UIC1551-01-00 UIC2151-07-00 UIC1805-01-00,YCK1998-03-00 STA1002-04-00,18.0,월금,1,0,1,,2+1+2+2+1+1
659,12.565,MR,YCA1006-02-00,UIC1561-01-00 UIC1551-01-00 UIC2151-05-00 UIC1806-02-00,YCI1901-01-00 BIZ1101-09-00,18.0,월금,1,0,2,,1+2+1+1
660,12.565,MR,YCA1006-01-00,UIC1561-01-00 UIC1551-01-00 UIC2151-12-00 UIC1806-02-00,YCI1901-01-00 BIZ1101-09-00,18.0,월금,1,0,2,,1+2+1+1
661,12.565,MR,YCA1006-02-00,UIC1561-01-00 UIC1501-04-00 UIC2151-14-00 UIC1806-02-00,UCD1101-01-00 BIZ1101-09-00,18.0,월금,1,0,2,,1+2+1+1
662,12.565,MR,YCA1006-01-00,UIC1561-01-00 UIC1551-01-00 UIC2151-07-00 UIC1806-01-00,YCI1901-01-00 BIZ1101-09-00,18.0,월금,1,0,2,,1+2+1+1
663,12.565,MR,YCA1006-02-00,UIC1561-01-00 UIC1551-01-00 UIC2151-12-00 UIC1806-02-00,ECO1002-04-00 YCK1998-03-00,18.0,월금,1,0,1,,2+3+1+1
664,12.565,MR,YCA1006-01-00,UIC1561-01-00 UIC1251-02-00 UIC2151-14-00 UIC1806-01-00,UCD1101-01-00 BIZ1101-09-00,18.0,월금,1,0,2,,1+2+1+1
665,12.565,MR,YCA1006-01-00,UIC1561-01-00 UIC1551-01-00 UIC2151-06-00 UIC1805-01-00,YCK1998-03-00 STA1002-04-00,18.0,월금,1,0,1,,2+1+2+2+1+1
666,12.565,MR,YCA1006-02-00,UIC1561-01-00 UIC1551-01-00 UIC2151-07-00 UIC1805-01-00,YCI1901-01-00 BIZ1101-09-00,18.0,월금,1,0,2,,1+2+1+1
667,12.565,MR,YCA1006-02-00,UIC1561-01-00 UIC1551-04-00 UIC2151-05-00 UIC1805-02-00,YCK1998-03-00 STA1002-04-00,18.0,월금,1,0,1,,2+1+1+1+2+2
668,12.565,MR,YCA1006-02-00,UIC1561-01-00 UIC1551-01-00 UIC2151-06-00 UIC1805-01-00,YCK1998-03-00 STA1002-04-00,18.0,월금,1,0,1,,2+1+2+2+1+1
669,12.565,MR,YCA1006-02-00,UIC1561-01-00 UIC1551-04-00 UIC2151-09-00 UIC1806-01-00,YCK1998-03-00 STA1002-04-00,18.0,월금,1,0,1,,2+1+1+1+2+2
670,12.565,MR,YCA1006-02-00,UIC1561-01-00 UIC1551-04-00 UIC2151-05-00 UIC1805-02-00,UCD1101-01-00 BIZ1101-09-00,18.0,월금,1,0,2,,1+1+1+2
671,12.565,MR,YCA1006-01-00,UIC1561-01-00 UIC1551-01-00 UIC2151-06-00 UIC1806-01-00,YCI1901-01-00 BIZ1101-09-00,18.0,월금,1,0,2,,1+2+1+1
672,12.565,MR,YCA1006-02-00,UIC1561-01-00 UIC1551-01-00 UIC2151-05-00 UIC1806-02-00,YCI1901-01-00 BIZ1101-09-00,18.0,월금,1,0,2,,1+2+1+1
673,12.565,MR,YCA1006-01-00,UIC1561-01-00 UIC1551-01-00 UIC2151-06-00 UIC1806-01-00,YCK1998-03-00 STA1002-04-00,18.0,월금,1,0,1,,2+1+2+2+1+1
674,12.565,MR,YCA1006-02-00,UIC1561-01-00 UIC1551-04-00 UIC2151-08-00 UIC1805-01-00,YCK1998-03-00 STA1002-04-00,18.0,월금,1,0,1,,2+1+1+1+2+2
675,12.565,MR,YCA1006-01-00,UIC1561-01-00 UIC1501-04-00 UIC2151-14-00 UIC1806-02-00,UCD1101-01-00 BIZ1101-09-00,18.0,월금,1,0,2,,1+2+1+1
676,12.565,MR,YCA1006-01-00,UIC1561-01-00 UIC1251-02-00 UIC2151-14-00 UIC1805-01-00,UCD1101-01-00 BIZ1101-09-00,18.0,월금,1,0,2,,1+2+1+1
677,12.565,MR,YCA1006-01-00,UIC1561-01-00 UIC1551-01-00 UIC2151-06-00 UIC1806-01-00,YCK1998-03-00 STA1002-04-00,18.0,월금,1,0,1,,2+1+2+2+1+1
678,12.565,MR,YCA1006-01-00,UIC1561-01-00 UIC1551-01-00 UIC2151-06-00 UIC1805-01-00,YCK1998-03-00 STA1002-04-00,18.0,월금,1,0,1,,2+1+2+2+1+1
679,12.565,MR,YCA1006-02-00,UIC1561-01-00 UIC1551-01-00 UIC2151-07-00 UIC1806-01-00,YCK1998-03-00 STA1002-04-00,18.0,월금,1,0,1,,2+1+2+2+1+1
680,12.565,MR,YCA1006-02-00,UIC1561-01-00 UIC1551-01-00 UIC2151-06-00 UIC1805-01-00,YCI1901-01-00 BIZ1101-09-00,18.0,월금,1,0,2,,1+2+1+1
681,12.565,MR,YCA1006-01-00,UIC1561-01-00 UIC1501-04-00 UIC2151-14-00 UIC1806-02-00,UCD1101-01-00 BIZ1101-09-00,18.0,월금,1,0,2,,1+2+1+1
682,12.565,MR,YCA1006-02-00,UIC1561-01-00 UIC1551-04-00 UIC2151-09-00 UIC1806-01-00,UCD1101-01-00 BIZ1101-09-00,18.0,월금,1,0,2,,1+1+1+2
683,12.565,MR,YCA1006-01-00,UIC1561-01-00 UIC1251-02-00 UIC2151-14-00 UIC1805-01-00,UCD1101-01-00 BIZ1101-09-00,18.0,월금,1,0,2,,1+2+1+1
684,12.565,MR,YCA1006-02-00,UIC1561-01-00 UIC1551-04-00 UIC2151-08-00 UIC1806-01-00,UCD1101-01-00 BIZ1101-09-00,18.0,월금,1,0,2,,1+1+1+2
685,12.565,MR,YCA1006-02-00,UIC1561-01-00 UIC1551-04-00 UIC2151-08-00 UIC1805-01-00,YCK1998-03-00 STA1002-04-00,18.0,월금,1,0,1,,2+1+1+1+2+2
686,12.565,MR,YCA1006-02-00,UIC1561-01-00 UIC1551-01-00 UIC2151-07-00 UIC1806-01-00,YCK1998-03-00 STA1002-04-00,18.0,월금,1,0,1,,2+1+2+2+1+1
687,12.565,MR,YCA1006-02-00,UIC1561-01-00 UIC1551-04-00 UIC2151-09-00 UIC1805-01-00,UCD1101-01-00 BIZ1101-09-00,18.0,월금,1,0,2,,1+1+1+2
688,12.565,MR,YCA1006-02-00,UIC1561-01-00 UIC1551-04-00 UIC2151-08-00 UIC1806-01-00,YCK1998-03-00 STA1002-04-00,18.0,월금,1,0,1,,2+1+1+1+2+2
689,12.565,MR,YCA1006-02-00,UIC1561-01-00 UIC1551-04-00 UIC2151-09-00 UIC1805-01-00,YCK1998-03-00 STA1002-04-00,18.0,월금,1,0,1,,2+1+1+1+2+2
690,12.565,MR,YCA1006-01-00,UIC1561-01-00 UIC1551-01-00 UIC2151-06-00 UIC1805-01-00,YCI1901-01-00 BIZ1101-09-00,18.0,월금,1,0,2,,1+2+1+1
691,12.565,MR,YCA1006-01-00,UIC1561-01-00 UIC1551-01-00 UIC2151-07-00 UIC1806-01-00,YCI1901-01-00 BIZ1101-09-00,18.0,월금,1,0,2,,1+2+1+1
692,12.565,MR,YCA1006-02-00,UIC1561-01-00 UIC1551-04-00 UIC2151-08-00 UIC1805-01-00,UCD1101-01-00 BIZ1101-09-00,18.0,월금,1,0,2,,1+1+1+2
693,12.565,MR,YCA1006-01-00,UIC1561-01-00 UIC1551-01-00 UIC2151-07-00 UIC1805-01-00,YCI1901-01-00 BIZ1101-09-00,18.0,월금,1,0,2,,1+2+1+1
694,12.565,MR,YCA1006-01-00,UIC1561-01-00 UIC1251-02-00 UIC2151-14-00 UIC1806-01-00,UCD1101-01-00 BIZ1101-09-00,18.0,월금,1,0,2,,1+2+1+1
695,12.565,MR,YCA1006-01-00,UIC1561-01-00 UIC1551-01-00 UIC2151-06-00 UIC1806-01-00,YCI1901-01-00 BIZ1101-09-00,18.0,월금,1,0,2,,1+2+1+1
696,12.565,MR,YCA1006-01-00,UIC1561-01-00 UIC1551-01-00 UIC2151-12-00 UIC1806-02-00,YCI1901-01-00 BIZ1101-09-00,18.0,월금,1,0,2,,1+2+1+1
697,12.565,MR,YCA1006-02-00,UIC1561-01-00 UIC1551-04-00 UIC2151-12-00 UIC1805-02-00,ECO1002-04-00 YCK1998-03-00,18.0,월금,1,0,1,,1+1+3+2
698,12.565,MR,YCA1006-02-00,UIC1561-01-00 UIC1551-04-00 UIC2151-09-00 UIC1805-01-00,YCK1998-03-00 STA1002-04-00,18.0,월금,1,0,1,,2+1+1+1+2+2
699,12.565,MR,YCA1006-02-00,UIC1561-01-00 UIC1551-01-00 UIC2151-06-00 UIC1806-01-00,YCI1901-01-00 BIZ1101-09-00,18.0,월금,1,0,2,,1+2+1+1
700,12.565,MR,YCA1006-02-00,UIC1561-01-00 UIC1551-01-00 UIC2151-12-00 UIC1806-02-00,ECO1002-04-00 YCK1998-03-00,18.0,월금,1,0,1,,2+3+1+1
701,12.565,MR,YCA1006-02-00,UIC1561-01-00 UIC1551-01-00 UIC2151-06-00 UIC1806-01-00,YCI1901-01-00 BIZ1101-09-00,18.0,월금,1,0,2,,1+2+1+1
702,12.565,MR,YCA1006-01-00,UIC1561-01-00 UIC1551-01-00 UIC2151-05-00 UIC1806-02-00,YCI1901-01-00 BIZ1101-09-00,18.0,월금,1,0,2,,1+2+1+1
703,12.565,MR,YCA1006-01-00,UIC1561-01-00 UIC1551-01-00 UIC2151-07-00 UIC1806-01-00,YCK1998-03-00 STA1002-04-00,18.0,월금,1,0,1,,2+1+2+2+1+1
704,12.565,MR,YCA1006-02-00,UIC1561-01-00 UIC1551-01-00 UIC2151-07-00 UIC1805-01-00,YCI1901-01-00 BIZ1101-09-00,18.0,월금,1,0,2,,1+2+1+1
705,12.48,MR,YCA1006-01-00,UIC1561-01-00 UIC1551-01-00 UIC2151-12-00 UIC1805-02-00,STA2102-04-00 BIZ1101-09-00,18.0,월금,1,0,1,,2+1+1
706,12.48,MR,YCA1006-01-00,UIC1561-01-00 UIC1551-01-00 UIC2151-12-00 UIC1805-02-00,STA2102-04-00 BIZ1101-09-00,18.0,월금,1,0,1,,2+1+1
707,12.419,MR,YCA1006-02-00,UIC1561-01-00 UIC1251-02-00 UIC2151-14-00 UIC1805-02-00,YCH1202-01-00 YCK1998-03-00,18.0,월금,0,1,2,7,1
708,12.419,MR,YCA1006-02-00,UIC1561-01-00 UIC1401-02-00 UIC2151-14-00 UIC1806-02-00,YCH1202-01-00 YCK1998-03-00,18.0,월금,0,1,2,7,1
709,12.419,MR,YCA1006-02-00,UIC1561-01-00 UIC1251-02-00 UIC2151-14-00 UIC1805-02-00,YCH1202-01-00 YCK1998-03-00,18.0,월금,0,1,2,7,1
710,12.419,MR,YCA1006-02-00,UIC1561-01-00 UIC1401-02-00 UIC2151-14-00 UIC1806-02-00,YCH1202-01-00 YCK1998-03-00,18.0,월금,0,1,2,7,1
711,12.335,Lang,YCA1006-02-00,QRM1001-01-00 UIC1561-01-00 UIC1551-01-00 UIC2151-12-00,YCH1605-01-00 STA2102-05-00,18.0,월금,1,0,1,4,2+2+1
712,12.315,MR,YCA1006-01-00,UIC1561-01-00 UIC1551-01-00 UIC2151-12-00 UIC1805-02-00,UCB1105-02-00 BIZ1101-09-00,18.0,월금,1,0,1,,2+1+2
713,12.315,MR,YCA1006-01-00,UIC1561-01-00 UIC1551-01-00 UIC2151-12-00 UIC1805-02-00,UCB1105-02-00 BIZ1101-09-00,18.0,월금,1,0,1,,2+1+2
714,12.295,Lang,YCA1006-01-00,QRM1001-01-00 UIC1561-01-00 UIC1551-01-00 UIC2151-12-00,YCH1605-01-00 YCI1901-01-00,18.0,월금,1,0,2,,1+2+3+1
715,12.23,MR,YCA1006-02-00,UIC1561-01-00 UIC1551-04-00 UIC2151-12-00 UIC1806-02-00,YCI1998-02-00 STA2102-05-00,18.0,월금,1,0,1,4,2+2
716,12.23,MR,YCA1006-02-00,UIC1561-01-00 UIC1551-04-00 UIC2151-12-00 UIC1806-02-00,YCI1998-02-00 STA2102-05-00,18.0,월금,1,0,1,4,2+2
717,12.174,MR,YCA1006-01-00,UIC1561-01-00 UIC1251-02-00 UIC2151-14-00 UIC1806-01-00,ECO1101-06-00 YCK1998-03-00,18.0,월금,1,0,3,4,1+2+1+1
718,12.174,MR,YCA1006-02-00,UIC1561-01-00 UIC1551-01-00 UIC2151-12-00 UIC1806-02-00,ECO1101-06-00 YCK1998-03-00,18.0,월금,1,0,3,4,2+3+1+1
719,12.174,MR,YCA1006-01-00,UIC1561-01-00 UIC1501-04-00 UIC2151-14-00 UIC1806-02-00,ECO1101-06-00 YCK1998-03-00,18.0,월금,1,0,3,4,1+2+1+1
720,12.174,MR,YCA1006-02-00,UIC1561-01-00 UIC1251-02-00 UIC2151-14-00 UIC1805-01-00,ECO1101-06-00 YCK1998-03-00,18.0,월금,1,0,3,4,1+2+1+1
721,12.174,MR,YCA1006-02-00,UIC1561-01-00 UIC1551-01-00 UIC2151-12-00 UIC1806-02-00,ECO1101-06-00 YCK1998-03-00,18.0,월금,1,0,3,4,2+3+1+1
722,12.174,MR,YCA1006-02-00,UIC1561-01-00 UIC1251-02-00 UIC2151-14-00 UIC1805-01-00,ECO1101-06-00 YCK1998-03-00,18.0,월금,1,0,3,4,1+2+1+1
723,12.174,MR,YCA1006-01-00,UIC1561-01-00 UIC1551-04-00 UIC2151-05-00 UIC1806-02-00,ECO1101-06-00 YCE1253-01-00,18.0,월금,1,0,3,4,1+1+2+1
724,12.174,MR,YCA1006-01-00,UIC1561-01-00 UIC1551-04-00 UIC2151-06-00 UIC1805-01-00,ECO1101-06-00 YCE1253-01-00,18.0,월금,1,0,3,4,1+1+2+1
725,12.174,MR,YCA1006-01-00,UIC1561-01-00 UIC1551-04-00 UIC2151-07-00 UIC1806-01-00,ECO1101-06-00 YCE1253-01-00,18.0,월금,1,0,3,4,1+1+2+1
726,12.174,MR,YCA1006-02-00,UIC1561-01-00 UIC1251-02-00 UIC2151-14-00 UIC1806-01-00,ECO1101-06-00 YCK1998-03-00,18.0,월금,1,0,3,4,1+2+1+1
727,12.174,MR,YCA1006-01-00,UIC1561-01-00 UIC1251-02-00 UIC2151-14-00 UIC1806-01-00,ECO1101-06-00 YCK1998-03-00,18.0,월금,1,0,3,4,1+2+1+1
728,12.174,MR,YCA1006-01-00,UIC1561-01-00 UIC1501-04-00 UIC2151-14-00 UIC1806-02-00,ECO1101-06-00 YCK1998-03-00,18.0,월금,1,0,3,4,1+2+1+1
729,12.174,MR,YCA1006-02-00,UIC1561-01-00 UIC1501-04-00 UIC2151-14-00 UIC1806-02-00,ECO1101-06-00 YCK1998-03-00,18.0,월금,1,0,3,4,1+2+1+1
730,12.174,MR,YCA1006-01-00,UIC1561-01-00 UIC1551-04-00 UIC2151-05-00 UIC1806-02-00,ECO1101-06-00 YCE1253-01-00,18.0,월금,1,0,3,4,1+1+2+1
731,12.174,MR,YCA1006-01-00,UIC1561-01-00 UIC1551-04-00 UIC2151-07-00 UIC1806-01-00,ECO1101-06-00 YCE1253-01-00,18.0,월금,1,0,3,4,1+1+2+1
732,12.174,MR,YCA1006-02-00,UIC1561-01-00 UIC1501-04-00 UIC2151-14-00 UIC1806-02-00,ECO1101-06-00 YCK1998-03-00,18.0,월금,1,0,3,4,1+2+1+1
733,12.174,MR,YCA1006-02-00,UIC1561-01-00 UIC1251-02-00 UIC2151-14-00 UIC1806-01-00,ECO1101-06-00 YCK1998-03-00,18.0,월금,1,0,3,4,1+2+1+1
734,12.174,MR,YCA1006-01-00,UIC1561-01-00 UIC1551-04-00 UIC2151-06-00 UIC1806-01-00,ECO1101-06-00 YCE1253-01-00,18.0,월금,1,0,3,4,1+1+2+1
735,12.174,MR,YCA1006-01-00,UIC1561-01-00 UIC1251-02-00 UIC2151-14-00 UIC1805-01-00,ECO1101-06-00 YCK1998-03-00,18.0,월금,1,0,3,4,1+2+1+1
736,12.174,MR,YCA1006-01-00,UIC1561-01-00 UIC1551-04-00 UIC2151-06-00 UIC1805-01-00,ECO1101-06-00 YCE1253-01-00,18.0,월금,1,0,3,4,1+1+2+1
737,12.174,MR,YCA1006-01-00,UIC1561-01-00 UIC1251-02-00 UIC2151-14-00 UIC1805-01-00,ECO1101-06-00 YCK1998-03-00,18.0,월금,1,0,3,4,1+2+1+1
738,12.174,MR,YCA1006-02-00,UIC1561-01-00 UIC1551-01-00 UIC2151-12-00 UIC1805-02-00,ECO1101-06-00 ECO1002-05-00,18.0,월금,1,0,3,4,1+3+2+1
739,12.174,MR,YCA1006-02-00,UIC1561-01-00 UIC1551-01-00 UIC2151-12-00 UIC1805-02-00,ECO1101-06-00 ECO1002-05-00,18.0,월금,1,0,3,4,1+3+2+1
740,12.174,MR,YCA1006-01-00,UIC1561-01-00 UIC1551-04-00 UIC2151-06-00 UIC1806-01-00,ECO1101-06-00 YCE1253-01-00,18.0,월금,1,0,3,4,1+1+2+1
741,12.174,MR,YCA1006-01-00,UIC1561-01-00 UIC1551-04-00 UIC2151-07-00 UIC1805-01-00,ECO1101-06-00 YCE1253-01-00,18.0,월금,1,0,3,4,1+1+2+1
742,12.174,MR,YCA1006-01-00,UIC1561-01-00 UIC1551-04-00 UIC2151-07-00 UIC1805-01-00,ECO1101-06-00 YCE1253-01-00,18.0,월금,1,0,3,4,1+1+2+1
743,12.115,MR,YCA1006-01-00,UIC1561-01-00 UIC1551-01-00 UIC2151-06-00 UIC1805-02-00,UCB1105-02-00 YCK1998-03-00,18.0,월금,0,0,1,4+6,1
744,12.115,MR,YCA1006-01-00,UIC1561-01-00 UIC1551-04-00 UIC2151-09-00 UIC1806-02-00,YCI1998-02-00 YCK1998-03-00,18.0,월금,0,0,1,6+4,1
745,12.115,MR,YCA1006-01-00,UIC1561-01-00 UIC1551-01-00 UIC2151-08-00 UIC1806-02-00,UCB1105-02-00 YCK1998-03-00,18.0,월금,0,0,1,4+6,1
746,12.115,MR,YCA1006-01-00,UIC1561-01-00 UIC1551-04-00 UIC2151-07-00 UIC1805-02-00,YCI1998-02-00 YCK1998-03-00,18.0,월금,0,0,1,6+4,1
747,12.115,MR,YCA1006-01-00,UIC1561-01-00 UIC1551-04-00 UIC2151-08-00 UIC1806-02-00,YCI1998-02-00 YCK1998-03-00,18.0,월금,0,0,1,6+4,1
748,12.115,MR,YCA1006-01-00,UIC1561-01-00 UIC1551-04-00 UIC2151-06-00 UIC1805-02-00,YCI1998-02-00 YCK1998-03-00,18.0,월금,0,0,1,6+4,1
749,12.115,MR,YCA1006-01-00,UIC1561-01-00 UIC1551-01-00 UIC2151-07-00 UIC1805-02-00,UCB1105-02-00 YCK1998-03-00,18.0,월금,0,0,1,4+6,1
750,12.115,MR,YCA1006-01-00,UIC1561-01-00 UIC1551-04-00 UIC2151-07-00 UIC1805-02-00,YCI1998-02-00 YCK1998-03-00,18.0,월금,0,0,1,6+4,1
751,12.115,MR,YCA1006-01-00,UIC1561-01-00 UIC1401-02-00 UIC2151-14-00 UIC1806-02-00,UCB1105-02-00 YCK1998-03-00,18.0,월금,0,0,1,6+4,1
752,12.115,MR,YCA1006-01-00,UIC1561-01-00 UIC1551-01-00 UIC2151-06-00 UIC1805-02-00,UCB1105-02-00 YCK1998-03-00,18.0,월금,0,0,1,4+6,1
753,12.115,MR,YCA1006-01-00,UIC1561-01-00 UIC1551-01-00 UIC2151-07-00 UIC1805-02-00,UCB1105-02-00 YCK1998-03-00,18.0,월금,0,0,1,4+6,1
754,12.115,MR,YCA1006-01-00,UIC1561-01-00 UIC1551-01-00 UIC2151-09-00 UIC1806-02-00,UCB1105-02-00 YCK1998-03-00,18.0,월금,0,0,1,4+6,1
755,12.115,MR,YCA1006-01-00,UIC1561-01-00 UIC1551-04-00 UIC2151-08-00 UIC1806-02-00,YCI1998-02-00 YCK1998-03-00,18.0,월금,0,0,1,6+4,1
756,12.115,MR,YCA1006-01-00,UIC1561-01-00 UIC1551-04-00 UIC2151-09-00 UIC1806-02-00,YCI1998-02-00 YCK1998-03-00,18.0,월금,0,0,1,6+4,1
757,12.115,MR,YCA1006-01-00,UIC1561-01-00 UIC1551-01-00 UIC2151-09-00 UIC1806-02-00,UCB1105-02-00 YCK1998-03-00,18.0,월금,0,0,1,4+6,1
758,12.115,MR,YCA1006-01-00,UIC1561-01-00 UIC1251-02-00 UIC2151-14-00 UIC1805-02-00,UCB1105-02-00 YCK1998-03-00,18.0,월금,0,0,1,6+4,1
759,12.115,MR,YCA1006-01-00,UIC1561-01-00 UIC1551-01-00 UIC2151-08-00 UIC1806-02-00,UCB1105-02-00 YCK1998-03-00,18.0,월금,0,0,1,4+6,1
760,12.115,MR,YCA1006-01-00,UIC1561-01-00 UIC1401-02-00 UIC2151-14-00 UIC1806-02-00,UCB1105-02-00 YCK1998-03-00,18.0,월금,0,0,1,6+4,1
761,12.115,MR,YCA1006-01-00,UIC1561-01-00 UIC1251-02-00 UIC2151-14-00 UIC1805-02-00,UCB1105-02-00 YCK1998-03-00,18.0,월금,0,0,1,6+4,1
762,12.115,MR,YCA1006-01-00,UIC1561-01-00 UIC1551-04-00 UIC2151-06-00 UIC1805-02-00,YCI1998-02-00 YCK1998-03-00,18.0,월금,0,0,1,6+4,1
763,12.065,MR,YCA1006-02-00,UIC1561-01-00 UIC1551-04-00 UIC2151-12-00 UIC1805-02-00,ECO1002-05-00 YCK1998-03-00,18.0,월금,1,0,1,4,1+1+3
764,12.065,MR,YCA1006-02-00,UIC1561-01-00 UIC1551-04-00 UIC2151-12-00 UIC1805-02-00,ECO1002-05-00 YCK1998-03-00,18.0,월금,1,0,1,4,1+1+3
765,11.94,MR,YCA1006-02-00,UIC1561-01-00 UIC1551-04-00 UIC2151-12-00 UIC1805-02-00,BIZ1101-09-00 SED2104-01-00,18.0,월금,1,0,3,,1+1+1+1+2
766,11.94,MR,YCA1006-01-00,UIC1561-01-00 UIC1551-01-00 UIC2151-08-00 UIC1806-01-00,UCB1105-02-00 STA1002-04-00,18.0,월금,1,0,1,,2+2+2+2
767,11.94,MR,YCA1006-02-00,UIC1561-01-00 UIC1551-04-00 UIC2151-12-00 UIC1805-02-00,BIZ1101-09-00 SED2104-01-00,18.0,월금,1,0,3,,1+1+1+1+2
768,11.94,MR,YCA1006-01-00,UIC1561-01-00 UIC1551-01-00 UIC2151-05-00 UIC1805-02-00,UCB1105-02-00 STA1002-04-00,18.0,월금,1,0,1,,2+2+2+2
769,11.94,MR,YCA1006-01-00,UIC1561-01-00 UIC1551-01-00 UIC2151-09-00 UIC1806-01-00,UCB1105-02-00 STA1002-04-00,18.0,월금,1,0,1,,2+2+2+2
770,11.94,MR,YCA1006-01-00,UIC1561-01-00 UIC1551-01-00 UIC2151-08-00 UIC1805-01-00,UCB1105-02-00 STA1002-04-00,18.0,월금,1,0,1,,2+2+2+2
771,11.94,MR,YCA1006-01-00,UIC1561-01-00 UIC1551-01-00 UIC2151-08-00 UIC1805-01-00,UCB1105-02-00 STA1002-04-00,18.0,월금,1,0,1,,2+2+2+2
772,11.94,MR,YCA1006-01-00,UIC1561-01-00 UIC1551-01-00 UIC2151-09-00 UIC1806-01-00,UCB1105-02-00 STA1002-04-00,18.0,월금,1,0,1,,2+2+2+2
773,11.94,MR,YCA1006-01-00,UIC1561-01-00 UIC1551-01-00 UIC2151-09-00 UIC1805-01-00,UCB1105-02-00 STA1002-04-00,18.0,월금,1,0,1,,2+2+2+2
774,11.94,MR,YCA1006-01-00,UIC1561-01-00 UIC1551-01-00 UIC2151-08-00 UIC1806-01-00,UCB1105-02-00 STA1002-04-00,18.0,월금,1,0,1,,2+2+2+2
775,11.94,MR,YCA1006-01-00,UIC1561-01-00 UIC1551-01-00 UIC2151-05-00 UIC1805-02-00,UCB1105-02-00 STA1002-04-00,18.0,월금,1,0,1,,2+2+2+2
776,11.94,MR,YCA1006-01-00,UIC1561-01-00 UIC1551-01-00 UIC2151-09-00 UIC1805-01-00,UCB1105-02-00 STA1002-04-00,18.0,월금,1,0,1,,2+2+2+2
777,11.89,MR,YCA1006-02-00,UIC1561-01-00 UIC1551-01-00 UIC2151-07-00 UIC1805-02-00,YCG1804-01-00 YCK1998-03-00,18.0,월금,0,1,1,5,1+1
778,11.89,MR,YCA1006-02-00,UIC1561-01-00 UIC1551-01-00 UIC2151-09-00 UIC1806-02-00,YCG1804-01-00 YCK1998-03-00,18.0,월금,0,1,1,5,1+1
779,11.89,MR,YCA1006-02-00,UIC1561-01-00 UIC1551-01-00 UIC2151-06-00 UIC1805-02-00,YCG1804-01-00 YCK1998-03-00,18.0,월금,0,1,1,5,1+1
780,11.89,MR,YCA1006-02-00,UIC1561-01-00 UIC1551-01-00 UIC2151-06-00 UIC1805-02-00,YCG1804-01-00 YCK1998-03-00,18.0,월금,0,1,1,5,1+1
781,11.89,MR,YCA1006-02-00,UIC1561-01-00 UIC1551-01-00 UIC2151-09-00 UIC1806-02-00,YCG1804-01-00 YCK1998-03-00,18.0,월금,0,1,1,5,1+1
782,11.89,MR,YCA1006-02-00,UIC1561-01-00 UIC1551-01-00 UIC2151-08-00 UIC1806-02-00,YCG1804-01-00 YCK1998-03-00,18.0,월금,0,1,1,5,1+1
783,11.89,MR,YCA1006-02-00,UIC1561-01-00 UIC1551-01-00 UIC2151-08-00 UIC1806-02-00,YCG1804-01-00 YCK1998-03-00,18.0,월금,0,1,1,5,1+1
784,11.89,MR,YCA1006-02-00,UIC1561-01-00 UIC1551-01-00 UIC2151-07-00 UIC1805-02-00,YCG1804-01-00 YCK1998-03-00,18.0,월금,0,1,1,5,1+1
785,11.865,MR,YCA1006-01-00,UIC1561-01-00 UIC1251-02-00 UIC2151-14-00 UIC1805-02-00,UCD1101-01-00 CTM1001-02-00,18.0,월금,0,1,2,6,1+1+1
786,11.865,MR,YCA1006-01-00,UIC1561-01-00 UIC1551-01-00 UIC2151-08-00 UIC1806-02-00,YCI1901-01-00 CTM1001-02-00,18.0,월금,0,1,2,6,1+1+1
787,11.865,MR,YCA1006-01-00,UIC1561-01-00 UIC1551-01-00 UIC2151-06-00 UIC1805-02-00,YCI1901-01-00 CTM1001-02-00,18.0,월금,0,1,2,6,1+1+1
788,11.865,MR,YCA1006-01-00,UIC1561-01-00 UIC1551-04-00 UIC2151-08-00 UIC1806-02-00,UCD1101-01-00 CTM1001-02-00,18.0,월금,0,1,2,6,1+1+1
789,11.865,MR,YCA1006-01-00,UIC1561-01-00 UIC1551-04-00 UIC2151-07-00 UIC1805-02-00,UCD1101-01-00 CTM1001-02-00,18.0,월금,0,1,2,6,1+1+1
790,11.865,MR,YCA1006-01-00,UIC1561-01-00 UIC1551-01-00 UIC2151-08-00 UIC1806-02-00,YCI1901-01-00 CTM1001-02-00,18.0,월금,0,1,2,6,1+1+1
791,11.865,MR,YCA1006-01-00,UIC1561-01-00 UIC1251-02-00 UIC2151-14-00 UIC1805-02-00,UCD1101-01-00 CTM1001-02-00,18.0,월금,0,1,2,6,1+1+1
792,11.865,MR,YCA1006-01-00,UIC1561-01-00 UIC1551-04-00 UIC2151-06-00 UIC1805-02-00,UCD1101-01-00 CTM1001-02-00,18.0,월금,0,1,2,6,1+1+1
793,11.865,MR,YCA1006-01-00,UIC1561-01-00 UIC1551-01-00 UIC2151-09-00 UIC1806-02-00,YCI1901-01-00 CTM1001-02-00,18.0,월금,0,1,2,6,1+1+1
794,11.865,MR,YCA1006-01-00,UIC1561-01-00 UIC1551-01-00 UIC2151-06-00 UIC1805-02-00,YCI1901-01-00 CTM1001-02-00,18.0,월금,0,1,2,6,1+1+1
795,11.865,MR,YCA1006-01-00,UIC1561-01-00 UIC1551-04-00 UIC2151-09-00 UIC1806-02-00,UCD1101-01-00 CTM1001-02-00,18.0,월금,0,1,2,6,1+1+1
796,11.865,MR,YCA1006-01-00,UIC1561-01-00 UIC1551-01-00 UIC2151-09-00 UIC1806-02-00,YCI1901-01-00 CTM1001-02-00,18.0,월금,0,1,2,6,1+1+1
797,11.865,MR,YCA1006-01-00,UIC1561-01-00 UIC1551-01-00 UIC2151-07-00 UIC1805-02-00,YCI1901-01-00 CTM1001-02-00,18.0,월금,0,1,2,6,1+1+1
798,11.865,MR,YCA1006-01-00,UIC1561-01-00 UIC1401-02-00 UIC2151-14-00 UIC1806-02-00,UCD1101-01-00 CTM1001-02-00,18.0,월금,0,1,2,6,1+1+1
799,11.865,MR,YCA1006-01-00,UIC1561-01-00 UIC1551-04-00 UIC2151-09-00 UIC1806-02-00,UCD1101-01-00 CTM1001-02-00,18.0,월금,0,1,2,6,1+1+1
800,11.865,MR,YCA1006-01-00,UIC1561-01-00 UIC1551-04-00 UIC2151-07-00 UIC1805-02-00,UCD1101-01-00 CTM1001-02-00,18.0,월금,0,1,2,6,1+1+1
801,11.865,MR,YCA1006-01-00,UIC1561-01-00 UIC1401-02-00 UIC2151-14-00 UIC1806-02-00,UCD1101-01-00 CTM1001-02-00,18.0,월금,0,1,2,6,1+1+1
802,11.865,MR,YCA1006-01-00,UIC1561-01-00 UIC1551-04-00 UIC2151-08-00 UIC1806-02-00,UCD1101-01-00 CTM1001-02-00,18.0,월금,0,1,2,6,1+1+1
803,11.865,MR,YCA1006-01-00,UIC1561-01-00 UIC1551-04-00 UIC2151-06-00 UIC1805-02-00,UCD1101-01-00 CTM1001-02-00,18.0,월금,0,1,2,6,1+1+1
804,11.865,MR,YCA1006-01-00,UIC1561-01-00 UIC1551-01-00 UIC2151-07-00 UIC1805-02-00,YCI1901-01-00 CTM1001-02-00,18.0,월금,0,1,2,6,1+1+1
805,11.805,MR,YCA1006-02-00,UIC1561-01-00 UIC1551-01-00 UIC2151-09-00 UIC1806-02-00,YCK1998-03-00 STA2102-05-00,18.0,월금,0,1,1,4+5,1
806,11.805,MR,YCA1006-02-00,UIC1561-01-00 UIC1551-01-00 UIC2151-08-00 UIC1806-02-00,YCK1998-03-00 STA2102-05-00,18.0,월금,0,1,1,4+5,1
807,11.805,MR,YCA1006-02-00,UIC1561-01-00 UIC1551-01-00 UIC2151-07-00 UIC1805-02-00,YCK1998-03-00 STA2102-05-00,18.0,월금,0,1,1,4+5,1
808,11.805,MR,YCA1006-02-00,UIC1561-01-00 UIC1551-01-00 UIC2151-08-00 UIC1806-02-00,YCK1998-03-00 STA2102-05-00,18.0,월금,0,1,1,4+5,1
809,11.805,MR,YCA1006-02-00,UIC1561-01-00 UIC1551-01-00 UIC2151-06-00 UIC1805-02-00,YCK1998-03-00 STA2102-05-00,18.0,월금,0,1,1,4+5,1
810,11.805,MR,YCA1006-02-00,UIC1561-01-00 UIC1551-01-00 UIC2151-07-00 UIC1805-02-00,YCK1998-03-00 STA2102-05-00,18.0,월금,0,1,1,4+5,1
811,11.805,MR,YCA1006-02-00,UIC1561-01-00 UIC1551-01-00 UIC2151-06-00 UIC1805-02-00,YCK1998-03-00 STA2102-05-00,18.0,월금,0,1,1,4+5,1
812,11.805,MR,YCA1006-02-00,UIC1561-01-00 UIC1551-01-00 UIC2151-09-00 UIC1806-02-00,YCK1998-03-00 STA2102-05-00,18.0,월금,0,1,1,4+5,1
813,11.794,MR,YCA1006-01-00,UIC1561-01-00 UIC1401-02-00 UIC2151-14-00 UIC1806-02-00,YCH1202-01-00 STA1002-04-00,18.0,월금,0,0,2,6,2+1+2+1
814,11.794,MR,YCA1006-01-00,UIC1561-01-00 UIC1401-02-00 UIC2151-14-00 UIC1806-02-00,YCH1202-01-00 STA1002-04-00,18.0,월금,0,0,2,6,2+1+2+1
815,11.794,MR,YCA1006-01-00,UIC1561-01-00 UIC1251-02-00 UIC2151-14-00 UIC1805-02-00,YCH1202-01-00 STA1002-04-00,18.0,월금,0,0,2,6,2+1+2+1
816,11.794,MR,YCA1006-01-00,UIC1561-01-00 UIC1251-02-00 UIC2151-14-00 UIC1805-02-00,YCH1202-01-00 STA1002-04-00,18.0,월금,0,0,2,6,2+1+2+1
817,11.744,MR,YCA1006-01-00,UIC1561-01-00 UIC1251-02-00 UIC2151-12-00 UIC1805-02-00,YCH1202-01-00 YCI1901-01-00,18.0,월금,1,0,2,,1+1+3+1
818,11.744,MR,YCA1006-01-00,UIC1561-01-00 UIC1401-02-00 UIC2151-12-00 UIC1806-02-00,YCH1202-01-00 YCI1901-01-00,18.0,월금,1,0,2,,1+1+3+1
819,11.744,MR,YCA1006-01-00,UIC1561-01-00 UIC1401-02-00 UIC2151-12-00 UIC1806-02-00,YCH1202-01-00 YCI1901-01-00,18.0,월금,1,0,2,,1+1+3+1
820,11.744,MR,YCA1006-01-00,UIC1561-01-00 UIC1251-02-00 UIC2151-12-00 UIC1805-02-00,YCH1202-01-00 YCI1901-01-00,18.0,월금,1,0,2,,1+1+3+1
821,11.605,MR,YCA1006-02-00,UIC1561-01-00 UIC1551-01-00 UIC2151-12-00 UIC1806-02-00,ECO1002-06-00 STA2102-05-00,18.0,월금,1,0,1,4,2+2+1
822,11.605,MR,YCA1006-02-00,UIC1561-01-00 UIC1551-01-00 UIC2151-12-00 UIC1805-02-00,UCB1105-02-00 STA2102-05-00,18.0,월금,1,0,1,4,1+2+2
823,11.605,MR,YCA1006-02-00,UIC1561-01-00 UIC1551-01-00 UIC2151-12-00 UIC1806-02-00,ECO1002-06-00 STA2102-05-00,18.0,월금,1,0,1,4,2+2+1
824,11.605,MR,YCA1006-02-00,UIC1561-01-00 UIC1551-01-00 UIC2151-12-00 UIC1805-02-00,UCB1105-02-00 STA2102-05-00,18.0,월금,1,0,1,4,1+2+2
825,11.605,MR,YCA1006-02-00,UIC1561-01-00 UIC1551-01-00 UIC2151-12-00 UIC1806-02-00,YCK1998-03-00 STA2102-05-00,18.0,월금,1,0,1,4,2+2+1
826,11.605,MR,YCA1006-02-00,UIC1561-01-00 UIC1551-01-00 UIC2151-12-00 UIC1806-02-00,YCK1998-03-00 STA2102-05-00,18.0,월금,1,0,1,4,2+2+1
827,11.565,MR,YCA1006-02-00,UIC1561-01-00 UIC1551-01-00 UIC2151-06-00 UIC1805-01-00,YCI1901-01-00 STA1002-04-00,18.0,월금,1,0,2,,2+1+2+2+1+1
828,11.565,MR,YCA1006-02-00,UIC1561-01-00 UIC1551-04-00 UIC2151-09-00 UIC1805-01-00,YCK1998-03-00 SED2104-01-00,18.0,월금,1,0,3,,1+1+1+2
829,11.565,MR,YCA1006-02-00,UIC1561-01-00 UIC1551-01-00 UIC2151-05-00 UIC1805-02-00,UCB1105-02-00 CTM1001-02-00,18.0,월금,1,1,1,,1+1+1+2
830,11.565,MR,YCA1006-01-00,UIC1561-01-00 UIC1551-04-00 UIC2151-09-00 UIC1805-01-00,YCH1605-01-00 SED2104-01-00,18.0,월금,1,0,3,,1+1+1+2
831,11.565,MR,YCA1006-02-00,UIC1561-01-00 UIC1251-02-00 UIC2151-14-00 UIC1806-01-00,UCD1101-01-00 STA1002-04-00,18.0,월금,1,0,2,,2+1+2+2+1+1
832,11.565,MR,YCA1006-01-00,UIC1561-01-00 UIC1501-04-00 UIC2151-14-00 UIC1806-02-00,UCD1101-01-00 STA1002-04-00,18.0,월금,1,0,2,,2+1+2+2+1+1
833,11.565,MR,YCA1006-01-00,UIC1561-01-00 UIC1551-04-00 UIC2151-09-00 UIC1805-01-00,YCH1605-01-00 CTM1001-02-00,18.0,월금,1,1,1,,1+1+1+2
834,11.565,MR,YCA1006-01-00,UIC1561-01-00 UIC1251-02-00 UIC2151-14-00 UIC1806-01-00,UCD1101-01-00 STA1002-04-00,18.0,월금,1,0,2,,2+1+2+2+1+1
835,11.565,MR,YCA1006-01-00,UIC1561-01-00 UIC1551-01-00 UIC2151-07-00 UIC1806-01-00,YCI1901-01-00 STA1002-04-00,18.0,월금,1,0,2,,2+1+2+2+1+1
836,11.565,MR,YCA1006-01-00,UIC1561-01-00 UIC1551-04-00 UIC2151-09-00 UIC1806-01-00,YCH1605-01-00 CTM1001-02-00,18.0,월금,1,1,1,,1+1+1+2
837,11.565,MR,YCA1006-02-00,UIC1561-01-00 UIC1501-04-00 UIC2151-14-00 UIC1806-02-00,UCD1101-01-00 STA1002-04-00,18.0,월금,1,0,2,,2+1+2+2+1+1
838,11.565,MR,YCA1006-02-00,UIC1561-01-00 UIC1551-04-00 UIC2151-05-00 UIC1806-02-00,YCI1998-02-00 CTM1001-02-00,18.0,월금,1,1,1,,1+2+1+1
839,11.565,MR,YCA1006-02-00,UIC1561-01-00 UIC1551-04-00 UIC2151-12-00 UIC1805-02-00,UCD1101-01-00 ECO1002-04-00,18.0,월금,1,0,2,,1+1+3+2
840,11.565,MR,YCA1006-01-00,UIC1561-01-00 UIC1551-04-00 UIC2151-12-00 UIC1805-02-00,YCH1605-01-00 UCD1101-01-00,18.0,월금,1,0,2,,1+1+3+2
841,11.565,MR,YCA1006-02-00,UIC1561-01-00 UIC1551-04-00 UIC2151-12-00 UIC1805-02-00,YCK1998-03-00 SED2104-01-00,18.0,월금,1,0,3,,1+1+3+2
842,11.565,MR,YCA1006-01-00,UIC1561-01-00 UIC1551-04-00 UIC2151-06-00 UIC1805-01-00,YCI1998-02-00 CTM1001-02-00,18.0,월금,1,1,1,,1+2+1+1
843,11.565,MR,YCA1006-01-00,UIC1561-01-00 UIC1501-04-00 UIC2151-14-00 UIC1806-02-00,YCK1998-03-00 SED2104-01-00,18.0,월금,1,0,3,,1+2+1+1
844,11.565,MR,YCA1006-02-00,UIC1561-01-00 UIC1551-01-00 UIC2151-08-00 UIC1806-01-00,UCB1105-02-00 CTM1001-02-00,18.0,월금,1,1,1,,1+1+1+2
845,11.565,MR,YCA1006-01-00,UIC1561-01-00 UIC1251-02-00 UIC2151-14-00 UIC1805-01-00,UCB1105-02-00 CTM1001-02-00,18.0,월금,1,1,1,,1+2+1+1
846,11.565,MR,YCA1006-02-00,UIC1561-01-00 UIC1501-04-00 UIC2151-14-00 UIC1806-02-00,UCD1101-01-00 STA1002-04-00,18.0,월금,1,0,2,,2+1+2+2+1+1
847,11.565,MR,YCA1006-01-00,UIC1561-01-00 UIC1551-04-00 UIC2151-08-00 UIC1806-01-00,YCH1605-01-00 SED2104-01-00,18.0,월금,1,0,3,,1+1+1+2
848,11.565,MR,YCA1006-02-00,UIC1561-01-00 UIC1251-02-00 UIC2151-14-00 UIC1806-01-00,YCK1998-03-00 SED2104-01-00,18.0,월금,1,0,3,,1+2+1+1
849,11.565,MR,YCA1006-01-00,UIC1561-01-00 UIC1501-04-00 UIC2151-14-00 UIC1806-02-00,YCK1998-03-00 SED2104-01-00,18.0,월금,1,0,3,,1+2+1+1
850,11.565,MR,YCA1006-01-00,UIC1561-01-00 UIC1551-04-00 UIC2151-08-00 UIC1805-01-00,YCH1605-01-00 SED2104-01-00,18.0,월금,1,0,3,,1+1+1+2
851,11.565,MR,YCA1006-01-00,UIC1561-01-00 UIC1551-04-00 UIC2151-08-00 UIC1806-01-00,YCH1605-01-00 SED2104-01-00,18.0,월금,1,0,3,,1+1+1+2
852,11.565,MR,YCA1006-02-00,UIC1561-01-00 UIC1551-04-00 UIC2151-05-00 UIC1805-02-00,UCD1101-01-00 STA1002-04-00,18.0,월금,1,0,2,,2+1+1+1+2+2
853,11.565,MR,YCA1006-02-00,UIC1561-01-00 UIC1251-02-00 UIC2151-14-00 UIC1805-01-00,UCB1105-02-00 CTM1001-02-00,18.0,월금,1,1,1,,1+2+1+1
854,11.565,MR,YCA1006-02-00,UIC1561-01-00 UIC1501-04-00 UIC2151-14-00 UIC1806-02-00,UCB1105-02-00 CTM1001-02-00,18.0,월금,1,1,1,,1+2+1+1
855,11.565,MR,YCA1006-02-00,UIC1561-01-00 UIC1551-04-00 UIC2151-12-00 UIC1805-02-00,YCK1998-03-00 SED2104-01-00,18.0,월금,1,0,3,,1+1+3+2
856,11.565,MR,YCA1006-01-00,UIC1561-01-00 UIC1551-04-00 UIC2151-08-00 UIC1806-01-00,YCH1605-01-00 CTM1001-02-00,18.0,월금,1,1,1,,1+1+1+2
857,11.565,MR,YCA1006-01-00,UIC1561-01-00 UIC1551-01-00 UIC2151-06-00 UIC1805-01-00,YCI1901-01-00 STA1002-04-00,18.0,월금,1,0,2,,2+1+2+2+1+1
858,11.565,MR,YCA1006-02-00,UIC1561-01-00 UIC1551-04-00 UIC2151-09-00 UIC1806-01-00,YCK1998-03-00 SED2104-01-00,18.0,월금,1,0,3,,1+1+1+2
859,11.565,MR,YCA1006-01-00,UIC1561-01-00 UIC1551-04-00 UIC2151-08-00 UIC1805-01-00,YCH1605-01-00 CTM1001-02-00,18.0,월금,1,1,1,,1+1+1+2
860,11.565,MR,YCA1006-01-00,UIC1561-01-00 UIC1551-01-00 UIC2151-12-00 UIC1806-02-00,ECO1002-06-00 YCI1901-01-00,18.0,월금,1,0,2,,1+2+3+1
861,11.565,MR,YCA1006-02-00,UIC1561-01-00 UIC1251-02-00 UIC2151-14-00 UIC1805-01-00,UCB1105-02-00 CTM1001-02-00,18.0,월금,1,1,1,,1+2+1+1
862,11.565,MR,YCA1006-02-00,UIC1561-01-00 UIC1551-01-00 UIC2151-12-00 UIC1806-02-00,ECO1002-04-00 YCI1901-01-00,18.0,월금,1,0,2,,2+3+1+1
863,11.565,MR,YCA1006-01-00,UIC1561-01-00 UIC1551-04-00 UIC2151-05-00 UIC1805-02-00,YCH1605-01-00 CTM1001-02-00,18.0,월금,1,1,1,,1+1+1+2
864,11.565,MR,YCA1006-01-00,UIC1561-01-00 UIC1251-02-00 UIC2151-14-00 UIC1805-01-00,YCK1998-03-00 CTM1001-02-00,18.0,월금,1,1,1,,1+2+1+1
865,11.565,MR,YCA1006-01-00,UIC1561-01-00 UIC1251-02-00 UIC2151-14-00 UIC1806-01-00,YCK1998-03-00 CTM1001-02-00,18.0,월금,1,1,1,,1+2+1+1
866,11.565,MR,YCA1006-01-00,UIC1561-01-00 UIC1551-04-00 UIC2151-09-00 UIC1806-01-00,YCH1605-01-00 SED2104-01-00,18.0,월금,1,0,3,,1+1+1+2
867,11.565,MR,YCA1006-01-00,UIC1561-01-00 UIC1551-01-00 UIC2151-07-00 UIC1805-01-00,YCI1901-01-00 STA1002-04-00,18.0,월금,1,0,2,,2+1+2+2+1+1
868,11.565,MR,YCA1006-01-00,UIC1561-01-00 UIC1551-04-00 UIC2151-08-00 UIC1805-01-00,YCH1605-01-00 CTM1001-02-00,18.0,월금,1,1,1,,1+1+1+2
869,11.565,MR,YCA1006-02-00,UIC1561-01-00 UIC1251-02-00 UIC2151-14-00 UIC1806-01-00,YCK1998-03-00 CTM1001-02-00,18.0,월금,1,1,1,,1+2+1+1
870,11.565,MR,YCA1006-02-00,UIC1561-01-00 UIC1251-02-00 UIC2151-14-00 UIC1805-01-00,UCD1101-01-00 STA1002-04-00,18.0,월금,1,0,2,,2+1+2+2+1+1
871,11.565,MR,YCA1006-02-00,UIC1561-01-00 UIC1251-02-00 UIC2151-14-00 UIC1806-01-00,YCK1998-03-00 SED2104-01-00,18.0,월금,1,0,3,,1+2+1+1
872,11.565,MR,YCA1006-02-00,UIC1561-01-00 UIC1551-04-00 UIC2151-05-00 UIC1805-02-00,YCK1998-03-00 SED2104-01-00,18.0,월금,1,0,3,,1+1+1+2
873,11.565,MR,YCA1006-01-00,UIC1561-01-00 UIC1551-04-00 UIC2151-07-00 UIC1805-01-00,YCI1998-02-00 CTM1001-02-00,18.0,월금,1,1,1,,1+2+1+1
874,11.565,MR,YCA1006-01-00,UIC1561-01-00 UIC1551-04-00 UIC2151-09-00 UIC1805-01-00,YCH1605-01-00 SED2104-01-00,18.0,월금,1,0,3,,1+1+1+2
875,11.565,MR,YCA1006-01-00,UIC1561-01-00 UIC1551-01-00 UIC2151-07-00 UIC1806-01-00,YCI1901-01-00 STA1002-04-00,18.0,월금,1,0,2,,2+1+2+2+1+1
876,11.565,MR,YCA1006-02-00,UIC1561-01-00 UIC1551-01-00 UIC2151-12-00 UIC1806-02-00,ECO1002-04-00 YCI1901-01-00,18.0,월금,1,0,2,,2+3+1+1
877,11.565,MR,YCA1006-01-00,UIC1561-01-00 UIC1551-04-00 UIC2151-05-00 UIC1805-02-00,YCH1605-01-00 SED2104-01-00,18.0,월금,1,0,3,,1+1+1+2
878,11.565,MR,YCA1006-02-00,UIC1561-01-00 UIC1251-02-00 UIC2151-14-00 UIC1805-01-00,YCK1998-03-00 CTM1001-02-00,18.0,월금,1,1,1,,1+2+1+1
879,11.565,MR,YCA1006-01-00,UIC1561-01-00 UIC1551-01-00 UIC2151-12-00 UIC1806-02-00,YCI1901-01-00 YCK1998-03-00,18.0,월금,1,0,2,,1+2+3+1
880,11.565,MR,YCA1006-01-00,UIC1561-01-00 UIC1551-01-00 UIC2151-06-00 UIC1806-01-00,YCI1901-01-00 STA1002-04-00,18.0,월금,1,0,2,,2+1+2+2+1+1
881,11.565,MR,YCA1006-02-00,UIC1561-01-00 UIC1551-04-00 UIC2151-08-00 UIC1805-01-00,UCD1101-01-00 STA1002-04-00,18.0,월금,1,0,2,,2+1+1+1+2+2
882,11.565,MR,YCA1006-01-00,UIC1561-01-00 UIC1501-04-00 UIC2151-14-00 UIC1806-02-00,YCK1998-03-00 CTM1001-02-00,18.0,월금,1,1,1,,1+2+1+1
883,11.565,MR,YCA1006-02-00,UIC1561-01-00 UIC1551-04-00 UIC2151-09-00 UIC1805-01-00,UCD1101-01-00 STA1002-04-00,18.0,월금,1,0,2,,2+1+1+1+2+2
884,11.565,MR,YCA1006-01-00,UIC1561-01-00 UIC1251-02-00 UIC2151-14-00 UIC1805-01-00,UCB1105-02-00 CTM1001-02-00,18.0,월금,1,1,1,,1+2+1+1
885,11.565,MR,YCA1006-02-00,UIC1561-01-00 UIC1251-02-00 UIC2151-14-00 UIC1806-01-00,UCB1105-02-00 CTM1001-02-00,18.0,월금,1,1,1,,1+2+1+1
886,11.565,MR,YCA1006-02-00,UIC1561-01-00 UIC1551-01-00 UIC2151-07-00 UIC1806-01-00,YCI1901-01-00 STA1002-04-00,18.0,월금,1,0,2,,2+1+2+2+1+1
887,11.565,MR,YCA1006-02-00,UIC1561-01-00 UIC1551-04-00 UIC2151-09-00 UIC1805-01-00,YCK1998-03-00 SED2104-01-00,18.0,월금,1,0,3,,1+1+1+2
888,11.565,MR,YCA1006-01-00,UIC1561-01-00 UIC1551-01-00 UIC2151-07-00 UIC1805-01-00,YCI1901-01-00 STA1002-04-00,18.0,월금,1,0,2,,2+1+2+2+1+1
889,11.565,MR,YCA1006-02-00,UIC1561-01-00 UIC1551-04-00 UIC2151-09-00 UIC1806-01-00,UCD1101-01-00 STA1002-04-00,18.0,월금,1,0,2,,2+1+1+1+2+2
890,11.565,MR,YCA1006-02-00,UIC1561-01-00 UIC1501-04-00 UIC2151-14-00 UIC1806-02-00,YCK1998-03-00 CTM1001-02-00,18.0,월금,1,1,1,,1+2+1+1
891,11.565,MR,YCA1006-01-00,UIC1561-01-00 UIC1551-04-00 UIC2151-09-00 UIC1806-01-00,YCH1605-01-00 SED2104-01-00,18.0,월금,1,0,3,,1+1+1+2
892,11.565,MR,YCA1006-01-00,UIC1561-01-00 UIC1251-02-00 UIC2151-14-00 UIC1805-01-00,UCD1101-01-00 STA1002-04-00,18.0,월금,1,0,2,,2+1+2+2+1+1
893,11.565,MR,YCA1006-02-00,UIC1561-01-00 UIC1251-02-00 UIC2151-14-00 UIC1805-01-00,YCK1998-03-00 SED2104-01-00,18.0,월금,1,0,3,,1+2+1+1
894,11.565,MR,YCA1006-01-00,UIC1561-01-00 UIC1551-01-00 UIC2151-05-00 UIC1806-02-00,YCI1901-01-00 STA1002-04-00,18.0,월금,1,0,2,,2+1+2+2+1+1
895,11.565,MR,YCA1006-01-00,UIC1561-01-00 UIC1251-02-00 UIC2151-14-00 UIC1805-01-00,YCK1998-03-00 SED2104-01-00,18.0,월금,1,0,3,,1+2+1+1
896,11.565,MR,YCA1006-02-00,UIC1561-01-00 UIC1551-01-00 UIC2151-08-00 UIC1805-01-00,UCB1105-02-00 CTM1001-02-00,18.0,월금,1,1,1,,1+1+1+2
897,11.565,MR,YCA1006-02-00,UIC1561-01-00 UIC1551-04-00 UIC2151-06-00 UIC1805-01-00,YCI1998-02-00 CTM1001-02-00,18.0,월금,1,1,1,,1+2+1+1
898,11.565,MR,YCA1006-02-00,UIC1561-01-00 UIC1551-04-00 UIC2151-08-00 UIC1805-01-00,YCK1998-03-00 SED2104-01-00,18.0,월금,1,0,3,,1+1+1+2
899,11.565,MR,YCA1006-02-00,UIC1561-01-00 UIC1551-01-00 UIC2151-07-00 UIC1806-01-00,YCI1901-01-00 STA1002-04-00,18.0,월금,1,0,2,,2+1+2+2+1+1
900,11.565,MR,YCA1006-02-00,UIC1561-01-00 UIC1551-04-00 UIC2151-09-00 UIC1805-01-00,UCD1101-01-00 STA1002-04-00,18.0,월금,1,0,2,,2+1+1+1+2+2
901,11.565,MR,YCA1006-02-00,UIC1561-01-00 UIC1551-01-00 UIC2151-07-00 UIC1805-01-00,YCI1901-01-00 STA1002-04-00,18.0,월금,1,0,2,,2+1+2+2+1+1
902,11.565,MR,YCA1006-01-00,UIC1561-01-00 UIC1551-01-00 UIC2151-06-00 UIC1805-01-00,YCI1901-01-00 STA1002-04-00,18.0,월금,1,0,2,,2+1+2+2+1+1
903,11.565,MR,YCA1006-02-00,UIC1561-01-00 UIC1501-04-00 UIC2151-14-00 UIC1806-02-00,UCB1105-02-00 CTM1001-02-00,18.0,월금,1,1,1,,1+2+1+1
904,11.565,MR,YCA1006-02-00,UIC1561-01-00 UIC1501-04-00 UIC2151-14-00 UIC1806-02-00,YCK1998-03-00 CTM1001-02-00,18.0,월금,1,1,1,,1+2+1+1
905,11.565,MR,YCA1006-02-00,UIC1561-01-00 UIC1551-04-00 UIC2151-07-00 UIC1806-01-00,YCI1998-02-00 CTM1001-02-00,18.0,월금,1,1,1,,1+2+1+1
906,11.565,MR,YCA1006-02-00,UIC1561-01-00 UIC1551-04-00 UIC2151-08-00 UIC1806-01-00,YCK1998-03-00 SED2104-01-00,18.0,월금,1,0,3,,1+1+1+2
907,11.565,MR,YCA1006-02-00,UIC1561-01-00 UIC1551-01-00 UIC2151-06-00 UIC1806-01-00,YCI1901-01-00 STA1002-04-00,18.0,월금,1,0,2,,2+1+2+2+1+1
908,11.565,MR,YCA1006-02-00,UIC1561-01-00 UIC1501-04-00 UIC2151-14-00 UIC1806-02-00,YCK1998-03-00 SED2104-01-00,18.0,월금,1,0,3,,1+2+1+1
909,11.565,MR,YCA1006-01-00,UIC1561-01-00 UIC1501-04-00 UIC2151-14-00 UIC1806-02-00,UCD1101-01-00 STA1002-04-00,18.0,월금,1,0,2,,2+1+2+2+1+1
910,11.565,MR,YCA1006-01-00,UIC1561-01-00 UIC1551-04-00 UIC2151-09-00 UIC1806-01-00,YCH1605-01-00 CTM1001-02-00,18.0,월금,1,1,1,,1+1+1+2
911,11.565,MR,YCA1006-01-00,UIC1561-01-00 UIC1551-04-00 UIC2151-12-00 UIC1805-02-00,YCH1605-01-00 UCD1101-01-00,18.0,월금,1,0,2,,1+1+3+2
912,11.565,MR,YCA1006-01-00,UIC1561-01-00 UIC1551-04-00 UIC2151-05-00 UIC1805-02-00,YCH1605-01-00 SED2104-01-00,18.0,월금,1,0,3,,1+1+1+2
913,11.565,MR,YCA1006-02-00,UIC1561-01-00 UIC1551-04-00 UIC2151-08-00 UIC1806-01-00,UCD1101-01-00 STA1002-04-00,18.0,월금,1,0,2,,2+1+1+1+2+2
914,11.565,MR,YCA1006-02-00,UIC1561-01-00 UIC1251-02-00 UIC2151-14-00 UIC1806-01-00,UCB1105-02-00 CTM1001-02-00,18.0,월금,1,1,1,,1+2+1+1
915,11.565,MR,YCA1006-01-00,UIC1561-01-00 UIC1551-04-00 UIC2151-08-00 UIC1806-01-00,YCH1605-01-00 CTM1001-02-00,18.0,월금,1,1,1,,1+1+1+2
916,11.565,MR,YCA1006-01-00,UIC1561-01-00 UIC1251-02-00 UIC2151-14-00 UIC1806-01-00,YCK1998-03-00 CTM1001-02-00,18.0,월금,1,1,1,,1+2+1+1
917,11.565,MR,YCA1006-01-00,UIC1561-01-00 UIC1251-02-00 UIC2151-14-00 UIC1806-01-00,YCK1998-03-00 SED2104-01-00,18.0,월금,1,0,3,,1+2+1+1
918,11.565,MR,YCA1006-01-00,UIC1561-01-00 UIC1251-02-00 UIC2151-14-00 UIC1805-01-00,UCD1101-01-00 STA1002-04-00,18.0,월금,1,0,2,,2+1+2+2+1+1
919,11.565,MR,YCA1006-02-00,UIC1561-01-00 UIC1551-04-00 UIC2151-07-00 UIC1805-01-00,YCI1998-02-00 CTM1001-02-00,18.0,월금,1,1,1,,1+2+1+1
920,11.565,MR,YCA1006-02-00,UIC1561-01-00 UIC1551-01-00 UIC2151-06-00 UIC1806-01-00,YCI1901-01-00 STA1002-04-00,18.0,월금,1,0,2,,2+1+2+2+1+1
921,11.565,MR,YCA1006-02-00,UIC1561-01-00 UIC1551-01-00 UIC2151-05-00 UIC1806-02-00,YCI1901-01-00 STA1002-04-00,18.0,월금,1,0,2,,2+1+2+2+1+1
922,11.565,MR,YCA1006-02-00,UIC1561-01-00 UIC1551-04-00 UIC2151-07-00 UIC1806-01-00,YCI1998-02-00 CTM1001-02-00,18.0,월금,1,1,1,,1+2+1+1
923,11.565,MR,YCA1006-01-00,UIC1561-01-00 UIC1251-02-00 UIC2151-14-00 UIC1805-01-00,YCK1998-03-00 CTM1001-02-00,18.0,월금,1,1,1,,1+2+1+1
924,11.565,MR,YCA1006-01-00,UIC1561-01-00 UIC1251-02-00 UIC2151-14-00 UIC1806-01-00,UCD1101-01-00 STA1002-04-00,18.0,월금,1,0,2,,2+1+2+2+1+1
925,11.565,MR,YCA1006-01-00,UIC1561-01-00 UIC1551-04-00 UIC2151-07-00 UIC1806-01-00,YCI1998-02-00 CTM1001-02-00,18.0,월금,1,1,1,,1+2+1+1
926,11.565,MR,YCA1006-02-00,UIC1561-01-00 UIC1251-02-00 UIC2151-14-00 UIC1806-01-00,UCD1101-01-00 STA1002-04-00,18.0,월금,1,0,2,,2+1+2+2+1+1
927,11.565,MR,YCA1006-01-00,UIC1561-01-00 UIC1551-04-00 UIC2151-07-00 UIC1806-01-00,YCI1998-02-00 CTM1001-02-00,18.0,월금,1,1,1,,1+2+1+1
928,11.565,MR,YCA1006-01-00,UIC1561-01-00 UIC1251-02-00 UIC2151-14-00 UIC1806-01-00,YCK1998-03-00 SED2104-01-00,18.0,월금,1,0,3,,1+2+1+1
929,11.565,MR,YCA1006-01-00,UIC1561-01-00 UIC1251-02-00 UIC2151-14-00 UIC1805-01-00,YCK1998-03-00 SED2104-01-00,18.0,월금,1,0,3,,1+2+1+1
930,11.565,MR,YCA1006-02-00,UIC1561-01-00 UIC1551-01-00 UIC2151-09-00 UIC1805-01-00,UCB1105-02-00 CTM1001-02-00,18.0,월금,1,1,1,,1+1+1+2
931,11.565,MR,YCA1006-01-00,UIC1561-01-00 UIC1501-04-00 UIC2151-14-00 UIC1806-02-00,YCK1998-03-00 CTM1001-02-00,18.0,월금,1,1,1,,1+2+1+1
932,11.565,MR,YCA1006-02-00,UIC1561-01-00 UIC1251-02-00 UIC2151-14-00 UIC1806-01-00,YCK1998-03-00 CTM1001-02-00,18.0,월금,1,1,1,,1+2+1+1
933,11.565,MR,YCA1006-02-00,UIC1561-01-00 UIC1551-04-00 UIC2151-06-00 UIC1805-01-00,YCI1998-02-00 CTM1001-02-00,18.0,월금,1,1,1,,1+2+1+1
934,11.565,MR,YCA1006-02-00,UIC1561-01-00 UIC1551-04-00 UIC2151-08-00 UIC1806-01-00,YCK1998-03-00 SED2104-01-00,18.0,월금,1,0,3,,1+1+1+2
935,11.565,MR,YCA1006-02-00,UIC1561-01-00 UIC1501-04-00 UIC2151-14-00 UIC1806-02-00,YCK1998-03-00 SED2104-01-00,18.0,월금,1,0,3,,1+2+1+1
936,11.565,MR,YCA1006-02-00,UIC1561-01-00 UIC1551-04-00 UIC2151-08-00 UIC1805-01-00,YCK1998-03-00 SED2104-01-00,18.0,월금,1,0,3,,1+1+1+2
937,11.565,MR,YCA1006-01-00,UIC1561-01-00 UIC1551-04-00 UIC2151-05-00 UIC1806-02-00,YCI1998-02-00 CTM1001-02-00,18.0,월금,1,1,1,,1+2+1+1
938,11.565,MR,YCA1006-02-00,UIC1561-01-00 UIC1551-04-00 UIC2151-05-00 UIC1806-02-00,YCI1998-02-00 CTM1001-02-00,18.0,월금,1,1,1,,1+2+1+1
939,11.565,MR,YCA1006-02-00,UIC1561-01-00 UIC1551-04-00 UIC2151-06-00 UIC1806-01-00,YCI1998-02-00 CTM1001-02-00,18.0,월금,1,1,1,,1+2+1+1
940,11.565,MR,YCA1006-02-00,UIC1561-01-00 UIC1551-04-00 UIC2151-12-00 UIC1805-02-00,UCD1101-01-00 ECO1002-04-00,18.0,월금,1,0,2,,1+1+3+2
941,11.565,MR,YCA1006-01-00,UIC1561-01-00 UIC1551-01-00 UIC2151-12-00 UIC1806-02-00,ECO1002-06-00 YCI1901-01-00,18.0,월금,1,0,2,,1+2+3+1
942,11.565,MR,YCA1006-01-00,UIC1561-01-00 UIC1551-04-00 UIC2151-06-00 UIC1806-01-00,YCI1998-02-00 CTM1001-02-00,18.0,월금,1,1,1,,1+2+1+1
943,11.565,MR,YCA1006-02-00,UIC1561-01-00 UIC1551-01-00 UIC2151-08-00 UIC1806-01-00,UCB1105-02-00 CTM1001-02-00,18.0,월금,1,1,1,,1+1+1+2
944,11.565,MR,YCA1006-01-00,UIC1561-01-00 UIC1551-04-00 UIC2151-08-00 UIC1805-01-00,YCH1605-01-00 SED2104-01-00,18.0,월금,1,0,3,,1+1+1+2
945,11.565,MR,YCA1006-02-00,UIC1561-01-00 UIC1551-01-00 UIC2151-05-00 UIC1805-02-00,UCB1105-02-00 CTM1001-02-00,18.0,월금,1,1,1,,1+1+1+2
946,11.565,MR,YCA1006-02-00,UIC1561-01-00 UIC1551-01-00 UIC2151-09-00 UIC1806-01-00,UCB1105-02-00 CTM1001-02-00,18.0,월금,1,1,1,,1+1+1+2
947,11.565,MR,YCA1006-01-00,UIC1561-01-00 UIC1501-04-00 UIC2151-14-00 UIC1806-02-00,UCB1105-02-00 CTM1001-02-00,18.0,월금,1,1,1,,1+2+1+1
948,11.565,MR,YCA1006-02-00,UIC1561-01-00 UIC1551-01-00 UIC2151-08-00 UIC1805-01-00,UCB1105-02-00 CTM1001-02-00,18.0,월금,1,1,1,,1+1+1+2
949,11.565,MR,YCA1006-02-00,UIC1561-01-00 UIC1551-04-00 UIC2151-09-00 UIC1806-01-00,YCK1998-03-00 SED2104-01-00,18.0,월금,1,0,3,,1+1+1+2
950,11.565,MR,YCA1006-02-00,UIC1561-01-00 UIC1551-04-00 UIC2151-05-00 UIC1805-02-00,YCK1998-03-00 SED2104-01-00,18.0,월금,1,0,3,,1+1+1+2
951,11.565,MR,YCA1006-01-00,UIC1561-01-00 UIC1551-01-00 UIC2151-12-00 UIC1806-02-00,YCI1901-01-00 YCK1998-03-00,18.0,월금,1,0,2,,1+2+3+1
952,11.565,MR,YCA1006-01-00,UIC1561-01-00 UIC1551-01-00 UIC2151-05-00 UIC1806-02-00,YCI1901-01-00 STA1002-04-00,18.0,월금,1,0,2,,2+1+2+2+1+1
953,11.565,MR,YCA1006-02-00,UIC1561-01-00 UIC1251-02-00 UIC2151-14-00 UIC1805-01-00,YCK1998-03-00 CTM1001-02-00,18.0,월금,1,1,1,,1+2+1+1
954,11.565,MR,YCA1006-02-00,UIC1561-01-00 UIC1551-04-00 UIC2151-08-00 UIC1806-01-00,UCD1101-01-00 STA1002-04-00,18.0,월금,1,0,2,,2+1+1+1+2+2
955,11.565,MR,YCA1006-01-00,UIC1561-01-00 UIC1551-04-00 UIC2151-05-00 UIC1805-02-00,YCH1605-01-00 CTM1001-02-00,18.0,월금,1,1,1,,1+1+1+2
956,11.565,MR,YCA1006-01-00,UIC1561-01-00 UIC1251-02-00 UIC2151-14-00 UIC1806-01-00,UCB1105-02-00 CTM1001-02-00,18.0,월금,1,1,1,,1+2+1+1
957,11.565,MR,YCA1006-02-00,UIC1561-01-00 UIC1551-01-00 UIC2151-05-00 UIC1806-02-00,YCI1901-01-00 STA1002-04-00,18.0,월금,1,0,2,,2+1+2+2+1+1
958,11.565,MR,YCA1006-02-00,UIC1561-01-00 UIC1551-04-00 UIC2151-07-00 UIC1805-01-00,YCI1998-02-00 CTM1001-02-00,18.0,월금,1,1,1,,1+2+1+1
959,11.565,MR,YCA1006-02-00,UIC1561-01-00 UIC1251-02-00 UIC2151-14-00 UIC1805-01-00,UCD1101-01-00 STA1002-04-00,18.0,월금,1,0,2,,2+1+2+2+1+1
960,11.565,MR,YCA1006-02-00,UIC1561-01-00 UIC1551-01-00 UIC2151-09-00 UIC1806-01-00,UCB1105-02-00 CTM1001-02-00,18.0,월금,1,1,1,,1+1+1+2
961,11.565,MR,YCA1006-02-00,UIC1561-01-00 UIC1551-01-00 UIC2151-09-00 UIC1805-01-00,UCB1105-02-00 CTM1001-02-00,18.0,월금,1,1,1,,1+1+1+2
962,11.565,MR,YCA1006-01-00,UIC1561-01-00 UIC1551-01-00 UIC2151-06-00 UIC1806-01-00,YCI1901-01-00 STA1002-04-00,18.0,월금,1,0,2,,2+1+2+2+1+1
963,11.565,MR,YCA1006-01-00,UIC1561-01-00 UIC1551-04-00 UIC2151-09-00 UIC1805-01-00,YCH1605-01-00 CTM1001-02-00,18.0,월금,1,1,1,,1+1+1+2
964,11.565,MR,YCA1006-02-00,UIC1561-01-00 UIC1551-04-00 UIC2151-09-00 UIC1806-01-00,UCD1101-01-00 STA1002-04-00,18.0,월금,1,0,2,,2+1+1+1+2+2
965,11.565,MR,YCA1006-01-00,UIC1561-01-00 UIC1551-04-00 UIC2151-06-00 UIC1806-01-00,YCI1998-02-00 CTM1001-02-00,18.0,월금,1,1,1,,1+2+1+1
966,11.565,MR,YCA1006-01-00,UIC1561-01-00 UIC1551-04-00 UIC2151-07-00 UIC1805-01-00,YCI1998-02-00 CTM1001-02-00,18.0,월금,1,1,1,,1+2+1+1
967,11.565,MR,YCA1006-01-00,UIC1561-01-00 UIC1551-04-00 UIC2151-05-00 UIC1806-02-00,YCI1998-02-00 CTM1001-02-00,18.0,월금,1,1,1,,1+2+1+1
968,11.565,MR,YCA1006-02-00,UIC1561-01-00 UIC1551-04-00 UIC2151-08-00 UIC1805-01-00,UCD1101-01-00 STA1002-04-00,18.0,월금,1,0,2,,2+1+1+1+2+2
969,11.565,MR,YCA1006-02-00,UIC1561-01-00 UIC1551-04-00 UIC2151-05-00 UIC1805-02-00,UCD1101-01-00 STA1002-04-00,18.0,월금,1,0,2,,2+1+1+1+2+2
970,11.565,MR,YCA1006-02-00,UIC1561-01-00 UIC1551-01-00 UIC2151-07-00 UIC1805-01-00,YCI1901-01-00 STA1002-04-00,18.0,월금,1,0,2,,2+1+2+2+1+1
971,11.565,MR,YCA1006-01-00,UIC1561-01-00 UIC1251-02-00 UIC2151-14-00 UIC1806-01-00,UCB1105-02-00 CTM1001-02-00,18.0,월금,1,1,1,,1+2+1+1
972,11.565,MR,YCA1006-02-00,UIC1561-01-00 UIC1251-02-00 UIC2151-14-00 UIC1805-01-00,YCK1998-03-00 SED2104-01-00,18.0,월금,1,0,3,,1+2+1+1
973,11.565,MR,YCA1006-02-00,UIC1561-01-00 UIC1551-01-00 UIC2151-06-00 UIC1805-01-00,YCI1901-01-00 STA1002-04-00,18.0,월금,1,0,2,,2+1+2+2+1+1
974,11.565,MR,YCA1006-01-00,UIC1561-01-00 UIC1501-04-00 UIC2151-14-00 UIC1806-02-00,UCB1105-02-00 CTM1001-02-00,18.0,월금,1,1,1,,1+2+1+1
975,11.565,MR,YCA1006-01-00,UIC1561-01-00 UIC1551-04-00 UIC2151-06-00 UIC1805-01-00,YCI1998-02-00 CTM1001-02-00,18.0,월금,1,1,1,,1+2+1+1
976,11.565,MR,YCA1006-02-00,UIC1561-01-00 UIC1551-04-00 UIC2151-06-00 UIC1806-01-00,YCI1998-02-00 CTM1001-02-00,18.0,월금,1,1,1,,1+2+1+1
977,11.549,MR,YCA1006-02-00,UIC1561-01-00 UIC1551-01-00 UIC2151-06-00 UIC1806-01-00,ECO1101-06-00 YCK1998-03-00,18.0,월금,1,0,3,4,1+2+1+1+1
978,11.549,MR,YCA1006-02-00,UIC1561-01-00 UIC1551-01-00 UIC2151-06-00 UIC1805-01-00,ECO1101-06-00 YCK1998-03-00,18.0,월금,1,0,3,4,1+2+1+1+1
979,11.549,MR,YCA1006-01-00,UIC1561-01-00 UIC1551-01-00 UIC2151-06-00 UIC1806-01-00,ECO1101-06-00 YCK1998-03-00,18.0,월금,1,0,3,4,1+2+1+1+1
980,11.549,MR,YCA1006-02-00,UIC1561-01-00 UIC1551-04-00 UIC2151-08-00 UIC1805-01-00,ECO1101-06-00 YCK1998-03-00,18.0,월금,1,0,3,4,1+1+1+1+2
981,11.549,MR,YCA1006-02-00,UIC1561-01-00 UIC1551-04-00 UIC2151-05-00 UIC1805-02-00,ECO1101-06-00 YCK1998-03-00,18.0,월금,1,0,3,4,1+1+1+1+2
982,11.549,MR,YCA1006-02-00,UIC1561-01-00 UIC1551-04-00 UIC2151-09-00 UIC1806-01-00,ECO1101-06-00 YCK1998-03-00,18.0,월금,1,0,3,4,1+1+1+1+2
983,11.549,MR,YCA1006-02-00,UIC1561-01-00 UIC1551-01-00 UIC2151-07-00 UIC1805-01-00,ECO1101-06-00 YCK1998-03-00,18.0,월금,1,0,3,4,1+2+1+1+1
984,11.549,MR,YCA1006-02-00,UIC1561-01-00 UIC1551-01-00 UIC2151-06-00 UIC1806-01-00,ECO1101-06-00 YCK1998-03-00,18.0,월금,1,0,3,4,1+2+1+1+1
985,11.549,MR,YCA1006-02-00,UIC1561-01-00 UIC1551-04-00 UIC2151-12-00 UIC1805-02-00,ECO1101-06-00 YCK1998-03-00,18.0,월금,1,0,3,4,1+1+3+1+2
986,11.549,MR,YCA1006-02-00,UIC1561-01-00 UIC1551-01-00 UIC2151-05-00 UIC1806-02-00,ECO1101-06-00 YCK1998-03-00,18.0,월금,1,0,3,4,1+2+1+1+1
987,11.549,MR,YCA1006-01-00,UIC1561-01-00 UIC1551-01-00 UIC2151-07-00 UIC1806-01-00,ECO1101-06-00 YCK1998-03-00,18.0,월금,1,0,3,4,1+2+1+1+1
988,11.549,MR,YCA1006-02-00,UIC1561-01-00 UIC1551-01-00 UIC2151-06-00 UIC1805-01-00,ECO1101-06-00 YCK1998-03-00,18.0,월금,1,0,3,4,1+2+1+1+1
989,11.549,MR,YCA1006-01-00,UIC1561-01-00 UIC1551-01-00 UIC2151-07-00 UIC1806-01-00,ECO1101-06-00 YCK1998-03-00,18.0,월금,1,0,3,4,1+2+1+1+1
990,11.549,MR,YCA1006-02-00,UIC1561-01-00 UIC1551-04-00 UIC2151-08-00 UIC1806-01-00,ECO1101-06-00 YCK1998-03-00,18.0,월금,1,0,3,4,1+1+1+1+2
991,11.549,MR,YCA1006-02-00,UIC1561-01-00 UIC1551-04-00 UIC2151-05-00 UIC1805-02-00,ECO1101-06-00 YCK1998-03-00,18.0,월금,1,0,3,4,1+1+1+1+2
992,11.549,MR,YCA1006-02-00,UIC1561-01-00 UIC1551-04-00 UIC2151-09-00 UIC1805-01-00,ECO1101-06-00 YCK1998-03-00,18.0,월금,1,0,3,4,1+1+1+1+2
993,11.549,MR,YCA1006-02-00,UIC1561-01-00 UIC1551-04-00 UIC2151-09-00 UIC1805-01-00,ECO1101-06-00 YCK1998-03-00,18.0,월금,1,0,3,4,1+1+1+1+2
994,11.549,MR,YCA1006-01-00,UIC1561-01-00 UIC1551-01-00 UIC2151-05-00 UIC1806-02-00,ECO1101-06-00 YCK1998-03-00,18.0,월금,1,0,3,4,1+2+1+1+1
995,11.549,MR,YCA1006-02-00,UIC1561-01-00 UIC1551-04-00 UIC2151-09-00 UIC1806-01-00,ECO1101-06-00 YCK1998-03-00,18.0,월금,1,0,3,4,1+1+1+1+2
996,11.549,MR,YCA1006-02-00,UIC1561-01-00 UIC1551-01-00 UIC2151-05-00 UIC1806-02-00,ECO1101-06-00 YCK1998-03-00,18.0,월금,1,0,3,4,1+2+1+1+1
997,11.549,MR,YCA1006-02-00,UIC1561-01-00 UIC1551-01-00 UIC2151-07-00 UIC1806-01-00,ECO1101-06-00 YCK1998-03-00,18.0,월금,1,0,3,4,1+2+1+1+1
998,11.549,MR,YCA1006-02-00,UIC1561-01-00 UIC1551-04-00 UIC2151-08-00 UIC1806-01-00,ECO1101-06-00 YCK1998-03-00,18.0,월금,1,0,3,4,1+1+1+1+2
999,11.549,MR,YCA1006-02-00,UIC1561-01-00 UIC1551-04-00 UIC2151-12-00 UIC1805-02-00,ECO1101-06-00 YCK1998-03-00,18.0,월금,1,0,3,4,1+1+3+1+2
1000,11.549,MR,YCA1006-01-00,UIC1561-01-00 UIC1551-01-00 UIC2151-07-00 UIC1805-01-00,ECO1101-06-00 YCK1998-03-00,18.0,월금,1,0,3,4,1+2+1+1+1
1001,11.549,MR,YCA1006-01-00,UIC1561-01-00 UIC1551-01-00 UIC2151-06-00 UIC1805-01-00,ECO1101-06-00 YCK1998-03-00,18.0,월금,1,0,3,4,1+2+1+1+1
1002,11.549,MR,YCA1006-01-00,UIC1561-01-00 UIC1551-01-00 UIC2151-06-00 UIC1805-01-00,ECO1101-06-00 YCK1998-03-00,18.0,월금,1,0,3,4,1+2+1+1+1
1003,11.549,MR,YCA1006-01-00,UIC1561-01-00 UIC1551-01-00 UIC2151-05-00 UIC1806-02-00,ECO1101-06-00 YCK1998-03-00,18.0,월금,1,0,3,4,1+2+1+1+1
1004,11.549,MR,YCA1006-02-00,UIC1561-01-00 UIC1551-01-00 UIC2151-07-00 UIC1805-01-00,ECO1101-06-00 YCK1998-03-00,18.0,월금,1,0,3,4,1+2+1+1+1
1005,11.549,MR,YCA1006-01-00,UIC1561-01-00 UIC1551-01-00 UIC2151-06-00 UIC1806-01-00,ECO1101-06-00 YCK1998-03-00,18.0,월금,1,0,3,4,1+2+1+1+1
1006,11.549,MR,YCA1006-01-00,UIC1561-01-00 UIC1551-01-00 UIC2151-07-00 UIC1805-01-00,ECO1101-06-00 YCK1998-03-00,18.0,월금,1,0,3,4,1+2+1+1+1
1007,11.549,MR,YCA1006-02-00,UIC1561-01-00 UIC1551-04-00 UIC2151-08-00 UIC1805-01-00,ECO1101-06-00 YCK1998-03-00,18.0,월금,1,0,3,4,1+1+1+1+2
1008,11.549,MR,YCA1006-02-00,UIC1561-01-00 UIC1551-01-00 UIC2151-07-00 UIC1806-01-00,ECO1101-06-00 YCK1998-03-00,18.0,월금,1,0,3,4,1+2+1+1+1
1009,11.545,Lang,YCA1006-02-00,QRM1001-01-00 UIC1561-01-00 UIC1551-01-00 UIC2151-12-00,YCH1605-01-00 STA1002-04-00,18.0,월금,1,0,1,4,2+2+2+1
1010,11.545,Lang,YCA1006-02-00,QRM1001-01-00 UIC1561-01-00 UIC1551-04-00 UIC2151-12-00,YCH1605-01-00 YCI1998-02-00,18.0,월금,1,0,1,4,2+3
1011,11.48,MR,YCA1006-01-00,UIC1561-01-00 UIC1551-01-00 UIC2151-12-00 UIC1805-02-00,YCK1998-03-00 STA2102-04-00,18.0,월금,1,0,1,,2+3+1
1012,11.48,MR,YCA1006-01-00,UIC1561-01-00 UIC1551-01-00 UIC2151-12-00 UIC1805-02-00,YCK1998-03-00 STA2102-04-00,18.0,월금,1,0,1,,2+3+1
1013,11.44,MR,YCA1006-02-00,UIC1561-01-00 UIC1551-04-00 UIC2151-12-00 UIC1806-02-00,YCI1998-02-00 STA1002-04-00,18.0,월금,1,0,1,4,2+2+2
1014,11.44,MR,YCA1006-02-00,UIC1561-01-00 UIC1551-04-00 UIC2151-12-00 UIC1806-02-00,YCI1998-02-00 STA1002-04-00,18.0,월금,1,0,1,4,2+2+2
1015,11.355,MR,YCA1006-02-00,UIC1561-01-00 UIC1551-04-00 UIC2151-12-00 UIC1805-02-00,STA2102-04-00 BIZ1101-09-00,18.0,월금,1,0,1,4,1+1+1
1016,11.355,MR,YCA1006-02-00,UIC1561-01-00 UIC1551-04-00 UIC2151-12-00 UIC1805-02-00,STA2102-04-00 BIZ1101-09-00,18.0,월금,1,0,1,4,1+1+1
1017,11.315,MR,YCA1006-01-00,UIC1561-01-00 UIC1551-04-00 UIC2151-08-00 UIC1805-01-00,YCK1998-03-00 STA1002-04-00,18.0,월금,1,0,1,,2+2+1+2+2
1018,11.315,MR,YCA1006-01-00,UIC1561-01-00 UIC1551-01-00 UIC2151-12-00 UIC1805-02-00,UCB1105-02-00 YCK1998-03-00,18.0,월금,1,0,1,,2+3+2
1019,11.315,MR,YCA1006-01-00,UIC1561-01-00 UIC1551-04-00 UIC2151-09-00 UIC1805-01-00,UCD1101-01-00 BIZ1101-09-00,18.0,월금,1,0,2,,2+1+2
1020,11.315,MR,YCA1006-01-00,UIC1561-01-00 UIC1551-04-00 UIC2151-09-00 UIC1806-01-00,YCK1998-03-00 STA1002-04-00,18.0,월금,1,0,1,,2+2+1+2+2
1021,11.315,MR,YCA1006-01-00,UIC1561-01-00 UIC1551-04-00 UIC2151-08-00 UIC1806-01-00,UCD1101-01-00 BIZ1101-09-00,18.0,월금,1,0,2,,2+1+2
1022,11.315,MR,YCA1006-01-00,UIC1561-01-00 UIC1551-04-00 UIC2151-09-00 UIC1805-01-00,YCK1998-03-00 STA1002-04-00,18.0,월금,1,0,1,,2+2+1+2+2
1023,11.315,MR,YCA1006-01-00,UIC1561-01-00 UIC1551-01-00 UIC2151-12-00 UIC1805-02-00,UCB1105-02-00 YCK1998-03-00,18.0,월금,1,0,1,,2+3+2
1024,11.315,MR,YCA1006-01-00,UIC1561-01-00 UIC1551-04-00 UIC2151-05-00 UIC1805-02-00,YCK1998-03-00 STA1002-04-00,18.0,월금,1,0,1,,2+2+1+2+2
1025,11.315,MR,YCA1006-01-00,UIC1561-01-00 UIC1551-04-00 UIC2151-09-00 UIC1805-01-00,UCD1101-01-00 BIZ1101-09-00,18.0,월금,1,0,2,,2+1+2
1026,11.315,MR,YCA1006-01-00,UIC1561-01-00 UIC1551-04-00 UIC2151-05-00 UIC1805-02-00,UCD1101-01-00 BIZ1101-09-00,18.0,월금,1,0,2,,2+1+2
1027,11.315,MR,YCA1006-01-00,UIC1561-01-00 UIC1551-04-00 UIC2151-08-00 UIC1805-01-00,UCD1101-01-00 BIZ1101-09-00,18.0,월금,1,0,2,,2+1+2
1028,11.315,MR,YCA1006-01-00,UIC1561-01-00 UIC1551-04-00 UIC2151-09-00 UIC1806-01-00,YCK1998-03-00 STA1002-04-00,18.0,월금,1,0,1,,2+2+1+2+2
1029,11.315,MR,YCA1006-01-00,UIC1561-01-00 UIC1551-04-00 UIC2151-05-00 UIC1805-02-00,UCD1101-01-00 BIZ1101-09-00,18.0,월금,1,0,2,,2+1+2
1030,11.315,MR,YCA1006-01-00,UIC1561-01-00 UIC1551-04-00 UIC2151-09-00 UIC1805-01-00,YCK1998-03-00 STA1002-04-00,18.0,월금,1,0,1,,2+2+1+2+2
1031,11.315,MR,YCA1006-01-00,UIC1561-01-00 UIC1551-04-00 UIC2151-08-00 UIC1805-01-00,YCK1998-03-00 STA1002-04-00,18.0,월금,1,0,1,,2+2+1+2+2
1032,11.315,MR,YCA1006-01-00,UIC1561-01-00 UIC1551-04-00 UIC2151-09-00 UIC1806-01-00,UCD1101-01-00 BIZ1101-09-00,18.0,월금,1,0,2,,2+1+2
1033,11.315,MR,YCA1006-01-00,UIC1561-01-00 UIC1551-04-00 UIC2151-08-00 UIC1806-01-00,YCK1998-03-00 STA1002-04-00,18.0,월금,1,0,1,,2+2+1+2+2
1034,11.315,MR,YCA1006-01-00,UIC1561-01-00 UIC1551-04-00 UIC2151-09-00 UIC1806-01-00,UCD1101-01-00 BIZ1101-09-00,18.0,월금,1,0,2,,2+1+2
1035,11.315,MR,YCA1006-01-00,UIC1561-01-00 UIC1551-04-00 UIC2151-08-00 UIC1805-01-00,UCD1101-01-00 BIZ1101-09-00,18.0,월금,1,0,2,,2+1+2
1036,11.315,MR,YCA1006-01-00,UIC1561-01-00 UIC1551-04-00 UIC2151-08-00 UIC1806-01-00,UCD1101-01-00 BIZ1101-09-00,18.0,월금,1,0,2,,2+1+2
1037,11.315,MR,YCA1006-01-00,UIC1561-01-00 UIC1551-04-00 UIC2151-05-00 UIC1805-02-00,YCK1998-03-00 STA1002-04-00,18.0,월금,1,0,1,,2+2+1+2+2
1038,11.315,MR,YCA1006-01-00,UIC1561-01-00 UIC1551-04-00 UIC2151-08-00 UIC1806-01-00,YCK1998-03-00 STA1002-04-00,18.0,월금,1,0,1,,2+2+1+2+2
1039,11.299,MR,YCA1006-02-00,UIC1561-01-00 UIC1551-01-00 UIC2151-12-00 UIC1806-02-00,ECO1101-06-00 BIZ1101-09-00,18.0,월금,1,0,3,4,2+1+2+1
1040,11.299,MR,YCA1006-02-00,UIC1561-01-00 UIC1551-01-00 UIC2151-12-00 UIC1806-02-00,ECO1101-06-00 BIZ1101-09-00,18.0,월금,1,0,3,4,2+1+2+1
1041,11.19,MR,YCA1006-02-00,UIC1561-01-00 ASP2022-01-00 UIC2151-12-00 UIC1806-02-00,ECO1002-04-00 BIZ1101-09-00,18.0,월금,1,0,0,,2+1+1
1042,11.19,MR,YCA1006-01-00,UIC1561-01-00 UIC1551-04-00 UIC2151-09-00 UIC1806-02-00,YCK1998-03-00 STP2004-01-00,18.0,월금,0,0,1,4,1+1+2
1043,11.19,MR,YCA1006-01-00,UIC1561-01-00 UIC1551-01-00 UIC2151-09-00 UIC1806-02-00,YCK1998-03-00 STP2004-01-00,18.0,월금,0,0,1,4,1+2+1
1044,11.19,MR,YCA1006-01-00,UIC1561-01-00 UIC1551-04-00 UIC2151-07-00 UIC1805-02-00,YCK1998-03-00 STP2004-01-00,18.0,월금,0,0,1,4,1+1+2
1045,11.19,MR,YCA1006-01-00,UIC1561-01-00 UIC1551-01-00 UIC2151-07-00 UIC1805-02-00,YCK1998-03-00 STP2004-01-00,18.0,월금,0,0,1,4,1+2+1
1046,11.19,MR,YCA1006-01-00,UIC1561-01-00 UIC1551-01-00 UIC2151-08-00 UIC1806-02-00,YCK1998-03-00 STP2004-01-00,18.0,월금,0,0,1,4,1+2+1
1047,11.19,MR,YCA1006-01-00,UIC1561-01-00 UIC1551-01-00 UIC2151-06-00 UIC1805-02-00,YCK1998-03-00 STP2004-01-00,18.0,월금,0,0,1,4,1+2+1
1048,11.19,MR,YCA1006-02-00,UIC1561-01-00 UIC1551-01-00 UIC2151-12-00 UIC1806-02-00,YCK1998-03-00 BIZ1101-09-00,18.0,월금,1,0,1,4,2+1+1
1049,11.19,MR,YCA1006-01-00,UIC1561-01-00 UIC1551-04-00 UIC2151-08-00 UIC1806-02-00,YCK1998-03-00 STP2004-01-00,18.0,월금,0,0,1,4,1+1+2
1050,11.19,MR,YCA1006-01-00,UIC1561-01-00 UIC1551-04-00 UIC2151-06-00 UIC1805-02-00,YCK1998-03-00 STP2004-01-00,18.0,월금,0,0,1,4,1+1+2
1051,11.19,MR,YCA1006-01-00,UIC1561-01-00 UIC1551-01-00 UIC2151-06-00 UIC1805-02-00,YCK1998-03-00 STP2004-01-00,18.0,월금,0,0,1,4,1+2+1
1052,11.19,MR,YCA1006-01-00,UIC1561-01-00 UIC1551-01-00 UIC2151-09-00 UIC1806-02-00,YCK1998-03-00 STP2004-01-00,18.0,월금,0,0,1,4,1+2+1
1053,11.19,MR,YCA1006-01-00,UIC1561-01-00 UIC1551-04-00 UIC2151-09-00 UIC1806-02-00,YCK1998-03-00 STP2004-01-00,18.0,월금,0,0,1,4,1+1+2
1054,11.19,MR,YCA1006-01-00,UIC1561-01-00 UIC1551-01-00 UIC2151-07-00 UIC1805-02-00,YCK1998-03-00 STP2004-01-00,18.0,월금,0,0,1,4,1+2+1
1055,11.19,MR,YCA1006-01-00,UIC1561-01-00 UIC1551-01-00 UIC2151-08-00 UIC1806-02-00,YCK1998-03-00 STP2004-01-00,18.0,월금,0,0,1,4,1+2+1
1056,11.19,MR,YCA1006-02-00,UIC1561-01-00 UIC1551-01-00 UIC2151-12-00 UIC1806-02-00,YCK1998-03-00 BIZ1101-09-00,18.0,월금,1,0,1,4,2+1+1
1057,11.19,MR,YCA1006-01-00,UIC1561-01-00 UIC1551-04-00 UIC2151-08-00 UIC1806-02-00,YCK1998-03-00 STP2004-01-00,18.0,월금,0,0,1,4,1+1+2
1058,11.19,MR,YCA1006-01-00,UIC1561-01-00 UIC1551-04-00 UIC2151-07-00 UIC1805-02-00,YCK1998-03-00 STP2004-01-00,18.0,월금,0,0,1,4,1+1+2
1059,11.19,MR,YCA1006-01-00,UIC1561-01-00 UIC1551-04-00 UIC2151-06-00 UIC1805-02-00,YCK1998-03-00 STP2004-01-00,18.0,월금,0,0,1,4,1+1+2
1060,11.19,MR,YCA1006-02-00,UIC1561-01-00 ASP2022-01-00 UIC2151-12-00 UIC1806-02-00,ECO1002-04-00 BIZ1101-09-00,18.0,월금,1,0,0,,2+1+1
1061,11.17,Lang,YCA1006-02-00,QRM1001-01-00 UIC1561-01-00 UIC1551-01-00 UIC2151-12-00,YCE1253-01-00 YCG1804-01-00,18.0,월금,1,0,1,,1+3+1+1
1062,11.065,MR,YCA1006-02-00,UIC1561-01-00 UIC1551-01-00 UIC2151-12-00 UIC1805-02-00,ECO1002-04-00 BIZ1101-09-00,18.0,월금,1,0,1,,1+1+3
1063,11.065,MR,YCA1006-02-00,UIC1561-01-00 UIC1551-04-00 UIC2151-12-00 UIC1806-02-00,ECO1002-04-00 BIZ1101-09-00,18.0,월금,1,0,1,,3+1+1
1064,11.065,MR,YCA1006-02-00,UIC1561-01-00 UIC1551-04-00 UIC2151-12-00 UIC1806-02-00,ECO1002-04-00 BIZ1101-09-00,18.0,월금,1,0,1,,3+1+1
1065,11.065,MR,YCA1006-02-00,UIC1561-01-00 UIC1551-01-00 UIC2151-12-00 UIC1805-02-00,ECO1002-04-00 BIZ1101-09-00,18.0,월금,1,0,1,,1+1+3
1066,11.029,Lang,YCA1006-02-00,QRM1001-01-00 UIC1561-01-00 UIC1551-01-00 UIC2151-12-00,ECO1101-06-00 YCH1605-01-00,18.0,월금,1,0,3,4,2+3+2+1
1067,11.015,MR,YCA1006-02-00,UIC1561-01-00 UIC1551-01-00 UIC2151-12-00 UIC1806-02-00,UCB1105-02-00 BIZ1101-09-00,18.0,월금,1,0,1,5,2+1
1068,11.015,MR,YCA1006-02-00,UIC1561-01-00 UIC1551-01-00 UIC2151-12-00 UIC1806-02-00,UCB1105-02-00 BIZ1101-09-00,18.0,월금,1,0,1,5,2+1
1069,10.995,Lang,YCA1006-02-00,QRM1001-01-00 UIC1561-01-00 UIC1551-01-00 UIC2151-12-00,YCE1253-01-00 YCI1901-01-00,18.0,월금,1,0,2,5,1+3+1
1070,10.98,MR,YCA1006-02-00,UIC1561-01-00 UIC1551-01-00 UIC2151-12-00 UIC1805-02-00,STA1002-04-00 STA2102-04-00,18.0,월금,1,0,1,4,2+1+2+1
1071,10.98,MR,YCA1006-02-00,UIC1561-01-00 UIC1551-01-00 UIC2151-12-00 UIC1805-02-00,STA1002-04-00 STA2102-04-00,18.0,월금,1,0,1,4,2+1+2+1
1072,10.98,MR,YCA1006-02-00,UIC1561-01-00 UIC1551-04-00 UIC2151-12-00 UIC1805-02-00,YCK1998-03-00 STA2102-05-00,18.0,월금,1,0,1,4,1+1+2+2
1073,10.98,MR,YCA1006-02-00,UIC1561-01-00 UIC1551-04-00 UIC2151-12-00 UIC1805-02-00,YCK1998-03-00 STA2102-05-00,18.0,월금,1,0,1,4,1+1+2+2
1074,10.94,MR,YCA1006-02-00,UIC1561-01-00 UIC1551-01-00 UIC2151-06-00 UIC1805-02-00,UCB1105-02-00 YCK1998-03-00,18.0,월금,0,1,1,5+6,
1075,10.94,MR,YCA1006-01-00,UIC1561-01-00 UIC1551-01-00 UIC2151-07-00 UIC1805-01-00,YCK1998-03-00 CTM1001-02-00,18.0,월금,1,1,1,,1+2+1+1+1
1076,10.94,MR,YCA1006-02-00,UIC1561-01-00 UIC1551-01-00 UIC2151-07-00 UIC1806-01-00,YCK1998-03-00 CTM1001-02-00,18.0,월금,1,1,1,,1+2+1+1+1
1077,10.94,MR,YCA1006-02-00,UIC1561-01-00 UIC1551-01-00 UIC2151-07-00 UIC1806-01-00,YCK1998-03-00 CTM1001-02-00,18.0,월금,1,1,1,,1+2+1+1+1
1078,10.94,MR,YCA1006-01-00,UIC1561-01-00 UIC1551-01-00 UIC2151-05-00 UIC1806-02-00,YCK1998-03-00 CTM1001-02-00,18.0,월금,1,1,1,,1+2+1+1+1
1079,10.94,MR,YCA1006-02-00,UIC1561-01-00 UIC1551-01-00 UIC2151-06-00 UIC1805-01-00,YCK1998-03-00 CTM1001-02-00,18.0,월금,1,1,1,,1+2+1+1+1
1080,10.94,MR,YCA1006-02-00,UIC1561-01-00 UIC1551-01-00 UIC2151-05-00 UIC1806-02-00,YCK1998-03-00 CTM1001-02-00,18.0,월금,1,1,1,,1+2+1+1+1
1081,10.94,MR,YCA1006-02-00,UIC1561-01-00 UIC1551-01-00 UIC2151-07-00 UIC1805-02-00,UCB1105-02-00 YCK1998-03-00,18.0,월금,0,1,1,5+6,
1082,10.94,MR,YCA1006-02-00,UIC1561-01-00 UIC1551-04-00 UIC2151-08-00 UIC1806-01-00,YCK1998-03-00 CTM1001-02-00,18.0,월금,1,1,1,,1+1+1+1+2
1083,10.94,MR,YCA1006-01-00,UIC1561-01-00 UIC1551-01-00 UIC2151-07-00 UIC1806-01-00,YCK1998-03-00 CTM1001-02-00,18.0,월금,1,1,1,,1+2+1+1+1
1084,10.94,MR,YCA1006-02-00,UIC1561-01-00 UIC1551-01-00 UIC2151-08-00 UIC1806-02-00,UCB1105-02-00 YCK1998-03-00,18.0,월금,0,1,1,5+6,
1085,10.94,MR,YCA1006-02-00,UIC1561-01-00 UIC1551-01-00 UIC2151-06-00 UIC1805-02-00,UCB1105-02-00 YCK1998-03-00,18.0,월금,0,1,1,5+6,
1086,10.94,MR,YCA1006-02-00,UIC1561-01-00 UIC1551-01-00 UIC2151-09-00 UIC1806-02-00,UCB1105-02-00 YCK1998-03-00,18.0,월금,0,1,1,5+6,
1087,10.94,MR,YCA1006-02-00,UIC1561-01-00 UIC1551-01-00 UIC2151-05-00 UIC1806-02-00,YCK1998-03-00 CTM1001-02-00,18.0,월금,1,1,1,,1+2+1+1+1
1088,10.94,MR,YCA1006-02-00,UIC1561-01-00 UIC1551-04-00 UIC2151-09-00 UIC1805-01-00,YCK1998-03-00 CTM1001-02-00,18.0,월금,1,1,1,,1+1+1+1+2
1089,10.94,MR,YCA1006-02-00,UIC1561-01-00 UIC1551-01-00 UIC2151-07-00 UIC1805-01-00,YCK1998-03-00 CTM1001-02-00,18.0,월금,1,1,1,,1+2+1+1+1
1090,10.94,MR,YCA1006-01-00,UIC1561-01-00 UIC1551-01-00 UIC2151-07-00 UIC1806-01-00,YCK1998-03-00 CTM1001-02-00,18.0,월금,1,1,1,,1+2+1+1+1
1091,10.94,MR,YCA1006-01-00,UIC1561-01-00 UIC1551-01-00 UIC2151-06-00 UIC1805-01-00,YCK1998-03-00 CTM1001-02-00,18.0,월금,1,1,1,,1+2+1+1+1
1092,10.94,MR,YCA1006-02-00,UIC1561-01-00 UIC1551-04-00 UIC2151-09-00 UIC1805-01-00,YCK1998-03-00 CTM1001-02-00,18.0,월금,1,1,1,,1+1+1+1+2
1093,10.94,MR,YCA1006-01-00,UIC1561-01-00 UIC1551-01-00 UIC2151-06-00 UIC1806-01-00,YCK1998-03-00 CTM1001-02-00,18.0,월금,1,1,1,,1+2+1+1+1
1094,10.94,MR,YCA1006-01-00,UIC1561-01-00 UIC1551-01-00 UIC2151-06-00 UIC1805-01-00,YCK1998-03-00 CTM1001-02-00,18.0,월금,1,1,1,,1+2+1+1+1
1095,10.94,MR,YCA1006-02-00,UIC1561-01-00 UIC1551-04-00 UIC2151-08-00 UIC1805-01-00,YCK1998-03-00 CTM1001-02-00,18.0,월금,1,1,1,,1+1+1+1+2
1096,10.94,MR,YCA1006-02-00,UIC1561-01-00 UIC1551-01-00 UIC2151-09-00 UIC1806-02-00,UCB1105-02-00 YCK1998-03-00,18.0,월금,0,1,1,5+6,
1097,10.94,MR,YCA1006-02-00,UIC1561-01-00 UIC1551-01-00 UIC2151-08-00 UIC1806-02-00,UCB1105-02-00 YCK1998-03-00,18.0,월금,0,1,1,5+6,
1098,10.94,MR,YCA1006-01-00,UIC1561-01-00 UIC1551-01-00 UIC2151-07-00 UIC1805-01-00,YCK1998-03-00 CTM1001-02-00,18.0,월금,1,1,1,,1+2+1+1+1
1099,10.94,MR,YCA1006-02-00,UIC1561-01-00 UIC1551-04-00 UIC2151-08-00 UIC1805-01-00,YCK1998-03-00 CTM1001-02-00,18.0,월금,1,1,1,,1+1+1+1+2
1100,10.94,MR,YCA1006-02-00,UIC1561-01-00 UIC1551-04-00 UIC2151-09-00 UIC1806-01-00,YCK1998-03-00 CTM1001-02-00,18.0,월금,1,1,1,,1+1+1+1+2
1101,10.94,MR,YCA1006-01-00,UIC1561-01-00 UIC1551-01-00 UIC2151-05-00 UIC1806-02-00,YCK1998-03-00 CTM1001-02-00,18.0,월금,1,1,1,,1+2+1+1+1
1102,10.94,MR,YCA1006-02-00,UIC1561-01-00 UIC1551-04-00 UIC2151-09-00 UIC1806-01-00,YCK1998-03-00 CTM1001-02-00,18.0,월금,1,1,1,,1+1+1+1+2
1103,10.94,MR,YCA1006-02-00,UIC1561-01-00 UIC1551-01-00 UIC2151-07-00 UIC1805-02-00,UCB1105-02-00 YCK1998-03-00,18.0,월금,0,1,1,5+6,
1104,10.94,MR,YCA1006-02-00,UIC1561-01-00 UIC1551-01-00 UIC2151-06-00 UIC1806-01-00,YCK1998-03-00 CTM1001-02-00,18.0,월금,1,1,1,,1+2+1+1+1
1105,10.94,MR,YCA1006-02-00,UIC1561-01-00 UIC1551-01-00 UIC2151-06-00 UIC1805-01-00,YCK1998-03-00 CTM1001-02-00,18.0,월금,1,1,1,,1+2+1+1+1
1106,10.94,MR,YCA1006-02-00,UIC1561-01-00 UIC1551-01-00 UIC2151-06-00 UIC1806-01-00,YCK1998-03-00 CTM1001-02-00,18.0,월금,1,1,1,,1+2+1+1+1
1107,10.94,MR,YCA1006-01-00,UIC1561-01-00 UIC1551-01-00 UIC2151-06-00 UIC1806-01-00,YCK1998-03-00 CTM1001-02-00,18.0,월금,1,1,1,,1+2+1+1+1
1108,10.94,MR,YCA1006-02-00,UIC1561-01-00 UIC1551-04-00 UIC2151-05-00 UIC1805-02-00,YCK1998-03-00 CTM1001-02-00,18.0,월금,1,1,1,,1+1+1+1+2
1109,10.94,MR,YCA1006-02-00,UIC1561-01-00 UIC1551-04-00 UIC2151-08-00 UIC1806-01-00,YCK1998-03-00 CTM1001-02-00,18.0,월금,1,1,1,,1+1+1+1+2
1110,10.94,MR,YCA1006-02-00,UIC1561-01-00 UIC1551-04-00 UIC2151-05-00 UIC1805-02-00,YCK1998-03-00 CTM1001-02-00,18.0,월금,1,1,1,,1+1+1+1+2
1111,10.94,MR,YCA1006-02-00,UIC1561-01-00 UIC1551-01-00 UIC2151-07-00 UIC1805-01-00,YCK1998-03-00 CTM1001-02-00,18.0,월금,1,1,1,,1+2+1+1+1
1112,10.924,MR,YCA1006-02-00,UIC1561-01-00 UIC1551-04-00 UIC2151-12-00 UIC1806-02-00,ECO1101-06-00 YCI1998-02-00,18.0,월금,1,0,3,4,2+3+2
1113,10.924,MR,YCA1006-02-00,UIC1561-01-00 UIC1551-04-00 UIC2151-12-00 UIC1806-02-00,ECO1101-06-00 YCI1998-02-00,18.0,월금,1,0,3,4,2+3+2
1114,10.869,MR,YCA1006-01-00,UIC1561-01-00 UIC1501-04-00 UIC2151-14-00 UIC1806-02-00,YCH1202-01-00 BIZ1101-09-00,18.0,월금,1,0,2,,1+2+1+1
1115,10.869,MR,YCA1006-01-00,UIC1561-01-00 UIC1501-04-00 UIC2151-14-00 UIC1806-02-00,YCH1202-01-00 BIZ1101-09-00,18.0,월금,1,0,2,,1+2+1+1
1116,10.869,MR,YCA1006-02-00,UIC1561-01-00 UIC1251-02-00 UIC2151-14-00 UIC1806-01-00,YCH1202-01-00 BIZ1101-09-00,18.0,월금,1,0,2,,1+2+1+1
1117,10.869,MR,YCA1006-02-00,UIC1561-01-00 UIC1251-02-00 UIC2151-14-00 UIC1805-01-00,YCH1202-01-00 BIZ1101-09-00,18.0,월금,1,0,2,,1+2+1+1
1118,10.869,MR,YCA1006-01-00,UIC1561-01-00 UIC1251-02-00 UIC2151-14-00 UIC1805-01-00,YCH1202-01-00 BIZ1101-09-00,18.0,월금,1,0,2,,1+2+1+1
1119,10.869,MR,YCA1006-01-00,UIC1561-01-00 UIC1251-02-00 UIC2151-14-00 UIC1805-01-00,YCH1202-01-00 BIZ1101-09-00,18.0,월금,1,0,2,,1+2+1+1
1120,10.869,MR,YCA1006-02-00,UIC1561-01-00 UIC1501-04-00 UIC2151-14-00 UIC1806-02-00,YCH1202-01-00 BIZ1101-09-00,18.0,월금,1,0,2,,1+2+1+1
1121,10.869,MR,YCA1006-02-00,UIC1561-01-00 UIC1251-02-00 UIC2151-14-00 UIC1806-01-00,YCH1202-01-00 BIZ1101-09-00,18.0,월금,1,0,2,,1+2+1+1
1122,10.869,MR,YCA1006-02-00,UIC1561-01-00 UIC1501-04-00 UIC2151-14-00 UIC1806-02-00,YCH1202-01-00 BIZ1101-09-00,18.0,월금,1,0,2,,1+2+1+1
1123,10.869,MR,YCA1006-01-00,UIC1561-01-00 UIC1251-02-00 UIC2151-14-00 UIC1806-01-00,YCH1202-01-00 BIZ1101-09-00,18.0,월금,1,0,2,,1+2+1+1
1124,10.869,MR,YCA1006-01-00,UIC1561-01-00 UIC1251-02-00 UIC2151-14-00 UIC1806-01-00,YCH1202-01-00 BIZ1101-09-00,18.0,월금,1,0,2,,1+2+1+1
1125,10.869,MR,YCA1006-02-00,UIC1561-01-00 UIC1251-02-00 UIC2151-14-00 UIC1805-01-00,YCH1202-01-00 BIZ1101-09-00,18.0,월금,1,0,2,,1+2+1+1
1126,10.815,MR,YCA1006-01-00,UIC1561-01-00 UIC1551-01-00 UIC2151-08-00 UIC1806-01-00,UCB1105-02-00 YCH1605-01-00,18.0,월수금,1,0,1,4,1+2
1127,10.815,MR,YCA1006-01-00,UIC1561-01-00 UIC1551-01-00 UIC2151-09-00 UIC1806-01-00,UCB1105-02-00 YCH1605-01-00,18.0,월수금,1,0,1,4,1+2
1128,10.815,MR,YCA1006-02-00,UIC1561-01-00 UIC1551-01-00 UIC2151-12-00 UIC1806-02-00,YCK1998-03-00 STA1002-04-00,18.0,월금,1,0,1,4,2+2+2+1
1129,10.815,MR,YCA1006-01-00,UIC1561-01-00 UIC1551-01-00 UIC2151-08-00 UIC1806-01-00,UCB1105-02-00 YCH1605-01-00,18.0,월수금,1,0,1,4,1+2
1130,10.815,MR,YCA1006-02-00,UIC1561-01-00 UIC1551-01-00 UIC2151-12-00 UIC1806-02-00,ECO1002-06-00 STA1002-04-00,18.0,월금,1,0,1,4,2+2+2+1
1131,10.815,MR,YCA1006-01-00,UIC1561-01-00 UIC1551-01-00 UIC2151-08-00 UIC1805-01-00,UCB1105-02-00 YCH1605-01-00,18.0,월수금,1,0,1,4,1+2
1132,10.815,MR,YCA1006-02-00,UIC1561-01-00 UIC1551-04-00 UIC2151-12-00 UIC1806-02-00,ECO1002-06-00 YCI1998-02-00,18.0,월금,1,0,1,4,2+3
1133,10.815,MR,YCA1006-02-00,UIC1561-01-00 UIC1551-01-00 UIC2151-12-00 UIC1806-02-00,ECO1002-06-00 STA1002-04-00,18.0,월금,1,0,1,4,2+2+2+1
1134,10.815,MR,YCA1006-02-00,UIC1561-01-00 UIC1551-04-00 UIC2151-12-00 UIC1806-02-00,ECO1002-06-00 YCI1998-02-00,18.0,월금,1,0,1,4,2+3
1135,10.815,MR,YCA1006-02-00,UIC1561-01-00 UIC1551-01-00 UIC2151-12-00 UIC1805-02-00,UCB1105-02-00 STA1002-04-00,18.0,월금,1,0,1,4,2+1+2+2
1136,10.815,MR,YCA1006-02-00,UIC1561-01-00 UIC1551-01-00 UIC2151-12-00 UIC1806-02-00,YCK1998-03-00 STA1002-04-00,18.0,월금,1,0,1,4,2+2+2+1
1137,10.815,MR,YCA1006-01-00,UIC1561-01-00 UIC1551-01-00 UIC2151-05-00 UIC1805-02-00,UCB1105-02-00 YCH1605-01-00,18.0,월수금,1,0,1,4,1+2
1138,10.815,MR,YCA1006-01-00,UIC1561-01-00 UIC1551-01-00 UIC2151-09-00 UIC1805-01-00,UCB1105-02-00 YCH1605-01-00,18.0,월수금,1,0,1,4,1+2
1139,10.815,MR,YCA1006-01-00,UIC1561-01-00 UIC1551-01-00 UIC2151-09-00 UIC1805-01-00,UCB1105-02-00 YCH1605-01-00,18.0,월수금,1,0,1,4,1+2
1140,10.815,MR,YCA1006-01-00,UIC1561-01-00 UIC1551-01-00 UIC2151-08-00 UIC1805-01-00,UCB1105-02-00 YCH1605-01-00,18.0,월수금,1,0,1,4,1+2
1141,10.815,MR,YCA1006-01-00,UIC1561-01-00 UIC1551-01-00 UIC2151-09-00 UIC1806-01-00,UCB1105-02-00 YCH1605-01-00,18.0,월수금,1,0,1,4,1+2
1142,10.815,MR,YCA1006-01-00,UIC1561-01-00 UIC1551-01-00 UIC2151-05-00 UIC1805-02-00,UCB1105-02-00 YCH1605-01-00,18.0,월수금,1,0,1,4,1+2
1143,10.815,MR,YCA1006-02-00,UIC1561-01-00 UIC1551-01-00 UIC2151-12-00 UIC1805-02-00,UCB1105-02-00 STA1002-04-00,18.0,월금,1,0,1,4,2+1+2+2
1144,10.799,MR,YCA1006-01-00,UIC1561-01-00 UIC1551-04-00 UIC2151-08-00 UIC1806-02-00,ECO1101-06-00 BIZ1101-09-00,18.0,월금,0,0,3,4+4,1+1+2
1145,10.799,MR,YCA1006-01-00,UIC1561-01-00 UIC1551-01-00 UIC2151-08-00 UIC1806-02-00,ECO1101-06-00 BIZ1101-09-00,18.0,월금,0,0,3,4+4,1+2+1
1146,10.799,MR,YCA1006-01-00,UIC1561-01-00 UIC1551-01-00 UIC2151-07-00 UIC1805-02-00,ECO1101-06-00 BIZ1101-09-00,18.0,월금,0,0,3,4+4,1+2+1
1147,10.799,MR,YCA1006-01-00,UIC1561-01-00 UIC1551-01-00 UIC2151-07-00 UIC1805-02-00,ECO1101-06-00 BIZ1101-09-00,18.0,월금,0,0,3,4+4,1+2+1
1148,10.799,MR,YCA1006-01-00,UIC1561-01-00 UIC1551-04-00 UIC2151-07-00 UIC1805-02-00,ECO1101-06-00 BIZ1101-09-00,18.0,월금,0,0,3,4+4,1+1+2
1149,10.799,MR,YCA1006-01-00,UIC1561-01-00 UIC1551-01-00 UIC2151-09-00 UIC1806-02-00,ECO1101-06-00 BIZ1101-09-00,18.0,월금,0,0,3,4+4,1+2+1
1150,10.799,MR,YCA1006-01-00,UIC1561-01-00 UIC1551-01-00 UIC2151-08-00 UIC1806-02-00,ECO1101-06-00 BIZ1101-09-00,18.0,월금,0,0,3,4+4,1+2+1
1151,10.799,MR,YCA1006-01-00,UIC1561-01-00 UIC1551-04-00 UIC2151-06-00 UIC1805-02-00,ECO1101-06-00 BIZ1101-09-00,18.0,월금,0,0,3,4+4,1+1+2
1152,10.799,MR,YCA1006-01-00,UIC1561-01-00 UIC1551-04-00 UIC2151-09-00 UIC1806-02-00,ECO1101-06-00 BIZ1101-09-00,18.0,월금,0,0,3,4+4,1+1+2
1153,10.799,MR,YCA1006-01-00,UIC1561-01-00 UIC1551-01-00 UIC2151-09-00 UIC1806-02-00,ECO1101-06-00 BIZ1101-09-00,18.0,월금,0,0,3,4+4,1+2+1
1154,10.799,MR,YCA1006-01-00,UIC1561-01-00 UIC1551-04-00 UIC2151-09-00 UIC1806-02-00,ECO1101-06-00 BIZ1101-09-00,18.0,월금,0,0,3,4+4,1+1+2
1155,10.799,MR,YCA1006-01-00,UIC1561-01-00 UIC1551-01-00 UIC2151-06-00 UIC1805-02-00,ECO1101-06-00 BIZ1101-09-00,18.0,월금,0,0,3,4+4,1+2+1
1156,10.799,MR,YCA1006-01-00,UIC1561-01-00 UIC1551-04-00 UIC2151-07-00 UIC1805-02-00,ECO1101-06-00 BIZ1101-09-00,18.0,월금,0,0,3,4+4,1+1+2
1157,10.799,MR,YCA1006-01-00,UIC1561-01-00 UIC1551-04-00 UIC2151-06-00 UIC1805-02-00,ECO1101-06-00 BIZ1101-09-00,18.0,월금,0,0,3,4+4,1+1+2
1158,10.799,MR,YCA1006-01-00,UIC1561-01-00 UIC1551-01-00 UIC2151-06-00 UIC1805-02-00,ECO1101-06-00 BIZ1101-09-00,18.0,월금,0,0,3,4+4,1+2+1
1159,10.799,MR,YCA1006-01-00,UIC1561-01-00 UIC1551-04-00 UIC2151-08-00 UIC1806-02-00,ECO1101-06-00 BIZ1101-09-00,18.0,월금,0,0,3,4+4,1+1+2
1160,10.74,MR,YCA1006-02-00,UIC1561-01-00 UIC1251-02-00 UIC2151-14-00 UIC1805-02-00,YCK1998-03-00 STA1002-04-00,18.0,월금,0,1,1,7,2+2
1161,10.74,MR,YCA1006-02-00,UIC1561-01-00 UIC1401-02-00 UIC2151-14-00 UIC1806-02-00,YCK1998-03-00 STA1002-04-00,18.0,월금,0,1,1,7,2+2
1162,10.74,MR,YCA1006-02-00,UIC1561-01-00 UIC1251-02-00 UIC2151-14-00 UIC1805-02-00,YCK1998-03-00 STA1002-04-00,18.0,월금,0,1,1,7,2+2
1163,10.74,MR,YCA1006-02-00,UIC1561-01-00 UIC1401-02-00 UIC2151-14-00 UIC1806-02-00,YCK1998-03-00 STA1002-04-00,18.0,월금,0,1,1,7,2+2
1164,10.69,MR,YCA1006-01-00,UIC1561-01-00 UIC1551-01-00 UIC2151-06-00 UIC1805-02-00,YCK1998-03-00 BIZ1101-09-00,18.0,월금,0,0,1,4+4,1+1
1165,10.69,MR,YCA1006-01-00,UIC1561-01-00 UIC1551-04-00 UIC2151-07-00 UIC1805-02-00,YCK1998-03-00 BIZ1101-09-00,18.0,월금,0,0,1,4+4,1+1
1166,10.69,MR,YCA1006-01-00,UIC1561-01-00 UIC1551-01-00 UIC2151-09-00 UIC1806-02-00,YCK1998-03-00 BIZ1101-09-00,18.0,월금,0,0,1,4+4,1+1
1167,10.69,MR,YCA1006-01-00,UIC1561-01-00 UIC1551-01-00 UIC2151-07-00 UIC1805-02-00,YCK1998-03-00 BIZ1101-09-00,18.0,월금,0,0,1,4+4,1+1
1168,10.69,MR,YCA1006-01-00,UIC1561-01-00 UIC1551-04-00 UIC2151-07-00 UIC1805-02-00,YCK1998-03-00 BIZ1101-09-00,18.0,월금,0,0,1,4+4,1+1
1169,10.69,MR,YCA1006-01-00,UIC1561-01-00 UIC1551-01-00 UIC2151-09-00 UIC1806-02-00,YCK1998-03-00 BIZ1101-09-00,18.0,월금,0,0,1,4+4,1+1
1170,10.69,MR,YCA1006-01-00,UIC1561-01-00 UIC1551-04-00 UIC2151-08-00 UIC1806-02-00,YCK1998-03-00 BIZ1101-09-00,18.0,월금,0,0,1,4+4,1+1
1171,10.69,MR,YCA1006-01-00,UIC1561-01-00 UIC1551-04-00 UIC2151-06-00 UIC1805-02-00,YCK1998-03-00 BIZ1101-09-00,18.0,월금,0,0,1,4+4,1+1
1172,10.69,MR,YCA1006-01-00,UIC1561-01-00 UIC1551-01-00 UIC2151-06-00 UIC1805-02-00,YCK1998-03-00 BIZ1101-09-00,18.0,월금,0,0,1,4+4,1+1
1173,10.69,MR,YCA1006-01-00,UIC1561-01-00 UIC1551-04-00 UIC2151-06-00 UIC1805-02-00,YCK1998-03-00 BIZ1101-09-00,18.0,월금,0,0,1,4+4,1+1
1174,10.69,MR,YCA1006-01-00,UIC1561-01-00 UIC1551-04-00 UIC2151-12-00 UIC1805-02-00,UCD1101-01-00 BIZ1101-09-00,18.0,월금,1,0,2,,2+1+1+2
1175,10.69,MR,YCA1006-01-00,UIC1561-01-00 UIC1551-04-00 UIC2151-08-00 UIC1806-02-00,YCK1998-03-00 BIZ1101-09-00,18.0,월금,0,0,1,4+4,1+1
1176,10.69,MR,YCA1006-01-00,UIC1561-01-00 UIC1551-01-00 UIC2151-07-00 UIC1805-02-00,YCK1998-03-00 BIZ1101-09-00,18.0,월금,0,0,1,4+4,1+1
1177,10.69,MR,YCA1006-01-00,UIC1561-01-00 UIC1551-04-00 UIC2151-09-00 UIC1806-02-00,YCK1998-03-00 BIZ1101-09-00,18.0,월금,0,0,1,4+4,1+1
1178,10.69,MR,YCA1006-01-00,UIC1561-01-00 UIC1551-04-00 UIC2151-12-00 UIC1805-02-00,UCD1101-01-00 BIZ1101-09-00,18.0,월금,1,0,2,,2+1+1+2
1179,10.69,MR,YCA1006-01-00,UIC1561-01-00 UIC1551-01-00 UIC2151-08-00 UIC1806-02-00,YCK1998-03-00 BIZ1101-09-00,18.0,월금,0,0,1,4+4,1+1
1180,10.69,MR,YCA1006-01-00,UIC1561-01-00 UIC1551-04-00 UIC2151-09-00 UIC1806-02-00,YCK1998-03-00 BIZ1101-09-00,18.0,월금,0,0,1,4+4,1+1
1181,10.69,MR,YCA1006-01-00,UIC1561-01-00 UIC1551-01-00 UIC2151-08-00 UIC1806-02-00,YCK1998-03-00 BIZ1101-09-00,18.0,월금,0,0,1,4+4,1+1
1182,10.674,MR,YCA1006-02-00,UIC1561-01-00 UIC1551-04-00 UIC2151-12-00 UIC1805-02-00,ECO1101-06-00 BIZ1101-09-00,18.0,월금,1,0,3,4,1+1+1+2+2
1183,10.674,MR,YCA1006-02-00,UIC1561-01-00 UIC1551-04-00 UIC2151-12-00 UIC1805-02-00,ECO1101-06-00 BIZ1101-09-00,18.0,월금,1,0,3,4,1+1+1+2+2
1184,10.674,MR,YCA1006-01-00,UIC1561-01-00 UIC1401-02-00 UIC2151-12-00 UIC1806-02-00,ECO1101-06-00 YCK1998-03-00,18.0,월금,1,0,2,4,1+3+1
1185,10.674,MR,YCA1006-01-00,UIC1561-01-00 UIC1251-02-00 UIC2151-12-00 UIC1805-02-00,ECO1101-06-00 YCK1998-03-00,18.0,월금,1,0,2,4,1+3+1
1186,10.674,MR,YCA1006-01-00,UIC1561-01-00 UIC1401-02-00 UIC2151-12-00 UIC1806-02-00,ECO1101-06-00 YCK1998-03-00,18.0,월금,1,0,2,4,1+3+1
1187,10.674,MR,YCA1006-01-00,UIC1561-01-00 UIC1251-02-00 UIC2151-12-00 UIC1805-02-00,ECO1101-06-00 YCK1998-03-00,18.0,월금,1,0,2,4,1+3+1
1188,10.605,MR,YCA1006-02-00,UIC1561-01-00 UIC1551-01-00 UIC2151-12-00 UIC1806-02-00,YCI1901-01-00 STA2102-05-00,18.0,월금,1,0,2,4,2+2+1
1189,10.605,MR,YCA1006-02-00,UIC1561-01-00 UIC1551-01-00 UIC2151-12-00 UIC1806-02-00,YCI1901-01-00 STA2102-05-00,18.0,월금,1,0,2,4,2+2+1
1190,10.599,MR,YCA1006-01-00,UIC1561-01-00 UIC1551-01-00 UIC2151-08-00 UIC1806-02-00,ECO1101-06-00 YCI1901-01-00,18.0,월금,0,0,4,4+6,1+2+1
1191,10.599,MR,YCA1006-01-00,UIC1561-01-00 UIC1251-02-00 UIC2151-14-00 UIC1805-02-00,ECO1101-06-00 UCD1101-01-00,18.0,월금,0,0,4,4+6,1+2+1
1192,10.599,MR,YCA1006-01-00,UIC1561-01-00 UIC1401-02-00 UIC2151-14-00 UIC1806-02-00,ECO1101-06-00 UCD1101-01-00,18.0,월금,0,0,4,4+6,1+2+1
1193,10.599,MR,YCA1006-01-00,UIC1561-01-00 UIC1401-02-00 UIC2151-14-00 UIC1806-02-00,ECO1101-06-00 UCD1101-01-00,18.0,월금,0,0,4,4+6,1+2+1
1194,10.599,MR,YCA1006-01-00,UIC1561-01-00 UIC1551-01-00 UIC2151-07-00 UIC1805-02-00,ECO1101-06-00 YCI1901-01-00,18.0,월금,0,0,4,4+6,1+2+1
1195,10.599,MR,YCA1006-01-00,UIC1561-01-00 UIC1551-01-00 UIC2151-08-00 UIC1806-02-00,ECO1101-06-00 YCI1901-01-00,18.0,월금,0,0,4,4+6,1+2+1
1196,10.599,MR,YCA1006-01-00,UIC1561-01-00 UIC1551-01-00 UIC2151-06-00 UIC1805-02-00,ECO1101-06-00 YCI1901-01-00,18.0,월금,0,0,4,4+6,1+2+1
1197,10.599,MR,YCA1006-01-00,UIC1561-01-00 UIC1551-01-00 UIC2151-09-00 UIC1806-02-00,ECO1101-06-00 YCI1901-01-00,18.0,월금,0,0,4,4+6,1+2+1
1198,10.599,MR,YCA1006-01-00,UIC1561-01-00 UIC1551-01-00 UIC2151-06-00 UIC1805-02-00,ECO1101-06-00 YCI1901-01-00,18.0,월금,0,0,4,4+6,1+2+1
1199,10.599,MR,YCA1006-01-00,UIC1561-01-00 UIC1551-01-00 UIC2151-09-00 UIC1806-02-00,ECO1101-06-00 YCI1901-01-00,18.0,월금,0,0,4,4+6,1+2+1
1200,10.599,MR,YCA1006-01-00,UIC1561-01-00 UIC1551-01-00 UIC2151-07-00 UIC1805-02-00,ECO1101-06-00 YCI1901-01-00,18.0,월금,0,0,4,4+6,1+2+1
1201,10.599,MR,YCA1006-01-00,UIC1561-01-00 UIC1251-02-00 UIC2151-14-00 UIC1805-02-00,ECO1101-06-00 UCD1101-01-00,18.0,월금,0,0,4,4+6,1+2+1
1202,10.599,MR,YCA1006-01-00,UIC1561-01-00 UIC1551-04-00 UIC2151-09-00 UIC1806-02-00,ECO1101-06-00 UCD1101-01-00,18.0,월금,0,0,4,4+6,1+1+2
1203,10.599,MR,YCA1006-01-00,UIC1561-01-00 UIC1551-04-00 UIC2151-08-00 UIC1806-02-00,ECO1101-06-00 UCD1101-01-00,18.0,월금,0,0,4,4+6,1+1+2
1204,10.599,MR,YCA1006-01-00,UIC1561-01-00 UIC1551-04-00 UIC2151-08-00 UIC1806-02-00,ECO1101-06-00 UCD1101-01-00,18.0,월금,0,0,4,4+6,1+1+2
1205,10.599,MR,YCA1006-01-00,UIC1561-01-00 UIC1551-04-00 UIC2151-07-00 UIC1805-02-00,ECO1101-06-00 UCD1101-01-00,18.0,월금,0,0,4,4+6,1+1+2
1206,10.599,MR,YCA1006-01-00,UIC1561-01-00 UIC1551-04-00 UIC2151-06-00 UIC1805-02-00,ECO1101-06-00 UCD1101-01-00,18.0,월금,0,0,4,4+6,1+1+2
1207,10.599,MR,YCA1006-01-00,UIC1561-01-00 UIC1551-04-00 UIC2151-09-00 UIC1806-02-00,ECO1101-06-00 UCD1101-01-00,18.0,월금,0,0,4,4+6,1+1+2
1208,10.599,MR,YCA1006-01-00,UIC1561-01-00 UIC1551-04-00 UIC2151-07-00 UIC1805-02-00,ECO1101-06-00 UCD1101-01-00,18.0,월금,0,0,4,4+6,1+1+2
1209,10.599,MR,YCA1006-01-00,UIC1561-01-00 UIC1551-04-00 UIC2151-06-00 UIC1805-02-00,ECO1101-06-00 UCD1101-01-00,18.0,월금,0,0,4,4+6,1+1+2
1210,10.565,MR,YCA1006-02-00,UIC1561-01-00 UIC1551-04-00 UIC2151-12-00 UIC1805-02-00,YCK1998-03-00 BIZ1101-09-00,18.0,월금,1,0,1,4,1+1+1+2
1211,10.565,MR,YCA1006-02-00,UIC1561-01-00 UIC1551-04-00 UIC2151-12-00 UIC1805-02-00,YCK1998-03-00 BIZ1101-09-00,18.0,월금,1,0,1,4,1+1+1+2
1212,10.49,MR,YCA1006-02-00,UIC1561-01-00 UIC1551-01-00 UIC2151-12-00 UIC1805-02-00,PHI1002-01-00 BIZ1101-09-00,18.0,월금,1,0,1,6,1+1
1213,10.49,MR,YCA1006-02-00,UIC1561-01-00 UIC1551-01-00 UIC2151-12-00 UIC1805-02-00,PHI1002-01-00 BIZ1101-09-00,18.0,월금,1,0,1,6,1+1
1214,10.464,MR,YCA1006-02-00,UIC1561-01-00 UIC1551-01-00 UIC2151-12-00 UIC1805-02-00,ECO1101-06-00 STA2102-04-00,18.0,월금,1,0,3,4,1+3+2+1
1215,10.464,MR,YCA1006-02-00,UIC1561-01-00 UIC1551-01-00 UIC2151-12-00 UIC1805-02-00,ECO1101-06-00 STA2102-04-00,18.0,월금,1,0,3,4,1+3+2+1
1216,10.44,MR,YCA1006-01-00,UIC1561-01-00 UIC1251-02-00 UIC2151-12-00 UIC1805-02-00,BIZ1101-09-00 SED2104-01-00,18.0,월금,1,0,2,,1+1+1+1
1217,10.44,MR,YCA1006-01-00,UIC1561-01-00 UIC1401-02-00 UIC2151-12-00 UIC1806-02-00,BIZ1101-09-00 SED2104-01-00,18.0,월금,1,0,2,,1+1+1+1
1218,10.44,MR,YCA1006-01-00,UIC1561-01-00 UIC1251-02-00 UIC2151-12-00 UIC1805-02-00,BIZ1101-09-00 SED2104-01-00,18.0,월금,1,0,2,,1+1+1+1
1219,10.44,MR,YCA1006-01-00,UIC1561-01-00 UIC1401-02-00 UIC2151-12-00 UIC1806-02-00,BIZ1101-09-00 SED2104-01-00,18.0,월금,1,0,2,,1+1+1+1
1220,10.44,MR,YCA1006-02-00,UIC1561-01-00 UIC1551-01-00 UIC2151-12-00 UIC1805-02-00,YCG1804-01-00 ECO1002-05-00,18.0,월금,1,0,1,,1+3+1+1
1221,10.44,MR,YCA1006-02-00,UIC1561-01-00 UIC1551-01-00 UIC2151-12-00 UIC1805-02-00,YCG1804-01-00 ECO1002-05-00,18.0,월금,1,0,1,,1+3+1+1
1222,10.405,MR,YCA1006-01-00,UIC1561-01-00 UIC1401-02-00 UIC2151-14-00 UIC1806-02-00,YCK1998-03-00 STA2102-05-00,18.0,월금,0,0,1,4+6,1
1223,10.405,MR,YCA1006-01-00,UIC1561-01-00 UIC1251-02-00 UIC2151-14-00 UIC1805-02-00,YCK1998-03-00 STA2102-05-00,18.0,월금,0,0,1,4+6,1
1224,10.405,MR,YCA1006-01-00,UIC1561-01-00 UIC1251-02-00 UIC2151-14-00 UIC1805-02-00,YCK1998-03-00 STA2102-05-00,18.0,월금,0,0,1,4+6,1
1225,10.405,MR,YCA1006-01-00,UIC1561-01-00 UIC1401-02-00 UIC2151-14-00 UIC1806-02-00,YCK1998-03-00 STA2102-05-00,18.0,월금,0,0,1,4+6,1
1226,10.39,MR,YCA1006-02-00,UIC1561-01-00 UIC1551-04-00 UIC2151-12-00 UIC1805-02-00,YCI1998-02-00 BIZ1101-09-00,18.0,월금,1,0,1,5,1+1+2
1227,10.39,MR,YCA1006-02-00,UIC1561-01-00 UIC1551-04-00 UIC2151-12-00 UIC1805-02-00,YCI1998-02-00 BIZ1101-09-00,18.0,월금,1,0,1,5,1+1+2
1228,10.369,MR,YCA1006-01-00,UIC1561-01-00 UIC1401-02-00 UIC2151-12-00 UIC1806-02-00,BIZ1101-09-00 CDM2012-01-00,18.0,월금,1,0,1,,1+1+1
1229,10.369,MR,YCA1006-01-00,UIC1561-01-00 UIC1251-02-00 UIC2151-12-00 UIC1805-02-00,BIZ1101-09-00 CDM2012-01-00,18.0,월금,1,0,1,,1+1+1
1230,10.369,MR,YCA1006-01-00,UIC1561-01-00 UIC1401-02-00 UIC2151-12-00 UIC1806-02-00,BIZ1101-09-00 CDM2012-01-00,18.0,월금,1,0,1,,1+1+1
1231,10.369,MR,YCA1006-01-00,UIC1561-01-00 UIC1251-02-00 UIC2151-12-00 UIC1805-02-00,BIZ1101-09-00 CDM2012-01-00,18.0,월금,1,0,1,,1+1+1
1232,10.357,MR,YCA1006-01-00,UIC1561-01-00 UIC1551-01-00 UIC2151-08-00 UIC1806-02-00,YCG1853-01-00 YCK1998-03-00,18.0,월금,0,0,2,4,1+1
1233,10.357,MR,YCA1006-01-00,UIC1561-01-00 UIC1551-01-00 UIC2151-09-00 UIC1806-02-00,YCG1853-01-00 YCK1998-03-00,18.0,월금,0,0,2,4,1+1
1234,10.357,MR,YCA1006-01-00,UIC1561-01-00 UIC1551-01-00 UIC2151-06-00 UIC1805-02-00,YCG1853-01-00 YCK1998-03-00,18.0,월금,0,0,2,4,1+1
1235,10.357,MR,YCA1006-01-00,UIC1561-01-00 UIC1551-04-00 UIC2151-09-00 UIC1806-02-00,YCG1853-01-00 YCK1998-03-00,18.0,월금,0,0,2,4,1+1
1236,10.357,MR,YCA1006-01-00,UIC1561-01-00 UIC1551-04-00 UIC2151-08-00 UIC1806-02-00,YCG1853-01-00 YCK1998-03-00,18.0,월금,0,0,2,4,1+1
1237,10.357,MR,YCA1006-01-00,UIC1561-01-00 UIC1551-04-00 UIC2151-09-00 UIC1806-02-00,YCG1853-01-00 YCK1998-03-00,18.0,월금,0,0,2,4,1+1
1238,10.357,MR,YCA1006-01-00,UIC1561-01-00 UIC1551-01-00 UIC2151-06-00 UIC1805-02-00,YCG1853-01-00 YCK1998-03-00,18.0,월금,0,0,2,4,1+1
1239,10.357,MR,YCA1006-01-00,UIC1561-01-00 UIC1551-04-00 UIC2151-07-00 UIC1805-02-00,YCG1853-01-00 YCK1998-03-00,18.0,월금,0,0,2,4,1+1
1240,10.357,MR,YCA1006-01-00,UIC1561-01-00 UIC1551-01-00 UIC2151-08-00 UIC1806-02-00,YCG1853-01-00 YCK1998-03-00,18.0,월금,0,0,2,4,1+1
1241,10.357,MR,YCA1006-01-00,UIC1561-01-00 UIC1551-04-00 UIC2151-08-00 UIC1806-02-00,YCG1853-01-00 YCK1998-03-00,18.0,월금,0,0,2,4,1+1
1242,10.357,MR,YCA1006-01-00,UIC1561-01-00 UIC1551-01-00 UIC2151-09-00 UIC1806-02-00,YCG1853-01-00 YCK1998-03-00,18.0,월금,0,0,2,4,1+1
1243,10.357,MR,YCA1006-01-00,UIC1561-01-00 UIC1551-04-00 UIC2151-07-00 UIC1805-02-00,YCG1853-01-00 YCK1998-03-00,18.0,월금,0,0,2,4,1+1
1244,10.357,MR,YCA1006-01-00,UIC1561-01-00 UIC1551-01-00 UIC2151-07-00 UIC1805-02-00,YCG1853-01-00 YCK1998-03-00,18.0,월금,0,0,2,4,1+1
1245,10.357,MR,YCA1006-01-00,UIC1561-01-00 UIC1551-04-00 UIC2151-06-00 UIC1805-02-00,YCG1853-01-00 YCK1998-03-00,18.0,월금,0,0,2,4,1+1
1246,10.357,MR,YCA1006-01-00,UIC1561-01-00 UIC1551-04-00 UIC2151-06-00 UIC1805-02-00,YCG1853-01-00 YCK1998-03-00,18.0,월금,0,0,2,4,1+1
1247,10.357,MR,YCA1006-01-00,UIC1561-01-00 UIC1551-01-00 UIC2151-07-00 UIC1805-02-00,YCG1853-01-00 YCK1998-03-00,18.0,월금,0,0,2,4,1+1
1248,10.355,MR,YCA1006-01-00,UIC1561-01-00 UIC1551-04-00 UIC2151-06-00 UIC1805-01-00,YCE1253-01-00 STA2102-05-00,18.0,월금,1,0,1,4,1+1+1
1249,10.355,MR,YCA1006-01-00,UIC1561-01-00 UIC1551-04-00 UIC2151-06-00 UIC1806-01-00,YCE1253-01-00 STA2102-05-00,18.0,월금,1,0,1,4,1+1+1
1250,10.355,MR,YCA1006-01-00,UIC1561-01-00 UIC1551-04-00 UIC2151-12-00 UIC1805-02-00,ECO1104-06-00 BIZ1101-09-00,18.0,월금,1,0,1,4,1+1+1
1251,10.355,MR,YCA1006-01-00,UIC1561-01-00 UIC1551-04-00 UIC2151-06-00 UIC1806-01-00,YCE1253-01-00 STA2102-05-00,18.0,월금,1,0,1,4,1+1+1
1252,10.355,MR,YCA1006-01-00,UIC1561-01-00 UIC1551-04-00 UIC2151-07-00 UIC1806-01-00,YCE1253-01-00 STA2102-05-00,18.0,월금,1,0,1,4,1+1+1
1253,10.355,MR,YCA1006-01-00,UIC1561-01-00 UIC1551-01-00 UIC2151-12-00 UIC1805-02-00,ECO1104-06-00 BIZ1101-09-00,18.0,월금,1,0,1,4,1+1+1
1254,10.355,MR,YCA1006-01-00,UIC1561-01-00 UIC1551-04-00 UIC2151-12-00 UIC1805-02-00,ECO1104-06-00 BIZ1101-09-00,18.0,월금,1,0,1,4,1+1+1
1255,10.355,MR,YCA1006-01-00,UIC1561-01-00 UIC1551-04-00 UIC2151-05-00 UIC1806-02-00,YCE1253-01-00 STA2102-05-00,18.0,월금,1,0,1,4,1+1+1
1256,10.355,MR,YCA1006-01-00,UIC1561-01-00 UIC1551-04-00 UIC2151-07-00 UIC1805-01-00,YCE1253-01-00 STA2102-05-00,18.0,월금,1,0,1,4,1+1+1
1257,10.355,MR,YCA1006-02-00,UIC1561-01-00 UIC1551-04-00 UIC2151-12-00 UIC1805-02-00,YCK1998-03-00 STA2102-04-00,18.0,월금,1,0,1,4,1+1+3
1258,10.355,MR,YCA1006-01-00,UIC1561-01-00 UIC1551-04-00 UIC2151-05-00 UIC1806-02-00,YCE1253-01-00 STA2102-05-00,18.0,월금,1,0,1,4,1+1+1
1259,10.355,MR,YCA1006-02-00,UIC1561-01-00 UIC1551-04-00 UIC2151-12-00 UIC1805-02-00,YCK1998-03-00 STA2102-04-00,18.0,월금,1,0,1,4,1+1+3
1260,10.355,MR,YCA1006-01-00,UIC1561-01-00 UIC1551-04-00 UIC2151-06-00 UIC1805-01-00,YCE1253-01-00 STA2102-05-00,18.0,월금,1,0,1,4,1+1+1
1261,10.355,MR,YCA1006-01-00,UIC1561-01-00 UIC1551-01-00 UIC2151-12-00 UIC1805-02-00,ECO1104-06-00 BIZ1101-09-00,18.0,월금,1,0,1,4,1+1+1
1262,10.355,MR,YCA1006-01-00,UIC1561-01-00 UIC1551-04-00 UIC2151-07-00 UIC1806-01-00,YCE1253-01-00 STA2102-05-00,18.0,월금,1,0,1,4,1+1+1
1263,10.355,MR,YCA1006-01-00,UIC1561-01-00 UIC1551-04-00 UIC2151-07-00 UIC1805-01-00,YCE1253-01-00 STA2102-05-00,18.0,월금,1,0,1,4,1+1+1
1264,10.34,WCiv,YCA1006-02-00,QRM1001-01-00 UIC1551-01-00 UIC2151-13-00 UIC1805-01-00,YCE1253-01-00 CTM1001-02-00,18.0,월금,1,2,2,5,1+1+1+1
1265,10.34,WCiv,YCA1006-02-00,QRM1001-01-00 UIC1551-01-00 UIC2151-13-00 UIC1806-01-00,YCE1253-01-00 CTM1001-02-00,18.0,월금,1,2,2,5,1+1+1+1
1266,10.34,WCiv,YCA1006-02-00,QRM1001-01-00 UIC1551-01-00 UIC2151-13-00 UIC1806-01-00,YCE1253-01-00 CTM1001-02-00,18.0,월금,1,2,2,5,1+1+1+1
1267,10.34,WCiv,YCA1006-02-00,QRM1001-01-00 UIC1551-01-00 UIC2151-13-00 UIC1805-01-00,YCE1253-01-00 CTM1001-02-00,18.0,월금,1,2,2,5,1+1+1+1
1268,10.335,Lang,-,QRM1001-01-00 UIC1561-01-00 ASP2033-01-00 UIC2151-14-00,UCD1101-01-00 YCK1998-03-00,18.0,월금,0,0,2,,2+1
1269,10.315,MR,YCA1006-01-00,UIC1561-01-00 UIC1551-01-00 UIC2151-05-00 UIC1805-02-00,UCB1105-02-00 CTM1001-02-00,18.0,월금,1,1,1,,2+1+2
1270,10.315,MR,YCA1006-01-00,UIC1561-01-00 UIC1551-04-00 UIC2151-08-00 UIC1806-01-00,UCD1101-01-00 STA1002-04-00,18.0,월금,1,0,2,,2+2+1+2+2
1271,10.315,MR,YCA1006-01-00,UIC1561-01-00 UIC1551-04-00 UIC2151-09-00 UIC1806-01-00,YCK1998-03-00 SED2104-01-00,18.0,월금,1,0,3,,2+1+2
1272,10.315,MR,YCA1006-01-00,UIC1561-01-00 UIC1551-04-00 UIC2151-09-00 UIC1805-01-00,UCD1101-01-00 STA1002-04-00,18.0,월금,1,0,2,,2+2+1+2+2
1273,10.315,MR,YCA1006-01-00,UIC1561-01-00 UIC1551-04-00 UIC2151-05-00 UIC1805-02-00,UCD1101-01-00 STA1002-04-00,18.0,월금,1,0,2,,2+2+1+2+2
1274,10.315,MR,YCA1006-01-00,UIC1561-01-00 UIC1551-01-00 UIC2151-08-00 UIC1806-01-00,UCB1105-02-00 CTM1001-02-00,18.0,월금,1,1,1,,2+1+2
1275,10.315,MR,YCA1006-01-00,UIC1561-01-00 UIC1551-01-00 UIC2151-09-00 UIC1806-01-00,UCB1105-02-00 CTM1001-02-00,18.0,월금,1,1,1,,2+1+2
1276,10.315,MR,YCA1006-01-00,UIC1561-01-00 UIC1551-01-00 UIC2151-09-00 UIC1805-01-00,UCB1105-02-00 CTM1001-02-00,18.0,월금,1,1,1,,2+1+2
1277,10.315,MR,YCA1006-01-00,UIC1561-01-00 UIC1551-04-00 UIC2151-09-00 UIC1806-01-00,YCK1998-03-00 SED2104-01-00,18.0,월금,1,0,3,,2+1+2
1278,10.315,MR,YCA1006-01-00,UIC1561-01-00 UIC1551-04-00 UIC2151-09-00 UIC1805-01-00,YCK1998-03-00 SED2104-01-00,18.0,월금,1,0,3,,2+1+2
1279,10.315,MR,YCA1006-01-00,UIC1561-01-00 UIC1551-04-00 UIC2151-08-00 UIC1805-01-00,YCK1998-03-00 SED2104-01-00,18.0,월금,1,0,3,,2+1+2
1280,10.315,MR,YCA1006-01-00,UIC1561-01-00 UIC1551-01-00 UIC2151-08-00 UIC1806-01-00,UCB1105-02-00 CTM1001-02-00,18.0,월금,1,1,1,,2+1+2
1281,10.315,MR,YCA1006-01-00,UIC1561-01-00 UIC1551-04-00 UIC2151-09-00 UIC1806-01-00,UCD1101-01-00 STA1002-04-00,18.0,월금,1,0,2,,2+2+1+2+2
1282,10.315,MR,YCA1006-01-00,UIC1561-01-00 UIC1551-04-00 UIC2151-08-00 UIC1805-01-00,UCD1101-01-00 STA1002-04-00,18.0,월금,1,0,2,,2+2+1+2+2
1283,10.315,MR,YCA1006-01-00,UIC1561-01-00 UIC1551-04-00 UIC2151-08-00 UIC1805-01-00,YCK1998-03-00 SED2104-01-00,18.0,월금,1,0,3,,2+1+2
1284,10.315,MR,YCA1006-01-00,UIC1561-01-00 UIC1551-01-00 UIC2151-08-00 UIC1805-01-00,UCB1105-02-00 CTM1001-02-00,18.0,월금,1,1,1,,2+1+2
1285,10.315,MR,YCA1006-01-00,UIC1561-01-00 UIC1551-04-00 UIC2151-05-00 UIC1805-02-00,UCD1101-01-00 STA1002-04-00,18.0,월금,1,0,2,,2+2+1+2+2
1286,10.315,MR,YCA1006-01-00,UIC1561-01-00 UIC1551-04-00 UIC2151-09-00 UIC1806-01-00,UCD1101-01-00 STA1002-04-00,18.0,월금,1,0,2,,2+2+1+2+2
1287,10.315,MR,YCA1006-01-00,UIC1561-01-00 UIC1551-01-00 UIC2151-05-00 UIC1805-02-00,UCB1105-02-00 CTM1001-02-00,18.0,월금,1,1,1,,2+1+2
1288,10.315,MR,YCA1006-01-00,UIC1561-01-00 UIC1551-04-00 UIC2151-05-00 UIC1805-02-00,YCK1998-03-00 SED2104-01-00,18.0,월금,1,0,3,,2+1+2
1289,10.315,MR,YCA1006-01-00,UIC1561-01-00 UIC1551-01-00 UIC2151-08-00 UIC1805-01-00,UCB1105-02-00 CTM1001-02-00,18.0,월금,1,1,1,,2+1+2
1290,10.315,MR,YCA1006-01-00,UIC1561-01-00 UIC1551-04-00 UIC2151-09-00 UIC1805-01-00,UCD1101-01-00 STA1002-04-00,18.0,월금,1,0,2,,2+2+1+2+2
1291,10.315,MR,YCA1006-01-00,UIC1561-01-00 UIC1551-04-00 UIC2151-05-00 UIC1805-02-00,YCK1998-03-00 SED2104-01-00,18.0,월금,1,0,3,,2+1+2
1292,10.315,MR,YCA1006-01-00,UIC1561-01-00 UIC1551-04-00 UIC2151-08-00 UIC1806-01-00,YCK1998-03-00 SED2104-01-00,18.0,월금,1,0,3,,2+1+2
1293,10.315,MR,YCA1006-01-00,UIC1561-01-00 UIC1551-04-00 UIC2151-08-00 UIC1805-01-00,UCD1101-01-00 STA1002-04-00,18.0,월금,1,0,2,,2+2+1+2+2
1294,10.315,MR,YCA1006-01-00,UIC1561-01-00 UIC1551-04-00 UIC2151-09-00 UIC1805-01-00,YCK1998-03-00 SED2104-01-00,18.0,월금,1,0,3,,2+1+2
1295,10.315,MR,YCA1006-01-00,UIC1561-01-00 UIC1551-04-00 UIC2151-08-00 UIC1806-01-00,UCD1101-01-00 STA1002-04-00,18.0,월금,1,0,2,,2+2+1+2+2
1296,10.315,MR,YCA1006-01-00,UIC1561-01-00 UIC1551-01-00 UIC2151-09-00 UIC1806-01-00,UCB1105-02-00 CTM1001-02-00,18.0,월금,1,1,1,,2+1+2
1297,10.315,MR,YCA1006-01-00,UIC1561-01-00 UIC1551-04-00 UIC2151-08-00 UIC1806-01-00,YCK1998-03-00 SED2104-01-00,18.0,월금,1,0,3,,2+1+2
1298,10.315,MR,YCA1006-01-00,UIC1561-01-00 UIC1551-01-00 UIC2151-09-00 UIC1805-01-00,UCB1105-02-00 CTM1001-02-00,18.0,월금,1,1,1,,2+1+2
1299,10.299,MR,YCA1006-01-00,UIC1561-01-00 UIC1551-04-00 UIC2151-08-00 UIC1805-01-00,ECO1101-06-00 YCK1998-03-00,18.0,월금,1,0,3,4,2+1+1+2
1300,10.299,MR,YCA1006-01-00,UIC1561-01-00 UIC1551-04-00 UIC2151-05-00 UIC1805-02-00,ECO1101-06-00 YCK1998-03-00,18.0,월금,1,0,3,4,2+1+1+2
1301,10.299,MR,YCA1006-01-00,UIC1561-01-00 UIC1551-04-00 UIC2151-09-00 UIC1805-01-00,ECO1101-06-00 YCK1998-03-00,18.0,월금,1,0,3,4,2+1+1+2
1302,10.299,MR,YCA1006-02-00,UIC1561-01-00 UIC1551-01-00 UIC2151-09-00 UIC1805-01-00,ECO1101-06-00 UCB1105-02-00,18.0,월금,1,0,3,4,1+1+2+2
1303,10.299,MR,YCA1006-02-00,UIC1561-01-00 UIC1551-01-00 UIC2151-12-00 UIC1805-02-00,ECO1101-06-00 UCB1105-02-00,18.0,월금,1,0,3,4,1+3+2+2
1304,10.299,MR,YCA1006-02-00,UIC1561-01-00 UIC1551-04-00 UIC2151-05-00 UIC1806-02-00,ECO1101-06-00 YCI1998-02-00,18.0,월금,1,0,3,4,1+2+2+1
1305,10.299,MR,YCA1006-02-00,UIC1561-01-00 UIC1551-01-00 UIC2151-08-00 UIC1805-01-00,ECO1101-06-00 UCB1105-02-00,18.0,월금,1,0,3,4,1+1+2+2
1306,10.299,MR,YCA1006-01-00,UIC1561-01-00 UIC1501-04-00 UIC2151-14-00 UIC1806-02-00,ECO1101-06-00 UCB1105-02-00,18.0,월금,1,0,3,4,1+2+2+1
1307,10.299,MR,YCA1006-01-00,UIC1561-01-00 UIC1551-04-00 UIC2151-07-00 UIC1806-01-00,ECO1101-06-00 YCI1998-02-00,18.0,월금,1,0,3,4,1+2+2+1
1308,10.299,MR,YCA1006-01-00,UIC1561-01-00 UIC1551-04-00 UIC2151-05-00 UIC1805-02-00,ECO1101-06-00 YCH1605-01-00,18.0,월금,1,0,3,4,1+1+2+2
1309,10.299,MR,YCA1006-02-00,UIC1561-01-00 UIC1551-01-00 UIC2151-08-00 UIC1806-01-00,ECO1101-06-00 UCB1105-02-00,18.0,월금,1,0,3,4,1+1+2+2
1310,10.299,MR,YCA1006-01-00,UIC1561-01-00 UIC1501-04-00 UIC2151-14-00 UIC1806-02-00,ECO1101-06-00 UCB1105-02-00,18.0,월금,1,0,3,4,1+2+2+1
1311,10.299,MR,YCA1006-01-00,UIC1561-01-00 UIC1551-04-00 UIC2151-09-00 UIC1805-01-00,ECO1101-06-00 YCH1605-01-00,18.0,월금,1,0,3,4,1+1+2+2
1312,10.299,MR,YCA1006-02-00,UIC1561-01-00 UIC1551-01-00 UIC2151-05-00 UIC1805-02-00,ECO1101-06-00 UCB1105-02-00,18.0,월금,1,0,3,4,1+1+2+2
1313,10.299,MR,YCA1006-01-00,UIC1561-01-00 UIC1251-02-00 UIC2151-14-00 UIC1806-01-00,ECO1101-06-00 UCB1105-02-00,18.0,월금,1,0,3,4,1+2+2+1
1314,10.299,MR,YCA1006-01-00,UIC1561-01-00 UIC1551-04-00 UIC2151-09-00 UIC1806-01-00,ECO1101-06-00 YCH1605-01-00,18.0,월금,1,0,3,4,1+1+2+2
1315,10.299,MR,YCA1006-01-00,UIC1561-01-00 UIC1251-02-00 UIC2151-14-00 UIC1805-01-00,ECO1101-06-00 UCB1105-02-00,18.0,월금,1,0,3,4,1+2+2+1
1316,10.299,MR,YCA1006-02-00,UIC1561-01-00 UIC1251-02-00 UIC2151-14-00 UIC1806-01-00,ECO1101-06-00 UCB1105-02-00,18.0,월금,1,0,3,4,1+2+2+1
1317,10.299,MR,YCA1006-01-00,UIC1561-01-00 UIC1551-04-00 UIC2151-08-00 UIC1806-01-00,ECO1101-06-00 YCH1605-01-00,18.0,월금,1,0,3,4,1+1+2+2
1318,10.299,MR,YCA1006-01-00,UIC1561-01-00 UIC1551-04-00 UIC2151-08-00 UIC1806-01-00,ECO1101-06-00 YCH1605-01-00,18.0,월금,1,0,3,4,1+1+2+2
1319,10.299,MR,YCA1006-01-00,UIC1561-01-00 UIC1551-04-00 UIC2151-09-00 UIC1805-01-00,ECO1101-06-00 YCK1998-03-00,18.0,월금,1,0,3,4,2+1+1+2
1320,10.299,MR,YCA1006-01-00,UIC1561-01-00 UIC1551-04-00 UIC2151-08-00 UIC1805-01-00,ECO1101-06-00 YCH1605-01-00,18.0,월금,1,0,3,4,1+1+2+2
1321,10.299,MR,YCA1006-02-00,UIC1561-01-00 UIC1501-04-00 UIC2151-14-00 UIC1806-02-00,ECO1101-06-00 UCB1105-02-00,18.0,월금,1,0,3,4,1+2+2+1
1322,10.299,MR,YCA1006-01-00,UIC1561-01-00 UIC1551-04-00 UIC2151-07-00 UIC1805-01-00,ECO1101-06-00 YCI1998-02-00,18.0,월금,1,0,3,4,1+2+2+1
1323,10.299,MR,YCA1006-02-00,UIC1561-01-00 UIC1551-04-00 UIC2151-05-00 UIC1806-02-00,ECO1101-06-00 YCI1998-02-00,18.0,월금,1,0,3,4,1+2+2+1
1324,10.299,MR,YCA1006-01-00,UIC1561-01-00 UIC1551-04-00 UIC2151-09-00 UIC1806-01-00,ECO1101-06-00 YCK1998-03-00,18.0,월금,1,0,3,4,2+1+1+2
1325,10.299,MR,YCA1006-02-00,UIC1561-01-00 UIC1551-04-00 UIC2151-06-00 UIC1805-01-00,ECO1101-06-00 YCI1998-02-00,18.0,월금,1,0,3,4,1+2+2+1
1326,10.299,MR,YCA1006-01-00,UIC1561-01-00 UIC1551-04-00 UIC2151-08-00 UIC1805-01-00,ECO1101-06-00 YCH1605-01-00,18.0,월금,1,0,3,4,1+1+2+2
1327,10.299,MR,YCA1006-01-00,UIC1561-01-00 UIC1551-04-00 UIC2151-09-00 UIC1806-01-00,ECO1101-06-00 YCH1605-01-00,18.0,월금,1,0,3,4,1+1+2+2
1328,10.299,MR,YCA1006-01-00,UIC1561-01-00 UIC1551-04-00 UIC2151-06-00 UIC1806-01-00,ECO1101-06-00 YCI1998-02-00,18.0,월금,1,0,3,4,1+2+2+1
1329,10.299,MR,YCA1006-01-00,UIC1561-01-00 UIC1551-04-00 UIC2151-09-00 UIC1806-01-00,ECO1101-06-00 YCK1998-03-00,18.0,월금,1,0,3,4,2+1+1+2
1330,10.299,MR,YCA1006-01-00,UIC1561-01-00 UIC1551-04-00 UIC2151-05-00 UIC1805-02-00,ECO1101-06-00 YCH1605-01-00,18.0,월금,1,0,3,4,1+1+2+2
1331,10.299,MR,YCA1006-01-00,UIC1561-01-00 UIC1551-04-00 UIC2151-08-00 UIC1805-01-00,ECO1101-06-00 YCK1998-03-00,18.0,월금,1,0,3,4,2+1+1+2
1332,10.299,MR,YCA1006-02-00,UIC1561-01-00 UIC1551-04-00 UIC2151-06-00 UIC1806-01-00,ECO1101-06-00 YCI1998-02-00,18.0,월금,1,0,3,4,1+2+2+1
1333,10.299,MR,YCA1006-02-00,UIC1561-01-00 UIC1551-01-00 UIC2151-08-00 UIC1806-01-00,ECO1101-06-00 UCB1105-02-00,18.0,월금,1,0,3,4,1+1+2+2
1334,10.299,MR,YCA1006-02-00,UIC1561-01-00 UIC1251-02-00 UIC2151-14-00 UIC1805-01-00,ECO1101-06-00 UCB1105-02-00,18.0,월금,1,0,3,4,1+2+2+1
1335,10.299,MR,YCA1006-02-00,UIC1561-01-00 UIC1551-04-00 UIC2151-07-00 UIC1806-01-00,ECO1101-06-00 YCI1998-02-00,18.0,월금,1,0,3,4,1+2+2+1
1336,10.299,MR,YCA1006-01-00,UIC1561-01-00 UIC1551-04-00 UIC2151-09-00 UIC1805-01-00,ECO1101-06-00 YCH1605-01-00,18.0,월금,1,0,3,4,1+1+2+2
1337,10.299,MR,YCA1006-01-00,UIC1561-01-00 UIC1551-04-00 UIC2151-06-00 UIC1806-01-00,ECO1101-06-00 YCI1998-02-00,18.0,월금,1,0,3,4,1+2+2+1
1338,10.299,MR,YCA1006-01-00,UIC1561-01-00 UIC1551-04-00 UIC2151-07-00 UIC1805-01-00,ECO1101-06-00 YCI1998-02-00,18.0,월금,1,0,3,4,1+2+2+1
1339,10.299,MR,YCA1006-01-00,UIC1561-01-00 UIC1551-04-00 UIC2151-08-00 UIC1806-01-00,ECO1101-06-00 YCK1998-03-00,18.0,월금,1,0,3,4,2+1+1+2
1340,10.299,MR,YCA1006-02-00,UIC1561-01-00 UIC1551-04-00 UIC2151-07-00 UIC1805-01-00,ECO1101-06-00 YCI1998-02-00,18.0,월금,1,0,3,4,1+2+2+1
1341,10.299,MR,YCA1006-02-00,UIC1561-01-00 UIC1551-01-00 UIC2151-05-00 UIC1805-02-00,ECO1101-06-00 UCB1105-02-00,18.0,월금,1,0,3,4,1+1+2+2
1342,10.299,MR,YCA1006-02-00,UIC1561-01-00 UIC1551-01-00 UIC2151-08-00 UIC1805-01-00,ECO1101-06-00 UCB1105-02-00,18.0,월금,1,0,3,4,1+1+2+2
1343,10.299,MR,YCA1006-02-00,UIC1561-01-00 UIC1551-04-00 UIC2151-06-00 UIC1806-01-00,ECO1101-06-00 YCI1998-02-00,18.0,월금,1,0,3,4,1+2+2+1
1344,10.299,MR,YCA1006-02-00,UIC1561-01-00 UIC1551-01-00 UIC2151-09-00 UIC1806-01-00,ECO1101-06-00 UCB1105-02-00,18.0,월금,1,0,3,4,1+1+2+2
1345,10.299,MR,YCA1006-01-00,UIC1561-01-00 UIC1551-04-00 UIC2151-07-00 UIC1806-01-00,ECO1101-06-00 YCI1998-02-00,18.0,월금,1,0,3,4,1+2+2+1
1346,10.299,MR,YCA1006-01-00,UIC1561-01-00 UIC1551-04-00 UIC2151-06-00 UIC1805-01-00,ECO1101-06-00 YCI1998-02-00,18.0,월금,1,0,3,4,1+2+2+1
1347,10.299,MR,YCA1006-01-00,UIC1561-01-00 UIC1251-02-00 UIC2151-14-00 UIC1806-01-00,ECO1101-06-00 UCB1105-02-00,18.0,월금,1,0,3,4,1+2+2+1
1348,10.299,MR,YCA1006-01-00,UIC1561-01-00 UIC1551-04-00 UIC2151-05-00 UIC1806-02-00,ECO1101-06-00 YCI1998-02-00,18.0,월금,1,0,3,4,1+2+2+1
1349,10.299,MR,YCA1006-02-00,UIC1561-01-00 UIC1551-04-00 UIC2151-06-00 UIC1805-01-00,ECO1101-06-00 YCI1998-02-00,18.0,월금,1,0,3,4,1+2+2+1
1350,10.299,MR,YCA1006-02-00,UIC1561-01-00 UIC1551-01-00 UIC2151-09-00 UIC1805-01-00,ECO1101-06-00 UCB1105-02-00,18.0,월금,1,0,3,4,1+1+2+2
1351,10.299,MR,YCA1006-02-00,UIC1561-01-00 UIC1551-01-00 UIC2151-09-00 UIC1806-01-00,ECO1101-06-00 UCB1105-02-00,18.0,월금,1,0,3,4,1+1+2+2
1352,10.299,MR,YCA1006-02-00,UIC1561-01-00 UIC1501-04-00 UIC2151-14-00 UIC1806-02-00,ECO1101-06-00 UCB1105-02-00,18.0,월금,1,0,3,4,1+2+2+1
1353,10.299,MR,YCA1006-01-00,UIC1561-01-00 UIC1551-04-00 UIC2151-08-00 UIC1806-01-00,ECO1101-06-00 YCK1998-03-00,18.0,월금,1,0,3,4,2+1+1+2
1354,10.299,MR,YCA1006-02-00,UIC1561-01-00 UIC1551-04-00 UIC2151-07-00 UIC1805-01-00,ECO1101-06-00 YCI1998-02-00,18.0,월금,1,0,3,4,1+2+2+1
1355,10.299,MR,YCA1006-02-00,UIC1561-01-00 UIC1251-02-00 UIC2151-14-00 UIC1806-01-00,ECO1101-06-00 UCB1105-02-00,18.0,월금,1,0,3,4,1+2+2+1
1356,10.299,MR,YCA1006-02-00,UIC1561-01-00 UIC1551-01-00 UIC2151-12-00 UIC1806-02-00,ECO1101-06-00 ECO1002-06-00,18.0,월금,1,0,3,4,2+3+2+1
1357,10.299,MR,YCA1006-02-00,UIC1561-01-00 UIC1551-01-00 UIC2151-12-00 UIC1806-02-00,ECO1101-06-00 ECO1002-06-00,18.0,월금,1,0,3,4,2+3+2+1
1358,10.299,MR,YCA1006-01-00,UIC1561-01-00 UIC1551-04-00 UIC2151-05-00 UIC1806-02-00,ECO1101-06-00 YCI1998-02-00,18.0,월금,1,0,3,4,1+2+2+1
1359,10.299,MR,YCA1006-02-00,UIC1561-01-00 UIC1551-01-00 UIC2151-12-00 UIC1805-02-00,ECO1101-06-00 UCB1105-02-00,18.0,월금,1,0,3,4,1+3+2+2
1360,10.299,MR,YCA1006-01-00,UIC1561-01-00 UIC1251-02-00 UIC2151-14-00 UIC1805-01-00,ECO1101-06-00 UCB1105-02-00,18.0,월금,1,0,3,4,1+2+2+1
1361,10.299,MR,YCA1006-02-00,UIC1561-01-00 UIC1251-02-00 UIC2151-14-00 UIC1805-01-00,ECO1101-06-00 UCB1105-02-00,18.0,월금,1,0,3,4,1+2+2+1
1362,10.299,MR,YCA1006-01-00,UIC1561-01-00 UIC1551-04-00 UIC2151-06-00 UIC1805-01-00,ECO1101-06-00 YCI1998-02-00,18.0,월금,1,0,3,4,1+2+2+1
1363,10.299,MR,YCA1006-02-00,UIC1561-01-00 UIC1551-04-00 UIC2151-07-00 UIC1806-01-00,ECO1101-06-00 YCI1998-02-00,18.0,월금,1,0,3,4,1+2+2+1
1364,10.299,MR,YCA1006-01-00,UIC1561-01-00 UIC1551-04-00 UIC2151-05-00 UIC1805-02-00,ECO1101-06-00 YCK1998-03-00,18.0,월금,1,0,3,4,2+1+1+2
1365,10.265,MR,YCA1006-02-00,UIC1561-01-00 UIC1551-01-00 UIC2151-12-00 UIC1805-02-00,ECO1002-05-00 YCI1901-01-00,18.0,월금,1,0,2,5,1+3+1
1366,10.265,MR,YCA1006-02-00,UIC1561-01-00 UIC1551-01-00 UIC2151-12-00 UIC1805-02-00,ECO1002-05-00 YCI1901-01-00,18.0,월금,1,0,2,5,1+3+1
1367,10.265,MR,YCA1006-01-00,UIC1561-01-00 UIC1551-04-00 UIC2151-06-00 UIC1806-01-00,YCE1253-01-00 UCD1101-01-00,18.0,월수금,1,0,2,5,1+1+1
1368,10.265,MR,YCA1006-01-00,UIC1561-01-00 UIC1551-04-00 UIC2151-05-00 UIC1806-02-00,YCE1253-01-00 UCD1101-01-00,18.0,월수금,1,0,2,5,1+1+1
1369,10.265,MR,YCA1006-01-00,UIC1561-01-00 UIC1551-04-00 UIC2151-07-00 UIC1806-01-00,YCE1253-01-00 UCD1101-01-00,18.0,월수금,1,0,2,5,1+1+1
1370,10.265,MR,YCA1006-01-00,UIC1561-01-00 UIC1551-04-00 UIC2151-06-00 UIC1805-01-00,YCE1253-01-00 UCD1101-01-00,18.0,월수금,1,0,2,5,1+1+1
1371,10.265,MR,YCA1006-01-00,UIC1561-01-00 UIC1551-04-00 UIC2151-07-00 UIC1805-01-00,YCE1253-01-00 UCD1101-01-00,18.0,월수금,1,0,2,5,1+1+1
1372,10.265,MR,YCA1006-01-00,UIC1561-01-00 UIC1551-04-00 UIC2151-05-00 UIC1806-02-00,YCE1253-01-00 UCD1101-01-00,18.0,월수금,1,0,2,5,1+1+1
1373,10.265,MR,YCA1006-01-00,UIC1561-01-00 UIC1551-04-00 UIC2151-07-00 UIC1805-01-00,YCE1253-01-00 UCD1101-01-00,18.0,월수금,1,0,2,5,1+1+1
1374,10.265,MR,YCA1006-01-00,UIC1561-01-00 UIC1551-04-00 UIC2151-06-00 UIC1805-01-00,YCE1253-01-00 UCD1101-01-00,18.0,월수금,1,0,2,5,1+1+1
1375,10.265,MR,YCA1006-01-00,UIC1561-01-00 UIC1551-04-00 UIC2151-07-00 UIC1806-01-00,YCE1253-01-00 UCD1101-01-00,18.0,월수금,1,0,2,5,1+1+1
1376,10.265,MR,YCA1006-01-00,UIC1561-01-00 UIC1551-04-00 UIC2151-06-00 UIC1806-01-00,YCE1253-01-00 UCD1101-01-00,18.0,월수금,1,0,2,5,1+1+1
1377,10.22,Lang,YCA1006-02-00,QRM1001-01-00 UIC1561-01-00 UIC1551-01-00 UIC2151-12-00,UCB1105-02-00 YCE1253-01-00,18.0,월금,1,0,1,6,1+3
1378,10.19,MR,YCA1006-02-00,UIC1561-01-00 ASP2022-01-00 UIC2151-06-00 UIC1805-01-00,YCK1998-03-00 STA1002-04-00,18.0,월금,1,0,0,,2+1+2+2+1
1379,10.19,MR,YCA1006-01-00,UIC1561-01-00 ASP2022-01-00 UIC2151-06-00 UIC1805-01-00,YCK1998-03-00 STA1002-04-00,18.0,월금,1,0,0,,2+1+2+2+1
1380,10.19,MR,YCA1006-02-00,UIC1561-01-00 ASP2022-01-00 UIC2151-06-00 UIC1806-01-00,YCK1998-03-00 STA1002-04-00,18.0,월금,1,0,0,,2+1+2+2+1
1381,10.19,MR,YCA1006-01-00,UIC1561-01-00 ASP2022-01-00 UIC2151-06-00 UIC1806-01-00,YCK1998-03-00 STA1002-04-00,18.0,월금,1,0,0,,2+1+2+2+1
1382,10.19,MR,YCA1006-01-00,UIC1561-01-00 ASP2022-01-00 UIC2151-07-00 UIC1806-01-00,YCK1998-03-00 STA1002-04-00,18.0,월금,1,0,0,,2+1+2+2+1
1383,10.19,MR,YCA1006-01-00,UIC1561-01-00 ASP2022-01-00 UIC2151-07-00 UIC1806-01-00,YCK1998-03-00 STA1002-04-00,18.0,월금,1,0,0,,2+1+2+2+1
1384,10.19,MR,YCA1006-02-00,UIC1561-01-00 ASP2022-01-00 UIC2151-07-00 UIC1805-01-00,YCK1998-03-00 STA1002-04-00,18.0,월금,1,0,0,,2+1+2+2+1
1385,10.19,MR,YCA1006-02-00,UIC1561-01-00 ASP2022-01-00 UIC2151-06-00 UIC1805-01-00,YCK1998-03-00 STA1002-04-00,18.0,월금,1,0,0,,2+1+2+2+1
1386,10.19,MR,YCA1006-02-00,UIC1561-01-00 ASP2022-01-00 UIC2151-05-00 UIC1806-02-00,YCK1998-03-00 STA1002-04-00,18.0,월금,1,0,0,,2+1+2+2+1
1387,10.19,MR,YCA1006-02-00,UIC1561-01-00 ASP2022-01-00 UIC2151-12-00 UIC1806-02-00,ECO1002-04-00 YCK1998-03-00,18.0,월금,1,0,0,,2+3+1
1388,10.19,MR,YCA1006-01-00,UIC1561-01-00 ASP2022-01-00 UIC2151-07-00 UIC1805-01-00,YCK1998-03-00 STA1002-04-00,18.0,월금,1,0,0,,2+1+2+2+1
1389,10.19,MR,YCA1006-01-00,UIC1561-01-00 ASP2022-01-00 UIC2151-07-00 UIC1805-01-00,YCK1998-03-00 STA1002-04-00,18.0,월금,1,0,0,,2+1+2+2+1
1390,10.19,MR,YCA1006-02-00,UIC1561-01-00 ASP2022-01-00 UIC2151-12-00 UIC1806-02-00,ECO1002-04-00 YCK1998-03-00,18.0,월금,1,0,0,,2+3+1
1391,10.19,MR,YCA1006-02-00,UIC1561-01-00 ASP2022-01-00 UIC2151-05-00 UIC1806-02-00,YCK1998-03-00 STA1002-04-00,18.0,월금,1,0,0,,2+1+2+2+1
1392,10.19,MR,YCA1006-02-00,UIC1561-01-00 ASP2022-01-00 UIC2151-07-00 UIC1806-01-00,YCK1998-03-00 STA1002-04-00,18.0,월금,1,0,0,,2+1+2+2+1
1393,10.19,MR,YCA1006-02-00,UIC1561-01-00 ASP2022-01-00 UIC2151-07-00 UIC1806-01-00,YCK1998-03-00 STA1002-04-00,18.0,월금,1,0,0,,2+1+2+2+1
1394,10.19,MR,YCA1006-02-00,UIC1561-01-00 ASP2022-01-00 UIC2151-06-00 UIC1806-01-00,YCK1998-03-00 STA1002-04-00,18.0,월금,1,0,0,,2+1+2+2+1
1395,10.19,MR,YCA1006-02-00,UIC1561-01-00 UIC1551-04-00 UIC2151-12-00 UIC1805-02-00,YCK1998-03-00 STA1002-04-00,18.0,월금,1,0,1,4,2+1+1+2+2
1396,10.19,MR,YCA1006-01-00,UIC1561-01-00 ASP2022-01-00 UIC2151-06-00 UIC1805-01-00,YCK1998-03-00 STA1002-04-00,18.0,월금,1,0,0,,2+1+2+2+1
1397,10.19,MR,YCA1006-01-00,UIC1561-01-00 ASP2022-01-00 UIC2151-05-00 UIC1806-02-00,YCK1998-03-00 STA1002-04-00,18.0,월금,1,0,0,,2+1+2+2+1
1398,10.19,MR,YCA1006-01-00,UIC1561-01-00 ASP2022-01-00 UIC2151-06-00 UIC1806-01-00,YCK1998-03-00 STA1002-04-00,18.0,월금,1,0,0,,2+1+2+2+1
1399,10.19,MR,YCA1006-01-00,UIC1561-01-00 ASP2022-01-00 UIC2151-05-00 UIC1806-02-00,YCK1998-03-00 STA1002-04-00,18.0,월금,1,0,0,,2+1+2+2+1
1400,10.19,MR,YCA1006-02-00,UIC1561-01-00 ASP2022-01-00 UIC2151-07-00 UIC1805-01-00,YCK1998-03-00 STA1002-04-00,18.0,월금,1,0,0,,2+1+2+2+1
1401,10.19,MR,YCA1006-02-00,UIC1561-01-00 UIC1551-04-00 UIC2151-12-00 UIC1805-02-00,YCK1998-03-00 STA1002-04-00,18.0,월금,1,0,1,4,2+1+1+2+2
1402,10.169,MR,YCA1006-01-00,UIC1561-01-00 UIC1251-02-00 UIC2151-14-00 UIC1805-02-00,YCH1202-01-00 CTM1001-02-00,18.0,월금,0,1,2,6,1+1+1
1403,10.169,MR,YCA1006-01-00,UIC1561-01-00 UIC1401-02-00 UIC2151-14-00 UIC1806-02-00,YCH1202-01-00 CTM1001-02-00,18.0,월금,0,1,2,6,1+1+1
1404,10.169,MR,YCA1006-01-00,UIC1561-01-00 UIC1401-02-00 UIC2151-14-00 UIC1806-02-00,YCH1202-01-00 CTM1001-02-00,18.0,월금,0,1,2,6,1+1+1
1405,10.169,MR,YCA1006-01-00,UIC1561-01-00 UIC1251-02-00 UIC2151-14-00 UIC1805-02-00,YCH1202-01-00 CTM1001-02-00,18.0,월금,0,1,2,6,1+1+1
1406,10.115,MR,YCA1006-02-00,UIC1561-01-00 UIC1401-02-00 UIC2151-14-00 UIC1806-02-00,UCD1101-01-00 BIZ1101-09-00,18.0,월금,0,1,2,7,1
1407,10.115,MR,YCA1006-01-00,UIC1561-01-00 UIC1401-02-00 UIC2151-14-00 UIC1806-01-00,YCH1605-01-00 YCK1998-03-00,18.0,월금,1,0,1,6,1
1408,10.115,MR,YCA1006-01-00,UIC1561-01-00 UIC1501-04-00 UIC2151-14-00 UIC1805-02-00,YCH1605-01-00 YCK1998-03-00,18.0,월금,1,0,1,6,1
1409,10.115,MR,YCA1006-02-00,UIC1561-01-00 UIC1551-04-00 UIC2151-07-00 UIC1805-02-00,UCD1101-01-00 YCK1998-03-00,18.0,월금,0,1,2,4+6,1
1410,10.115,MR,YCA1006-01-00,UIC1561-01-00 UIC1401-02-00 UIC2151-14-00 UIC1806-01-00,YCH1605-01-00 YCK1998-03-00,18.0,월금,1,0,1,6,1
1411,10.115,MR,YCA1006-02-00,UIC1561-01-00 UIC1551-01-00 UIC2151-07-00 UIC1805-02-00,YCI1901-01-00 BIZ1101-09-00,18.0,월금,0,1,2,7,1
1412,10.115,MR,YCA1006-02-00,UIC1561-01-00 UIC1551-01-00 UIC2151-08-00 UIC1806-02-00,YCI1901-01-00 BIZ1101-09-00,18.0,월금,0,1,2,7,1
1413,10.115,MR,YCA1006-02-00,UIC1561-01-00 UIC1551-04-00 UIC2151-08-00 UIC1806-02-00,UCD1101-01-00 YCK1998-03-00,18.0,월금,0,1,2,4+6,1
1414,10.115,MR,YCA1006-02-00,UIC1561-01-00 UIC1551-04-00 UIC2151-09-00 UIC1806-02-00,UCD1101-01-00 YCK1998-03-00,18.0,월금,0,1,2,4+6,1
1415,10.115,MR,YCA1006-02-00,UIC1561-01-00 UIC1551-04-00 UIC2151-06-00 UIC1805-02-00,UCD1101-01-00 YCK1998-03-00,18.0,월금,0,1,2,4+6,1
1416,10.115,MR,YCA1006-01-00,UIC1561-01-00 UIC1401-02-00 UIC2151-14-00 UIC1805-01-00,YCH1605-01-00 YCK1998-03-00,18.0,월금,1,0,1,6,1
1417,10.115,MR,YCA1006-02-00,UIC1561-01-00 UIC1551-01-00 UIC2151-07-00 UIC1805-02-00,YCI1901-01-00 BIZ1101-09-00,18.0,월금,0,1,2,7,1
1418,10.115,MR,YCA1006-02-00,UIC1561-01-00 UIC1551-01-00 UIC2151-09-00 UIC1806-02-00,YCI1901-01-00 BIZ1101-09-00,18.0,월금,0,1,2,7,1
1419,10.115,MR,YCA1006-02-00,UIC1561-01-00 UIC1251-02-00 UIC2151-14-00 UIC1805-02-00,UCD1101-01-00 BIZ1101-09-00,18.0,월금,0,1,2,7,1
1420,10.115,MR,YCA1006-02-00,UIC1561-01-00 UIC1551-01-00 UIC2151-08-00 UIC1806-02-00,YCI1901-01-00 BIZ1101-09-00,18.0,월금,0,1,2,7,1
1421,10.115,MR,YCA1006-01-00,UIC1561-01-00 UIC1501-04-00 UIC2151-14-00 UIC1805-02-00,YCH1605-01-00 YCK1998-03-00,18.0,월금,1,0,1,6,1
1422,10.115,MR,YCA1006-02-00,UIC1561-01-00 UIC1401-02-00 UIC2151-14-00 UIC1806-02-00,UCD1101-01-00 BIZ1101-09-00,18.0,월금,0,1,2,7,1
1423,10.115,MR,YCA1006-01-00,UIC1561-01-00 UIC1401-02-00 UIC2151-14-00 UIC1805-01-00,YCH1605-01-00 YCK1998-03-00,18.0,월금,1,0,1,6,1
1424,10.115,MR,YCA1006-02-00,UIC1561-01-00 UIC1551-01-00 UIC2151-09-00 UIC1806-02-00,YCI1901-01-00 BIZ1101-09-00,18.0,월금,0,1,2,7,1
1425,10.115,MR,YCA1006-02-00,UIC1561-01-00 UIC1551-04-00 UIC2151-09-00 UIC1806-02-00,UCD1101-01-00 YCK1998-03-00,18.0,월금,0,1,2,4+6,1
1426,10.115,MR,YCA1006-02-00,UIC1561-01-00 UIC1551-04-00 UIC2151-08-00 UIC1806-02-00,UCD1101-01-00 YCK1998-03-00,18.0,월금,0,1,2,4+6,1
1427,10.115,MR,YCA1006-02-00,UIC1561-01-00 UIC1551-01-00 UIC2151-06-00 UIC1805-02-00,YCI1901-01-00 BIZ1101-09-00,18.0,월금,0,1,2,7,1
1428,10.115,MR,YCA1006-02-00,UIC1561-01-00 UIC1251-02-00 UIC2151-14-00 UIC1805-02-00,UCD1101-01-00 BIZ1101-09-00,18.0,월금,0,1,2,7,1
1429,10.115,MR,YCA1006-02-00,UIC1561-01-00 UIC1551-04-00 UIC2151-06-00 UIC1805-02-00,UCD1101-01-00 YCK1998-03-00,18.0,월금,0,1,2,4+6,1
1430,10.115,MR,YCA1006-02-00,UIC1561-01-00 UIC1551-04-00 UIC2151-07-00 UIC1805-02-00,UCD1101-01-00 YCK1998-03-00,18.0,월금,0,1,2,4+6,1
1431,10.115,MR,YCA1006-02-00,UIC1561-01-00 UIC1551-01-00 UIC2151-06-00 UIC1805-02-00,YCI1901-01-00 BIZ1101-09-00,18.0,월금,0,1,2,7,1
1432,10.105,MR,YCA1006-01-00,UIC1561-01-00 UIC1251-02-00 UIC2151-12-00 UIC1805-02-00,YCK1998-03-00 STA2102-05-00,18.0,월금,1,0,0,4,1+2
1433,10.105,MR,YCA1006-01-00,UIC1561-01-00 UIC1251-02-00 UIC2151-12-00 UIC1805-02-00,YCK1998-03-00 STA2102-05-00,18.0,월금,1,0,0,4,1+2
1434,10.105,MR,YCA1006-01-00,UIC1561-01-00 UIC1401-02-00 UIC2151-12-00 UIC1806-02-00,YCK1998-03-00 STA2102-05-00,18.0,월금,1,0,0,4,1+2
1435,10.105,MR,YCA1006-01-00,UIC1561-01-00 UIC1401-02-00 UIC2151-12-00 UIC1806-02-00,YCK1998-03-00 STA2102-05-00,18.0,월금,1,0,0,4,1+2
1436,10.099,Lang,YCA1006-02-00,QRM1001-01-00 UIC1561-01-00 UIC1551-01-00 UIC2151-12-00,YCE1253-01-00 ANT2105-01-00,18.0,월금,1,0,2,4,1+3+1
1437,10.065,MR,YCA1006-02-00,UIC1561-01-00 UIC1551-04-00 UIC2151-06-00 UIC1805-01-00,YCK1998-03-00 STA1002-04-00,18.0,월금,1,0,1,,2+1+3+2+1
1438,10.065,MR,YCA1006-02-00,UIC1561-01-00 UIC1551-01-00 UIC2151-12-00 UIC1805-02-00,ECO1002-04-00 YCK1998-03-00,18.0,월금,1,0,1,,1+3+3
1439,10.065,MR,YCA1006-01-00,UIC1561-01-00 UIC1551-04-00 UIC2151-07-00 UIC1806-01-00,YCK1998-03-00 STA1002-04-00,18.0,월금,1,0,1,,2+1+3+2+1
1440,10.065,MR,YCA1006-01-00,UIC1561-01-00 UIC1551-04-00 UIC2151-07-00 UIC1805-01-00,YCK1998-03-00 STA1002-04-00,18.0,월금,1,0,1,,2+1+3+2+1
1441,10.065,MR,YCA1006-01-00,UIC1561-01-00 UIC1251-02-00 UIC2151-12-00 UIC1805-02-00,YCK1998-03-00 SED2104-01-00,18.0,월금,1,0,2,,1+3+1
1442,10.065,MR,YCA1006-02-00,UIC1561-01-00 UIC1551-01-00 UIC2151-08-00 UIC1805-01-00,YCK1998-03-00 STA1002-04-00,18.0,월금,1,0,1,,2+1+1+2+3
1443,10.065,MR,YCA1006-01-00,UIC1561-01-00 UIC1551-04-00 UIC2151-05-00 UIC1806-02-00,YCK1998-03-00 STA1002-04-00,18.0,월금,1,0,1,,2+1+3+2+1
1444,10.065,MR,YCA1006-02-00,UIC1561-01-00 UIC1551-04-00 UIC2151-05-00 UIC1806-02-00,YCK1998-03-00 STA1002-04-00,18.0,월금,1,0,1,,2+1+3+2+1
1445,10.065,MR,YCA1006-02-00,UIC1561-01-00 UIC1551-01-00 UIC2151-08-00 UIC1806-01-00,YCK1998-03-00 STA1002-04-00,18.0,월금,1,0,1,,2+1+1+2+3
1446,10.065,MR,YCA1006-02-00,UIC1561-01-00 UIC1551-04-00 UIC2151-06-00 UIC1806-01-00,YCK1998-03-00 STA1002-04-00,18.0,월금,1,0,1,,2+1+3+2+1
1447,10.065,MR,YCA1006-01-00,UIC1561-01-00 UIC1401-02-00 UIC2151-12-00 UIC1806-02-00,YCK1998-03-00 SED2104-01-00,18.0,월금,1,0,2,,1+3+1
1448,10.065,MR,YCA1006-02-00,UIC1561-01-00 UIC1551-04-00 UIC2151-06-00 UIC1806-01-00,YCK1998-03-00 STA1002-04-00,18.0,월금,1,0,1,,2+1+3+2+1
1449,10.065,MR,YCA1006-02-00,UIC1561-01-00 UIC1551-01-00 UIC2151-09-00 UIC1806-01-00,YCK1998-03-00 STA1002-04-00,18.0,월금,1,0,1,,2+1+1+2+3
1450,10.065,MR,YCA1006-01-00,UIC1561-01-00 UIC1551-04-00 UIC2151-06-00 UIC1806-01-00,YCK1998-03-00 STA1002-04-00,18.0,월금,1,0,1,,2+1+3+2+1
1451,10.065,MR,YCA1006-02-00,UIC1561-01-00 UIC1551-04-00 UIC2151-07-00 UIC1805-01-00,YCK1998-03-00 STA1002-04-00,18.0,월금,1,0,1,,2+1+3+2+1
1452,10.065,MR,YCA1006-02-00,UIC1561-01-00 UIC1551-01-00 UIC2151-05-00 UIC1805-02-00,YCK1998-03-00 STA1002-04-00,18.0,월금,1,0,1,,2+1+1+2+3
1453,10.065,MR,YCA1006-01-00,UIC1561-01-00 UIC1551-04-00 UIC2151-06-00 UIC1805-01-00,YCK1998-03-00 STA1002-04-00,18.0,월금,1,0,1,,2+1+3+2+1
1454,10.065,MR,YCA1006-02-00,UIC1561-01-00 UIC1551-01-00 UIC2151-09-00 UIC1805-01-00,YCK1998-03-00 STA1002-04-00,18.0,월금,1,0,1,,2+1+1+2+3
1455,10.065,MR,YCA1006-01-00,UIC1561-01-00 UIC1551-04-00 UIC2151-07-00 UIC1805-01-00,YCK1998-03-00 STA1002-04-00,18.0,월금,1,0,1,,2+1+3+2+1
1456,10.065,MR,YCA1006-01-00,UIC1561-01-00 UIC1551-04-00 UIC2151-05-00 UIC1806-02-00,YCK1998-03-00 STA1002-04-00,18.0,월금,1,0,1,,2+1+3+2+1
1457,10.065,MR,YCA1006-02-00,UIC1561-01-00 UIC1551-04-00 UIC2151-07-00 UIC1805-01-00,YCK1998-03-00 STA1002-04-00,18.0,월금,1,0,1,,2+1+3+2+1
1458,10.065,MR,YCA1006-01-00,UIC1561-01-00 UIC1401-02-00 UIC2151-12-00 UIC1806-02-00,YCK1998-03-00 SED2104-01-00,18.0,월금,1,0,2,,1+3+1
1459,10.065,MR,YCA1006-01-00,UIC1561-01-00 UIC1551-04-00 UIC2151-06-00 UIC1806-01-00,YCK1998-03-00 STA1002-04-00,18.0,월금,1,0,1,,2+1+3+2+1
1460,10.065,MR,YCA1006-02-00,UIC1561-01-00 UIC1551-01-00 UIC2151-09-00 UIC1805-01-00,YCK1998-03-00 STA1002-04-00,18.0,월금,1,0,1,,2+1+1+2+3
1461,10.065,MR,YCA1006-02-00,UIC1561-01-00 UIC1551-01-00 UIC2151-08-00 UIC1806-01-00,YCK1998-03-00 STA1002-04-00,18.0,월금,1,0,1,,2+1+1+2+3
1462,10.065,MR,YCA1006-02-00,UIC1561-01-00 UIC1551-01-00 UIC2151-05-00 UIC1805-02-00,YCK1998-03-00 STA1002-04-00,18.0,월금,1,0,1,,2+1+1+2+3
1463,10.065,MR,YCA1006-02-00,UIC1561-01-00 UIC1551-01-00 UIC2151-09-00 UIC1806-01-00,YCK1998-03-00 STA1002-04-00,18.0,월금,1,0,1,,2+1+1+2+3
1464,10.065,MR,YCA1006-02-00,UIC1561-01-00 UIC1551-01-00 UIC2151-08-00 UIC1805-01-00,YCK1998-03-00 STA1002-04-00,18.0,월금,1,0,1,,2+1+1+2+3
1465,10.065,MR,YCA1006-02-00,UIC1561-01-00 UIC1551-01-00 UIC2151-12-00 UIC1805-02-00,ECO1002-04-00 YCK1998-03-00,18.0,월금,1,0,1,,1+3+3
1466,10.065,MR,YCA1006-02-00,UIC1561-01-00 UIC1551-04-00 UIC2151-07-00 UIC1806-01-00,YCK1998-03-00 STA1002-04-00,18.0,월금,1,0,1,,2+1+3+2+1
1467,10.065,MR,YCA1006-01-00,UIC1561-01-00 UIC1551-04-00 UIC2151-06-00 UIC1805-01-00,YCK1998-03-00 STA1002-04-00,18.0,월금,1,0,1,,2+1+3+2+1
1468,10.065,MR,YCA1006-02-00,UIC1561-01-00 UIC1551-04-00 UIC2151-05-00 UIC1806-02-00,YCK1998-03-00 STA1002-04-00,18.0,월금,1,0,1,,2+1+3+2+1
1469,10.065,MR,YCA1006-01-00,UIC1561-01-00 UIC1251-02-00 UIC2151-12-00 UIC1805-02-00,YCK1998-03-00 SED2104-01-00,18.0,월금,1,0,2,,1+3+1
1470,10.065,MR,YCA1006-02-00,UIC1561-01-00 UIC1551-04-00 UIC2151-12-00 UIC1806-02-00,ECO1002-04-00 YCK1998-03-00,18.0,월금,1,0,1,,3+3+1
1471,10.065,MR,YCA1006-01-00,UIC1561-01-00 UIC1551-04-00 UIC2151-07-00 UIC1806-01-00,YCK1998-03-00 STA1002-04-00,18.0,월금,1,0,1,,2+1+3+2+1
1472,10.065,MR,YCA1006-02-00,UIC1561-01-00 UIC1551-04-00 UIC2151-12-00 UIC1806-02-00,ECO1002-04-00 YCK1998-03-00,18.0,월금,1,0,1,,3+3+1
1473,10.065,MR,YCA1006-02-00,UIC1561-01-00 UIC1551-04-00 UIC2151-07-00 UIC1806-01-00,YCK1998-03-00 STA1002-04-00,18.0,월금,1,0,1,,2+1+3+2+1
1474,10.065,MR,YCA1006-02-00,UIC1561-01-00 UIC1551-04-00 UIC2151-06-00 UIC1805-01-00,YCK1998-03-00 STA1002-04-00,18.0,월금,1,0,1,,2+1+3+2+1
1475,10.015,MR,YCA1006-02-00,UIC1561-01-00 UIC1551-01-00 UIC2151-08-00 UIC1806-02-00,YCK1998-03-00 STP2004-01-00,18.0,월금,0,1,1,5,2+1
1476,10.015,MR,YCA1006-02-00,UIC1561-01-00 UIC1551-01-00 UIC2151-08-00 UIC1806-02-00,YCK1998-03-00 STP2004-01-00,18.0,월금,0,1,1,5,2+1
1477,10.015,MR,YCA1006-02-00,UIC1561-01-00 UIC1551-01-00 UIC2151-12-00 UIC1806-02-00,UCB1105-02-00 YCK1998-03-00,18.0,월금,1,0,1,5,2+3
1478,10.015,MR,YCA1006-02-00,UIC1561-01-00 UIC1551-04-00 UIC2151-12-00 UIC1806-02-00,YCJ1305-01-00 BIZ1101-09-00,18.0,월금,1,0,2,5,2+1
1479,10.015,MR,YCA1006-02-00,UIC1561-01-00 UIC1551-01-00 UIC2151-09-00 UIC1806-02-00,YCK1998-03-00 STP2004-01-00,18.0,월금,0,1,1,5,2+1
1480,10.015,MR,YCA1006-02-00,UIC1561-01-00 UIC1551-01-00 UIC2151-12-00 UIC1806-02-00,YCB1101-13-00 BIZ1101-09-00,18.0,월금,1,0,2,5,2+1
1481,10.015,MR,YCA1006-02-00,UIC1561-01-00 UIC1551-04-00 UIC2151-12-00 UIC1806-02-00,YCB1101-43-00 BIZ1101-09-00,18.0,월금,1,0,2,5,2+1
1482,10.015,MR,YCA1006-02-00,UIC1561-01-00 UIC1551-01-00 UIC2151-06-00 UIC1805-02-00,YCK1998-03-00 STP2004-01-00,18.0,월금,0,1,1,5,2+1
1483,10.015,MR,YCA1006-02-00,UIC1561-01-00 UIC1551-04-00 UIC2151-12-00 UIC1806-02-00,YCB1101-43-00 BIZ1101-09-00,18.0,월금,1,0,2,5,2+1
1484,10.015,MR,YCA1006-02-00,UIC1561-01-00 UIC1551-01-00 UIC2151-07-00 UIC1805-02-00,YCK1998-03-00 STP2004-01-00,18.0,월금,0,1,1,5,2+1
1485,10.015,MR,YCA1006-02-00,UIC1561-01-00 UIC1551-01-00 UIC2151-06-00 UIC1805-02-00,YCK1998-03-00 STP2004-01-00,18.0,월금,0,1,1,5,2+1
1486,10.015,MR,YCA1006-02-00,UIC1561-01-00 UIC1551-04-00 UIC2151-12-00 UIC1806-02-00,YCJ1305-01-00 BIZ1101-09-00,18.0,월금,1,0,2,5,2+1
1487,10.015,MR,YCA1006-02-00,UIC1561-01-00 UIC1551-01-00 UIC2151-09-00 UIC1806-02-00,YCK1998-03-00 STP2004-01-00,18.0,월금,0,1,1,5,2+1
1488,10.015,MR,YCA1006-02-00,UIC1561-01-00 UIC1551-01-00 UIC2151-12-00 UIC1806-02-00,UCB1105-02-00 YCK1998-03-00,18.0,월금,1,0,1,5,2+3
1489,10.015,MR,YCA1006-02-00,UIC1561-01-00 UIC1551-01-00 UIC2151-07-00 UIC1805-02-00,YCK1998-03-00 STP2004-01-00,18.0,월금,0,1,1,5,2+1
1490,10.015,MR,YCA1006-02-00,UIC1561-01-00 UIC1551-01-00 UIC2151-12-00 UIC1806-02-00,YCB1101-13-00 BIZ1101-09-00,18.0,월금,1,0,2,5,2+1
1491,9.98,MR,YCA1006-02-00,UIC1561-01-00 UIC1551-04-00 UIC2151-12-00 UIC1805-02-00,UCD1101-01-00 STA2102-05-00,18.0,월금,1,0,2,4,1+1+2+2
1492,9.98,MR,YCA1006-02-00,UIC1561-01-00 UIC1551-04-00 UIC2151-12-00 UIC1805-02-00,UCD1101-01-00 STA2102-05-00,18.0,월금,1,0,2,4,1+1+2+2
1493,9.94,MR,YCA1006-01-00,UIC1561-01-00 UIC1251-02-00 UIC2151-14-00 UIC1806-01-00,UCD1101-01-00 CTM1001-02-00,18.0,월금,1,1,2,,1+2+1+1+1
1494,9.94,MR,YCA1006-02-00,UIC1561-01-00 UIC1551-01-00 UIC2151-06-00 UIC1806-01-00,YCI1901-01-00 CTM1001-02-00,18.0,월금,1,1,2,,1+2+1+1+1
1495,9.94,MR,YCA1006-02-00,UIC1561-01-00 UIC1551-04-00 UIC2151-09-00 UIC1806-01-00,UCD1101-01-00 CTM1001-02-00,18.0,월금,1,1,2,,1+1+1+1+2
1496,9.94,MR,YCA1006-02-00,UIC1561-01-00 UIC1501-04-00 UIC2151-14-00 UIC1806-02-00,UCD1101-01-00 CTM1001-02-00,18.0,월금,1,1,2,,1+2+1+1+1
1497,9.94,MR,YCA1006-02-00,UIC1561-01-00 UIC1551-01-00 UIC2151-07-00 UIC1805-01-00,YCI1901-01-00 CTM1001-02-00,18.0,월금,1,1,2,,1+2+1+1+1
1498,9.94,MR,YCA1006-01-00,UIC1561-01-00 UIC1551-01-00 UIC2151-06-00 UIC1806-01-00,YCI1901-01-00 CTM1001-02-00,18.0,월금,1,1,2,,1+2+1+1+1
1499,9.94,MR,YCA1006-02-00,UIC1561-01-00 UIC1551-01-00 UIC2151-07-00 UIC1805-01-00,YCI1901-01-00 CTM1001-02-00,18.0,월금,1,1,2,,1+2+1+1+1
1500,9.94,MR,YCA1006-02-00,UIC1561-01-00 UIC1551-01-00 UIC2151-05-00 UIC1806-02-00,YCI1901-01-00 CTM1001-02-00,18.0,월금,1,1,2,,1+2+1+1+1
1501,9.94,MR,YCA1006-01-00,UIC1561-01-00 UIC1501-04-00 UIC2151-14-00 UIC1806-02-00,UCD1101-01-00 CTM1001-02-00,18.0,월금,1,1,2,,1+2+1+1+1
1502,9.94,MR,YCA1006-01-00,UIC1561-01-00 UIC1551-01-00 UIC2151-07-00 UIC1805-01-00,YCI1901-01-00 CTM1001-02-00,18.0,월금,1,1,2,,1+2+1+1+1
1503,9.94,MR,YCA1006-01-00,UIC1561-01-00 UIC1251-02-00 UIC2151-14-00 UIC1805-01-00,UCD1101-01-00 CTM1001-02-00,18.0,월금,1,1,2,,1+2+1+1+1
1504,9.94,MR,YCA1006-02-00,UIC1561-01-00 UIC1251-02-00 UIC2151-14-00 UIC1806-01-00,UCD1101-01-00 CTM1001-02-00,18.0,월금,1,1,2,,1+2+1+1+1
1505,9.94,MR,YCA1006-01-00,UIC1561-01-00 UIC1551-01-00 UIC2151-06-00 UIC1805-01-00,YCI1901-01-00 CTM1001-02-00,18.0,월금,1,1,2,,1+2+1+1+1
1506,9.94,MR,YCA1006-01-00,UIC1561-01-00 UIC1251-02-00 UIC2151-14-00 UIC1806-01-00,UCD1101-01-00 CTM1001-02-00,18.0,월금,1,1,2,,1+2+1+1+1
1507,9.94,MR,YCA1006-02-00,UIC1561-01-00 UIC1551-04-00 UIC2151-08-00 UIC1806-01-00,UCD1101-01-00 CTM1001-02-00,18.0,월금,1,1,2,,1+1+1+1+2
1508,9.94,MR,YCA1006-01-00,UIC1561-01-00 UIC1551-01-00 UIC2151-07-00 UIC1805-01-00,YCI1901-01-00 CTM1001-02-00,18.0,월금,1,1,2,,1+2+1+1+1
1509,9.94,MR,YCA1006-02-00,UIC1561-01-00 UIC1251-02-00 UIC2151-14-00 UIC1805-01-00,UCD1101-01-00 CTM1001-02-00,18.0,월금,1,1,2,,1+2+1+1+1
1510,9.94,MR,YCA1006-02-00,UIC1561-01-00 UIC1551-04-00 UIC2151-09-00 UIC1805-01-00,UCD1101-01-00 CTM1001-02-00,18.0,월금,1,1,2,,1+1+1+1+2
1511,9.94,MR,YCA1006-02-00,UIC1561-01-00 UIC1551-04-00 UIC2151-05-00 UIC1805-02-00,UCD1101-01-00 CTM1001-02-00,18.0,월금,1,1,2,,1+1+1+1+2
1512,9.94,MR,YCA1006-02-00,UIC1561-01-00 UIC1551-01-00 UIC2151-05-00 UIC1806-02-00,YCI1901-01-00 CTM1001-02-00,18.0,월금,1,1,2,,1+2+1+1+1
1513,9.94,MR,YCA1006-02-00,UIC1561-01-00 UIC1251-02-00 UIC2151-14-00 UIC1806-01-00,UCD1101-01-00 CTM1001-02-00,18.0,월금,1,1,2,,1+2+1+1+1
1514,9.94,MR,YCA1006-01-00,UIC1561-01-00 UIC1551-01-00 UIC2151-05-00 UIC1806-02-00,YCI1901-01-00 CTM1001-02-00,18.0,월금,1,1,2,,1+2+1+1+1
1515,9.94,MR,YCA1006-02-00,UIC1561-01-00 UIC1551-04-00 UIC2151-08-00 UIC1806-01-00,UCD1101-01-00 CTM1001-02-00,18.0,월금,1,1,2,,1+1+1+1+2
1516,9.94,MR,YCA1006-02-00,UIC1561-01-00 UIC1501-04-00 UIC2151-14-00 UIC1806-02-00,UCD1101-01-00 CTM1001-02-00,18.0,월금,1,1,2,,1+2+1+1+1
1517,9.94,MR,YCA1006-01-00,UIC1561-01-00 UIC1551-01-00 UIC2151-06-00 UIC1805-01-00,YCI1901-01-00 CTM1001-02-00,18.0,월금,1,1,2,,1+2+1+1+1
1518,9.94,MR,YCA1006-02-00,UIC1561-01-00 UIC1551-01-00 UIC2151-07-00 UIC1806-01-00,YCI1901-01-00 CTM1001-02-00,18.0,월금,1,1,2,,1+2+1+1+1
1519,9.94,MR,YCA1006-02-00,UIC1561-01-00 UIC1551-01-00 UIC2151-06-00 UIC1806-01-00,YCI1901-01-00 CTM1001-02-00,18.0,월금,1,1,2,,1+2+1+1+1
1520,9.94,MR,YCA1006-02-00,UIC1561-01-00 UIC1551-04-00 UIC2151-08-00 UIC1805-01-00,UCD1101-01-00 CTM1001-02-00,18.0,월금,1,1,2,,1+1+1+1+2
1521,9.94,MR,YCA1006-02-00,UIC1561-01-00 UIC1551-01-00 UIC2151-07-00 UIC1806-01-00,YCI1901-01-00 CTM1001-02-00,18.0,월금,1,1,2,,1+2+1+1+1
1522,9.94,MR,YCA1006-01-00,UIC1561-01-00 UIC1551-01-00 UIC2151-05-00 UIC1806-02-00,YCI1901-01-00 CTM1001-02-00,18.0,월금,1,1,2,,1+2+1+1+1
1523,9.94,MR,YCA1006-02-00,UIC1561-01-00 UIC1551-01-00 UIC2151-06-00 UIC1805-01-00,YCI1901-01-00 CTM1001-02-00,18.0,월금,1,1,2,,1+2+1+1+1
1524,9.94,MR,YCA1006-02-00,UIC1561-01-00 UIC1551-01-00 UIC2151-06-00 UIC1805-01-00,YCI1901-01-00 CTM1001-02-00,18.0,월금,1,1,2,,1+2+1+1+1
1525,9.94,MR,YCA1006-01-00,UIC1561-01-00 UIC1551-01-00 UIC2151-07-00 UIC1806-01-00,YCI1901-01-00 CTM1001-02-00,18.0,월금,1,1,2,,1+2+1+1+1
1526,9.94,MR,YCA1006-02-00,UIC1561-01-00 UIC1551-04-00 UIC2151-05-00 UIC1805-02-00,UCD1101-01-00 CTM1001-02-00,18.0,월금,1,1,2,,1+1+1+1+2
1527,9.94,MR,YCA1006-01-00,UIC1561-01-00 UIC1551-01-00 UIC2151-07-00 UIC1806-01-00,YCI1901-01-00 CTM1001-02-00,18.0,월금,1,1,2,,1+2+1+1+1
1528,9.94,MR,YCA1006-02-00,UIC1561-01-00 UIC1551-04-00 UIC2151-08-00 UIC1805-01-00,UCD1101-01-00 CTM1001-02-00,18.0,월금,1,1,2,,1+1+1+1+2
1529,9.94,MR,YCA1006-01-00,UIC1561-01-00 UIC1501-04-00 UIC2151-14-00 UIC1806-02-00,UCD1101-01-00 CTM1001-02-00,18.0,월금,1,1,2,,1+2+1+1+1
1530,9.94,MR,YCA1006-02-00,UIC1561-01-00 UIC1551-04-00 UIC2151-09-00 UIC1805-01-00,UCD1101-01-00 CTM1001-02-00,18.0,월금,1,1,2,,1+1+1+1+2
1531,9.94,MR,YCA1006-01-00,UIC1561-01-00 UIC1251-02-00 UIC2151-14-00 UIC1805-01-00,UCD1101-01-00 CTM1001-02-00,18.0,월금,1,1,2,,1+2+1+1+1
1532,9.94,MR,YCA1006-02-00,UIC1561-01-00 UIC1551-04-00 UIC2151-09-00 UIC1806-01-00,UCD1101-01-00 CTM1001-02-00,18.0,월금,1,1,2,,1+1+1+1+2
1533,9.94,MR,YCA1006-02-00,UIC1561-01-00 UIC1251-02-00 UIC2151-14-00 UIC1805-01-00,UCD1101-01-00 CTM1001-02-00,18.0,월금,1,1,2,,1+2+1+1+1
1534,9.94,MR,YCA1006-01-00,UIC1561-01-00 UIC1551-01-00 UIC2151-06-00 UIC1806-01-00,YCI1901-01-00 CTM1001-02-00,18.0,월금,1,1,2,,1+2+1+1+1
1535,9.905,MR,-,UIC1561-01-00 UIC1551-01-00 UIC2151-08-00 UIC1806-02-00,YCI1901-01-00 YCK1998-03-00,18.0,월금,0,0,2,6,1
1536,9.905,MR,-,UIC1561-01-00 UIC1551-01-00 UIC2151-07-00 UIC1805-02-00,YCI1901-01-00 YCK1998-03-00,18.0,월금,0,0,2,6,1
1537,9.905,MR,-,UIC1561-01-00 UIC1551-04-00 UIC2151-07-00 UIC1805-02-00,UCD1101-01-00 YCK1998-03-00,18.0,월금,0,0,2,6,1
1538,9.905,MR,-,UIC1561-01-00 UIC1551-01-00 UIC2151-08-00 UIC1806-02-00,YCI1901-01-00 YCK1998-03-00,18.0,월금,0,0,2,6,1
1539,9.905,MR,-,UIC1561-01-00 UIC1551-04-00 UIC2151-08-00 UIC1806-02-00,UCD1101-01-00 YCK1998-03-00,18.0,월금,0,0,2,6,1
1540,9.905,MR,-,UIC1561-01-00 UIC1551-01-00 UIC2151-06-00 UIC1805-02-00,YCI1901-01-00 YCK1998-03-00,18.0,월금,0,0,2,6,1
1541,9.905,MR,-,UIC1561-01-00 UIC1551-04-00 UIC2151-08-00 UIC1806-02-00,UCD1101-01-00 YCK1998-03-00,18.0,월금,0,0,2,6,1
1542,9.905,MR,-,UIC1561-01-00 UIC1551-04-00 UIC2151-06-00 UIC1805-02-00,UCD1101-01-00 YCK1998-03-00,18.0,월금,0,0,2,6,1
1543,9.905,MR,-,UIC1561-01-00 UIC1551-04-00 UIC2151-06-00 UIC1805-02-00,UCD1101-01-00 YCK1998-03-00,18.0,월금,0,0,2,6,1
1544,9.905,MR,-,UIC1561-01-00 UIC1551-01-00 UIC2151-06-00 UIC1805-02-00,YCI1901-01-00 YCK1998-03-00,18.0,월금,0,0,2,6,1
1545,9.905,MR,-,UIC1561-01-00 UIC1551-04-00 UIC2151-09-00 UIC1806-02-00,UCD1101-01-00 YCK1998-03-00,18.0,월금,0,0,2,6,1
1546,9.905,MR,-,UIC1561-01-00 UIC1551-04-00 UIC2151-09-00 UIC1806-02-00,UCD1101-01-00 YCK1998-03-00,18.0,월금,0,0,2,6,1
1547,9.905,MR,-,UIC1561-01-00 UIC1551-01-00 UIC2151-07-00 UIC1805-02-00,YCI1901-01-00 YCK1998-03-00,18.0,월금,0,0,2,6,1
1548,9.905,MR,-,UIC1561-01-00 UIC1401-02-00 UIC2151-14-00 UIC1806-02-00,UCD1101-01-00 YCK1998-03-00,18.0,월금,0,0,2,6,1
1549,9.905,MR,-,UIC1561-01-00 UIC1551-04-00 UIC2151-07-00 UIC1805-02-00,UCD1101-01-00 YCK1998-03-00,18.0,월금,0,0,2,6,1
1550,9.905,MR,-,UIC1561-01-00 UIC1401-02-00 UIC2151-14-00 UIC1806-02-00,UCD1101-01-00 YCK1998-03-00,18.0,월금,0,0,2,6,1
1551,9.905,MR,-,UIC1561-01-00 UIC1251-02-00 UIC2151-14-00 UIC1805-02-00,UCD1101-01-00 YCK1998-03-00,18.0,월금,0,0,2,6,1
1552,9.905,MR,-,UIC1561-01-00 UIC1551-01-00 UIC2151-09-00 UIC1806-02-00,YCI1901-01-00 YCK1998-03-00,18.0,월금,0,0,2,6,1
1553,9.905,MR,-,UIC1561-01-00 UIC1551-01-00 UIC2151-09-00 UIC1806-02-00,YCI1901-01-00 YCK1998-03-00,18.0,월금,0,0,2,6,1
1554,9.905,MR,-,UIC1561-01-00 UIC1251-02-00 UIC2151-14-00 UIC1805-02-00,UCD1101-01-00 YCK1998-03-00,18.0,월금,0,0,2,6,1
1555,9.889,MR,YCA1006-01-00,UIC1561-01-00 UIC1551-01-00 UIC2151-09-00 UIC1806-02-00,ECO1101-06-00 STA2102-05-00,18.0,월금,0,0,3,6+4,1+2+1
1556,9.889,MR,YCA1006-01-00,UIC1561-01-00 UIC1551-01-00 UIC2151-07-00 UIC1805-02-00,ECO1101-06-00 STA2102-05-00,18.0,월금,0,0,3,6+4,1+2+1
1557,9.889,MR,YCA1006-01-00,UIC1561-01-00 UIC1551-01-00 UIC2151-06-00 UIC1805-02-00,ECO1101-06-00 STA2102-05-00,18.0,월금,0,0,3,6+4,1+2+1
1558,9.889,MR,YCA1006-01-00,UIC1561-01-00 UIC1551-04-00 UIC2151-06-00 UIC1805-02-00,ECO1101-06-00 STA2102-05-00,18.0,월금,0,0,3,6+4,1+1+2
1559,9.889,MR,YCA1006-01-00,UIC1561-01-00 UIC1551-01-00 UIC2151-08-00 UIC1806-02-00,ECO1101-06-00 STA2102-05-00,18.0,월금,0,0,3,6+4,1+2+1
1560,9.889,MR,YCA1006-01-00,UIC1561-01-00 UIC1551-01-00 UIC2151-06-00 UIC1805-02-00,ECO1101-06-00 STA2102-05-00,18.0,월금,0,0,3,6+4,1+2+1
1561,9.889,MR,YCA1006-01-00,UIC1561-01-00 UIC1551-04-00 UIC2151-08-00 UIC1806-02-00,ECO1101-06-00 STA2102-05-00,18.0,월금,0,0,3,6+4,1+1+2
1562,9.889,MR,YCA1006-01-00,UIC1561-01-00 UIC1551-04-00 UIC2151-06-00 UIC1805-02-00,ECO1101-06-00 STA2102-05-00,18.0,월금,0,0,3,6+4,1+1+2
1563,9.889,MR,YCA1006-01-00,UIC1561-01-00 UIC1551-04-00 UIC2151-08-00 UIC1806-02-00,ECO1101-06-00 STA2102-05-00,18.0,월금,0,0,3,6+4,1+1+2
1564,9.889,MR,YCA1006-01-00,UIC1561-01-00 UIC1551-01-00 UIC2151-07-00 UIC1805-02-00,ECO1101-06-00 STA2102-05-00,18.0,월금,0,0,3,6+4,1+2+1
1565,9.889,MR,YCA1006-01-00,UIC1561-01-00 UIC1551-04-00 UIC2151-07-00 UIC1805-02-00,ECO1101-06-00 STA2102-05-00,18.0,월금,0,0,3,6+4,1+1+2
1566,9.889,MR,YCA1006-01-00,UIC1561-01-00 UIC1551-04-00 UIC2151-09-00 UIC1806-02-00,ECO1101-06-00 STA2102-05-00,18.0,월금,0,0,3,6+4,1+1+2
1567,9.889,MR,YCA1006-01-00,UIC1561-01-00 UIC1551-04-00 UIC2151-09-00 UIC1806-02-00,ECO1101-06-00 STA2102-05-00,18.0,월금,0,0,3,6+4,1+1+2
1568,9.889,MR,YCA1006-01-00,UIC1561-01-00 UIC1551-04-00 UIC2151-07-00 UIC1805-02-00,ECO1101-06-00 STA2102-05-00,18.0,월금,0,0,3,6+4,1+1+2
1569,9.889,MR,YCA1006-01-00,UIC1561-01-00 UIC1551-01-00 UIC2151-08-00 UIC1806-02-00,ECO1101-06-00 STA2102-05-00,18.0,월금,0,0,3,6+4,1+2+1
1570,9.889,MR,YCA1006-01-00,UIC1561-01-00 UIC1551-01-00 UIC2151-09-00 UIC1806-02-00,ECO1101-06-00 STA2102-05-00,18.0,월금,0,0,3,6+4,1+2+1
1571,9.869,MR,YCA1006-02-00,UIC1561-01-00 UIC1501-04-00 UIC2151-14-00 UIC1806-02-00,YCH1202-01-00 STA1002-04-00,18.0,월금,1,0,2,,2+1+2+2+1+1
1572,9.869,MR,YCA1006-01-00,UIC1561-01-00 UIC1251-02-00 UIC2151-14-00 UIC1805-01-00,YCH1202-01-00 STA1002-04-00,18.0,월금,1,0,2,,2+1+2+2+1+1
1573,9.869,MR,YCA1006-02-00,UIC1561-01-00 UIC1251-02-00 UIC2151-14-00 UIC1806-01-00,YCH1202-01-00 STA1002-04-00,18.0,월금,1,0,2,,2+1+2+2+1+1
1574,9.869,MR,YCA1006-02-00,UIC1561-01-00 UIC1251-02-00 UIC2151-14-00 UIC1805-01-00,YCH1202-01-00 STA1002-04-00,18.0,월금,1,0,2,,2+1+2+2+1+1
1575,9.869,MR,YCA1006-01-00,UIC1561-01-00 UIC1501-04-00 UIC2151-14-00 UIC1806-02-00,YCH1202-01-00 STA1002-04-00,18.0,월금,1,0,2,,2+1+2+2+1+1
1576,9.869,MR,YCA1006-01-00,UIC1561-01-00 UIC1501-04-00 UIC2151-14-00 UIC1806-02-00,YCH1202-01-00 STA1002-04-00,18.0,월금,1,0,2,,2+1+2+2+1+1
1577,9.869,MR,YCA1006-01-00,UIC1561-01-00 UIC1251-02-00 UIC2151-14-00 UIC1806-01-00,YCH1202-01-00 STA1002-04-00,18.0,월금,1,0,2,,2+1+2+2+1+1
1578,9.869,MR,YCA1006-01-00,UIC1561-01-00 UIC1251-02-00 UIC2151-14-00 UIC1806-01-00,YCH1202-01-00 STA1002-04-00,18.0,월금,1,0,2,,2+1+2+2+1+1
1579,9.869,MR,YCA1006-01-00,UIC1561-01-00 UIC1251-02-00 UIC2151-14-00 UIC1805-01-00,YCH1202-01-00 STA1002-04-00,18.0,월금,1,0,2,,2+1+2+2+1+1
1580,9.869,MR,YCA1006-02-00,UIC1561-01-00 UIC1501-04-00 UIC2151-14-00 UIC1806-02-00,YCH1202-01-00 STA1002-04-00,18.0,월금,1,0,2,,2+1+2+2+1+1
1581,9.869,MR,YCA1006-02-00,UIC1561-01-00 UIC1251-02-00 UIC2151-14-00 UIC1805-01-00,YCH1202-01-00 STA1002-04-00,18.0,월금,1,0,2,,2+1+2+2+1+1
1582,9.869,MR,YCA1006-02-00,UIC1561-01-00 UIC1251-02-00 UIC2151-14-00 UIC1806-01-00,YCH1202-01-00 STA1002-04-00,18.0,월금,1,0,2,,2+1+2+2+1+1
1583,9.815,MR,YCA1006-02-00,UIC1561-01-00 UIC1551-01-00 UIC2151-12-00 UIC1806-02-00,YCI1901-01-00 STA1002-04-00,18.0,월금,1,0,2,4,2+2+2+1
1584,9.815,MR,YCA1006-02-00,UIC1561-01-00 UIC1551-01-00 UIC2151-12-00 UIC1806-02-00,YCI1901-01-00 STA1002-04-00,18.0,월금,1,0,2,4,2+2+2+1
1585,9.799,MR,YCA1006-01-00,UIC1561-01-00 UIC1551-01-00 UIC2151-09-00 UIC1806-02-00,ECO1101-06-00 STA1002-04-00,18.0,월금,0,0,3,4+4,2+1+2+2+1
1586,9.799,MR,YCA1006-01-00,UIC1561-01-00 UIC1551-04-00 UIC2151-06-00 UIC1805-02-00,ECO1101-06-00 STA1002-04-00,18.0,월금,0,0,3,4+4,2+1+1+2+2
1587,9.799,MR,YCA1006-01-00,UIC1561-01-00 UIC1551-01-00 UIC2151-07-00 UIC1805-02-00,ECO1101-06-00 STA1002-04-00,18.0,월금,0,0,3,4+4,2+1+2+2+1
1588,9.799,MR,YCA1006-02-00,UIC1561-01-00 ASP2022-01-00 UIC2151-12-00 UIC1806-02-00,ECO1101-06-00 YCK1998-03-00,18.0,월금,1,0,2,4,2+3+1
1589,9.799,MR,YCA1006-01-00,UIC1561-01-00 UIC1551-04-00 UIC2151-08-00 UIC1806-02-00,ECO1101-06-00 STA1002-04-00,18.0,월금,0,0,3,4+4,2+1+1+2+2
1590,9.799,MR,YCA1006-01-00,UIC1561-01-00 UIC1551-01-00 UIC2151-06-00 UIC1805-02-00,ECO1101-06-00 STA1002-04-00,18.0,월금,0,0,3,4+4,2+1+2+2+1
1591,9.799,MR,YCA1006-01-00,UIC1561-01-00 UIC1551-04-00 UIC2151-06-00 UIC1805-02-00,ECO1101-06-00 STA1002-04-00,18.0,월금,0,0,3,4+4,2+1+1+2+2
1592,9.799,MR,YCA1006-01-00,UIC1561-01-00 UIC1551-04-00 UIC2151-07-00 UIC1805-02-00,ECO1101-06-00 STA1002-04-00,18.0,월금,0,0,3,4+4,2+1+1+2+2
1593,9.799,MR,YCA1006-02-00,UIC1561-01-00 ASP2022-01-00 UIC2151-12-00 UIC1806-02-00,ECO1101-06-00 YCK1998-03-00,18.0,월금,1,0,2,4,2+3+1
1594,9.799,MR,YCA1006-01-00,UIC1561-01-00 UIC1551-04-00 UIC2151-07-00 UIC1805-02-00,ECO1101-06-00 STA1002-04-00,18.0,월금,0,0,3,4+4,2+1+1+2+2
1595,9.799,MR,YCA1006-01-00,UIC1561-01-00 UIC1551-04-00 UIC2151-08-00 UIC1806-02-00,ECO1101-06-00 STA1002-04-00,18.0,월금,0,0,3,4+4,2+1+1+2+2
1596,9.799,MR,YCA1006-01-00,UIC1561-01-00 UIC1251-02-00 UIC2151-12-00 UIC1805-02-00,ECO1101-06-00 BIZ1101-09-00,18.0,월금,1,0,2,4,1+1+2
1597,9.799,MR,YCA1006-01-00,UIC1561-01-00 UIC1401-02-00 UIC2151-12-00 UIC1806-02-00,ECO1101-06-00 BIZ1101-09-00,18.0,월금,1,0,2,4,1+1+2
1598,9.799,MR,YCA1006-01-00,UIC1561-01-00 UIC1551-01-00 UIC2151-08-00 UIC1806-02-00,ECO1101-06-00 STA1002-04-00,18.0,월금,0,0,3,4+4,2+1+2+2+1
1599,9.799,MR,YCA1006-01-00,UIC1561-01-00 UIC1551-01-00 UIC2151-09-00 UIC1806-02-00,ECO1101-06-00 STA1002-04-00,18.0,월금,0,0,3,4+4,2+1+2+2+1
1600,9.799,MR,YCA1006-01-00,UIC1561-01-00 UIC1551-01-00 UIC2151-08-00 UIC1806-02-00,ECO1101-06-00 STA1002-04-00,18.0,월금,0,0,3,4+4,2+1+2+2+1
1601,9.799,MR,YCA1006-01-00,UIC1561-01-00 UIC1551-04-00 UIC2151-09-00 UIC1806-02-00,ECO1101-06-00 STA1002-04-00,18.0,월금,0,0,3,4+4,2+1+1+2+2
1602,9.799,MR,YCA1006-01-00,UIC1561-01-00 UIC1251-02-00 UIC2151-12-00 UIC1805-02-00,ECO1101-06-00 BIZ1101-09-00,18.0,월금,1,0,2,4,1+1+2
1603,9.799,MR,YCA1006-01-00,UIC1561-01-00 UIC1551-01-00 UIC2151-07-00 UIC1805-02-00,ECO1101-06-00 STA1002-04-00,18.0,월금,0,0,3,4+4,2+1+2+2+1
1604,9.799,MR,YCA1006-01-00,UIC1561-01-00 UIC1551-04-00 UIC2151-09-00 UIC1806-02-00,ECO1101-06-00 STA1002-04-00,18.0,월금,0,0,3,4+4,2+1+1+2+2
1605,9.799,MR,YCA1006-01-00,UIC1561-01-00 UIC1551-01-00 UIC2151-06-00 UIC1805-02-00,ECO1101-06-00 STA1002-04-00,18.0,월금,0,0,3,4+4,2+1+2+2+1
1606,9.799,MR,YCA1006-01-00,UIC1561-01-00 UIC1401-02-00 UIC2151-12-00 UIC1806-02-00,ECO1101-06-00 BIZ1101-09-00,18.0,월금,1,0,2,4,1+1+2
1607,9.779,Lang,YCA1006-02-00,QRM1001-01-00 UIC1561-01-00 UIC1551-01-00 UIC2151-12-00,ECO1101-06-00 YCK1998-03-00,18.0,월금,1,0,3,4,3+3+1+1
1608,9.724,MR,YCA1006-02-00,UIC1561-01-00 UIC1251-02-00 UIC2151-14-00 UIC1805-02-00,ECO1101-06-00 YCK1998-03-00,18.0,월금,0,1,3,4+7,1
1609,9.724,MR,YCA1006-02-00,UIC1561-01-00 UIC1251-02-00 UIC2151-14-00 UIC1805-02-00,ECO1101-06-00 YCK1998-03-00,18.0,월금,0,1,3,4+7,1
1610,9.724,MR,YCA1006-02-00,UIC1561-01-00 UIC1401-02-00 UIC2151-14-00 UIC1806-02-00,ECO1101-06-00 YCK1998-03-00,18.0,월금,0,1,3,4+7,1
1611,9.724,MR,YCA1006-02-00,UIC1561-01-00 UIC1401-02-00 UIC2151-14-00 UIC1806-02-00,ECO1101-06-00 YCK1998-03-00,18.0,월금,0,1,3,4+7,1
1612,9.69,MR,YCA1006-01-00,UIC1561-01-00 UIC1551-04-00 UIC2151-08-00 UIC1806-01-00,YCK1998-03-00 CTM1001-02-00,18.0,월금,1,1,1,,2+1+1+2
1613,9.69,MR,YCA1006-01-00,UIC1561-01-00 UIC1551-04-00 UIC2151-09-00 UIC1805-01-00,YCK1998-03-00 CTM1001-02-00,18.0,월금,1,1,1,,2+1+1+2
1614,9.69,MR,YCA1006-01-00,UIC1561-01-00 UIC1401-02-00 UIC2151-12-00 UIC1806-02-00,YCI1998-02-00 BIZ1101-09-00,18.0,월금,1,0,0,4,1+1
1615,9.69,MR,YCA1006-01-00,UIC1561-01-00 UIC1401-02-00 UIC2151-12-00 UIC1806-02-00,UCB1105-02-00 BIZ1101-09-00,18.0,월금,1,0,0,4,1+1
1616,9.69,MR,YCA1006-01-00,UIC1561-01-00 UIC1251-02-00 UIC2151-12-00 UIC1805-02-00,UCB1105-02-00 BIZ1101-09-00,18.0,월금,1,0,0,4,1+1
1617,9.69,MR,YCA1006-01-00,UIC1561-01-00 UIC1401-02-00 UIC2151-12-00 UIC1806-02-00,YCK1998-03-00 BIZ1101-09-00,18.0,월금,1,0,0,4,1+1
1618,9.69,MR,YCA1006-01-00,UIC1561-01-00 UIC1551-04-00 UIC2151-09-00 UIC1805-01-00,YCK1998-03-00 CTM1001-02-00,18.0,월금,1,1,1,,2+1+1+2
1619,9.69,MR,YCA1006-01-00,UIC1561-01-00 UIC1551-04-00 UIC2151-05-00 UIC1805-02-00,YCK1998-03-00 CTM1001-02-00,18.0,월금,1,1,1,,2+1+1+2
1620,9.69,MR,YCA1006-01-00,UIC1561-01-00 UIC1551-04-00 UIC2151-08-00 UIC1805-01-00,YCK1998-03-00 CTM1001-02-00,18.0,월금,1,1,1,,2+1+1+2
1621,9.69,MR,YCA1006-01-00,UIC1561-01-00 UIC1401-02-00 UIC2151-12-00 UIC1806-02-00,YCI1998-02-00 BIZ1101-09-00,18.0,월금,1,0,0,4,1+1
1622,9.69,MR,YCA1006-01-00,UIC1561-01-00 UIC1551-04-00 UIC2151-12-00 UIC1805-02-00,UCD1101-01-00 YCK1998-03-00,18.0,월금,1,0,2,,2+1+3+2
1623,9.69,MR,YCA1006-01-00,UIC1561-01-00 UIC1251-02-00 UIC2151-12-00 UIC1805-02-00,YCK1998-03-00 BIZ1101-09-00,18.0,월금,1,0,0,4,1+1
1624,9.69,MR,YCA1006-01-00,UIC1561-01-00 UIC1551-04-00 UIC2151-09-00 UIC1806-01-00,YCK1998-03-00 CTM1001-02-00,18.0,월금,1,1,1,,2+1+1+2
1625,9.69,MR,YCA1006-01-00,UIC1561-01-00 UIC1551-04-00 UIC2151-09-00 UIC1806-01-00,YCK1998-03-00 CTM1001-02-00,18.0,월금,1,1,1,,2+1+1+2
1626,9.69,MR,YCA1006-01-00,UIC1561-01-00 UIC1251-02-00 UIC2151-12-00 UIC1805-02-00,YCI1998-02-00 BIZ1101-09-00,18.0,월금,1,0,0,4,1+1
1627,9.69,MR,YCA1006-01-00,UIC1561-01-00 UIC1551-04-00 UIC2151-08-00 UIC1806-01-00,YCK1998-03-00 CTM1001-02-00,18.0,월금,1,1,1,,2+1+1+2
1628,9.69,MR,YCA1006-01-00,UIC1561-01-00 UIC1251-02-00 UIC2151-12-00 UIC1805-02-00,YCK1998-03-00 BIZ1101-09-00,18.0,월금,1,0,0,4,1+1
1629,9.69,MR,YCA1006-01-00,UIC1561-01-00 UIC1551-04-00 UIC2151-05-00 UIC1805-02-00,YCK1998-03-00 CTM1001-02-00,18.0,월금,1,1,1,,2+1+1+2
1630,9.69,MR,YCA1006-01-00,UIC1561-01-00 UIC1251-02-00 UIC2151-12-00 UIC1805-02-00,YCI1998-02-00 BIZ1101-09-00,18.0,월금,1,0,0,4,1+1
1631,9.69,MR,YCA1006-01-00,UIC1561-01-00 UIC1401-02-00 UIC2151-12-00 UIC1806-02-00,UCB1105-02-00 BIZ1101-09-00,18.0,월금,1,0,0,4,1+1
1632,9.69,MR,YCA1006-01-00,UIC1561-01-00 UIC1251-02-00 UIC2151-12-00 UIC1805-02-00,UCB1105-02-00 BIZ1101-09-00,18.0,월금,1,0,0,4,1+1
1633,9.69,MR,YCA1006-01-00,UIC1561-01-00 UIC1551-04-00 UIC2151-08-00 UIC1805-01-00,YCK1998-03-00 CTM1001-02-00,18.0,월금,1,1,1,,2+1+1+2
1634,9.69,MR,YCA1006-01-00,UIC1561-01-00 UIC1551-04-00 UIC2151-12-00 UIC1805-02-00,UCD1101-01-00 YCK1998-03-00,18.0,월금,1,0,2,,2+1+3+2
1635,9.69,MR,YCA1006-01-00,UIC1561-01-00 UIC1401-02-00 UIC2151-12-00 UIC1806-02-00,YCK1998-03-00 BIZ1101-09-00,18.0,월금,1,0,0,4,1+1
1636,9.674,MR,YCA1006-02-00,UIC1561-01-00 UIC1551-04-00 UIC2151-12-00 UIC1806-02-00,ECO1101-06-00 YCK1998-03-00,18.0,월금,1,0,3,4,3+3+1
1637,9.674,MR,YCA1006-02-00,UIC1561-01-00 UIC1551-04-00 UIC2151-12-00 UIC1806-02-00,ECO1101-06-00 YCK1998-03-00,18.0,월금,1,0,3,4,3+3+1
1638,9.624,MR,YCA1006-02-00,UIC1561-01-00 UIC1551-01-00 UIC2151-08-00 UIC1806-02-00,ECO1101-06-00 BIZ1101-09-00,18.0,월금,0,1,3,4+5,2+1
1639,9.624,MR,YCA1006-02-00,UIC1561-01-00 UIC1551-01-00 UIC2151-07-00 UIC1805-02-00,ECO1101-06-00 BIZ1101-09-00,18.0,월금,0,1,3,4+5,2+1
1640,9.624,MR,YCA1006-02-00,UIC1561-01-00 UIC1551-01-00 UIC2151-08-00 UIC1806-02-00,ECO1101-06-00 BIZ1101-09-00,18.0,월금,0,1,3,4+5,2+1
1641,9.624,MR,YCA1006-02-00,UIC1561-01-00 UIC1551-01-00 UIC2151-09-00 UIC1806-02-00,ECO1101-06-00 BIZ1101-09-00,18.0,월금,0,1,3,4+5,2+1
1642,9.624,MR,YCA1006-02-00,UIC1561-01-00 UIC1551-01-00 UIC2151-09-00 UIC1806-02-00,ECO1101-06-00 BIZ1101-09-00,18.0,월금,0,1,3,4+5,2+1
1643,9.624,MR,YCA1006-02-00,UIC1561-01-00 UIC1551-01-00 UIC2151-07-00 UIC1805-02-00,ECO1101-06-00 BIZ1101-09-00,18.0,월금,0,1,3,4+5,2+1
1644,9.624,MR,YCA1006-02-00,UIC1561-01-00 UIC1551-01-00 UIC2151-06-00 UIC1805-02-00,ECO1101-06-00 BIZ1101-09-00,18.0,월금,0,1,3,4+5,2+1
1645,9.624,MR,YCA1006-02-00,UIC1561-01-00 UIC1551-01-00 UIC2151-06-00 UIC1805-02-00,ECO1101-06-00 BIZ1101-09-00,18.0,월금,0,1,3,4+5,2+1
1646,9.59,WCiv,YCA1006-01-00,QRM1001-01-00 UIC1551-01-00 UIC2151-13-00 UIC1805-01-00,YCE1253-01-00 YCH1605-01-00,18.0,월금,1,1,2,4+5,1+1
1647,9.59,WCiv,YCA1006-01-00,QRM1001-01-00 UIC1551-01-00 UIC2151-13-00 UIC1806-01-00,YCE1253-01-00 YCH1605-01-00,18.0,월금,1,1,2,4+5,1+1
1648,9.59,WCiv,YCA1006-01-00,QRM1001-01-00 UIC1551-01-00 UIC2151-13-00 UIC1806-01-00,YCE1253-01-00 YCH1605-01-00,18.0,월금,1,1,2,4+5,1+1
1649,9.59,WCiv,YCA1006-01-00,QRM1001-01-00 UIC1551-01-00 UIC2151-13-00 UIC1805-01-00,YCE1253-01-00 YCH1605-01-00,18.0,월금,1,1,2,4+5,1+1
1650,9.565,MR,YCA1006-02-00,UIC1561-01-00 UIC1551-01-00 UIC2151-12-00 UIC1806-02-00,YCG1804-01-00 BIZ1101-09-00,18.0,월금,1,0,1,,2+1+1+1
1651,9.565,MR,YCA1006-02-00,UIC1561-01-00 UIC1551-01-00 UIC2151-12-00 UIC1806-02-00,YCG1804-01-00 BIZ1101-09-00,18.0,월금,1,0,1,,2+1+1+1
1652,9.545,Lang,YCA1006-02-00,QRM1001-01-00 UIC1561-01-00 ASP2022-01-00 UIC2151-12-00,YCH1605-01-00 BIZ1101-09-00,18.0,월금,1,0,0,4,2+1
1653,9.515,MR,YCA1006-02-00,UIC1561-01-00 UIC1551-01-00 UIC2151-09-00 UIC1806-02-00,YCK1998-03-00 BIZ1101-09-00,18.0,월금,0,1,1,5+4,1
1654,9.515,MR,YCA1006-02-00,UIC1561-01-00 UIC1551-01-00 UIC2151-09-00 UIC1806-02-00,YCK1998-03-00 BIZ1101-09-00,18.0,월금,0,1,1,5+4,1
1655,9.515,MR,YCA1006-02-00,UIC1561-01-00 UIC1551-01-00 UIC2151-06-00 UIC1805-02-00,YCK1998-03-00 BIZ1101-09-00,18.0,월금,0,1,1,5+4,1
1656,9.515,MR,YCA1006-02-00,UIC1561-01-00 UIC1551-01-00 UIC2151-07-00 UIC1805-02-00,YCK1998-03-00 BIZ1101-09-00,18.0,월금,0,1,1,5+4,1
1657,9.515,MR,YCA1006-02-00,UIC1561-01-00 UIC1551-01-00 UIC2151-06-00 UIC1805-02-00,YCK1998-03-00 BIZ1101-09-00,18.0,월금,0,1,1,5+4,1
1658,9.515,MR,YCA1006-02-00,UIC1561-01-00 UIC1551-01-00 UIC2151-08-00 UIC1806-02-00,YCK1998-03-00 BIZ1101-09-00,18.0,월금,0,1,1,5+4,1
1659,9.515,MR,YCA1006-02-00,UIC1561-01-00 UIC1551-01-00 UIC2151-08-00 UIC1806-02-00,YCK1998-03-00 BIZ1101-09-00,18.0,월금,0,1,1,5+4,1
1660,9.515,MR,YCA1006-02-00,UIC1561-01-00 UIC1551-01-00 UIC2151-07-00 UIC1805-02-00,YCK1998-03-00 BIZ1101-09-00,18.0,월금,0,1,1,5+4,1
1661,9.49,MR,YCA1006-01-00,UIC1561-01-00 UIC1551-04-00 UIC2151-06-00 UIC1806-01-00,YCE1253-01-00 YCI1998-02-00,18.0,월수금,1,0,1,6,1+1
1662,9.49,MR,YCA1006-01-00,UIC1561-01-00 UIC1551-04-00 UIC2151-07-00 UIC1805-01-00,YCE1253-01-00 YCI1998-02-00,18.0,월수금,1,0,1,6,1+1
1663,9.49,MR,YCA1006-01-00,UIC1561-01-00 UIC1551-04-00 UIC2151-05-00 UIC1806-02-00,YCE1253-01-00 YCI1998-02-00,18.0,월수금,1,0,1,6,1+1
1664,9.49,MR,YCA1006-01-00,UIC1561-01-00 UIC1551-04-00 UIC2151-06-00 UIC1805-01-00,YCK1998-03-00 AST1003-01-00,18.0,월금,1,0,1,6,1+1
1665,9.49,MR,YCA1006-01-00,UIC1561-01-00 UIC1551-04-00 UIC2151-06-00 UIC1805-01-00,YCK1998-03-00 AST1003-01-00,18.0,월금,1,0,1,6,1+1
1666,9.49,MR,YCA1006-01-00,UIC1561-01-00 UIC1551-04-00 UIC2151-07-00 UIC1806-01-00,YCK1998-03-00 AST1003-01-00,18.0,월금,1,0,1,6,1+1
1667,9.49,MR,YCA1006-01-00,UIC1561-01-00 UIC1251-02-00 UIC2151-14-00 UIC1806-01-00,UCB1105-02-00 YCE1253-01-00,18.0,월수금,1,0,1,6,1+1
1668,9.49,MR,YCA1006-02-00,UIC1561-01-00 UIC1551-01-00 UIC2151-12-00 UIC1805-02-00,UCB1105-02-00 ECO1002-05-00,18.0,월금,1,0,1,6,1+3
1669,9.49,MR,YCA1006-01-00,UIC1561-01-00 UIC1551-04-00 UIC2151-06-00 UIC1805-01-00,YCE1253-01-00 YCI1998-02-00,18.0,월수금,1,0,1,6,1+1
1670,9.49,MR,YCA1006-01-00,UIC1561-01-00 UIC1551-04-00 UIC2151-07-00 UIC1806-01-00,YCE1253-01-00 YCI1998-02-00,18.0,월수금,1,0,1,6,1+1
1671,9.49,MR,YCA1006-01-00,UIC1561-01-00 UIC1551-04-00 UIC2151-05-00 UIC1806-02-00,YCK1998-03-00 AST1003-01-00,18.0,월금,1,0,1,6,1+1
1672,9.49,MR,YCA1006-02-00,UIC1561-01-00 UIC1551-01-00 UIC2151-12-00 UIC1805-02-00,UCB1105-02-00 ECO1002-05-00,18.0,월금,1,0,1,6,1+3
1673,9.49,MR,YCA1006-02-00,UIC1561-01-00 UIC1551-01-00 UIC2151-12-00 UIC1805-02-00,PHI1002-01-00 YCK1998-03-00,18.0,월금,1,0,1,6,1+3
1674,9.49,MR,YCA1006-01-00,UIC1561-01-00 UIC1551-04-00 UIC2151-06-00 UIC1806-01-00,YCK1998-03-00 AST1003-01-00,18.0,월금,1,0,1,6,1+1
1675,9.49,MR,YCA1006-01-00,UIC1561-01-00 UIC1551-04-00 UIC2151-06-00 UIC1805-01-00,YCE1253-01-00 YCI1998-02-00,18.0,월수금,1,0,1,6,1+1
1676,9.49,MR,YCA1006-01-00,UIC1561-01-00 UIC1551-04-00 UIC2151-06-00 UIC1806-01-00,YCE1253-01-00 YCI1998-02-00,18.0,월수금,1,0,1,6,1+1
1677,9.49,MR,YCA1006-01-00,UIC1561-01-00 UIC1251-02-00 UIC2151-14-00 UIC1805-01-00,UCB1105-02-00 YCE1253-01-00,18.0,월수금,1,0,1,6,1+1
1678,9.49,MR,YCA1006-01-00,UIC1561-01-00 UIC1251-02-00 UIC2151-14-00 UIC1805-01-00,UCB1105-02-00 YCE1253-01-00,18.0,월수금,1,0,1,6,1+1
1679,9.49,MR,YCA1006-02-00,UIC1561-01-00 UIC1551-01-00 UIC2151-12-00 UIC1805-02-00,PHI1002-01-00 YCK1998-03-00,18.0,월금,1,0,1,6,1+3
1680,9.49,MR,YCA1006-01-00,UIC1561-01-00 UIC1551-04-00 UIC2151-07-00 UIC1806-01-00,YCE1253-01-00 YCI1998-02-00,18.0,월수금,1,0,1,6,1+1
1681,9.49,MR,YCA1006-01-00,UIC1561-01-00 UIC1551-04-00 UIC2151-07-00 UIC1805-01-00,YCE1253-01-00 YCI1998-02-00,18.0,월수금,1,0,1,6,1+1
1682,9.49,MR,YCA1006-01-00,UIC1561-01-00 UIC1551-04-00 UIC2151-06-00 UIC1806-01-00,YCK1998-03-00 AST1003-01-00,18.0,월금,1,0,1,6,1+1
1683,9.49,MR,YCA1006-01-00,UIC1561-01-00 UIC1501-04-00 UIC2151-14-00 UIC1806-02-00,UCB1105-02-00 YCE1253-01-00,18.0,월수금,1,0,1,6,1+1
1684,9.49,MR,YCA1006-01-00,UIC1561-01-00 UIC1251-02-00 UIC2151-14-00 UIC1806-01-00,UCB1105-02-00 YCE1253-01-00,18.0,월수금,1,0,1,6,1+1
1685,9.49,MR,YCA1006-01-00,UIC1561-01-00 UIC1551-04-00 UIC2151-07-00 UIC1806-01-00,YCK1998-03-00 AST1003-01-00,18.0,월금,1,0,1,6,1+1
1686,9.49,MR,YCA1006-01-00,UIC1561-01-00 UIC1551-04-00 UIC2151-07-00 UIC1805-01-00,YCK1998-03-00 AST1003-01-00,18.0,월금,1,0,1,6,1+1
1687,9.49,MR,YCA1006-01-00,UIC1561-01-00 UIC1551-04-00 UIC2151-05-00 UIC1806-02-00,YCK1998-03-00 AST1003-01-00,18.0,월금,1,0,1,6,1+1
1688,9.49,MR,YCA1006-01-00,UIC1561-01-00 UIC1501-04-00 UIC2151-14-00 UIC1806-02-00,UCB1105-02-00 YCE1253-01-00,18.0,월수금,1,0,1,6,1+1
1689,9.49,MR,YCA1006-01-00,UIC1561-01-00 UIC1551-04-00 UIC2151-05-00 UIC1806-02-00,YCE1253-01-00 YCI1998-02-00,18.0,월수금,1,0,1,6,1+1
1690,9.49,MR,YCA1006-01-00,UIC1561-01-00 UIC1551-04-00 UIC2151-07-00 UIC1805-01-00,YCK1998-03-00 AST1003-01-00,18.0,월금,1,0,1,6,1+1
1691,9.44,MR,YCA1006-01-00,UIC1561-01-00 UIC1551-04-00 UIC2151-12-00 UIC1806-02-00,YCE1253-01-00 ECO1002-04-00,18.0,월금,1,0,1,,1+1+3+1
1692,9.44,MR,YCA1006-01-00,UIC1561-01-00 UIC1551-04-00 UIC2151-12-00 UIC1806-02-00,YCE1253-01-00 ECO1002-04-00,18.0,월금,1,0,1,,1+1+3+1
1693,9.42,Lang,YCA1006-02-00,QRM1001-01-00 UIC1561-01-00 UIC1551-04-00 UIC2151-12-00,YCI1998-02-00 BIZ1101-09-00,18.0,월금,1,0,1,4,3+1
1694,9.42,Lang,YCA1006-02-00,QRM1001-01-00 UIC1561-01-00 UIC1551-04-00 UIC2151-12-00,YCH1605-01-00 BIZ1101-09-00,18.0,월금,1,0,1,4,3+1
1695,9.39,MR,YCA1006-02-00,UIC1561-01-00 UIC1551-01-00 UIC2151-05-00 UIC1806-02-00,UCB1105-02-00 YCK1998-03-00,18.0,월금,1,0,1,5,1+2+1
1696,9.39,MR,YCA1006-02-00,UIC1561-01-00 UIC1551-04-00 UIC2151-09-00 UIC1806-01-00,YCI1998-02-00 YCK1998-03-00,18.0,월금,1,0,1,5,1+1+2
1697,9.39,MR,YCA1006-02-00,UIC1561-01-00 UIC1401-02-00 UIC2151-14-00 UIC1805-01-00,UCB1105-02-00 YCK1998-03-00,18.0,월금,1,0,1,5,1+1+2
1698,9.39,MR,YCA1006-01-00,UIC1561-01-00 UIC1551-01-00 UIC2151-06-00 UIC1805-01-00,UCB1105-02-00 YCK1998-03-00,18.0,월금,1,0,1,5,1+2+1
1699,9.39,MR,YCA1006-01-00,UIC1561-01-00 UIC1551-01-00 UIC2151-05-00 UIC1806-02-00,UCB1105-02-00 YCK1998-03-00,18.0,월금,1,0,1,5,1+2+1
1700,9.39,MR,YCA1006-02-00,UIC1561-01-00 UIC1551-04-00 UIC2151-09-00 UIC1805-01-00,YCI1998-02-00 YCK1998-03-00,18.0,월금,1,0,1,5,1+1+2
1701,9.39,MR,YCA1006-01-00,UIC1561-01-00 UIC1551-01-00 UIC2151-07-00 UIC1805-01-00,UCB1105-02-00 YCK1998-03-00,18.0,월금,1,0,1,5,1+2+1
1702,9.39,MR,YCA1006-02-00,UIC1561-01-00 UIC1551-01-00 UIC2151-06-00 UIC1806-01-00,UCB1105-02-00 YCK1998-03-00,18.0,월금,1,0,1,5,1+2+1
1703,9.39,MR,YCA1006-01-00,UIC1561-01-00 UIC1551-01-00 UIC2151-07-00 UIC1806-01-00,UCB1105-02-00 YCK1998-03-00,18.0,월금,1,0,1,5,1+2+1
1704,9.39,MR,YCA1006-02-00,UIC1561-01-00 UIC1551-04-00 UIC2151-09-00 UIC1806-01-00,YCI1998-02-00 YCK1998-03-00,18.0,월금,1,0,1,5,1+1+2
1705,9.39,MR,YCA1006-02-00,UIC1561-01-00 UIC1551-01-00 UIC2151-05-00 UIC1806-02-00,UCB1105-02-00 YCK1998-03-00,18.0,월금,1,0,1,5,1+2+1
1706,9.39,MR,YCA1006-02-00,UIC1561-01-00 UIC1551-01-00 UIC2151-12-00 UIC1805-02-00,YCB1101-13-00 BIZ1101-09-00,18.0,월금,1,0,2,5,1+1+2
1707,9.39,MR,YCA1006-02-00,UIC1561-01-00 UIC1551-04-00 UIC2151-05-00 UIC1805-02-00,YCI1998-02-00 YCK1998-03-00,18.0,월금,1,0,1,5,1+1+2
1708,9.39,MR,YCA1006-01-00,UIC1561-01-00 UIC1551-01-00 UIC2151-07-00 UIC1806-01-00,UCB1105-02-00 YCK1998-03-00,18.0,월금,1,0,1,5,1+2+1
1709,9.39,MR,YCA1006-02-00,UIC1561-01-00 UIC1551-04-00 UIC2151-12-00 UIC1805-02-00,YCJ1305-01-00 BIZ1101-09-00,18.0,월금,1,0,2,5,1+1+2
1710,9.39,MR,YCA1006-01-00,UIC1561-01-00 UIC1551-01-00 UIC2151-07-00 UIC1805-01-00,UCB1105-02-00 YCK1998-03-00,18.0,월금,1,0,1,5,1+2+1
1711,9.39,MR,YCA1006-02-00,UIC1561-01-00 UIC1551-04-00 UIC2151-09-00 UIC1805-01-00,YCI1998-02-00 YCK1998-03-00,18.0,월금,1,0,1,5,1+1+2
1712,9.39,MR,YCA1006-01-00,UIC1561-01-00 UIC1551-01-00 UIC2151-06-00 UIC1806-01-00,UCB1105-02-00 YCK1998-03-00,18.0,월금,1,0,1,5,1+2+1
1713,9.39,MR,YCA1006-02-00,UIC1561-01-00 UIC1501-04-00 UIC2151-14-00 UIC1805-02-00,UCB1105-02-00 YCK1998-03-00,18.0,월금,1,0,1,5,1+1+2
1714,9.39,MR,YCA1006-01-00,UIC1561-01-00 UIC1551-01-00 UIC2151-05-00 UIC1806-02-00,UCB1105-02-00 YCK1998-03-00,18.0,월금,1,0,1,5,1+2+1
1715,9.39,MR,YCA1006-02-00,UIC1561-01-00 UIC1551-04-00 UIC2151-08-00 UIC1805-01-00,YCI1998-02-00 YCK1998-03-00,18.0,월금,1,0,1,5,1+1+2
1716,9.39,MR,YCA1006-02-00,UIC1561-01-00 UIC1501-04-00 UIC2151-14-00 UIC1805-02-00,UCB1105-02-00 YCK1998-03-00,18.0,월금,1,0,1,5,1+1+2
1717,9.39,MR,YCA1006-02-00,UIC1561-01-00 UIC1401-02-00 UIC2151-14-00 UIC1806-01-00,UCB1105-02-00 YCK1998-03-00,18.0,월금,1,0,1,5,1+1+2
1718,9.39,MR,YCA1006-02-00,UIC1561-01-00 UIC1551-01-00 UIC2151-06-00 UIC1805-01-00,UCB1105-02-00 YCK1998-03-00,18.0,월금,1,0,1,5,1+2+1
1719,9.39,MR,YCA1006-02-00,UIC1561-01-00 UIC1551-04-00 UIC2151-05-00 UIC1805-02-00,YCI1998-02-00 YCK1998-03-00,18.0,월금,1,0,1,5,1+1+2
1720,9.39,MR,YCA1006-02-00,UIC1561-01-00 UIC1551-04-00 UIC2151-12-00 UIC1805-02-00,YCB1101-43-00 BIZ1101-09-00,18.0,월금,1,0,2,5,1+1+2
1721,9.39,MR,YCA1006-02-00,UIC1561-01-00 UIC1551-01-00 UIC2151-06-00 UIC1805-01-00,UCB1105-02-00 YCK1998-03-00,18.0,월금,1,0,1,5,1+2+1
1722,9.39,MR,YCA1006-02-00,UIC1561-01-00 UIC1551-04-00 UIC2151-12-00 UIC1805-02-00,YCB1101-43-00 BIZ1101-09-00,18.0,월금,1,0,2,5,1+1+2
1723,9.39,MR,YCA1006-02-00,UIC1561-01-00 UIC1551-01-00 UIC2151-06-00 UIC1806-01-00,UCB1105-02-00 YCK1998-03-00,18.0,월금,1,0,1,5,1+2+1
1724,9.39,MR,YCA1006-02-00,UIC1561-01-00 UIC1551-01-00 UIC2151-07-00 UIC1805-01-00,UCB1105-02-00 YCK1998-03-00,18.0,월금,1,0,1,5,1+2+1
1725,9.39,MR,YCA1006-02-00,UIC1561-01-00 UIC1551-04-00 UIC2151-12-00 UIC1805-02-00,YCJ1305-01-00 BIZ1101-09-00,18.0,월금,1,0,2,5,1+1+2
1726,9.39,MR,YCA1006-02-00,UIC1561-01-00 UIC1551-04-00 UIC2151-12-00 UIC1805-02-00,YCI1998-02-00 YCK1998-03-00,18.0,월금,1,0,1,5,1+3+2
1727,9.39,MR,YCA1006-02-00,UIC1561-01-00 UIC1401-02-00 UIC2151-14-00 UIC1805-01-00,UCB1105-02-00 YCK1998-03-00,18.0,월금,1,0,1,5,1+1+2
1728,9.39,MR,YCA1006-02-00,UIC1561-01-00 UIC1551-01-00 UIC2151-07-00 UIC1805-01-00,UCB1105-02-00 YCK1998-03-00,18.0,월금,1,0,1,5,1+2+1
1729,9.39,MR,YCA1006-01-00,UIC1561-01-00 UIC1551-01-00 UIC2151-06-00 UIC1805-01-00,UCB1105-02-00 YCK1998-03-00,18.0,월금,1,0,1,5,1+2+1
1730,9.39,MR,YCA1006-02-00,UIC1561-01-00 UIC1401-02-00 UIC2151-14-00 UIC1806-01-00,UCB1105-02-00 YCK1998-03-00,18.0,월금,1,0,1,5,1+1+2
1731,9.39,MR,YCA1006-02-00,UIC1561-01-00 UIC1551-04-00 UIC2151-12-00 UIC1805-02-00,YCI1998-02-00 YCK1998-03-00,18.0,월금,1,0,1,5,1+3+2
1732,9.39,MR,YCA1006-02-00,UIC1561-01-00 UIC1551-04-00 UIC2151-08-00 UIC1806-01-00,YCI1998-02-00 YCK1998-03-00,18.0,월금,1,0,1,5,1+1+2
1733,9.39,MR,YCA1006-02-00,UIC1561-01-00 UIC1551-04-00 UIC2151-08-00 UIC1805-01-00,YCI1998-02-00 YCK1998-03-00,18.0,월금,1,0,1,5,1+1+2
1734,9.39,MR,YCA1006-02-00,UIC1561-01-00 UIC1551-01-00 UIC2151-12-00 UIC1805-02-00,YCB1101-13-00 BIZ1101-09-00,18.0,월금,1,0,2,5,1+1+2
1735,9.39,MR,YCA1006-02-00,UIC1561-01-00 UIC1551-01-00 UIC2151-07-00 UIC1806-01-00,UCB1105-02-00 YCK1998-03-00,18.0,월금,1,0,1,5,1+2+1
1736,9.39,MR,YCA1006-02-00,UIC1561-01-00 UIC1551-04-00 UIC2151-08-00 UIC1806-01-00,YCI1998-02-00 YCK1998-03-00,18.0,월금,1,0,1,5,1+1+2
1737,9.39,MR,YCA1006-01-00,UIC1561-01-00 UIC1551-01-00 UIC2151-06-00 UIC1806-01-00,UCB1105-02-00 YCK1998-03-00,18.0,월금,1,0,1,5,1+2+1
1738,9.39,MR,YCA1006-02-00,UIC1561-01-00 UIC1551-01-00 UIC2151-07-00 UIC1806-01-00,UCB1105-02-00 YCK1998-03-00,18.0,월금,1,0,1,5,1+2+1
1739,9.383,MR,YCA1006-02-00,UIC1561-01-00 UIC1551-01-00 UIC2151-10-00 UIC1805-02-00,ECO1002-05-00 YCK1998-03-00,18.0,금,0,0,1,,2+1+2+1
1740,9.383,MR,YCA1006-02-00,UIC1561-01-00 UIC1551-01-00 UIC2151-04-00 UIC1805-02-00,ECO1002-05-00 YCK1998-03-00,18.0,금,0,0,1,,2+1+2+1
1741,9.383,MR,YCA1006-02-00,UIC1561-01-00 UIC1551-01-00 UIC2151-10-00 UIC1805-02-00,ECO1002-05-00 YCK1998-03-00,18.0,금,0,0,1,,2+1+2+1
1742,9.383,MR,YCA1006-02-00,UIC1561-01-00 UIC1551-01-00 UIC2151-04-00 UIC1805-02-00,ECO1002-05-00 YCK1998-03-00,18.0,금,0,0,1,,2+1+2+1
1743,9.369,MR,YCA1006-01-00,UIC1561-01-00 UIC1551-04-00 UIC2151-06-00 UIC1806-01-00,YCE1253-01-00 ANT2105-01-00,18.0,월금,1,0,2,4,1+1+1
1744,9.369,MR,YCA1006-01-00,UIC1561-01-00 UIC1551-04-00 UIC2151-05-00 UIC1806-02-00,YCE1253-01-00 ANT2105-01-00,18.0,월금,1,0,2,4,1+1+1
1745,9.369,MR,YCA1006-01-00,UIC1561-01-00 UIC1551-04-00 UIC2151-06-00 UIC1806-01-00,YCE1253-01-00 ANT2105-01-00,18.0,월금,1,0,2,4,1+1+1
1746,9.369,MR,YCA1006-01-00,UIC1561-01-00 UIC1551-04-00 UIC2151-07-00 UIC1806-01-00,YCE1253-01-00 ANT2105-01-00,18.0,월금,1,0,2,4,1+1+1
1747,9.369,MR,YCA1006-01-00,UIC1561-01-00 UIC1401-02-00 UIC2151-12-00 UIC1806-02-00,YCK1998-03-00 CDM2012-01-00,18.0,월금,1,0,1,,1+1+3
1748,9.369,MR,YCA1006-01-00,UIC1561-01-00 UIC1551-04-00 UIC2151-07-00 UIC1805-01-00,YCE1253-01-00 ANT2105-01-00,18.0,월금,1,0,2,4,1+1+1
1749,9.369,MR,YCA1006-02-00,UIC1561-01-00 UIC1551-01-00 UIC2151-12-00 UIC1805-02-00,ANT2105-01-00 ECO1002-05-00,18.0,월금,1,0,2,4,1+3+1
1750,9.369,MR,YCA1006-01-00,UIC1561-01-00 UIC1251-02-00 UIC2151-12-00 UIC1805-02-00,YCK1998-03-00 CDM2012-01-00,18.0,월금,1,0,1,,1+1+3
1751,9.369,MR,YCA1006-01-00,UIC1561-01-00 UIC1401-02-00 UIC2151-12-00 UIC1806-02-00,YCK1998-03-00 CDM2012-01-00,18.0,월금,1,0,1,,1+1+3
1752,9.369,MR,YCA1006-02-00,UIC1561-01-00 UIC1551-01-00 UIC2151-12-00 UIC1805-02-00,ANT2105-01-00 ECO1002-05-00,18.0,월금,1,0,2,4,1+3+1
1753,9.369,MR,YCA1006-01-00,UIC1561-01-00 UIC1551-04-00 UIC2151-06-00 UIC1805-01-00,YCE1253-01-00 ANT2105-01-00,18.0,월금,1,0,2,4,1+1+1
1754,9.369,MR,YCA1006-01-00,UIC1561-01-00 UIC1251-02-00 UIC2151-12-00 UIC1805-02-00,YCK1998-03-00 CDM2012-01-00,18.0,월금,1,0,1,,1+1+3
1755,9.369,MR,YCA1006-01-00,UIC1561-01-00 UIC1551-04-00 UIC2151-06-00 UIC1805-01-00,YCE1253-01-00 ANT2105-01-00,18.0,월금,1,0,2,4,1+1+1
1756,9.369,MR,YCA1006-01-00,UIC1561-01-00 UIC1551-04-00 UIC2151-05-00 UIC1806-02-00,YCE1253-01-00 ANT2105-01-00,18.0,월금,1,0,2,4,1+1+1
1757,9.369,MR,YCA1006-01-00,UIC1561-01-00 UIC1551-04-00 UIC2151-07-00 UIC1806-01-00,YCE1253-01-00 ANT2105-01-00,18.0,월금,1,0,2,4,1+1+1
1758,9.369,MR,YCA1006-01-00,UIC1561-01-00 UIC1551-04-00 UIC2151-07-00 UIC1805-01-00,YCE1253-01-00 ANT2105-01-00,18.0,월금,1,0,2,4,1+1+1
1759,9.355,MR,YCA1006-01-00,UIC1561-01-00 UIC1551-04-00 UIC2151-12-00 UIC1805-02-00,ECO1104-06-00 YCK1998-03-00,18.0,월금,1,0,1,4,1+1+3
1760,9.355,MR,YCA1006-01-00,UIC1561-01-00 UIC1551-01-00 UIC2151-12-00 UIC1805-02-00,ECO1104-06-00 YCK1998-03-00,18.0,월금,1,0,1,4,1+3+1
1761,9.355,MR,YCA1006-01-00,UIC1561-01-00 UIC1551-01-00 UIC2151-12-00 UIC1805-02-00,ECO1104-06-00 YCK1998-03-00,18.0,월금,1,0,1,4,1+3+1
1762,9.355,MR,YCA1006-01-00,UIC1561-01-00 UIC1551-04-00 UIC2151-12-00 UIC1805-02-00,ECO1104-06-00 YCK1998-03-00,18.0,월금,1,0,1,4,1+1+3
1763,9.315,MR,YCA1006-02-00,UIC1561-01-00 UIC1551-04-00 UIC2151-08-00 UIC1806-02-00,YCK1998-03-00 STA1002-04-00,18.0,월금,0,1,1,4+4,2+1+2
1764,9.315,MR,YCA1006-02-00,UIC1561-01-00 UIC1551-04-00 UIC2151-07-00 UIC1805-02-00,YCK1998-03-00 STA1002-04-00,18.0,월금,0,1,1,4+4,2+1+2
1765,9.315,MR,YCA1006-02-00,UIC1561-01-00 UIC1551-04-00 UIC2151-07-00 UIC1805-02-00,YCK1998-03-00 STA1002-04-00,18.0,월금,0,1,1,4+4,2+1+2
1766,9.315,MR,YCA1006-01-00,UIC1561-01-00 UIC1401-02-00 UIC2151-12-00 UIC1806-02-00,YCK1998-03-00 STA1002-04-00,18.0,월금,1,0,0,4,2+1+2
1767,9.315,MR,YCA1006-02-00,UIC1561-01-00 UIC1551-04-00 UIC2151-06-00 UIC1805-02-00,YCK1998-03-00 STA1002-04-00,18.0,월금,0,1,1,4+4,2+1+2
1768,9.315,MR,YCA1006-02-00,UIC1561-01-00 UIC1551-04-00 UIC2151-06-00 UIC1805-02-00,YCK1998-03-00 STA1002-04-00,18.0,월금,0,1,1,4+4,2+1+2
1769,9.315,MR,YCA1006-02-00,UIC1561-01-00 UIC1551-04-00 UIC2151-09-00 UIC1806-02-00,YCK1998-03-00 STA1002-04-00,18.0,월금,0,1,1,4+4,2+1+2
1770,9.315,MR,YCA1006-01-00,UIC1561-01-00 UIC1401-02-00 UIC2151-12-00 UIC1806-02-00,YCK1998-03-00 STA1002-04-00,18.0,월금,1,0,0,4,2+1+2
1771,9.315,MR,YCA1006-01-00,UIC1561-01-00 UIC1251-02-00 UIC2151-12-00 UIC1805-02-00,YCK1998-03-00 STA1002-04-00,18.0,월금,1,0,0,4,2+1+2
1772,9.315,MR,YCA1006-01-00,UIC1561-01-00 UIC1251-02-00 UIC2151-12-00 UIC1805-02-00,YCK1998-03-00 STA1002-04-00,18.0,월금,1,0,0,4,2+1+2
1773,9.315,MR,YCA1006-02-00,UIC1561-01-00 UIC1551-04-00 UIC2151-08-00 UIC1806-02-00,YCK1998-03-00 STA1002-04-00,18.0,월금,0,1,1,4+4,2+1+2
1774,9.315,MR,YCA1006-02-00,UIC1561-01-00 UIC1551-04-00 UIC2151-09-00 UIC1806-02-00,YCK1998-03-00 STA1002-04-00,18.0,월금,0,1,1,4+4,2+1+2
1775,9.299,MR,YCA1006-02-00,UIC1561-01-00 UIC1551-01-00 UIC2151-12-00 UIC1806-02-00,ECO1101-06-00 YCI1901-01-00,18.0,월금,1,0,4,4,2+3+2+1
1776,9.299,MR,YCA1006-02-00,UIC1561-01-00 UIC1551-01-00 UIC2151-12-00 UIC1806-02-00,ECO1101-06-00 YCI1901-01-00,18.0,월금,1,0,4,4,2+3+2+1
1777,9.295,Lang,YCA1006-02-00,QRM1001-01-00 UIC1561-01-00 UIC1551-01-00 UIC2151-12-00,YCG1804-01-00 YCH1605-01-00,18.0,월금,1,0,1,,2+3+1+1
1778,9.23,MR,YCA1006-02-00,UIC1561-01-00 ASP2022-01-00 UIC2151-12-00 UIC1806-02-00,YCK1998-03-00 STA2102-05-00,18.0,월금,1,0,0,4,2+2
1779,9.23,MR,YCA1006-02-00,UIC1561-01-00 ASP2022-01-00 UIC2151-12-00 UIC1806-02-00,YCK1998-03-00 STA2102-05-00,18.0,월금,1,0,0,4,2+2
1780,9.21,Lang,YCA1006-02-00,QRM1001-01-00 UIC1561-01-00 UIC1551-01-00 UIC2151-12-00,YCK1998-03-00 STA2102-05-00,18.0,월금,1,0,1,4,3+2+1
1781,9.19,MR,YCA1006-02-00,UIC1561-01-00 UIC1551-04-00 UIC2151-12-00 UIC1805-02-00,UCD1101-01-00 STA1002-04-00,18.0,월금,1,0,2,4,2+1+1+2+2
1782,9.19,MR,YCA1006-02-00,UIC1561-01-00 UIC1551-04-00 UIC2151-12-00 UIC1805-02-00,UCD1101-01-00 STA1002-04-00,18.0,월금,1,0,2,4,2+1+1+2+2
1783,9.182,MR,YCA1006-02-00,UIC1561-01-00 UIC1551-01-00 UIC2151-08-00 UIC1806-02-00,YCG1853-01-00 YCK1998-03-00,18.0,월금,0,1,2,5,1
1784,9.182,MR,YCA1006-02-00,UIC1561-01-00 UIC1551-01-00 UIC2151-08-00 UIC1806-02-00,YCG1853-01-00 YCK1998-03-00,18.0,월금,0,1,2,5,1
1785,9.182,MR,YCA1006-02-00,UIC1561-01-00 UIC1551-01-00 UIC2151-07-00 UIC1805-02-00,YCG1853-01-00 YCK1998-03-00,18.0,월금,0,1,2,5,1
1786,9.182,MR,YCA1006-02-00,UIC1561-01-00 UIC1551-01-00 UIC2151-06-00 UIC1805-02-00,YCG1853-01-00 YCK1998-03-00,18.0,월금,0,1,2,5,1
1787,9.182,MR,YCA1006-02-00,UIC1561-01-00 UIC1551-01-00 UIC2151-07-00 UIC1805-02-00,YCG1853-01-00 YCK1998-03-00,18.0,월금,0,1,2,5,1
1788,9.182,MR,YCA1006-02-00,UIC1561-01-00 UIC1551-01-00 UIC2151-09-00 UIC1806-02-00,YCG1853-01-00 YCK1998-03-00,18.0,월금,0,1,2,5,1
1789,9.182,MR,YCA1006-02-00,UIC1561-01-00 UIC1551-01-00 UIC2151-09-00 UIC1806-02-00,YCG1853-01-00 YCK1998-03-00,18.0,월금,0,1,2,5,1
1790,9.182,MR,YCA1006-02-00,UIC1561-01-00 UIC1551-01-00 UIC2151-06-00 UIC1805-02-00,YCG1853-01-00 YCK1998-03-00,18.0,월금,0,1,2,5,1
1791,9.18,MR,YCA1006-02-00,UIC1561-01-00 UIC1551-01-00 UIC2151-12-00 UIC1805-02-00,ECO1104-06-00 BIZ1101-09-00,18.0,월금,1,1,1,5,1+1
1792,9.18,MR,YCA1006-02-00,UIC1561-01-00 UIC1551-01-00 UIC2151-12-00 UIC1805-02-00,ECO1104-06-00 BIZ1101-09-00,18.0,월금,1,1,1,5,1+1
1793,9.174,MR,YCA1006-01-00,UIC1561-01-00 ASP2022-01-00 UIC2151-06-00 UIC1806-01-00,ECO1101-06-00 YCK1998-03-00,18.0,월금,1,0,2,4,1+2+1+1
1794,9.174,MR,YCA1006-02-00,UIC1561-01-00 ASP2022-01-00 UIC2151-06-00 UIC1806-01-00,ECO1101-06-00 YCK1998-03-00,18.0,월금,1,0,2,4,1+2+1+1
1795,9.174,MR,YCA1006-01-00,UIC1561-01-00 ASP2022-01-00 UIC2151-06-00 UIC1806-01-00,ECO1101-06-00 YCK1998-03-00,18.0,월금,1,0,2,4,1+2+1+1
1796,9.174,MR,YCA1006-01-00,UIC1561-01-00 ASP2022-01-00 UIC2151-05-00 UIC1806-02-00,ECO1101-06-00 YCK1998-03-00,18.0,월금,1,0,2,4,1+2+1+1
1797,9.174,MR,YCA1006-01-00,UIC1561-01-00 ASP2022-01-00 UIC2151-06-00 UIC1805-01-00,ECO1101-06-00 YCK1998-03-00,18.0,월금,1,0,2,4,1+2+1+1
1798,9.174,MR,YCA1006-02-00,UIC1561-01-00 ASP2022-01-00 UIC2151-06-00 UIC1805-01-00,ECO1101-06-00 YCK1998-03-00,18.0,월금,1,0,2,4,1+2+1+1
1799,9.174,MR,YCA1006-02-00,UIC1561-01-00 ASP2022-01-00 UIC2151-07-00 UIC1806-01-00,ECO1101-06-00 YCK1998-03-00,18.0,월금,1,0,2,4,1+2+1+1
1800,9.174,MR,YCA1006-01-00,UIC1561-01-00 ASP2022-01-00 UIC2151-07-00 UIC1806-01-00,ECO1101-06-00 YCK1998-03-00,18.0,월금,1,0,2,4,1+2+1+1
1801,9.174,MR,YCA1006-02-00,UIC1561-01-00 ASP2022-01-00 UIC2151-06-00 UIC1806-01-00,ECO1101-06-00 YCK1998-03-00,18.0,월금,1,0,2,4,1+2+1+1
1802,9.174,MR,YCA1006-01-00,UIC1561-01-00 ASP2022-01-00 UIC2151-05-00 UIC1806-02-00,ECO1101-06-00 YCK1998-03-00,18.0,월금,1,0,2,4,1+2+1+1
1803,9.174,MR,YCA1006-01-00,UIC1561-01-00 ASP2022-01-00 UIC2151-06-00 UIC1805-01-00,ECO1101-06-00 YCK1998-03-00,18.0,월금,1,0,2,4,1+2+1+1
1804,9.174,MR,YCA1006-02-00,UIC1561-01-00 ASP2022-01-00 UIC2151-07-00 UIC1805-01-00,ECO1101-06-00 YCK1998-03-00,18.0,월금,1,0,2,4,1+2+1+1
1805,9.174,MR,YCA1006-01-00,UIC1561-01-00 ASP2022-01-00 UIC2151-07-00 UIC1805-01-00,ECO1101-06-00 YCK1998-03-00,18.0,월금,1,0,2,4,1+2+1+1
1806,9.174,MR,YCA1006-01-00,UIC1561-01-00 ASP2022-01-00 UIC2151-07-00 UIC1806-01-00,ECO1101-06-00 YCK1998-03-00,18.0,월금,1,0,2,4,1+2+1+1
1807,9.174,MR,YCA1006-01-00,UIC1561-01-00 ASP2022-01-00 UIC2151-07-00 UIC1805-01-00,ECO1101-06-00 YCK1998-03-00,18.0,월금,1,0,2,4,1+2+1+1
1808,9.174,MR,YCA1006-02-00,UIC1561-01-00 ASP2022-01-00 UIC2151-05-00 UIC1806-02-00,ECO1101-06-00 YCK1998-03-00,18.0,월금,1,0,2,4,1+2+1+1
1809,9.174,MR,YCA1006-02-00,UIC1561-01-00 ASP2022-01-00 UIC2151-06-00 UIC1805-01-00,ECO1101-06-00 YCK1998-03-00,18.0,월금,1,0,2,4,1+2+1+1
1810,9.174,MR,YCA1006-02-00,UIC1561-01-00 ASP2022-01-00 UIC2151-07-00 UIC1805-01-00,ECO1101-06-00 YCK1998-03-00,18.0,월금,1,0,2,4,1+2+1+1
1811,9.174,MR,YCA1006-02-00,UIC1561-01-00 ASP2022-01-00 UIC2151-07-00 UIC1806-01-00,ECO1101-06-00 YCK1998-03-00,18.0,월금,1,0,2,4,1+2+1+1
1812,9.174,MR,YCA1006-02-00,UIC1561-01-00 ASP2022-01-00 UIC2151-05-00 UIC1806-02-00,ECO1101-06-00 YCK1998-03-00,18.0,월금,1,0,2,4,1+2+1+1
1813,9.115,MR,YCA1006-02-00,UIC1561-01-00 UIC1551-01-00 UIC2151-06-00 UIC1805-02-00,YCI1901-01-00 STA1002-04-00,18.0,월금,0,1,2,7,2+2+1
1814,9.115,MR,YCA1006-02-00,UIC1561-01-00 UIC1251-02-00 UIC2151-14-00 UIC1805-02-00,YCK1998-03-00 CTM1001-02-00,18.0,월금,0,2,1,7,1
1815,9.115,MR,YCA1006-02-00,UIC1561-01-00 UIC1401-02-00 UIC2151-14-00 UIC1806-02-00,YCK1998-03-00 CTM1001-02-00,18.0,월금,0,2,1,7,1
1816,9.115,MR,YCA1006-02-00,UIC1561-01-00 UIC1401-02-00 UIC2151-14-00 UIC1806-02-00,YCK1998-03-00 CTM1001-02-00,18.0,월금,0,2,1,7,1
1817,9.115,MR,YCA1006-02-00,UIC1561-01-00 UIC1551-01-00 UIC2151-09-00 UIC1806-02-00,YCI1901-01-00 STA1002-04-00,18.0,월금,0,1,2,7,2+2+1
1818,9.115,MR,YCA1006-02-00,UIC1561-01-00 UIC1251-02-00 UIC2151-14-00 UIC1805-02-00,YCK1998-03-00 CTM1001-02-00,18.0,월금,0,2,1,7,1
1819,9.115,MR,YCA1006-02-00,UIC1561-01-00 UIC1551-01-00 UIC2151-07-00 UIC1805-02-00,YCI1901-01-00 STA1002-04-00,18.0,월금,0,1,2,7,2+2+1
1820,9.115,MR,YCA1006-02-00,UIC1561-01-00 UIC1551-01-00 UIC2151-08-00 UIC1806-02-00,YCI1901-01-00 STA1002-04-00,18.0,월금,0,1,2,7,2+2+1
1821,9.115,MR,YCA1006-02-00,UIC1561-01-00 UIC1551-01-00 UIC2151-07-00 UIC1805-02-00,YCI1901-01-00 STA1002-04-00,18.0,월금,0,1,2,7,2+2+1
1822,9.115,MR,YCA1006-02-00,UIC1561-01-00 UIC1401-02-00 UIC2151-14-00 UIC1806-02-00,UCD1101-01-00 STA1002-04-00,18.0,월금,0,1,2,7,2+2+1
1823,9.115,MR,YCA1006-02-00,UIC1561-01-00 UIC1401-02-00 UIC2151-14-00 UIC1806-02-00,UCD1101-01-00 STA1002-04-00,18.0,월금,0,1,2,7,2+2+1
1824,9.115,MR,YCA1006-02-00,UIC1561-01-00 UIC1251-02-00 UIC2151-14-00 UIC1805-02-00,UCD1101-01-00 STA1002-04-00,18.0,월금,0,1,2,7,2+2+1
1825,9.115,MR,YCA1006-02-00,UIC1561-01-00 UIC1551-01-00 UIC2151-06-00 UIC1805-02-00,YCI1901-01-00 STA1002-04-00,18.0,월금,0,1,2,7,2+2+1
1826,9.115,MR,YCA1006-02-00,UIC1561-01-00 UIC1251-02-00 UIC2151-14-00 UIC1805-02-00,YCK1998-03-00 SED2104-01-00,18.0,월금,0,1,3,7,1
1827,9.115,MR,YCA1006-02-00,UIC1561-01-00 UIC1401-02-00 UIC2151-14-00 UIC1806-02-00,YCK1998-03-00 SED2104-01-00,18.0,월금,0,1,3,7,1
1828,9.115,MR,YCA1006-02-00,UIC1561-01-00 UIC1551-01-00 UIC2151-08-00 UIC1806-02-00,YCI1901-01-00 STA1002-04-00,18.0,월금,0,1,2,7,2+2+1
1829,9.115,MR,YCA1006-02-00,UIC1561-01-00 UIC1251-02-00 UIC2151-14-00 UIC1805-02-00,UCD1101-01-00 STA1002-04-00,18.0,월금,0,1,2,7,2+2+1
1830,9.115,MR,YCA1006-02-00,UIC1561-01-00 UIC1551-01-00 UIC2151-09-00 UIC1806-02-00,YCI1901-01-00 STA1002-04-00,18.0,월금,0,1,2,7,2+2+1
1831,9.115,MR,YCA1006-02-00,UIC1561-01-00 UIC1251-02-00 UIC2151-14-00 UIC1805-02-00,YCK1998-03-00 SED2104-01-00,18.0,월금,0,1,3,7,1
1832,9.115,MR,YCA1006-02-00,UIC1561-01-00 UIC1401-02-00 UIC2151-14-00 UIC1806-02-00,YCK1998-03-00 SED2104-01-00,18.0,월금,0,1,3,7,1
1833,9.105,MR,-,UIC1561-01-00 UIC1551-01-00 UIC2151-07-00 UIC1805-02-00,YCK1998-03-00 STA1002-04-00,18.0,월금,0,0,1,4,2+2+1
1834,9.105,MR,-,UIC1561-01-00 UIC1551-04-00 UIC2151-09-00 UIC1806-02-00,YCK1998-03-00 STA1002-04-00,18.0,월금,0,0,1,4,2+1+2
1835,9.105,MR,-,UIC1561-01-00 UIC1551-01-00 UIC2151-09-00 UIC1806-02-00,YCK1998-03-00 STA1002-04-00,18.0,월금,0,0,1,4,2+2+1
1836,9.105,MR,-,UIC1561-01-00 UIC1551-04-00 UIC2151-09-00 UIC1806-02-00,YCK1998-03-00 STA1002-04-00,18.0,월금,0,0,1,4,2+1+2
1837,9.105,MR,-,UIC1561-01-00 UIC1551-01-00 UIC2151-09-00 UIC1806-02-00,YCK1998-03-00 STA1002-04-00,18.0,월금,0,0,1,4,2+2+1
1838,9.105,MR,-,UIC1561-01-00 UIC1551-01-00 UIC2151-08-00 UIC1806-02-00,YCK1998-03-00 STA1002-04-00,18.0,월금,0,0,1,4,2+2+1
1839,9.105,MR,-,UIC1561-01-00 UIC1551-01-00 UIC2151-06-00 UIC1805-02-00,YCK1998-03-00 STA1002-04-00,18.0,월금,0,0,1,4,2+2+1
1840,9.105,MR,YCA1006-02-00,UIC1561-01-00 UIC1551-04-00 UIC2151-12-00 UIC1806-02-00,YCK1998-03-00 STA2102-05-00,18.0,월금,1,0,1,4,3+2
1841,9.105,MR,-,UIC1561-01-00 UIC1551-04-00 UIC2151-07-00 UIC1805-02-00,YCK1998-03-00 STA1002-04-00,18.0,월금,0,0,1,4,2+1+2
1842,9.105,MR,-,UIC1561-01-00 UIC1551-01-00 UIC2151-08-00 UIC1806-02-00,YCK1998-03-00 STA1002-04-00,18.0,월금,0,0,1,4,2+2+1
1843,9.105,MR,YCA1006-02-00,UIC1561-01-00 UIC1551-04-00 UIC2151-12-00 UIC1806-02-00,YCK1998-03-00 STA2102-05-00,18.0,월금,1,0,1,4,3+2
1844,9.105,MR,-,UIC1561-01-00 UIC1551-04-00 UIC2151-08-00 UIC1806-02-00,YCK1998-03-00 STA1002-04-00,18.0,월금,0,0,1,4,2+1+2
1845,9.105,MR,-,UIC1561-01-00 UIC1551-04-00 UIC2151-06-00 UIC1805-02-00,YCK1998-03-00 STA1002-04-00,18.0,월금,0,0,1,4,2+1+2
1846,9.105,MR,-,UIC1561-01-00 UIC1551-01-00 UIC2151-07-00 UIC1805-02-00,YCK1998-03-00 STA1002-04-00,18.0,월금,0,0,1,4,2+2+1
1847,9.105,MR,-,UIC1561-01-00 UIC1551-04-00 UIC2151-07-00 UIC1805-02-00,YCK1998-03-00 STA1002-04-00,18.0,월금,0,0,1,4,2+1+2
1848,9.105,MR,-,UIC1561-01-00 UIC1551-01-00 UIC2151-06-00 UIC1805-02-00,YCK1998-03-00 STA1002-04-00,18.0,월금,0,0,1,4,2+2+1
1849,9.105,MR,-,UIC1561-01-00 UIC1551-04-00 UIC2151-08-00 UIC1806-02-00,YCK1998-03-00 STA1002-04-00,18.0,월금,0,0,1,4,2+1+2
1850,9.105,MR,-,UIC1561-01-00 UIC1551-04-00 UIC2151-06-00 UIC1805-02-00,YCK1998-03-00 STA1002-04-00,18.0,월금,0,0,1,4,2+1+2
1851,9.09,WCiv,YCA1006-01-00,QRM1001-01-00 UIC1551-01-00 UIC2151-13-00 UIC1806-01-00,YCE1253-01-00 CTM1001-02-00,18.0,월금,1,2,2,5,2+1+1
1852,9.09,WCiv,YCA1006-01-00,QRM1001-01-00 UIC1551-01-00 UIC2151-13-00 UIC1805-01-00,YCE1253-01-00 CTM1001-02-00,18.0,월금,1,2,2,5,2+1+1
1853,9.09,WCiv,YCA1006-01-00,QRM1001-01-00 UIC1551-01-00 UIC2151-13-00 UIC1806-01-00,YCE1253-01-00 CTM1001-02-00,18.0,월금,1,2,2,5,2+1+1
1854,9.09,WCiv,YCA1006-01-00,QRM1001-01-00 UIC1551-01-00 UIC2151-13-00 UIC1805-01-00,YCE1253-01-00 CTM1001-02-00,18.0,월금,1,2,2,5,2+1+1
1855,9.065,MR,YCA1006-01-00,UIC1561-01-00 UIC1551-01-00 UIC2151-09-00 UIC1806-02-00,YCG1804-01-00 BIZ1101-09-00,18.0,월금,0,0,1,4,1+1+1
1856,9.065,MR,YCA1006-01-00,UIC1561-01-00 UIC1551-01-00 UIC2151-06-00 UIC1805-02-00,YCG1804-01-00 BIZ1101-09-00,18.0,월금,0,0,1,4,1+1+1
1857,9.065,MR,YCA1006-01-00,UIC1561-01-00 UIC1551-01-00 UIC2151-07-00 UIC1805-02-00,YCG1804-01-00 BIZ1101-09-00,18.0,월금,0,0,1,4,1+1+1
1858,9.065,MR,YCA1006-01-00,UIC1561-01-00 UIC1551-01-00 UIC2151-08-00 UIC1806-02-00,YCG1804-01-00 BIZ1101-09-00,18.0,월금,0,0,1,4,1+1+1
1859,9.065,MR,YCA1006-01-00,UIC1561-01-00 UIC1551-01-00 UIC2151-06-00 UIC1805-02-00,YCG1804-01-00 BIZ1101-09-00,18.0,월금,0,0,1,4,1+1+1
1860,9.065,MR,YCA1006-01-00,UIC1561-01-00 UIC1551-01-00 UIC2151-07-00 UIC1805-02-00,YCG1804-01-00 BIZ1101-09-00,18.0,월금,0,0,1,4,1+1+1
1861,9.065,MR,YCA1006-01-00,UIC1561-01-00 UIC1551-01-00 UIC2151-09-00 UIC1806-02-00,YCG1804-01-00 BIZ1101-09-00,18.0,월금,0,0,1,4,1+1+1
1862,9.065,MR,YCA1006-01-00,UIC1561-01-00 UIC1551-01-00 UIC2151-08-00 UIC1806-02-00,YCG1804-01-00 BIZ1101-09-00,18.0,월금,0,0,1,4,1+1+1
1863,9.049,MR,YCA1006-02-00,UIC1561-01-00 UIC1551-01-00 UIC2151-08-00 UIC1806-01-00,ECO1101-06-00 YCK1998-03-00,18.0,월금,1,0,3,4,1+1+1+3
1864,9.049,MR,YCA1006-01-00,UIC1561-01-00 UIC1551-04-00 UIC2151-07-00 UIC1806-01-00,ECO1101-06-00 YCK1998-03-00,18.0,월금,1,0,3,4,1+3+1+1
1865,9.049,MR,YCA1006-02-00,UIC1561-01-00 UIC1551-01-00 UIC2151-09-00 UIC1806-01-00,ECO1101-06-00 YCK1998-03-00,18.0,월금,1,0,3,4,1+1+1+3
1866,9.049,MR,YCA1006-01-00,UIC1561-01-00 UIC1551-04-00 UIC2151-07-00 UIC1805-01-00,ECO1101-06-00 YCK1998-03-00,18.0,월금,1,0,3,4,1+3+1+1
1867,9.049,MR,YCA1006-02-00,UIC1561-01-00 UIC1551-01-00 UIC2151-05-00 UIC1805-02-00,ECO1101-06-00 YCK1998-03-00,18.0,월금,1,0,3,4,1+1+1+3
1868,9.049,MR,YCA1006-02-00,UIC1561-01-00 UIC1551-01-00 UIC2151-09-00 UIC1806-01-00,ECO1101-06-00 YCK1998-03-00,18.0,월금,1,0,3,4,1+1+1+3
1869,9.049,MR,YCA1006-01-00,UIC1561-01-00 UIC1551-04-00 UIC2151-05-00 UIC1806-02-00,ECO1101-06-00 YCK1998-03-00,18.0,월금,1,0,3,4,1+3+1+1
1870,9.049,MR,YCA1006-02-00,UIC1561-01-00 UIC1551-01-00 UIC2151-08-00 UIC1805-01-00,ECO1101-06-00 YCK1998-03-00,18.0,월금,1,0,3,4,1+1+1+3
1871,9.049,MR,YCA1006-02-00,UIC1561-01-00 UIC1551-04-00 UIC2151-07-00 UIC1805-01-00,ECO1101-06-00 YCK1998-03-00,18.0,월금,1,0,3,4,1+3+1+1
1872,9.049,MR,YCA1006-01-00,UIC1561-01-00 UIC1551-04-00 UIC2151-06-00 UIC1806-01-00,ECO1101-06-00 YCK1998-03-00,18.0,월금,1,0,3,4,1+3+1+1
1873,9.049,MR,YCA1006-02-00,UIC1561-01-00 UIC1551-04-00 UIC2151-05-00 UIC1806-02-00,ECO1101-06-00 YCK1998-03-00,18.0,월금,1,0,3,4,1+3+1+1
1874,9.049,MR,YCA1006-02-00,UIC1561-01-00 UIC1551-04-00 UIC2151-05-00 UIC1806-02-00,ECO1101-06-00 YCK1998-03-00,18.0,월금,1,0,3,4,1+3+1+1
1875,9.049,MR,YCA1006-01-00,UIC1561-01-00 UIC1551-01-00 UIC2151-08-00 UIC1806-01-00,ECO1101-06-00 UCB1105-02-00,18.0,월금,1,0,3,4,2+2+2
1876,9.049,MR,YCA1006-01-00,UIC1561-01-00 UIC1551-04-00 UIC2151-06-00 UIC1806-01-00,ECO1101-06-00 YCK1998-03-00,18.0,월금,1,0,3,4,1+3+1+1
1877,9.049,MR,YCA1006-02-00,UIC1561-01-00 UIC1551-01-00 UIC2151-09-00 UIC1805-01-00,ECO1101-06-00 YCK1998-03-00,18.0,월금,1,0,3,4,1+1+1+3
1878,9.049,MR,YCA1006-01-00,UIC1561-01-00 UIC1551-01-00 UIC2151-08-00 UIC1806-01-00,ECO1101-06-00 UCB1105-02-00,18.0,월금,1,0,3,4,2+2+2
1879,9.049,MR,YCA1006-02-00,UIC1561-01-00 UIC1551-01-00 UIC2151-12-00 UIC1805-02-00,ECO1101-06-00 YCK1998-03-00,18.0,월금,1,0,3,4,1+3+1+3
1880,9.049,MR,YCA1006-02-00,UIC1561-01-00 UIC1551-04-00 UIC2151-07-00 UIC1806-01-00,ECO1101-06-00 YCK1998-03-00,18.0,월금,1,0,3,4,1+3+1+1
1881,9.049,MR,YCA1006-02-00,UIC1561-01-00 UIC1551-04-00 UIC2151-06-00 UIC1805-01-00,ECO1101-06-00 YCK1998-03-00,18.0,월금,1,0,3,4,1+3+1+1
1882,9.049,MR,YCA1006-01-00,UIC1561-01-00 UIC1551-01-00 UIC2151-08-00 UIC1805-01-00,ECO1101-06-00 UCB1105-02-00,18.0,월금,1,0,3,4,2+2+2
1883,9.049,MR,YCA1006-01-00,UIC1561-01-00 UIC1551-04-00 UIC2151-07-00 UIC1806-01-00,ECO1101-06-00 YCK1998-03-00,18.0,월금,1,0,3,4,1+3+1+1
1884,9.049,MR,YCA1006-02-00,UIC1561-01-00 UIC1551-04-00 UIC2151-06-00 UIC1806-01-00,ECO1101-06-00 YCK1998-03-00,18.0,월금,1,0,3,4,1+3+1+1
1885,9.049,MR,YCA1006-01-00,UIC1561-01-00 UIC1551-01-00 UIC2151-09-00 UIC1806-01-00,ECO1101-06-00 UCB1105-02-00,18.0,월금,1,0,3,4,2+2+2
1886,9.049,MR,YCA1006-02-00,UIC1561-01-00 UIC1551-04-00 UIC2151-07-00 UIC1805-01-00,ECO1101-06-00 YCK1998-03-00,18.0,월금,1,0,3,4,1+3+1+1
1887,9.049,MR,YCA1006-01-00,UIC1561-01-00 UIC1551-01-00 UIC2151-09-00 UIC1805-01-00,ECO1101-06-00 UCB1105-02-00,18.0,월금,1,0,3,4,2+2+2
1888,9.049,MR,YCA1006-02-00,UIC1561-01-00 UIC1551-04-00 UIC2151-06-00 UIC1806-01-00,ECO1101-06-00 YCK1998-03-00,18.0,월금,1,0,3,4,1+3+1+1
1889,9.049,MR,YCA1006-01-00,UIC1561-01-00 UIC1551-04-00 UIC2151-06-00 UIC1805-01-00,ECO1101-06-00 YCK1998-03-00,18.0,월금,1,0,3,4,1+3+1+1
1890,9.049,MR,YCA1006-01-00,UIC1561-01-00 UIC1551-04-00 UIC2151-07-00 UIC1805-01-00,ECO1101-06-00 YCK1998-03-00,18.0,월금,1,0,3,4,1+3+1+1
1891,9.049,MR,YCA1006-01-00,UIC1561-01-00 UIC1551-01-00 UIC2151-05-00 UIC1805-02-00,ECO1101-06-00 UCB1105-02-00,18.0,월금,1,0,3,4,2+2+2
1892,9.049,MR,YCA1006-02-00,UIC1561-01-00 UIC1551-01-00 UIC2151-08-00 UIC1805-01-00,ECO1101-06-00 YCK1998-03-00,18.0,월금,1,0,3,4,1+1+1+3
1893,9.049,MR,YCA1006-01-00,UIC1561-01-00 UIC1551-04-00 UIC2151-06-00 UIC1805-01-00,ECO1101-06-00 YCK1998-03-00,18.0,월금,1,0,3,4,1+3+1+1
1894,9.049,MR,YCA1006-02-00,UIC1561-01-00 UIC1551-01-00 UIC2151-08-00 UIC1806-01-00,ECO1101-06-00 YCK1998-03-00,18.0,월금,1,0,3,4,1+1+1+3
1895,9.049,MR,YCA1006-01-00,UIC1561-01-00 UIC1551-01-00 UIC2151-08-00 UIC1805-01-00,ECO1101-06-00 UCB1105-02-00,18.0,월금,1,0,3,4,2+2+2
1896,9.049,MR,YCA1006-02-00,UIC1561-01-00 UIC1551-04-00 UIC2151-06-00 UIC1805-01-00,ECO1101-06-00 YCK1998-03-00,18.0,월금,1,0,3,4,1+3+1+1
1897,9.049,MR,YCA1006-01-00,UIC1561-01-00 UIC1551-01-00 UIC2151-09-00 UIC1805-01-00,ECO1101-06-00 UCB1105-02-00,18.0,월금,1,0,3,4,2+2+2
1898,9.049,MR,YCA1006-01-00,UIC1561-01-00 UIC1551-01-00 UIC2151-09-00 UIC1806-01-00,ECO1101-06-00 UCB1105-02-00,18.0,월금,1,0,3,4,2+2+2
1899,9.049,MR,YCA1006-02-00,UIC1561-01-00 UIC1551-01-00 UIC2151-05-00 UIC1805-02-00,ECO1101-06-00 YCK1998-03-00,18.0,월금,1,0,3,4,1+1+1+3
1900,9.049,MR,YCA1006-01-00,UIC1561-01-00 UIC1551-04-00 UIC2151-05-00 UIC1806-02-00,ECO1101-06-00 YCK1998-03-00,18.0,월금,1,0,3,4,1+3+1+1
1901,9.049,MR,YCA1006-02-00,UIC1561-01-00 UIC1551-01-00 UIC2151-12-00 UIC1805-02-00,ECO1101-06-00 YCK1998-03-00,18.0,월금,1,0,3,4,1+3+1+3
1902,9.049,MR,YCA1006-02-00,UIC1561-01-00 UIC1551-01-00 UIC2151-09-00 UIC1805-01-00,ECO1101-06-00 YCK1998-03-00,18.0,월금,1,0,3,4,1+1+1+3
1903,9.049,MR,YCA1006-02-00,UIC1561-01-00 UIC1551-04-00 UIC2151-07-00 UIC1806-01-00,ECO1101-06-00 YCK1998-03-00,18.0,월금,1,0,3,4,1+3+1+1
1904,9.049,MR,YCA1006-01-00,UIC1561-01-00 UIC1551-01-00 UIC2151-05-00 UIC1805-02-00,ECO1101-06-00 UCB1105-02-00,18.0,월금,1,0,3,4,2+2+2
1905,9.015,MR,YCA1006-02-00,UIC1561-01-00 UIC1551-01-00 UIC2151-12-00 UIC1806-02-00,UCB1105-02-00 YCI1901-01-00,18.0,월금,1,0,2,5,2+3
1906,9.015,MR,YCA1006-02-00,UIC1561-01-00 UIC1551-04-00 UIC2151-12-00 UIC1806-02-00,UCD1101-01-00 YCI1998-02-00,18.0,월금,1,0,2,5,2+3
1907,9.015,MR,YCA1006-02-00,UIC1561-01-00 UIC1551-04-00 UIC2151-12-00 UIC1806-02-00,YCB1101-43-00 YCK1998-03-00,18.0,월금,1,0,2,5,2+3
1908,9.015,MR,YCA1006-02-00,UIC1561-01-00 UIC1551-04-00 UIC2151-12-00 UIC1806-02-00,YCJ1305-01-00 YCK1998-03-00,18.0,월금,1,0,2,5,2+3
1909,9.015,MR,YCA1006-02-00,UIC1561-01-00 UIC1551-04-00 UIC2151-12-00 UIC1806-02-00,YCB1101-43-00 YCK1998-03-00,18.0,월금,1,0,2,5,2+3
1910,9.015,MR,YCA1006-02-00,UIC1561-01-00 UIC1551-04-00 UIC2151-12-00 UIC1806-02-00,YCJ1305-01-00 YCK1998-03-00,18.0,월금,1,0,2,5,2+3
1911,9.015,MR,YCA1006-02-00,UIC1561-01-00 UIC1551-01-00 UIC2151-12-00 UIC1806-02-00,YCB1101-13-00 YCK1998-03-00,18.0,월금,1,0,2,5,2+3
1912,9.015,MR,YCA1006-02-00,UIC1561-01-00 UIC1551-01-00 UIC2151-12-00 UIC1806-02-00,YCB1101-13-00 YCK1998-03-00,18.0,월금,1,0,2,5,2+3
1913,9.015,MR,YCA1006-02-00,UIC1561-01-00 UIC1551-04-00 UIC2151-12-00 UIC1806-02-00,UCD1101-01-00 YCI1998-02-00,18.0,월금,1,0,2,5,2+3
1914,9.015,MR,YCA1006-02-00,UIC1561-01-00 UIC1551-01-00 UIC2151-12-00 UIC1806-02-00,UCB1105-02-00 YCI1901-01-00,18.0,월금,1,0,2,5,2+3
1915,8.924,MR,YCA1006-02-00,UIC1561-01-00 ASP2022-01-00 UIC2151-12-00 UIC1806-02-00,ECO1101-06-00 BIZ1101-09-00,18.0,월금,1,0,2,4,2+1+2
1916,8.924,MR,YCA1006-02-00,UIC1561-01-00 ASP2022-01-00 UIC2151-12-00 UIC1806-02-00,ECO1101-06-00 BIZ1101-09-00,18.0,월금,1,0,2,4,2+1+2
1917,8.904,Lang,YCA1006-02-00,QRM1001-01-00 UIC1561-01-00 UIC1551-01-00 UIC2151-12-00,ECO1101-06-00 BIZ1101-09-00,18.0,월금,1,0,3,4,3+1+2+1
1918,8.903,MR,YCA1006-01-00,UIC1561-01-00 UIC1401-02-00 UIC2151-14-00 UIC1806-02-00,ECO1101-06-00 YCH1202-01-00,18.0,월금,0,0,4,4+6,1+2+1
1919,8.903,MR,YCA1006-01-00,UIC1561-01-00 UIC1401-02-00 UIC2151-14-00 UIC1806-02-00,ECO1101-06-00 YCH1202-01-00,18.0,월금,0,0,4,4+6,1+2+1
1920,8.903,MR,YCA1006-01-00,UIC1561-01-00 UIC1251-02-00 UIC2151-14-00 UIC1805-02-00,ECO1101-06-00 YCH1202-01-00,18.0,월금,0,0,4,4+6,1+2+1
1921,8.903,MR,YCA1006-01-00,UIC1561-01-00 UIC1251-02-00 UIC2151-14-00 UIC1805-02-00,ECO1101-06-00 YCH1202-01-00,18.0,월금,0,0,4,4+6,1+2+1
1922,8.865,MR,YCA1006-01-00,UIC1561-01-00 UIC1551-04-00 UIC2151-07-00 UIC1805-02-00,BIZ1101-09-00 SED2104-01-00,18.0,월금,0,0,3,6,1+1+1
1923,8.865,MR,YCA1006-01-00,UIC1561-01-00 UIC1551-04-00 UIC2151-08-00 UIC1806-02-00,BIZ1101-09-00 SED2104-01-00,18.0,월금,0,0,3,6,1+1+1
1924,8.865,MR,YCA1006-01-00,UIC1561-01-00 UIC1251-02-00 UIC2151-14-00 UIC1805-02-00,BIZ1101-09-00 SED2104-01-00,18.0,월금,0,0,3,6,1+1+1
1925,8.865,MR,YCA1006-01-00,UIC1561-01-00 UIC1551-04-00 UIC2151-07-00 UIC1805-02-00,BIZ1101-09-00 SED2104-01-00,18.0,월금,0,0,3,6,1+1+1
1926,8.865,MR,YCA1006-01-00,UIC1561-01-00 UIC1401-02-00 UIC2151-14-00 UIC1806-02-00,BIZ1101-09-00 SED2104-01-00,18.0,월금,0,0,3,6,1+1+1
1927,8.865,MR,YCA1006-01-00,UIC1561-01-00 UIC1401-02-00 UIC2151-14-00 UIC1806-02-00,BIZ1101-09-00 SED2104-01-00,18.0,월금,0,0,3,6,1+1+1
1928,8.865,MR,YCA1006-01-00,UIC1561-01-00 UIC1551-04-00 UIC2151-08-00 UIC1806-02-00,BIZ1101-09-00 SED2104-01-00,18.0,월금,0,0,3,6,1+1+1
1929,8.865,MR,YCA1006-01-00,UIC1561-01-00 UIC1551-04-00 UIC2151-06-00 UIC1805-02-00,BIZ1101-09-00 SED2104-01-00,18.0,월금,0,0,3,6,1+1+1
1930,8.865,MR,YCA1006-01-00,UIC1561-01-00 UIC1551-04-00 UIC2151-09-00 UIC1806-02-00,BIZ1101-09-00 SED2104-01-00,18.0,월금,0,0,3,6,1+1+1
1931,8.865,MR,YCA1006-01-00,UIC1561-01-00 UIC1551-04-00 UIC2151-09-00 UIC1806-02-00,BIZ1101-09-00 SED2104-01-00,18.0,월금,0,0,3,6,1+1+1
1932,8.865,MR,YCA1006-01-00,UIC1561-01-00 UIC1551-04-00 UIC2151-06-00 UIC1805-02-00,BIZ1101-09-00 SED2104-01-00,18.0,월금,0,0,3,6,1+1+1
1933,8.865,MR,YCA1006-01-00,UIC1561-01-00 UIC1251-02-00 UIC2151-14-00 UIC1805-02-00,BIZ1101-09-00 SED2104-01-00,18.0,월금,0,0,3,6,1+1+1
1934,8.865,MR,YCA1006-01-00,UIC1561-01-00 UIC1551-04-00 UIC2151-09-00 UIC1806-02-00,YCG1804-01-00 UCD1101-01-00,18.0,월수금,0,0,2,6,1+1+1
1935,8.865,MR,YCA1006-01-00,UIC1561-01-00 UIC1251-02-00 UIC2151-14-00 UIC1805-02-00,YCG1804-01-00 UCD1101-01-00,18.0,월수금,0,0,2,6,1+1+1
1936,8.865,MR,YCA1006-01-00,UIC1561-01-00 UIC1551-04-00 UIC2151-06-00 UIC1805-02-00,YCG1804-01-00 UCD1101-01-00,18.0,월수금,0,0,2,6,1+1+1
1937,8.865,MR,YCA1006-01-00,UIC1561-01-00 UIC1551-04-00 UIC2151-09-00 UIC1806-02-00,YCG1804-01-00 UCD1101-01-00,18.0,월수금,0,0,2,6,1+1+1
1938,8.865,MR,YCA1006-01-00,UIC1561-01-00 UIC1251-02-00 UIC2151-14-00 UIC1805-02-00,YCG1804-01-00 UCD1101-01-00,18.0,월수금,0,0,2,6,1+1+1
1939,8.865,MR,YCA1006-01-00,UIC1561-01-00 UIC1551-01-00 UIC2151-09-00 UIC1806-02-00,YCG1804-01-00 YCI1901-01-00,18.0,월수금,0,0,2,6,1+1+1
1940,8.865,MR,YCA1006-01-00,UIC1561-01-00 UIC1551-04-00 UIC2151-07-00 UIC1805-02-00,YCG1804-01-00 UCD1101-01-00,18.0,월수금,0,0,2,6,1+1+1
1941,8.865,MR,YCA1006-01-00,UIC1561-01-00 UIC1551-04-00 UIC2151-08-00 UIC1806-02-00,YCG1804-01-00 UCD1101-01-00,18.0,월수금,0,0,2,6,1+1+1
1942,8.865,MR,YCA1006-01-00,UIC1561-01-00 UIC1401-02-00 UIC2151-14-00 UIC1806-02-00,YCG1804-01-00 UCD1101-01-00,18.0,월수금,0,0,2,6,1+1+1
1943,8.865,MR,YCA1006-01-00,UIC1561-01-00 UIC1551-01-00 UIC2151-06-00 UIC1805-02-00,YCG1804-01-00 YCI1901-01-00,18.0,월수금,0,0,2,6,1+1+1
1944,8.865,MR,YCA1006-01-00,UIC1561-01-00 UIC1551-04-00 UIC2151-06-00 UIC1805-02-00,YCG1804-01-00 UCD1101-01-00,18.0,월수금,0,0,2,6,1+1+1
1945,8.865,MR,YCA1006-01-00,UIC1561-01-00 UIC1551-01-00 UIC2151-07-00 UIC1805-02-00,YCG1804-01-00 YCI1901-01-00,18.0,월수금,0,0,2,6,1+1+1
1946,8.865,MR,YCA1006-01-00,UIC1561-01-00 UIC1551-04-00 UIC2151-08-00 UIC1806-02-00,YCG1804-01-00 UCD1101-01-00,18.0,월수금,0,0,2,6,1+1+1
1947,8.865,MR,YCA1006-01-00,UIC1561-01-00 UIC1401-02-00 UIC2151-14-00 UIC1806-02-00,YCG1804-01-00 UCD1101-01-00,18.0,월수금,0,0,2,6,1+1+1
1948,8.865,MR,YCA1006-01-00,UIC1561-01-00 UIC1551-01-00 UIC2151-09-00 UIC1806-02-00,YCG1804-01-00 YCI1901-01-00,18.0,월수금,0,0,2,6,1+1+1
1949,8.865,MR,YCA1006-01-00,UIC1561-01-00 UIC1551-01-00 UIC2151-07-00 UIC1805-02-00,YCG1804-01-00 YCI1901-01-00,18.0,월수금,0,0,2,6,1+1+1
1950,8.865,MR,YCA1006-01-00,UIC1561-01-00 UIC1551-01-00 UIC2151-06-00 UIC1805-02-00,YCG1804-01-00 YCI1901-01-00,18.0,월수금,0,0,2,6,1+1+1
1951,8.865,MR,YCA1006-01-00,UIC1561-01-00 UIC1551-01-00 UIC2151-08-00 UIC1806-02-00,YCG1804-01-00 YCI1901-01-00,18.0,월수금,0,0,2,6,1+1+1
1952,8.865,MR,YCA1006-01-00,UIC1561-01-00 UIC1551-04-00 UIC2151-07-00 UIC1805-02-00,YCG1804-01-00 UCD1101-01-00,18.0,월수금,0,0,2,6,1+1+1
1953,8.865,MR,YCA1006-01-00,UIC1561-01-00 UIC1551-01-00 UIC2151-08-00 UIC1806-02-00,YCG1804-01-00 YCI1901-01-00,18.0,월수금,0,0,2,6,1+1+1
1954,8.863,Lang,YCA1006-02-00,QRM1001-01-00 UIC1561-01-00 UIC1551-03-00 UIC2151-14-00,YCH1605-01-00 YCK1998-03-00,18.0,금,0,0,1,,2+2+2
1955,8.863,Lang,YCA1006-02-00,QRM1001-01-00 UIC1561-01-00 UIC1501-02-00 UIC2151-14-00,YCH1605-01-00 YCK1998-03-00,18.0,금,0,0,1,,2+2+2
1956,8.815,MR,YCA1006-01-00,UIC1561-01-00 UIC1551-01-00 UIC2151-09-00 UIC1806-01-00,YCK1998-03-00 STA1002-04-00,18.0,월금,1,0,1,,2+2+2+3
1957,8.815,MR,YCA1006-02-00,UIC1561-01-00 ASP2022-01-00 UIC2151-12-00 UIC1806-02-00,ECO1002-06-00 BIZ1101-09-00,18.0,월금,1,0,0,4,2+1
1958,8.815,MR,YCA1006-01-00,UIC1561-01-00 UIC1551-01-00 UIC2151-08-00 UIC1805-01-00,YCK1998-03-00 STA1002-04-00,18.0,월금,1,0,1,,2+2+2+3
1959,8.815,MR,YCA1006-01-00,UIC1561-01-00 UIC1551-01-00 UIC2151-09-00 UIC1805-01-00,YCK1998-03-00 STA1002-04-00,18.0,월금,1,0,1,,2+2+2+3
1960,8.815,MR,YCA1006-01-00,UIC1561-01-00 UIC1551-01-00 UIC2151-08-00 UIC1806-01-00,YCK1998-03-00 STA1002-04-00,18.0,월금,1,0,1,,2+2+2+3
1961,8.815,MR,YCA1006-02-00,UIC1561-01-00 ASP2022-01-00 UIC2151-12-00 UIC1806-02-00,YCK1998-03-00 BIZ1101-09-00,18.0,월금,1,0,0,4,2+1
1962,8.815,MR,YCA1006-02-00,UIC1561-01-00 ASP2022-01-00 UIC2151-12-00 UIC1806-02-00,ECO1002-06-00 BIZ1101-09-00,18.0,월금,1,0,0,4,2+1
1963,8.815,MR,YCA1006-01-00,UIC1561-01-00 UIC1551-01-00 UIC2151-05-00 UIC1805-02-00,YCK1998-03-00 STA1002-04-00,18.0,월금,1,0,1,,2+2+2+3
1964,8.815,MR,YCA1006-01-00,UIC1561-01-00 UIC1551-01-00 UIC2151-08-00 UIC1806-01-00,YCK1998-03-00 STA1002-04-00,18.0,월금,1,0,1,,2+2+2+3
1965,8.815,MR,YCA1006-01-00,UIC1561-01-00 UIC1551-01-00 UIC2151-08-00 UIC1805-01-00,YCK1998-03-00 STA1002-04-00,18.0,월금,1,0,1,,2+2+2+3
1966,8.815,MR,YCA1006-01-00,UIC1561-01-00 UIC1551-01-00 UIC2151-05-00 UIC1805-02-00,YCK1998-03-00 STA1002-04-00,18.0,월금,1,0,1,,2+2+2+3
1967,8.815,MR,YCA1006-01-00,UIC1561-01-00 UIC1551-01-00 UIC2151-09-00 UIC1806-01-00,YCK1998-03-00 STA1002-04-00,18.0,월금,1,0,1,,2+2+2+3
1968,8.815,MR,YCA1006-01-00,UIC1561-01-00 UIC1551-01-00 UIC2151-09-00 UIC1805-01-00,YCK1998-03-00 STA1002-04-00,18.0,월금,1,0,1,,2+2+2+3
1969,8.815,MR,YCA1006-02-00,UIC1561-01-00 ASP2022-01-00 UIC2151-12-00 UIC1806-02-00,YCK1998-03-00 BIZ1101-09-00,18.0,월금,1,0,0,4,2+1
1970,8.799,MR,YCA1006-02-00,UIC1561-01-00 UIC1551-04-00 UIC2151-12-00 UIC1806-02-00,ECO1101-06-00 BIZ1101-09-00,18.0,월금,1,0,3,4,3+1+2
1971,8.799,MR,YCA1006-02-00,UIC1561-01-00 UIC1551-04-00 UIC2151-12-00 UIC1806-02-00,ECO1101-06-00 BIZ1101-09-00,18.0,월금,1,0,3,4,3+1+2
1972,8.795,Lang,YCA1006-01-00,QRM1001-01-00 UIC1561-01-00 UIC1551-04-00 UIC2151-12-00,CTM1002-02-00 BIZ1101-09-00,18.0,월금,1,0,1,4,1+1+1
1973,8.795,Lang,YCA1006-01-00,QRM1001-01-00 UIC1561-01-00 UIC1551-01-00 UIC2151-12-00,CTM1002-02-00 BIZ1101-09-00,18.0,월금,1,0,1,4,1+1+1
1974,8.795,Lang,YCA1006-02-00,QRM1001-01-00 UIC1561-01-00 UIC1551-01-00 UIC2151-12-00,YCK1998-03-00 BIZ1101-09-00,18.0,월금,1,0,1,4,3+1+1
1975,8.794,MR,YCA1006-01-00,UIC1561-01-00 UIC1551-01-00 UIC2151-08-00 UIC1806-02-00,YCK1998-03-00 CDM2012-01-00,18.0,월금,0,0,2,7,1+1
1976,8.794,MR,YCA1006-01-00,UIC1561-01-00 UIC1551-01-00 UIC2151-09-00 UIC1806-02-00,YCK1998-03-00 CDM2012-01-00,18.0,월금,0,0,2,7,1+1
1977,8.794,MR,YCA1006-01-00,UIC1561-01-00 UIC1551-01-00 UIC2151-07-00 UIC1805-02-00,YCK1998-03-00 CDM2012-01-00,18.0,월금,0,0,2,7,1+1
1978,8.794,MR,YCA1006-01-00,UIC1561-01-00 UIC1551-01-00 UIC2151-06-00 UIC1805-02-00,YCK1998-03-00 CDM2012-01-00,18.0,월금,0,0,2,7,1+1
1979,8.794,MR,YCA1006-01-00,UIC1561-01-00 UIC1551-01-00 UIC2151-06-00 UIC1805-02-00,YCK1998-03-00 CDM2012-01-00,18.0,월금,0,0,2,7,1+1
1980,8.794,MR,YCA1006-01-00,UIC1561-01-00 UIC1551-01-00 UIC2151-07-00 UIC1805-02-00,YCK1998-03-00 CDM2012-01-00,18.0,월금,0,0,2,7,1+1
1981,8.794,MR,YCA1006-01-00,UIC1561-01-00 UIC1551-01-00 UIC2151-08-00 UIC1806-02-00,YCK1998-03-00 CDM2012-01-00,18.0,월금,0,0,2,7,1+1
1982,8.794,MR,YCA1006-01-00,UIC1561-01-00 UIC1551-01-00 UIC2151-09-00 UIC1806-02-00,YCK1998-03-00 CDM2012-01-00,18.0,월금,0,0,2,7,1+1
1983,8.794,MR,YCA1006-01-00,UIC1561-01-00 UIC1551-04-00 UIC2151-08-00 UIC1806-02-00,YCH1202-01-00 BIZ1101-09-00,18.0,월금,0,0,2,7,1+1
1984,8.794,MR,YCA1006-01-00,UIC1561-01-00 UIC1551-04-00 UIC2151-09-00 UIC1806-02-00,YCH1202-01-00 BIZ1101-09-00,18.0,월금,0,0,2,7,1+1
1985,8.794,MR,YCA1006-01-00,UIC1561-01-00 UIC1551-04-00 UIC2151-09-00 UIC1806-02-00,YCH1202-01-00 BIZ1101-09-00,18.0,월금,0,0,2,7,1+1
1986,8.794,MR,YCA1006-01-00,UIC1561-01-00 UIC1551-04-00 UIC2151-06-00 UIC1805-02-00,YCH1202-01-00 BIZ1101-09-00,18.0,월금,0,0,2,7,1+1
1987,8.794,MR,YCA1006-01-00,UIC1561-01-00 UIC1551-04-00 UIC2151-07-00 UIC1805-02-00,YCH1202-01-00 BIZ1101-09-00,18.0,월금,0,0,2,7,1+1
1988,8.794,MR,YCA1006-01-00,UIC1561-01-00 UIC1551-04-00 UIC2151-06-00 UIC1805-02-00,YCH1202-01-00 BIZ1101-09-00,18.0,월금,0,0,2,7,1+1
1989,8.794,MR,YCA1006-01-00,UIC1561-01-00 UIC1551-04-00 UIC2151-07-00 UIC1805-02-00,YCH1202-01-00 BIZ1101-09-00,18.0,월금,0,0,2,7,1+1
1990,8.794,MR,YCA1006-01-00,UIC1561-01-00 UIC1551-04-00 UIC2151-08-00 UIC1806-02-00,YCH1202-01-00 BIZ1101-09-00,18.0,월금,0,0,2,7,1+1
1991,8.78,MR,YCA1006-01-00,UIC1561-01-00 UIC1551-04-00 UIC2151-09-00 UIC1806-02-00,UCD1101-01-00 STA2102-05-00,18.0,월금,0,0,2,4+6,1+1
1992,8.78,MR,YCA1006-01-00,UIC1561-01-00 UIC1551-01-00 UIC2151-09-00 UIC1806-02-00,YCI1901-01-00 STA2102-05-00,18.0,월금,0,0,2,4+6,1+1
1993,8.78,MR,YCA1006-01-00,UIC1561-01-00 UIC1551-01-00 UIC2151-09-00 UIC1806-02-00,YCI1901-01-00 STA2102-05-00,18.0,월금,0,0,2,4+6,1+1
1994,8.78,MR,YCA1006-01-00,UIC1561-01-00 UIC1551-04-00 UIC2151-07-00 UIC1805-02-00,UCD1101-01-00 STA2102-05-00,18.0,월금,0,0,2,4+6,1+1
1995,8.78,MR,YCA1006-01-00,UIC1561-01-00 UIC1551-04-00 UIC2151-07-00 UIC1805-02-00,UCD1101-01-00 STA2102-05-00,18.0,월금,0,0,2,4+6,1+1
1996,8.78,MR,YCA1006-01-00,UIC1561-01-00 UIC1251-02-00 UIC2151-14-00 UIC1805-02-00,UCD1101-01-00 STA2102-05-00,18.0,월금,0,0,2,4+6,1+1
1997,8.78,MR,YCA1006-01-00,UIC1561-01-00 UIC1551-01-00 UIC2151-08-00 UIC1806-02-00,YCI1901-01-00 STA2102-05-00,18.0,월금,0,0,2,4+6,1+1
1998,8.78,MR,YCA1006-01-00,UIC1561-01-00 UIC1401-02-00 UIC2151-14-00 UIC1806-02-00,UCD1101-01-00 STA2102-05-00,18.0,월금,0,0,2,4+6,1+1
1999,8.78,MR,YCA1006-01-00,UIC1561-01-00 UIC1251-02-00 UIC2151-14-00 UIC1805-02-00,UCD1101-01-00 STA2102-05-00,18.0,월금,0,0,2,4+6,1+1
2000,8.78,MR,YCA1006-01-00,UIC1561-01-00 UIC1551-01-00 UIC2151-07-00 UIC1805-02-00,YCI1901-01-00 STA2102-05-00,18.0,월금,0,0,2,4+6,1+1
2001,8.78,MR,YCA1006-01-00,UIC1561-01-00 UIC1551-01-00 UIC2151-06-00 UIC1805-02-00,YCI1901-01-00 STA2102-05-00,18.0,월금,0,0,2,4+6,1+1
2002,8.78,MR,YCA1006-01-00,UIC1561-01-00 UIC1551-01-00 UIC2151-07-00 UIC1805-02-00,YCI1901-01-00 STA2102-05-00,18.0,월금,0,0,2,4+6,1+1
2003,8.78,MR,YCA1006-01-00,UIC1561-01-00 UIC1551-04-00 UIC2151-06-00 UIC1805-02-00,UCD1101-01-00 STA2102-05-00,18.0,월금,0,0,2,4+6,1+1
2004,8.78,MR,YCA1006-01-00,UIC1561-01-00 UIC1551-04-00 UIC2151-08-00 UIC1806-02-00,UCD1101-01-00 STA2102-05-00,18.0,월금,0,0,2,4+6,1+1
2005,8.78,MR,YCA1006-01-00,UIC1561-01-00 UIC1551-04-00 UIC2151-09-00 UIC1806-02-00,UCD1101-01-00 STA2102-05-00,18.0,월금,0,0,2,4+6,1+1
2006,8.78,MR,YCA1006-01-00,UIC1561-01-00 UIC1401-02-00 UIC2151-14-00 UIC1806-02-00,UCD1101-01-00 STA2102-05-00,18.0,월금,0,0,2,4+6,1+1
2007,8.78,MR,YCA1006-01-00,UIC1561-01-00 UIC1551-01-00 UIC2151-06-00 UIC1805-02-00,YCI1901-01-00 STA2102-05-00,18.0,월금,0,0,2,4+6,1+1
2008,8.78,MR,YCA1006-01-00,UIC1561-01-00 UIC1551-04-00 UIC2151-08-00 UIC1806-02-00,UCD1101-01-00 STA2102-05-00,18.0,월금,0,0,2,4+6,1+1
2009,8.78,MR,YCA1006-01-00,UIC1561-01-00 UIC1551-01-00 UIC2151-08-00 UIC1806-02-00,YCI1901-01-00 STA2102-05-00,18.0,월금,0,0,2,4+6,1+1
2010,8.78,MR,YCA1006-01-00,UIC1561-01-00 UIC1551-04-00 UIC2151-06-00 UIC1805-02-00,UCD1101-01-00 STA2102-05-00,18.0,월금,0,0,2,4+6,1+1
2011,8.73,MR,YCA1006-02-00,UIC1561-01-00 UIC1551-01-00 UIC2151-12-00 UIC1805-02-00,YCG1804-01-00 STA2102-04-00,18.0,월금,1,0,1,,1+3+1+1
2012,8.73,MR,YCA1006-02-00,UIC1561-01-00 UIC1551-01-00 UIC2151-12-00 UIC1805-02-00,YCG1804-01-00 STA2102-04-00,18.0,월금,1,0,1,,1+3+1+1
2013,8.715,LHP,YCA1006-02-00,QRM1001-01-00 UIC1561-01-00 UIC2151-14-00 UIC1805-01-00,YCH1605-01-00 YCK1998-03-00,18.0,월금,1,1,1,5,1+2
2014,8.715,LHP,YCA1006-02-00,QRM1001-01-00 UIC1561-01-00 UIC2151-14-00 UIC1806-01-00,YCH1605-01-00 YCK1998-03-00,18.0,월금,1,1,1,5,1+2
2015,8.715,LHP,YCA1006-01-00,QRM1001-01-00 UIC1561-01-00 UIC2151-14-00 UIC1806-01-00,YCH1605-01-00 YCK1998-03-00,18.0,월금,1,1,1,5,1+2
2016,8.715,LHP,YCA1006-02-00,QRM1001-01-00 UIC1561-01-00 UIC2151-14-00 UIC1805-01-00,YCH1605-01-00 YCK1998-03-00,18.0,월금,1,1,1,5,1+2
2017,8.715,LHP,YCA1006-02-00,QRM1001-01-00 UIC1561-01-00 UIC2151-14-00 UIC1806-01-00,YCH1605-01-00 YCK1998-03-00,18.0,월금,1,1,1,5,1+2
2018,8.715,LHP,YCA1006-01-00,QRM1001-01-00 UIC1561-01-00 UIC2151-14-00 UIC1805-01-00,YCH1605-01-00 YCK1998-03-00,18.0,월금,1,1,1,5,1+2
2019,8.715,LHP,YCA1006-01-00,QRM1001-01-00 UIC1561-01-00 UIC2151-14-00 UIC1806-01-00,YCH1605-01-00 YCK1998-03-00,18.0,월금,1,1,1,5,1+2
2020,8.715,LHP,YCA1006-01-00,QRM1001-01-00 UIC1561-01-00 UIC2151-14-00 UIC1805-01-00,YCH1605-01-00 YCK1998-03-00,18.0,월금,1,1,1,5,1+2
2021,8.714,MR,YCA1006-02-00,UIC1561-01-00 UIC1551-01-00 UIC2151-08-00 UIC1806-02-00,ECO1101-06-00 STA2102-05-00,18.0,월금,0,1,3,6+5,2+1
2022,8.714,MR,YCA1006-02-00,UIC1561-01-00 UIC1551-01-00 UIC2151-09-00 UIC1806-02-00,ECO1101-06-00 STA2102-05-00,18.0,월금,0,1,3,6+5,2+1
2023,8.714,MR,YCA1006-02-00,UIC1561-01-00 UIC1551-01-00 UIC2151-06-00 UIC1805-02-00,ECO1101-06-00 STA2102-05-00,18.0,월금,0,1,3,6+5,2+1
2024,8.714,MR,YCA1006-02-00,UIC1561-01-00 UIC1551-01-00 UIC2151-07-00 UIC1805-02-00,ECO1101-06-00 STA2102-05-00,18.0,월금,0,1,3,6+5,2+1
2025,8.714,MR,YCA1006-02-00,UIC1561-01-00 UIC1551-01-00 UIC2151-06-00 UIC1805-02-00,ECO1101-06-00 STA2102-05-00,18.0,월금,0,1,3,6+5,2+1
2026,8.714,MR,YCA1006-02-00,UIC1561-01-00 UIC1551-01-00 UIC2151-07-00 UIC1805-02-00,ECO1101-06-00 STA2102-05-00,18.0,월금,0,1,3,6+5,2+1
2027,8.714,MR,YCA1006-02-00,UIC1561-01-00 UIC1551-01-00 UIC2151-09-00 UIC1806-02-00,ECO1101-06-00 STA2102-05-00,18.0,월금,0,1,3,6+5,2+1
2028,8.714,MR,YCA1006-02-00,UIC1561-01-00 UIC1551-01-00 UIC2151-08-00 UIC1806-02-00,ECO1101-06-00 STA2102-05-00,18.0,월금,0,1,3,6+5,2+1
2029,8.69,MR,YCA1006-01-00,UIC1561-01-00 UIC1551-04-00 UIC2151-08-00 UIC1806-01-00,UCD1101-01-00 CTM1001-02-00,18.0,월금,1,1,2,,2+1+1+2
2030,8.69,MR,YCA1006-01-00,UIC1561-01-00 UIC1551-04-00 UIC2151-09-00 UIC1805-01-00,UCD1101-01-00 CTM1001-02-00,18.0,월금,1,1,2,,2+1+1+2
2031,8.69,MR,YCA1006-01-00,UIC1561-01-00 UIC1551-04-00 UIC2151-09-00 UIC1806-01-00,UCD1101-01-00 CTM1001-02-00,18.0,월금,1,1,2,,2+1+1+2
2032,8.69,MR,YCA1006-01-00,UIC1561-01-00 UIC1401-02-00 UIC2151-12-00 UIC1806-02-00,YCI1998-02-00 YCK1998-03-00,18.0,월금,1,0,0,4,1+3
2033,8.69,MR,YCA1006-01-00,UIC1561-01-00 UIC1251-02-00 UIC2151-12-00 UIC1805-02-00,UCB1105-02-00 YCK1998-03-00,18.0,월금,1,0,0,4,1+3
2034,8.69,MR,YCA1006-01-00,UIC1561-01-00 UIC1551-04-00 UIC2151-09-00 UIC1806-01-00,UCD1101-01-00 CTM1001-02-00,18.0,월금,1,1,2,,2+1+1+2
2035,8.69,MR,YCA1006-02-00,UIC1561-01-00 UIC1551-04-00 UIC2151-12-00 UIC1806-02-00,ECO1002-06-00 BIZ1101-09-00,18.0,월금,1,0,1,4,3+1
2036,8.69,MR,YCA1006-02-00,UIC1561-01-00 UIC1551-04-00 UIC2151-12-00 UIC1806-02-00,ECO1002-06-00 BIZ1101-09-00,18.0,월금,1,0,1,4,3+1
2037,8.69,MR,YCA1006-01-00,UIC1561-01-00 UIC1251-02-00 UIC2151-12-00 UIC1805-02-00,UCB1105-02-00 YCK1998-03-00,18.0,월금,1,0,0,4,1+3
2038,8.69,MR,YCA1006-01-00,UIC1561-01-00 UIC1551-04-00 UIC2151-08-00 UIC1805-01-00,UCD1101-01-00 CTM1001-02-00,18.0,월금,1,1,2,,2+1+1+2
2039,8.69,MR,YCA1006-01-00,UIC1561-01-00 UIC1551-04-00 UIC2151-09-00 UIC1805-01-00,UCD1101-01-00 CTM1001-02-00,18.0,월금,1,1,2,,2+1+1+2
2040,8.69,MR,YCA1006-01-00,UIC1561-01-00 UIC1551-04-00 UIC2151-08-00 UIC1806-01-00,UCD1101-01-00 CTM1001-02-00,18.0,월금,1,1,2,,2+1+1+2
2041,8.69,MR,YCA1006-01-00,UIC1561-01-00 UIC1551-04-00 UIC2151-08-00 UIC1805-01-00,UCD1101-01-00 CTM1001-02-00,18.0,월금,1,1,2,,2+1+1+2
2042,8.69,MR,YCA1006-02-00,UIC1561-01-00 UIC1551-04-00 UIC2151-12-00 UIC1806-02-00,YCK1998-03-00 BIZ1101-09-00,18.0,월금,1,0,1,4,3+1
2043,8.69,MR,YCA1006-01-00,UIC1561-01-00 UIC1401-02-00 UIC2151-12-00 UIC1806-02-00,UCB1105-02-00 YCK1998-03-00,18.0,월금,1,0,0,4,1+3
2044,8.69,MR,YCA1006-01-00,UIC1561-01-00 UIC1251-02-00 UIC2151-12-00 UIC1805-02-00,YCI1998-02-00 YCK1998-03-00,18.0,월금,1,0,0,4,1+3
2045,8.69,MR,YCA1006-01-00,UIC1561-01-00 UIC1401-02-00 UIC2151-12-00 UIC1806-02-00,YCI1998-02-00 YCK1998-03-00,18.0,월금,1,0,0,4,1+3
2046,8.69,MR,YCA1006-02-00,UIC1561-01-00 UIC1551-04-00 UIC2151-12-00 UIC1806-02-00,YCK1998-03-00 BIZ1101-09-00,18.0,월금,1,0,1,4,3+1
2047,8.69,MR,YCA1006-01-00,UIC1561-01-00 UIC1551-04-00 UIC2151-05-00 UIC1805-02-00,UCD1101-01-00 CTM1001-02-00,18.0,월금,1,1,2,,2+1+1+2
2048,8.69,MR,YCA1006-01-00,UIC1561-01-00 UIC1551-04-00 UIC2151-05-00 UIC1805-02-00,UCD1101-01-00 CTM1001-02-00,18.0,월금,1,1,2,,2+1+1+2
2049,8.69,MR,YCA1006-01-00,UIC1561-01-00 UIC1401-02-00 UIC2151-12-00 UIC1806-02-00,UCB1105-02-00 YCK1998-03-00,18.0,월금,1,0,0,4,1+3
2050,8.69,MR,YCA1006-01-00,UIC1561-01-00 UIC1251-02-00 UIC2151-12-00 UIC1805-02-00,YCI1998-02-00 YCK1998-03-00,18.0,월금,1,0,0,4,1+3
2051,8.674,MR,YCA1006-02-00,UIC1561-01-00 UIC1551-01-00 UIC2151-06-00 UIC1805-01-00,ECO1101-06-00 YCI1901-01-00,18.0,월금,1,0,4,4,1+2+2+1+1
2052,8.674,MR,YCA1006-02-00,UIC1561-01-00 UIC1551-04-00 UIC2151-12-00 UIC1805-02-00,ECO1101-06-00 UCD1101-01-00,18.0,월금,1,0,4,4,1+1+3+2+2
2053,8.674,MR,YCA1006-02-00,UIC1561-01-00 UIC1251-02-00 UIC2151-14-00 UIC1806-01-00,ECO1101-06-00 UCD1101-01-00,18.0,월금,1,0,4,4,1+2+2+1+1
2054,8.674,MR,YCA1006-02-00,UIC1561-01-00 UIC1251-02-00 UIC2151-14-00 UIC1805-01-00,ECO1101-06-00 UCD1101-01-00,18.0,월금,1,0,4,4,1+2+2+1+1
2055,8.674,MR,YCA1006-02-00,UIC1561-01-00 UIC1551-04-00 UIC2151-09-00 UIC1805-01-00,ECO1101-06-00 UCD1101-01-00,18.0,월금,1,0,4,4,1+1+1+2+2
2056,8.674,MR,YCA1006-02-00,UIC1561-01-00 UIC1551-04-00 UIC2151-09-00 UIC1805-01-00,ECO1101-06-00 UCD1101-01-00,18.0,월금,1,0,4,4,1+1+1+2+2
2057,8.674,MR,YCA1006-02-00,UIC1561-01-00 UIC1551-04-00 UIC2151-08-00 UIC1805-01-00,ECO1101-06-00 UCD1101-01-00,18.0,월금,1,0,4,4,1+1+1+2+2
2058,8.674,MR,YCA1006-01-00,UIC1561-01-00 UIC1551-01-00 UIC2151-05-00 UIC1806-02-00,ECO1101-06-00 YCI1901-01-00,18.0,월금,1,0,4,4,1+2+2+1+1
2059,8.674,MR,YCA1006-01-00,UIC1561-01-00 UIC1251-02-00 UIC2151-14-00 UIC1806-01-00,ECO1101-06-00 UCD1101-01-00,18.0,월금,1,0,4,4,1+2+2+1+1
2060,8.674,MR,YCA1006-02-00,UIC1561-01-00 UIC1551-04-00 UIC2151-08-00 UIC1806-01-00,ECO1101-06-00 UCD1101-01-00,18.0,월금,1,0,4,4,1+1+1+2+2
2061,8.674,MR,YCA1006-01-00,UIC1561-01-00 UIC1551-01-00 UIC2151-06-00 UIC1806-01-00,ECO1101-06-00 YCI1901-01-00,18.0,월금,1,0,4,4,1+2+2+1+1
2062,8.674,MR,YCA1006-01-00,UIC1561-01-00 UIC1251-02-00 UIC2151-14-00 UIC1805-01-00,ECO1101-06-00 UCD1101-01-00,18.0,월금,1,0,4,4,1+2+2+1+1
2063,8.674,MR,YCA1006-01-00,UIC1561-01-00 UIC1551-01-00 UIC2151-07-00 UIC1805-01-00,ECO1101-06-00 YCI1901-01-00,18.0,월금,1,0,4,4,1+2+2+1+1
2064,8.674,MR,YCA1006-02-00,UIC1561-01-00 UIC1551-01-00 UIC2151-07-00 UIC1806-01-00,ECO1101-06-00 YCI1901-01-00,18.0,월금,1,0,4,4,1+2+2+1+1
2065,8.674,MR,YCA1006-01-00,UIC1561-01-00 UIC1551-01-00 UIC2151-06-00 UIC1805-01-00,ECO1101-06-00 YCI1901-01-00,18.0,월금,1,0,4,4,1+2+2+1+1
2066,8.674,MR,YCA1006-02-00,UIC1561-01-00 UIC1551-01-00 UIC2151-07-00 UIC1806-01-00,ECO1101-06-00 YCI1901-01-00,18.0,월금,1,0,4,4,1+2+2+1+1
2067,8.674,MR,YCA1006-02-00,UIC1561-01-00 UIC1551-01-00 UIC2151-06-00 UIC1806-01-00,ECO1101-06-00 YCI1901-01-00,18.0,월금,1,0,4,4,1+2+2+1+1
2068,8.674,MR,YCA1006-01-00,UIC1561-01-00 UIC1551-01-00 UIC2151-07-00 UIC1806-01-00,ECO1101-06-00 YCI1901-01-00,18.0,월금,1,0,4,4,1+2+2+1+1
2069,8.674,MR,YCA1006-02-00,UIC1561-01-00 UIC1551-01-00 UIC2151-06-00 UIC1805-01-00,ECO1101-06-00 YCI1901-01-00,18.0,월금,1,0,4,4,1+2+2+1+1
2070,8.674,MR,YCA1006-01-00,UIC1561-01-00 UIC1551-01-00 UIC2151-06-00 UIC1806-01-00,ECO1101-06-00 YCI1901-01-00,18.0,월금,1,0,4,4,1+2+2+1+1
2071,8.674,MR,YCA1006-02-00,UIC1561-01-00 UIC1251-02-00 UIC2151-14-00 UIC1806-01-00,ECO1101-06-00 UCD1101-01-00,18.0,월금,1,0,4,4,1+2+2+1+1
2072,8.674,MR,YCA1006-02-00,UIC1561-01-00 UIC1501-04-00 UIC2151-14-00 UIC1806-02-00,ECO1101-06-00 UCD1101-01-00,18.0,월금,1,0,4,4,1+2+2+1+1
2073,8.674,MR,YCA1006-02-00,UIC1561-01-00 UIC1551-04-00 UIC2151-05-00 UIC1805-02-00,ECO1101-06-00 UCD1101-01-00,18.0,월금,1,0,4,4,1+1+1+2+2
2074,8.674,MR,YCA1006-02-00,UIC1561-01-00 UIC1551-04-00 UIC2151-09-00 UIC1806-01-00,ECO1101-06-00 UCD1101-01-00,18.0,월금,1,0,4,4,1+1+1+2+2
2075,8.674,MR,YCA1006-01-00,UIC1561-01-00 UIC1551-01-00 UIC2151-06-00 UIC1805-01-00,ECO1101-06-00 YCI1901-01-00,18.0,월금,1,0,4,4,1+2+2+1+1
2076,8.674,MR,YCA1006-02-00,UIC1561-01-00 UIC1551-01-00 UIC2151-07-00 UIC1805-01-00,ECO1101-06-00 YCI1901-01-00,18.0,월금,1,0,4,4,1+2+2+1+1
2077,8.674,MR,YCA1006-02-00,UIC1561-01-00 UIC1551-01-00 UIC2151-06-00 UIC1806-01-00,ECO1101-06-00 YCI1901-01-00,18.0,월금,1,0,4,4,1+2+2+1+1
2078,8.674,MR,YCA1006-02-00,UIC1561-01-00 UIC1551-04-00 UIC2151-08-00 UIC1806-01-00,ECO1101-06-00 UCD1101-01-00,18.0,월금,1,0,4,4,1+1+1+2+2
2079,8.674,MR,YCA1006-01-00,UIC1561-01-00 UIC1501-04-00 UIC2151-14-00 UIC1806-02-00,ECO1101-06-00 UCD1101-01-00,18.0,월금,1,0,4,4,1+2+2+1+1
2080,8.674,MR,YCA1006-02-00,UIC1561-01-00 UIC1551-04-00 UIC2151-05-00 UIC1805-02-00,ECO1101-06-00 UCD1101-01-00,18.0,월금,1,0,4,4,1+1+1+2+2
2081,8.674,MR,YCA1006-02-00,UIC1561-01-00 UIC1551-04-00 UIC2151-08-00 UIC1805-01-00,ECO1101-06-00 UCD1101-01-00,18.0,월금,1,0,4,4,1+1+1+2+2
2082,8.674,MR,YCA1006-01-00,UIC1561-01-00 UIC1551-01-00 UIC2151-05-00 UIC1806-02-00,ECO1101-06-00 YCI1901-01-00,18.0,월금,1,0,4,4,1+2+2+1+1
2083,8.674,MR,YCA1006-02-00,UIC1561-01-00 UIC1501-04-00 UIC2151-14-00 UIC1806-02-00,ECO1101-06-00 UCD1101-01-00,18.0,월금,1,0,4,4,1+2+2+1+1
2084,8.674,MR,YCA1006-02-00,UIC1561-01-00 UIC1551-01-00 UIC2151-05-00 UIC1806-02-00,ECO1101-06-00 YCI1901-01-00,18.0,월금,1,0,4,4,1+2+2+1+1
2085,8.674,MR,YCA1006-02-00,UIC1561-01-00 UIC1551-01-00 UIC2151-07-00 UIC1805-01-00,ECO1101-06-00 YCI1901-01-00,18.0,월금,1,0,4,4,1+2+2+1+1
2086,8.674,MR,YCA1006-01-00,UIC1561-01-00 UIC1551-01-00 UIC2151-07-00 UIC1805-01-00,ECO1101-06-00 YCI1901-01-00,18.0,월금,1,0,4,4,1+2+2+1+1
2087,8.674,MR,YCA1006-01-00,UIC1561-01-00 UIC1501-04-00 UIC2151-14-00 UIC1806-02-00,ECO1101-06-00 UCD1101-01-00,18.0,월금,1,0,4,4,1+2+2+1+1
2088,8.674,MR,YCA1006-02-00,UIC1561-01-00 UIC1551-04-00 UIC2151-09-00 UIC1806-01-00,ECO1101-06-00 UCD1101-01-00,18.0,월금,1,0,4,4,1+1+1+2+2
2089,8.674,MR,YCA1006-01-00,UIC1561-01-00 UIC1551-01-00 UIC2151-07-00 UIC1806-01-00,ECO1101-06-00 YCI1901-01-00,18.0,월금,1,0,4,4,1+2+2+1+1
2090,8.674,MR,YCA1006-02-00,UIC1561-01-00 UIC1551-01-00 UIC2151-05-00 UIC1806-02-00,ECO1101-06-00 YCI1901-01-00,18.0,월금,1,0,4,4,1+2+2+1+1
2091,8.674,MR,YCA1006-02-00,UIC1561-01-00 UIC1551-04-00 UIC2151-12-00 UIC1805-02-00,ECO1101-06-00 UCD1101-01-00,18.0,월금,1,0,4,4,1+1+3+2+2
2092,8.674,MR,YCA1006-01-00,UIC1561-01-00 UIC1251-02-00 UIC2151-14-00 UIC1806-01-00,ECO1101-06-00 UCD1101-01-00,18.0,월금,1,0,4,4,1+2+2+1+1
2093,8.674,MR,YCA1006-02-00,UIC1561-01-00 UIC1251-02-00 UIC2151-14-00 UIC1805-01-00,ECO1101-06-00 UCD1101-01-00,18.0,월금,1,0,4,4,1+2+2+1+1
2094,8.674,MR,YCA1006-01-00,UIC1561-01-00 UIC1251-02-00 UIC2151-14-00 UIC1805-01-00,ECO1101-06-00 UCD1101-01-00,18.0,월금,1,0,4,4,1+2+2+1+1
2095,8.639,Lang,-,QRM1001-01-00 UIC1561-01-00 ASP2033-01-00 UIC2151-14-00,YCH1202-01-00 YCK1998-03-00,18.0,월금,0,0,2,,2+1
2096,8.624,MR,YCA1006-02-00,UIC1561-01-00 UIC1551-01-00 UIC2151-09-00 UIC1806-02-00,ECO1101-06-00 STA1002-04-00,18.0,월금,0,1,3,4+5,2+2+2+1
2097,8.624,MR,YCA1006-02-00,UIC1561-01-00 UIC1551-01-00 UIC2151-06-00 UIC1805-02-00,ECO1101-06-00 STA1002-04-00,18.0,월금,0,1,3,4+5,2+2+2+1
2098,8.624,MR,YCA1006-02-00,UIC1561-01-00 UIC1551-01-00 UIC2151-08-00 UIC1806-02-00,ECO1101-06-00 STA1002-04-00,18.0,월금,0,1,3,4+5,2+2+2+1
2099,8.624,MR,YCA1006-02-00,UIC1561-01-00 UIC1551-01-00 UIC2151-09-00 UIC1806-02-00,ECO1101-06-00 STA1002-04-00,18.0,월금,0,1,3,4+5,2+2+2+1
2100,8.624,MR,YCA1006-02-00,UIC1561-01-00 UIC1551-01-00 UIC2151-08-00 UIC1806-02-00,ECO1101-06-00 STA1002-04-00,18.0,월금,0,1,3,4+5,2+2+2+1
2101,8.624,MR,YCA1006-02-00,UIC1561-01-00 UIC1551-01-00 UIC2151-07-00 UIC1805-02-00,ECO1101-06-00 STA1002-04-00,18.0,월금,0,1,3,4+5,2+2+2+1
2102,8.624,MR,YCA1006-02-00,UIC1561-01-00 UIC1551-01-00 UIC2151-06-00 UIC1805-02-00,ECO1101-06-00 STA1002-04-00,18.0,월금,0,1,3,4+5,2+2+2+1
2103,8.624,MR,YCA1006-02-00,UIC1561-01-00 UIC1551-01-00 UIC2151-07-00 UIC1805-02-00,ECO1101-06-00 STA1002-04-00,18.0,월금,0,1,3,4+5,2+2+2+1
2104,8.615,MR,YCA1006-01-00,UIC1561-01-00 UIC1251-02-00 UIC2151-14-00 UIC1805-02-00,YCK1998-03-00 STP2004-01-00,18.0,월금,0,0,1,6,1+2
2105,8.615,MR,YCA1006-01-00,UIC1561-01-00 UIC1401-02-00 UIC2151-14-00 UIC1806-02-00,YCK1998-03-00 STP2004-01-00,18.0,월금,0,0,1,6,1+2
2106,8.615,MR,YCA1006-01-00,UIC1561-01-00 UIC1401-02-00 UIC2151-14-00 UIC1806-02-00,YCK1998-03-00 STP2004-01-00,18.0,월금,0,0,1,6,1+2
2107,8.615,MR,YCA1006-01-00,UIC1561-01-00 UIC1251-02-00 UIC2151-14-00 UIC1805-02-00,YCK1998-03-00 STP2004-01-00,18.0,월금,0,0,1,6,1+2
2108,8.595,Lang,YCA1006-02-00,QRM1001-01-00 UIC1561-01-00 UIC1551-04-00 UIC2151-12-00,YCE1253-01-00 UCD1101-01-00,18.0,월금,1,0,2,6,1+1+3
2109,8.565,MR,YCA1006-01-00,UIC1561-01-00 UIC1551-04-00 UIC2151-06-00 UIC1806-01-00,YCE1253-01-00 STP2004-01-00,18.0,월금,1,0,1,,1+1+2+1
2110,8.565,MR,YCA1006-02-00,UIC1561-01-00 ASP2022-01-00 UIC2151-06-00 UIC1806-01-00,YCK1998-03-00 CTM1001-02-00,18.0,월금,1,1,0,,1+2+1+1
2111,8.565,MR,YCA1006-01-00,UIC1561-01-00 UIC1551-04-00 UIC2151-07-00 UIC1806-01-00,YCE1253-01-00 STP2004-01-00,18.0,월금,1,0,1,,1+1+2+1
2112,8.565,MR,YCA1006-01-00,UIC1561-01-00 UIC1551-04-00 UIC2151-05-00 UIC1806-02-00,YCE1253-01-00 STP2004-01-00,18.0,월금,1,0,1,,1+1+2+1
2113,8.565,MR,YCA1006-01-00,UIC1561-01-00 UIC1551-04-00 UIC2151-05-00 UIC1806-02-00,YCE1253-01-00 STP2004-01-00,18.0,월금,1,0,1,,1+1+2+1
2114,8.565,MR,YCA1006-02-00,UIC1561-01-00 ASP2022-01-00 UIC2151-07-00 UIC1806-01-00,YCK1998-03-00 CTM1001-02-00,18.0,월금,1,1,0,,1+2+1+1
2115,8.565,MR,YCA1006-01-00,UIC1561-01-00 UIC1401-02-00 UIC2151-12-00 UIC1806-02-00,BIZ1101-09-00 ASP2010-01-00,18.0,월금,1,0,2,,1+2+1+1
2116,8.565,MR,YCA1006-01-00,UIC1561-01-00 UIC1551-04-00 UIC2151-07-00 UIC1805-01-00,YCE1253-01-00 STP2004-01-00,18.0,월금,1,0,1,,1+1+2+1
2117,8.565,MR,YCA1006-01-00,UIC1561-01-00 UIC1551-04-00 UIC2151-07-00 UIC1806-01-00,YCE1253-01-00 STP2004-01-00,18.0,월금,1,0,1,,1+1+2+1
2118,8.565,MR,YCA1006-02-00,UIC1561-01-00 ASP2022-01-00 UIC2151-06-00 UIC1805-01-00,YCK1998-03-00 CTM1001-02-00,18.0,월금,1,1,0,,1+2+1+1
2119,8.565,MR,YCA1006-01-00,UIC1561-01-00 UIC1551-04-00 UIC2151-06-00 UIC1806-01-00,YCE1253-01-00 STP2004-01-00,18.0,월금,1,0,1,,1+1+2+1
2120,8.565,MR,YCA1006-02-00,UIC1561-01-00 ASP2022-01-00 UIC2151-07-00 UIC1806-01-00,YCK1998-03-00 CTM1001-02-00,18.0,월금,1,1,0,,1+2+1+1
2121,8.565,MR,YCA1006-02-00,UIC1561-01-00 ASP2022-01-00 UIC2151-06-00 UIC1805-01-00,YCK1998-03-00 CTM1001-02-00,18.0,월금,1,1,0,,1+2+1+1
2122,8.565,MR,YCA1006-01-00,UIC1561-01-00 ASP2022-01-00 UIC2151-06-00 UIC1805-01-00,YCK1998-03-00 CTM1001-02-00,18.0,월금,1,1,0,,1+2+1+1
2123,8.565,MR,YCA1006-01-00,UIC1561-01-00 ASP2022-01-00 UIC2151-06-00 UIC1805-01-00,YCK1998-03-00 CTM1001-02-00,18.0,월금,1,1,0,,1+2+1+1
2124,8.565,MR,YCA1006-01-00,UIC1561-01-00 UIC1401-02-00 UIC2151-12-00 UIC1806-02-00,BIZ1101-09-00 ASP2010-01-00,18.0,월금,1,0,2,,1+2+1+1
2125,8.565,MR,YCA1006-01-00,UIC1561-01-00 UIC1551-04-00 UIC2151-06-00 UIC1805-01-00,YCE1253-01-00 STP2004-01-00,18.0,월금,1,0,1,,1+1+2+1
2126,8.565,MR,YCA1006-01-00,UIC1561-01-00 ASP2022-01-00 UIC2151-07-00 UIC1805-01-00,YCK1998-03-00 CTM1001-02-00,18.0,월금,1,1,0,,1+2+1+1
2127,8.565,MR,YCA1006-02-00,UIC1561-01-00 ASP2022-01-00 UIC2151-05-00 UIC1806-02-00,YCK1998-03-00 CTM1001-02-00,18.0,월금,1,1,0,,1+2+1+1
2128,8.565,MR,YCA1006-01-00,UIC1561-01-00 UIC1551-04-00 UIC2151-07-00 UIC1805-01-00,YCE1253-01-00 STP2004-01-00,18.0,월금,1,0,1,,1+1+2+1
2129,8.565,MR,YCA1006-01-00,UIC1561-01-00 ASP2022-01-00 UIC2151-06-00 UIC1806-01-00,YCK1998-03-00 CTM1001-02-00,18.0,월금,1,1,0,,1+2+1+1
2130,8.565,MR,YCA1006-01-00,UIC1561-01-00 ASP2022-01-00 UIC2151-07-00 UIC1805-01-00,YCK1998-03-00 CTM1001-02-00,18.0,월금,1,1,0,,1+2+1+1
2131,8.565,MR,YCA1006-02-00,UIC1561-01-00 ASP2022-01-00 UIC2151-07-00 UIC1805-01-00,YCK1998-03-00 CTM1001-02-00,18.0,월금,1,1,0,,1+2+1+1
2132,8.565,MR,YCA1006-01-00,UIC1561-01-00 UIC1551-04-00 UIC2151-06-00 UIC1805-01-00,YCE1253-01-00 STP2004-01-00,18.0,월금,1,0,1,,1+1+2+1
2133,8.565,MR,YCA1006-02-00,UIC1561-01-00 ASP2022-01-00 UIC2151-06-00 UIC1806-01-00,YCK1998-03-00 CTM1001-02-00,18.0,월금,1,1,0,,1+2+1+1
2134,8.565,MR,YCA1006-02-00,UIC1561-01-00 ASP2022-01-00 UIC2151-07-00 UIC1805-01-00,YCK1998-03-00 CTM1001-02-00,18.0,월금,1,1,0,,1+2+1+1
2135,8.565,MR,YCA1006-01-00,UIC1561-01-00 ASP2022-01-00 UIC2151-05-00 UIC1806-02-00,YCK1998-03-00 CTM1001-02-00,18.0,월금,1,1,0,,1+2+1+1
2136,8.565,MR,YCA1006-02-00,UIC1561-01-00 UIC1551-01-00 UIC2151-12-00 UIC1806-02-00,FNS1001-01-00 BIZ1101-09-00,18.0,월금,2,0,1,,2+1+1+1
2137,8.565,MR,YCA1006-01-00,UIC1561-01-00 ASP2022-01-00 UIC2151-07-00 UIC1806-01-00,YCK1998-03-00 CTM1001-02-00,18.0,월금,1,1,0,,1+2+1+1
2138,8.565,MR,YCA1006-01-00,UIC1561-01-00 UIC1251-02-00 UIC2151-12-00 UIC1805-02-00,BIZ1101-09-00 ASP2010-01-00,18.0,월금,1,0,2,,1+2+1+1
2139,8.565,MR,YCA1006-01-00,UIC1561-01-00 ASP2022-01-00 UIC2151-05-00 UIC1806-02-00,YCK1998-03-00 CTM1001-02-00,18.0,월금,1,1,0,,1+2+1+1
2140,8.565,MR,YCA1006-01-00,UIC1561-01-00 ASP2022-01-00 UIC2151-07-00 UIC1806-01-00,YCK1998-03-00 CTM1001-02-00,18.0,월금,1,1,0,,1+2+1+1
2141,8.565,MR,YCA1006-01-00,UIC1561-01-00 UIC1251-02-00 UIC2151-12-00 UIC1805-02-00,BIZ1101-09-00 ASP2010-01-00,18.0,월금,1,0,2,,1+2+1+1
2142,8.565,MR,YCA1006-02-00,UIC1561-01-00 ASP2022-01-00 UIC2151-05-00 UIC1806-02-00,YCK1998-03-00 CTM1001-02-00,18.0,월금,1,1,0,,1+2+1+1
2143,8.565,MR,YCA1006-02-00,UIC1561-01-00 UIC1551-01-00 UIC2151-12-00 UIC1806-02-00,FNS1001-01-00 BIZ1101-09-00,18.0,월금,2,0,1,,2+1+1+1
2144,8.565,MR,YCA1006-01-00,UIC1561-01-00 ASP2022-01-00 UIC2151-06-00 UIC1806-01-00,YCK1998-03-00 CTM1001-02-00,18.0,월금,1,1,0,,1+2+1+1
2145,8.565,WCiv,YCA1006-01-00,QRM1001-01-00 UIC1551-04-00 UIC2151-13-00 UIC1806-01-00,CTM1002-02-00 CTM1001-02-00,18.0,월금,1,2,2,6,1+1+1
2146,8.565,WCiv,YCA1006-01-00,QRM1001-01-00 UIC1551-04-00 UIC2151-13-00 UIC1806-01-00,CTM1002-02-00 CTM1001-02-00,18.0,월금,1,2,2,6,1+1+1
2147,8.565,WCiv,YCA1006-01-00,QRM1001-01-00 UIC1551-04-00 UIC2151-13-00 UIC1805-01-00,CTM1002-02-00 CTM1001-02-00,18.0,월금,1,2,2,6,1+1+1
2148,8.565,WCiv,YCA1006-01-00,QRM1001-01-00 UIC1551-04-00 UIC2151-13-00 UIC1805-01-00,CTM1002-02-00 CTM1001-02-00,18.0,월금,1,2,2,6,1+1+1
2149,8.565,MR,YCA1006-02-00,UIC1561-01-00 UIC1551-01-00 UIC2151-08-00 UIC1806-01-00,UCB1105-02-00 YCG1804-01-00,18.0,월수금,1,0,1,,1+1+2+1
2150,8.565,MR,YCA1006-02-00,UIC1561-01-00 UIC1551-01-00 UIC2151-08-00 UIC1805-01-00,UCB1105-02-00 YCG1804-01-00,18.0,월수금,1,0,1,,1+1+2+1
2151,8.565,MR,YCA1006-02-00,UIC1561-01-00 UIC1551-01-00 UIC2151-12-00 UIC1806-02-00,YCG1804-01-00 YCK1998-03-00,18.0,월금,1,0,1,,2+3+1+1
2152,8.565,MR,YCA1006-02-00,UIC1561-01-00 UIC1551-01-00 UIC2151-09-00 UIC1805-01-00,UCB1105-02-00 YCG1804-01-00,18.0,월수금,1,0,1,,1+1+2+1
2153,8.565,MR,YCA1006-02-00,UIC1561-01-00 UIC1551-01-00 UIC2151-12-00 UIC1806-02-00,YCG1804-01-00 ECO1002-06-00,18.0,월금,1,0,1,,2+3+1+1
2154,8.565,MR,YCA1006-02-00,UIC1561-01-00 UIC1551-01-00 UIC2151-08-00 UIC1806-01-00,UCB1105-02-00 YCG1804-01-00,18.0,월수금,1,0,1,,1+1+2+1
2155,8.565,MR,YCA1006-02-00,UIC1561-01-00 UIC1551-01-00 UIC2151-05-00 UIC1805-02-00,UCB1105-02-00 YCG1804-01-00,18.0,월수금,1,0,1,,1+1+2+1
2156,8.565,MR,YCA1006-02-00,UIC1561-01-00 UIC1551-01-00 UIC2151-05-00 UIC1805-02-00,UCB1105-02-00 YCG1804-01-00,18.0,월수금,1,0,1,,1+1+2+1
2157,8.565,MR,YCA1006-02-00,UIC1561-01-00 UIC1551-01-00 UIC2151-12-00 UIC1806-02-00,YCG1804-01-00 YCK1998-03-00,18.0,월금,1,0,1,,2+3+1+1
2158,8.565,MR,YCA1006-02-00,UIC1561-01-00 UIC1551-01-00 UIC2151-09-00 UIC1806-01-00,UCB1105-02-00 YCG1804-01-00,18.0,월수금,1,0,1,,1+1+2+1
2159,8.565,MR,YCA1006-02-00,UIC1561-01-00 UIC1551-01-00 UIC2151-12-00 UIC1805-02-00,UCB1105-02-00 YCG1804-01-00,18.0,월금,1,0,1,,1+3+2+1
2160,8.565,MR,YCA1006-02-00,UIC1561-01-00 UIC1551-01-00 UIC2151-08-00 UIC1805-01-00,UCB1105-02-00 YCG1804-01-00,18.0,월수금,1,0,1,,1+1+2+1
2161,8.565,MR,YCA1006-02-00,UIC1561-01-00 UIC1551-01-00 UIC2151-12-00 UIC1805-02-00,UCB1105-02-00 YCG1804-01-00,18.0,월금,1,0,1,,1+3+2+1
2162,8.565,MR,YCA1006-02-00,UIC1561-01-00 UIC1551-01-00 UIC2151-09-00 UIC1805-01-00,UCB1105-02-00 YCG1804-01-00,18.0,월수금,1,0,1,,1+1+2+1
2163,8.565,MR,YCA1006-02-00,UIC1561-01-00 UIC1551-01-00 UIC2151-12-00 UIC1806-02-00,YCG1804-01-00 ECO1002-06-00,18.0,월금,1,0,1,,2+3+1+1
2164,8.565,MR,YCA1006-02-00,UIC1561-01-00 UIC1551-01-00 UIC2151-09-00 UIC1806-01-00,UCB1105-02-00 YCG1804-01-00,18.0,월수금,1,0,1,,1+1+2+1
2165,8.555,MR,YCA1006-02-00,UIC1561-01-00 UIC1551-01-00 UIC2151-12-00 UIC1805-02-00,YCI1901-01-00 STA2102-04-00,18.0,월금,1,0,2,5,1+3+1
2166,8.555,MR,YCA1006-02-00,UIC1561-01-00 UIC1551-01-00 UIC2151-12-00 UIC1805-02-00,YCI1901-01-00 STA2102-04-00,18.0,월금,1,0,2,5,1+3+1
2167,8.545,Lang,YCA1006-02-00,QRM1001-01-00 UIC1561-01-00 ASP2022-01-00 UIC2151-12-00,YCH1605-01-00 YCK1998-03-00,18.0,월금,1,0,0,4,2+3
2168,8.515,MR,YCA1006-02-00,UIC1561-01-00 UIC1251-02-00 UIC2151-12-00 UIC1805-02-00,YCI1998-02-00 BIZ1101-09-00,18.0,월금,1,1,0,5,1
2169,8.515,MR,YCA1006-02-00,UIC1561-01-00 UIC1401-02-00 UIC2151-12-00 UIC1806-02-00,YCI1998-02-00 BIZ1101-09-00,18.0,월금,1,1,0,5,1
2170,8.515,MR,YCA1006-02-00,UIC1561-01-00 UIC1251-02-00 UIC2151-12-00 UIC1805-02-00,YCI1998-02-00 BIZ1101-09-00,18.0,월금,1,1,0,5,1
2171,8.515,MR,YCA1006-02-00,UIC1561-01-00 UIC1401-02-00 UIC2151-12-00 UIC1806-02-00,YCI1998-02-00 BIZ1101-09-00,18.0,월금,1,1,0,5,1
2172,8.514,MR,YCA1006-02-00,UIC1561-01-00 UIC1551-01-00 UIC2151-12-00 UIC1806-02-00,ECO1101-06-00 STA2102-05-00,18.0,월금,1,0,3,6,2+2+2+1
2173,8.514,MR,YCA1006-02-00,UIC1561-01-00 UIC1551-01-00 UIC2151-12-00 UIC1806-02-00,ECO1101-06-00 STA2102-05-00,18.0,월금,1,0,3,6,2+2+2+1
2174,8.49,MR,YCA1006-01-00,UIC1561-01-00 UIC1551-04-00 UIC2151-06-00 UIC1805-02-00,ECO1002-04-00 YCK1998-03-00,18.0,월금,0,1,1,6,1+1
2175,8.49,MR,YCA1006-01-00,UIC1561-01-00 UIC1551-04-00 UIC2151-06-00 UIC1805-02-00,ECO1002-04-00 YCK1998-03-00,18.0,월금,0,1,1,6,1+1
2176,8.49,MR,YCA1006-01-00,UIC1561-01-00 UIC1551-04-00 UIC2151-08-00 UIC1806-02-00,ECO1002-04-00 YCK1998-03-00,18.0,월금,0,1,1,6,1+1
2177,8.49,MR,YCA1006-01-00,UIC1561-01-00 UIC1551-04-00 UIC2151-09-00 UIC1806-02-00,ECO1002-04-00 YCK1998-03-00,18.0,월금,0,1,1,6,1+1
2178,8.49,MR,YCA1006-01-00,UIC1561-01-00 UIC1551-04-00 UIC2151-07-00 UIC1805-02-00,ECO1002-04-00 YCK1998-03-00,18.0,월금,0,1,1,6,1+1
2179,8.49,MR,YCA1006-01-00,UIC1561-01-00 UIC1551-04-00 UIC2151-07-00 UIC1805-02-00,ECO1002-04-00 YCK1998-03-00,18.0,월금,0,1,1,6,1+1
2180,8.49,MR,YCA1006-01-00,UIC1561-01-00 UIC1551-04-00 UIC2151-09-00 UIC1806-02-00,ECO1002-04-00 YCK1998-03-00,18.0,월금,0,1,1,6,1+1
2181,8.49,MR,YCA1006-01-00,UIC1561-01-00 UIC1551-04-00 UIC2151-08-00 UIC1806-02-00,ECO1002-04-00 YCK1998-03-00,18.0,월금,0,1,1,6,1+1
2182,8.48,MR,YCA1006-02-00,UIC1561-01-00 UIC1551-01-00 UIC2151-08-00 UIC1805-01-00,UCB1105-02-00 STA2102-05-00,18.0,월금,1,0,1,4,1+1+2
2183,8.48,MR,YCA1006-02-00,UIC1561-01-00 UIC1551-01-00 UIC2151-08-00 UIC1805-01-00,UCB1105-02-00 STA2102-05-00,18.0,월금,1,0,1,4,1+1+2
2184,8.48,MR,YCA1006-02-00,UIC1561-01-00 UIC1551-01-00 UIC2151-05-00 UIC1805-02-00,UCB1105-02-00 STA2102-05-00,18.0,월금,1,0,1,4,1+1+2
2185,8.48,MR,YCA1006-01-00,UIC1561-01-00 UIC1501-04-00 UIC2151-14-00 UIC1806-02-00,YCK1998-03-00 STA2102-05-00,18.0,월금,1,0,1,4,1+2+1
2186,8.48,MR,YCA1006-02-00,UIC1561-01-00 UIC1251-02-00 UIC2151-14-00 UIC1806-01-00,YCK1998-03-00 STA2102-05-00,18.0,월금,1,0,1,4,1+2+1
2187,8.48,MR,YCA1006-01-00,UIC1561-01-00 UIC1251-02-00 UIC2151-14-00 UIC1806-01-00,YCK1998-03-00 STA2102-05-00,18.0,월금,1,0,1,4,1+2+1
2188,8.48,MR,YCA1006-01-00,UIC1561-01-00 UIC1551-04-00 UIC2151-09-00 UIC1805-01-00,YCH1605-01-00 STA2102-05-00,18.0,월금,1,0,1,4,1+1+2
2189,8.48,MR,YCA1006-01-00,UIC1561-01-00 UIC1251-02-00 UIC2151-14-00 UIC1805-01-00,UCB1105-02-00 STA2102-05-00,18.0,월금,1,0,1,4,1+2+1
2190,8.48,MR,YCA1006-02-00,UIC1561-01-00 UIC1551-01-00 UIC2151-08-00 UIC1806-01-00,UCB1105-02-00 STA2102-05-00,18.0,월금,1,0,1,4,1+1+2
2191,8.48,MR,YCA1006-01-00,UIC1561-01-00 UIC1551-04-00 UIC2151-12-00 UIC1806-02-00,YCE1253-01-00 STA2102-05-00,18.0,월금,1,0,1,4,1+1+2
2192,8.48,MR,YCA1006-02-00,UIC1561-01-00 UIC1251-02-00 UIC2151-14-00 UIC1806-01-00,UCB1105-02-00 STA2102-05-00,18.0,월금,1,0,1,4,1+2+1
2193,8.48,MR,YCA1006-01-00,UIC1561-01-00 UIC1251-02-00 UIC2151-14-00 UIC1805-01-00,YCK1998-03-00 STA2102-05-00,18.0,월금,1,0,1,4,1+2+1
2194,8.48,MR,YCA1006-02-00,UIC1561-01-00 UIC1251-02-00 UIC2151-14-00 UIC1806-01-00,UCB1105-02-00 STA2102-05-00,18.0,월금,1,0,1,4,1+2+1
2195,8.48,MR,YCA1006-01-00,UIC1561-01-00 UIC1551-04-00 UIC2151-07-00 UIC1806-01-00,YCI1998-02-00 STA2102-05-00,18.0,월금,1,0,1,4,1+2+1
2196,8.48,MR,YCA1006-01-00,UIC1561-01-00 UIC1251-02-00 UIC2151-12-00 UIC1805-02-00,YCI1901-01-00 STA2102-05-00,18.0,월금,1,0,1,4,1+1+2
2197,8.48,MR,YCA1006-01-00,UIC1561-01-00 UIC1551-04-00 UIC2151-06-00 UIC1805-01-00,YCI1998-02-00 STA2102-05-00,18.0,월금,1,0,1,4,1+2+1
2198,8.48,MR,YCA1006-02-00,UIC1561-01-00 UIC1551-01-00 UIC2151-12-00 UIC1805-02-00,YCK1998-03-00 STA2102-05-00,18.0,월금,1,0,1,4,1+2+3
2199,8.48,MR,YCA1006-02-00,UIC1561-01-00 UIC1551-01-00 UIC2151-08-00 UIC1806-01-00,UCB1105-02-00 STA2102-05-00,18.0,월금,1,0,1,4,1+1+2
2200,8.48,MR,YCA1006-01-00,UIC1561-01-00 UIC1551-04-00 UIC2151-06-00 UIC1806-01-00,YCI1998-02-00 STA2102-05-00,18.0,월금,1,0,1,4,1+2+1
2201,8.48,MR,YCA1006-01-00,UIC1561-01-00 UIC1551-04-00 UIC2151-09-00 UIC1806-01-00,YCH1605-01-00 STA2102-05-00,18.0,월금,1,0,1,4,1+1+2
2202,8.48,MR,YCA1006-02-00,UIC1561-01-00 UIC1551-01-00 UIC2151-09-00 UIC1806-01-00,UCB1105-02-00 STA2102-05-00,18.0,월금,1,0,1,4,1+1+2
2203,8.48,MR,YCA1006-02-00,UIC1561-01-00 UIC1551-04-00 UIC2151-05-00 UIC1806-02-00,YCI1998-02-00 STA2102-05-00,18.0,월금,1,0,1,4,1+2+1
2204,8.48,MR,YCA1006-02-00,UIC1561-01-00 UIC1501-04-00 UIC2151-14-00 UIC1806-02-00,UCB1105-02-00 STA2102-05-00,18.0,월금,1,0,1,4,1+2+1
2205,8.48,MR,YCA1006-02-00,UIC1561-01-00 UIC1251-02-00 UIC2151-14-00 UIC1805-01-00,YCK1998-03-00 STA2102-05-00,18.0,월금,1,0,1,4,1+2+1
2206,8.48,MR,YCA1006-02-00,UIC1561-01-00 UIC1251-02-00 UIC2151-14-00 UIC1805-01-00,UCB1105-02-00 STA2102-05-00,18.0,월금,1,0,1,4,1+2+1
2207,8.48,MR,YCA1006-01-00,UIC1561-01-00 UIC1401-02-00 UIC2151-12-00 UIC1806-02-00,UCD1101-01-00 STA2102-05-00,18.0,월금,1,0,1,4,1+2+1
2208,8.48,MR,YCA1006-02-00,UIC1561-01-00 UIC1551-04-00 UIC2151-06-00 UIC1806-01-00,YCI1998-02-00 STA2102-05-00,18.0,월금,1,0,1,4,1+2+1
2209,8.48,MR,YCA1006-02-00,UIC1561-01-00 UIC1551-04-00 UIC2151-07-00 UIC1805-01-00,YCI1998-02-00 STA2102-05-00,18.0,월금,1,0,1,4,1+2+1
2210,8.48,MR,YCA1006-01-00,UIC1561-01-00 UIC1251-02-00 UIC2151-14-00 UIC1806-01-00,YCK1998-03-00 STA2102-05-00,18.0,월금,1,0,1,4,1+2+1
2211,8.48,MR,YCA1006-01-00,UIC1561-01-00 UIC1551-04-00 UIC2151-06-00 UIC1806-01-00,YCI1998-02-00 STA2102-05-00,18.0,월금,1,0,1,4,1+2+1
2212,8.48,MR,YCA1006-02-00,UIC1561-01-00 UIC1251-02-00 UIC2151-14-00 UIC1806-01-00,YCK1998-03-00 STA2102-05-00,18.0,월금,1,0,1,4,1+2+1
2213,8.48,MR,YCA1006-01-00,UIC1561-01-00 UIC1551-04-00 UIC2151-05-00 UIC1806-02-00,YCI1998-02-00 STA2102-05-00,18.0,월금,1,0,1,4,1+2+1
2214,8.48,MR,YCA1006-02-00,UIC1561-01-00 UIC1251-02-00 UIC2151-14-00 UIC1805-01-00,UCB1105-02-00 STA2102-05-00,18.0,월금,1,0,1,4,1+2+1
2215,8.48,MR,YCA1006-02-00,UIC1561-01-00 UIC1551-01-00 UIC2151-09-00 UIC1805-01-00,UCB1105-02-00 STA2102-05-00,18.0,월금,1,0,1,4,1+1+2
2216,8.48,MR,YCA1006-01-00,UIC1561-01-00 UIC1401-02-00 UIC2151-12-00 UIC1806-02-00,UCD1101-01-00 STA2102-05-00,18.0,월금,1,0,1,4,1+2+1
2217,8.48,MR,YCA1006-01-00,UIC1561-01-00 UIC1501-04-00 UIC2151-14-00 UIC1806-02-00,YCK1998-03-00 STA2102-05-00,18.0,월금,1,0,1,4,1+2+1
2218,8.48,MR,YCA1006-01-00,UIC1561-01-00 UIC1551-04-00 UIC2151-05-00 UIC1805-02-00,YCH1605-01-00 STA2102-05-00,18.0,월금,1,0,1,4,1+1+2
2219,8.48,MR,YCA1006-01-00,UIC1561-01-00 UIC1551-04-00 UIC2151-08-00 UIC1806-01-00,YCH1605-01-00 STA2102-05-00,18.0,월금,1,0,1,4,1+1+2
2220,8.48,MR,YCA1006-01-00,UIC1561-01-00 UIC1551-04-00 UIC2151-07-00 UIC1805-01-00,YCI1998-02-00 STA2102-05-00,18.0,월금,1,0,1,4,1+2+1
2221,8.48,MR,YCA1006-01-00,UIC1561-01-00 UIC1251-02-00 UIC2151-12-00 UIC1805-02-00,YCI1901-01-00 STA2102-05-00,18.0,월금,1,0,1,4,1+1+2
2222,8.48,MR,YCA1006-01-00,UIC1561-01-00 UIC1251-02-00 UIC2151-14-00 UIC1806-01-00,UCB1105-02-00 STA2102-05-00,18.0,월금,1,0,1,4,1+2+1
2223,8.48,MR,YCA1006-01-00,UIC1561-01-00 UIC1551-04-00 UIC2151-12-00 UIC1806-02-00,YCE1253-01-00 STA2102-05-00,18.0,월금,1,0,1,4,1+1+2
2224,8.48,MR,YCA1006-02-00,UIC1561-01-00 UIC1501-04-00 UIC2151-14-00 UIC1806-02-00,UCB1105-02-00 STA2102-05-00,18.0,월금,1,0,1,4,1+2+1
2225,8.48,MR,YCA1006-02-00,UIC1561-01-00 UIC1551-01-00 UIC2151-09-00 UIC1805-01-00,UCB1105-02-00 STA2102-05-00,18.0,월금,1,0,1,4,1+1+2
2226,8.48,MR,YCA1006-02-00,UIC1561-01-00 UIC1551-04-00 UIC2151-07-00 UIC1805-01-00,YCI1998-02-00 STA2102-05-00,18.0,월금,1,0,1,4,1+2+1
2227,8.48,MR,YCA1006-01-00,UIC1561-01-00 UIC1401-02-00 UIC2151-12-00 UIC1806-02-00,YCI1901-01-00 STA2102-05-00,18.0,월금,1,0,1,4,1+1+2
2228,8.48,MR,YCA1006-02-00,UIC1561-01-00 UIC1551-04-00 UIC2151-05-00 UIC1806-02-00,YCI1998-02-00 STA2102-05-00,18.0,월금,1,0,1,4,1+2+1
2229,8.48,MR,YCA1006-02-00,UIC1561-01-00 UIC1251-02-00 UIC2151-14-00 UIC1805-01-00,YCK1998-03-00 STA2102-05-00,18.0,월금,1,0,1,4,1+2+1
2230,8.48,MR,YCA1006-01-00,UIC1561-01-00 UIC1551-04-00 UIC2151-06-00 UIC1805-01-00,YCI1998-02-00 STA2102-05-00,18.0,월금,1,0,1,4,1+2+1
2231,8.48,MR,YCA1006-01-00,UIC1561-01-00 UIC1251-02-00 UIC2151-14-00 UIC1806-01-00,UCB1105-02-00 STA2102-05-00,18.0,월금,1,0,1,4,1+2+1
2232,8.48,MR,YCA1006-01-00,UIC1561-01-00 UIC1551-04-00 UIC2151-07-00 UIC1805-01-00,YCI1998-02-00 STA2102-05-00,18.0,월금,1,0,1,4,1+2+1
2233,8.48,MR,YCA1006-01-00,UIC1561-01-00 UIC1551-04-00 UIC2151-09-00 UIC1805-01-00,YCH1605-01-00 STA2102-05-00,18.0,월금,1,0,1,4,1+1+2
2234,8.48,MR,YCA1006-01-00,UIC1561-01-00 UIC1501-04-00 UIC2151-14-00 UIC1806-02-00,UCB1105-02-00 STA2102-05-00,18.0,월금,1,0,1,4,1+2+1
2235,8.48,MR,YCA1006-01-00,UIC1561-01-00 UIC1251-02-00 UIC2151-12-00 UIC1805-02-00,UCD1101-01-00 STA2102-05-00,18.0,월금,1,0,1,4,1+2+1
2236,8.48,MR,YCA1006-01-00,UIC1561-01-00 UIC1251-02-00 UIC2151-14-00 UIC1805-01-00,UCB1105-02-00 STA2102-05-00,18.0,월금,1,0,1,4,1+2+1
2237,8.48,MR,YCA1006-01-00,UIC1561-01-00 UIC1551-04-00 UIC2151-08-00 UIC1805-01-00,YCH1605-01-00 STA2102-05-00,18.0,월금,1,0,1,4,1+1+2
2238,8.48,MR,YCA1006-01-00,UIC1561-01-00 UIC1551-04-00 UIC2151-05-00 UIC1805-02-00,YCH1605-01-00 STA2102-05-00,18.0,월금,1,0,1,4,1+1+2
2239,8.48,MR,YCA1006-01-00,UIC1561-01-00 UIC1251-02-00 UIC2151-12-00 UIC1805-02-00,UCD1101-01-00 STA2102-05-00,18.0,월금,1,0,1,4,1+2+1
2240,8.48,MR,YCA1006-01-00,UIC1561-01-00 UIC1551-04-00 UIC2151-07-00 UIC1806-01-00,YCI1998-02-00 STA2102-05-00,18.0,월금,1,0,1,4,1+2+1
2241,8.48,MR,YCA1006-02-00,UIC1561-01-00 UIC1551-04-00 UIC2151-07-00 UIC1806-01-00,YCI1998-02-00 STA2102-05-00,18.0,월금,1,0,1,4,1+2+1
2242,8.48,MR,YCA1006-01-00,UIC1561-01-00 UIC1551-04-00 UIC2151-08-00 UIC1805-01-00,YCH1605-01-00 STA2102-05-00,18.0,월금,1,0,1,4,1+1+2
2243,8.48,MR,YCA1006-01-00,UIC1561-01-00 UIC1251-02-00 UIC2151-14-00 UIC1805-01-00,YCK1998-03-00 STA2102-05-00,18.0,월금,1,0,1,4,1+2+1
2244,8.48,MR,YCA1006-01-00,UIC1561-01-00 UIC1551-04-00 UIC2151-09-00 UIC1806-01-00,YCH1605-01-00 STA2102-05-00,18.0,월금,1,0,1,4,1+1+2
2245,8.48,MR,YCA1006-02-00,UIC1561-01-00 UIC1551-01-00 UIC2151-05-00 UIC1805-02-00,UCB1105-02-00 STA2102-05-00,18.0,월금,1,0,1,4,1+1+2
2246,8.48,MR,YCA1006-02-00,UIC1561-01-00 UIC1551-01-00 UIC2151-09-00 UIC1806-01-00,UCB1105-02-00 STA2102-05-00,18.0,월금,1,0,1,4,1+1+2
2247,8.48,MR,YCA1006-02-00,UIC1561-01-00 UIC1551-04-00 UIC2151-06-00 UIC1806-01-00,YCI1998-02-00 STA2102-05-00,18.0,월금,1,0,1,4,1+2+1
2248,8.48,MR,YCA1006-01-00,UIC1561-01-00 UIC1401-02-00 UIC2151-12-00 UIC1806-02-00,YCI1901-01-00 STA2102-05-00,18.0,월금,1,0,1,4,1+1+2
2249,8.48,MR,YCA1006-02-00,UIC1561-01-00 UIC1551-01-00 UIC2151-12-00 UIC1805-02-00,YCK1998-03-00 STA2102-05-00,18.0,월금,1,0,1,4,1+2+3
2250,8.48,MR,YCA1006-01-00,UIC1561-01-00 UIC1551-04-00 UIC2151-08-00 UIC1806-01-00,YCH1605-01-00 STA2102-05-00,18.0,월금,1,0,1,4,1+1+2
2251,8.48,MR,YCA1006-02-00,UIC1561-01-00 UIC1551-04-00 UIC2151-06-00 UIC1805-01-00,YCI1998-02-00 STA2102-05-00,18.0,월금,1,0,1,4,1+2+1
2252,8.48,MR,YCA1006-02-00,UIC1561-01-00 UIC1551-04-00 UIC2151-06-00 UIC1805-01-00,YCI1998-02-00 STA2102-05-00,18.0,월금,1,0,1,4,1+2+1
2253,8.48,MR,YCA1006-02-00,UIC1561-01-00 UIC1501-04-00 UIC2151-14-00 UIC1806-02-00,YCK1998-03-00 STA2102-05-00,18.0,월금,1,0,1,4,1+2+1
2254,8.48,MR,YCA1006-02-00,UIC1561-01-00 UIC1551-04-00 UIC2151-07-00 UIC1806-01-00,YCI1998-02-00 STA2102-05-00,18.0,월금,1,0,1,4,1+2+1
2255,8.48,MR,YCA1006-01-00,UIC1561-01-00 UIC1501-04-00 UIC2151-14-00 UIC1806-02-00,UCB1105-02-00 STA2102-05-00,18.0,월금,1,0,1,4,1+2+1
2256,8.48,MR,YCA1006-01-00,UIC1561-01-00 UIC1551-04-00 UIC2151-05-00 UIC1806-02-00,YCI1998-02-00 STA2102-05-00,18.0,월금,1,0,1,4,1+2+1
2257,8.48,MR,YCA1006-02-00,UIC1561-01-00 UIC1501-04-00 UIC2151-14-00 UIC1806-02-00,YCK1998-03-00 STA2102-05-00,18.0,월금,1,0,1,4,1+2+1
2258,8.474,MR,YCA1006-01-00,UIC1561-01-00 UIC1251-02-00 UIC2151-14-00 UIC1805-02-00,ECO1101-06-00 SED2104-01-00,18.0,월금,0,0,4,4+6,1+1+1
2259,8.474,MR,YCA1006-01-00,UIC1561-01-00 UIC1251-02-00 UIC2151-14-00 UIC1805-02-00,ECO1101-06-00 SED2104-01-00,18.0,월금,0,0,4,4+6,1+1+1
2260,8.474,MR,YCA1006-01-00,UIC1561-01-00 UIC1401-02-00 UIC2151-14-00 UIC1806-02-00,ECO1101-06-00 SED2104-01-00,18.0,월금,0,0,4,4+6,1+1+1
2261,8.474,MR,YCA1006-01-00,UIC1561-01-00 UIC1401-02-00 UIC2151-14-00 UIC1806-02-00,ECO1101-06-00 SED2104-01-00,18.0,월금,0,0,4,4+6,1+1+1
2262,8.474,MR,YCA1006-01-00,UIC1561-01-00 UIC1551-04-00 UIC2151-09-00 UIC1806-02-00,ECO1101-06-00 SED2104-01-00,18.0,월금,0,0,4,4+6,1+1+1
2263,8.474,MR,YCA1006-01-00,UIC1561-01-00 UIC1551-04-00 UIC2151-07-00 UIC1805-02-00,ECO1101-06-00 SED2104-01-00,18.0,월금,0,0,4,4+6,1+1+1
2264,8.474,MR,YCA1006-01-00,UIC1561-01-00 UIC1551-04-00 UIC2151-06-00 UIC1805-02-00,ECO1101-06-00 SED2104-01-00,18.0,월금,0,0,4,4+6,1+1+1
2265,8.474,MR,YCA1006-01-00,UIC1561-01-00 UIC1551-04-00 UIC2151-09-00 UIC1806-02-00,ECO1101-06-00 SED2104-01-00,18.0,월금,0,0,4,4+6,1+1+1
2266,8.474,MR,YCA1006-01-00,UIC1561-01-00 UIC1551-04-00 UIC2151-08-00 UIC1806-02-00,ECO1101-06-00 SED2104-01-00,18.0,월금,0,0,4,4+6,1+1+1
2267,8.474,MR,YCA1006-01-00,UIC1561-01-00 UIC1551-04-00 UIC2151-06-00 UIC1805-02-00,ECO1101-06-00 SED2104-01-00,18.0,월금,0,0,4,4+6,1+1+1
2268,8.474,MR,YCA1006-01-00,UIC1561-01-00 UIC1551-04-00 UIC2151-07-00 UIC1805-02-00,ECO1101-06-00 SED2104-01-00,18.0,월금,0,0,4,4+6,1+1+1
2269,8.474,MR,YCA1006-01-00,UIC1561-01-00 UIC1551-04-00 UIC2151-08-00 UIC1806-02-00,ECO1101-06-00 SED2104-01-00,18.0,월금,0,0,4,4+6,1+1+1
2270,8.465,WCiv,YCA1006-02-00,QRM1001-01-00 UIC1551-01-00 UIC2151-13-00 UIC1806-01-00,YCH1605-01-00 CTM1001-02-00,18.0,월금,1,2,2,5,1+2+1+1
2271,8.465,WCiv,YCA1006-01-00,QRM1001-01-00 UIC1551-01-00 UIC2151-13-00 UIC1806-01-00,YCH1605-01-00 CTM1001-02-00,18.0,월금,1,2,2,5,1+2+1+1
2272,8.465,WCiv,YCA1006-02-00,QRM1001-01-00 UIC1551-01-00 UIC2151-13-00 UIC1806-01-00,YCH1605-01-00 CTM1001-02-00,18.0,월금,1,2,2,5,1+2+1+1
2273,8.465,WCiv,YCA1006-01-00,QRM1001-01-00 UIC1551-01-00 UIC2151-13-00 UIC1806-01-00,YCH1605-01-00 CTM1001-02-00,18.0,월금,1,2,2,5,1+2+1+1
2274,8.465,WCiv,YCA1006-01-00,QRM1001-01-00 UIC1551-01-00 UIC2151-13-00 UIC1805-01-00,YCH1605-01-00 CTM1001-02-00,18.0,월금,1,2,2,5,1+2+1+1
2275,8.465,WCiv,YCA1006-02-00,QRM1001-01-00 UIC1551-01-00 UIC2151-13-00 UIC1805-01-00,YCH1605-01-00 CTM1001-02-00,18.0,월금,1,2,2,5,1+2+1+1
2276,8.465,WCiv,YCA1006-02-00,QRM1001-01-00 UIC1551-01-00 UIC2151-13-00 UIC1805-01-00,YCH1605-01-00 CTM1001-02-00,18.0,월금,1,2,2,5,1+2+1+1
2277,8.465,WCiv,YCA1006-01-00,QRM1001-01-00 UIC1551-01-00 UIC2151-13-00 UIC1805-01-00,YCH1605-01-00 CTM1001-02-00,18.0,월금,1,2,2,5,1+2+1+1
2278,8.462,Lang,YCA1006-02-00,QRM1001-01-00 UIC1561-01-00 UIC1551-01-00 UIC2151-12-00,YCE1253-01-00 YCG1853-01-00,18.0,월금,1,0,2,,1+3+1
2279,8.44,MR,YCA1006-02-00,UIC1561-01-00 ASP2022-01-00 UIC2151-12-00 UIC1806-02-00,YCK1998-03-00 STA1002-04-00,18.0,월금,1,0,0,4,2+2+2
2280,8.44,MR,YCA1006-01-00,UIC1561-01-00 UIC1551-04-00 UIC2151-06-00 UIC1805-01-00,YCK1998-03-00 CTM1001-02-00,18.0,월금,1,1,1,,1+3+1+1
2281,8.44,MR,YCA1006-01-00,UIC1561-01-00 UIC1551-04-00 UIC2151-05-00 UIC1806-02-00,YCK1998-03-00 CTM1001-02-00,18.0,월금,1,1,1,,1+3+1+1
2282,8.44,MR,YCA1006-01-00,UIC1561-01-00 UIC1551-04-00 UIC2151-06-00 UIC1806-01-00,YCK1998-03-00 CTM1001-02-00,18.0,월금,1,1,1,,1+3+1+1
2283,8.44,MR,YCA1006-02-00,UIC1561-01-00 ASP2022-01-00 UIC2151-12-00 UIC1806-02-00,YCK1998-03-00 STA1002-04-00,18.0,월금,1,0,0,4,2+2+2
2284,8.44,MR,YCA1006-02-00,UIC1561-01-00 UIC1551-01-00 UIC2151-08-00 UIC1805-01-00,YCK1998-03-00 CTM1001-02-00,18.0,월금,1,1,1,,1+1+1+3
2285,8.44,MR,YCA1006-01-00,UIC1561-01-00 UIC1551-04-00 UIC2151-07-00 UIC1806-01-00,YCK1998-03-00 CTM1001-02-00,18.0,월금,1,1,1,,1+3+1+1
2286,8.44,MR,YCA1006-02-00,UIC1561-01-00 UIC1551-04-00 UIC2151-06-00 UIC1805-01-00,YCK1998-03-00 CTM1001-02-00,18.0,월금,1,1,1,,1+3+1+1
2287,8.44,MR,YCA1006-02-00,UIC1561-01-00 UIC1551-04-00 UIC2151-06-00 UIC1805-01-00,YCK1998-03-00 CTM1001-02-00,18.0,월금,1,1,1,,1+3+1+1
2288,8.44,MR,YCA1006-01-00,UIC1561-01-00 UIC1551-04-00 UIC2151-06-00 UIC1805-01-00,YCK1998-03-00 CTM1001-02-00,18.0,월금,1,1,1,,1+3+1+1
2289,8.44,MR,YCA1006-02-00,UIC1561-01-00 UIC1551-01-00 UIC2151-09-00 UIC1805-01-00,YCK1998-03-00 CTM1001-02-00,18.0,월금,1,1,1,,1+1+1+3
2290,8.44,MR,YCA1006-01-00,UIC1561-01-00 UIC1551-04-00 UIC2151-07-00 UIC1805-01-00,YCK1998-03-00 CTM1001-02-00,18.0,월금,1,1,1,,1+3+1+1
2291,8.44,MR,YCA1006-02-00,UIC1561-01-00 UIC1551-01-00 UIC2151-09-00 UIC1805-01-00,YCK1998-03-00 CTM1001-02-00,18.0,월금,1,1,1,,1+1+1+3
2292,8.44,MR,YCA1006-02-00,UIC1561-01-00 UIC1551-01-00 UIC2151-08-00 UIC1806-01-00,YCK1998-03-00 CTM1001-02-00,18.0,월금,1,1,1,,1+1+1+3
2293,8.44,MR,YCA1006-02-00,UIC1561-01-00 UIC1551-04-00 UIC2151-07-00 UIC1805-01-00,YCK1998-03-00 CTM1001-02-00,18.0,월금,1,1,1,,1+3+1+1
2294,8.44,MR,YCA1006-01-00,UIC1561-01-00 UIC1551-04-00 UIC2151-07-00 UIC1806-01-00,YCK1998-03-00 CTM1001-02-00,18.0,월금,1,1,1,,1+3+1+1
2295,8.44,MR,YCA1006-02-00,UIC1561-01-00 UIC1551-04-00 UIC2151-05-00 UIC1806-02-00,YCK1998-03-00 CTM1001-02-00,18.0,월금,1,1,1,,1+3+1+1
2296,8.44,MR,YCA1006-02-00,UIC1561-01-00 UIC1551-01-00 UIC2151-09-00 UIC1806-01-00,YCK1998-03-00 CTM1001-02-00,18.0,월금,1,1,1,,1+1+1+3
2297,8.44,MR,YCA1006-02-00,UIC1561-01-00 UIC1551-04-00 UIC2151-05-00 UIC1806-02-00,YCK1998-03-00 CTM1001-02-00,18.0,월금,1,1,1,,1+3+1+1
2298,8.44,MR,YCA1006-02-00,UIC1561-01-00 UIC1551-04-00 UIC2151-06-00 UIC1806-01-00,YCK1998-03-00 CTM1001-02-00,18.0,월금,1,1,1,,1+3+1+1
2299,8.44,MR,YCA1006-02-00,UIC1561-01-00 UIC1551-01-00 UIC2151-05-00 UIC1805-02-00,YCK1998-03-00 CTM1001-02-00,18.0,월금,1,1,1,,1+1+1+3
2300,8.44,MR,YCA1006-01-00,UIC1561-01-00 UIC1551-04-00 UIC2151-06-00 UIC1806-01-00,YCK1998-03-00 CTM1001-02-00,18.0,월금,1,1,1,,1+3+1+1
2301,8.44,MR,YCA1006-02-00,UIC1561-01-00 UIC1551-01-00 UIC2151-05-00 UIC1805-02-00,YCK1998-03-00 CTM1001-02-00,18.0,월금,1,1,1,,1+1+1+3
2302,8.44,MR,YCA1006-02-00,UIC1561-01-00 UIC1551-01-00 UIC2151-09-00 UIC1806-01-00,YCK1998-03-00 CTM1001-02-00,18.0,월금,1,1,1,,1+1+1+3
2303,8.44,MR,YCA1006-02-00,UIC1561-01-00 UIC1551-04-00 UIC2151-06-00 UIC1806-01-00,YCK1998-03-00 CTM1001-02-00,18.0,월금,1,1,1,,1+3+1+1
2304,8.44,MR,YCA1006-01-00,UIC1561-01-00 UIC1551-04-00 UIC2151-07-00 UIC1805-01-00,YCK1998-03-00 CTM1001-02-00,18.0,월금,1,1,1,,1+3+1+1
2305,8.44,MR,YCA1006-02-00,UIC1561-01-00 UIC1551-04-00 UIC2151-07-00 UIC1806-01-00,YCK1998-03-00 CTM1001-02-00,18.0,월금,1,1,1,,1+3+1+1
2306,8.44,MR,YCA1006-01-00,UIC1561-01-00 UIC1551-04-00 UIC2151-05-00 UIC1806-02-00,YCK1998-03-00 CTM1001-02-00,18.0,월금,1,1,1,,1+3+1+1
2307,8.44,MR,YCA1006-02-00,UIC1561-01-00 UIC1551-01-00 UIC2151-08-00 UIC1805-01-00,YCK1998-03-00 CTM1001-02-00,18.0,월금,1,1,1,,1+1+1+3
2308,8.44,MR,YCA1006-02-00,UIC1561-01-00 UIC1551-04-00 UIC2151-07-00 UIC1805-01-00,YCK1998-03-00 CTM1001-02-00,18.0,월금,1,1,1,,1+3+1+1
2309,8.44,MR,YCA1006-02-00,UIC1561-01-00 UIC1551-01-00 UIC2151-08-00 UIC1806-01-00,YCK1998-03-00 CTM1001-02-00,18.0,월금,1,1,1,,1+1+1+3
2310,8.44,MR,YCA1006-02-00,UIC1561-01-00 UIC1551-04-00 UIC2151-07-00 UIC1806-01-00,YCK1998-03-00 CTM1001-02-00,18.0,월금,1,1,1,,1+3+1+1
2311,8.42,Lang,YCA1006-02-00,QRM1001-01-00 UIC1561-01-00 UIC1551-01-00 UIC2151-12-00,YCK1998-03-00 STA1002-04-00,18.0,월금,1,0,1,4,2+3+2+1
2312,8.42,Lang,YCA1006-02-00,QRM1001-01-00 UIC1561-01-00 UIC1551-04-00 UIC2151-12-00,YCH1605-01-00 YCK1998-03-00,18.0,월금,1,0,1,4,3+3
2313,8.42,Lang,YCA1006-02-00,QRM1001-01-00 UIC1561-01-00 UIC1551-04-00 UIC2151-12-00,YCI1998-02-00 YCK1998-03-00,18.0,월금,1,0,1,4,3+3
2314,8.419,MR,YCA1006-02-00,UIC1561-01-00 UIC1251-02-00 UIC2151-14-00 UIC1805-02-00,YCH1202-01-00 BIZ1101-09-00,18.0,월금,0,1,2,7,1
2315,8.419,MR,YCA1006-02-00,UIC1561-01-00 UIC1251-02-00 UIC2151-14-00 UIC1805-02-00,YCH1202-01-00 BIZ1101-09-00,18.0,월금,0,1,2,7,1
2316,8.419,MR,YCA1006-02-00,UIC1561-01-00 UIC1401-02-00 UIC2151-14-00 UIC1806-02-00,YCH1202-01-00 BIZ1101-09-00,18.0,월금,0,1,2,7,1
2317,8.419,MR,YCA1006-02-00,UIC1561-01-00 UIC1401-02-00 UIC2151-14-00 UIC1806-02-00,YCH1202-01-00 BIZ1101-09-00,18.0,월금,0,1,2,7,1
2318,8.39,MR,YCA1006-01-00,UIC1561-01-00 UIC1251-02-00 UIC2151-14-00 UIC1806-01-00,YCK1998-03-00 ISM1001-02-00,18.0,월금,1,0,2,5,1+2+1
2319,8.39,MR,YCA1006-02-00,UIC1561-01-00 UIC1551-01-00 UIC2151-09-00 UIC1806-01-00,YCB1101-13-00 YCK1998-03-00,18.0,월금,1,0,2,5,1+1+2
2320,8.39,MR,YCA1006-02-00,UIC1561-01-00 UIC1551-01-00 UIC2151-06-00 UIC1806-01-00,YCB1101-13-00 YCK1998-03-00,18.0,월금,1,0,2,5,1+2+1
2321,8.39,MR,YCA1006-02-00,UIC1561-01-00 UIC1551-04-00 UIC2151-07-00 UIC1806-01-00,UCD1101-01-00 YCI1998-02-00,18.0,월수금,1,0,2,5,1+2+1
2322,8.39,MR,YCA1006-02-00,UIC1561-01-00 UIC1551-01-00 UIC2151-06-00 UIC1805-01-00,YCB1101-13-00 YCK1998-03-00,18.0,월금,1,0,2,5,1+2+1
2323,8.39,MR,YCA1006-02-00,UIC1561-01-00 UIC1551-04-00 UIC2151-08-00 UIC1806-01-00,UCD1101-01-00 YCI1998-02-00,18.0,월수금,1,0,2,5,1+1+2
2324,8.39,MR,YCA1006-01-00,UIC1561-01-00 UIC1551-01-00 UIC2151-06-00 UIC1805-01-00,UCB1105-02-00 YCI1901-01-00,18.0,월수금,1,0,2,5,1+2+1
2325,8.39,MR,YCA1006-02-00,UIC1561-01-00 UIC1551-01-00 UIC2151-12-00 UIC1805-02-00,UCB1105-02-00 YCI1901-01-00,18.0,월금,1,0,2,5,1+3+2
2326,8.39,MR,YCA1006-02-00,UIC1561-01-00 UIC1551-01-00 UIC2151-12-00 UIC1805-02-00,UCB1105-02-00 YCI1901-01-00,18.0,월금,1,0,2,5,1+3+2
2327,8.39,MR,YCA1006-02-00,UIC1561-01-00 UIC1551-01-00 UIC2151-07-00 UIC1805-01-00,YCB1101-13-00 YCK1998-03-00,18.0,월금,1,0,2,5,1+2+1
2328,8.39,MR,YCA1006-02-00,UIC1561-01-00 UIC1551-01-00 UIC2151-08-00 UIC1805-01-00,YCB1101-13-00 YCK1998-03-00,18.0,월금,1,0,2,5,1+1+2
2329,8.39,MR,YCA1006-02-00,UIC1561-01-00 UIC1551-04-00 UIC2151-07-00 UIC1806-01-00,YCB1101-43-00 YCK1998-03-00,18.0,월금,1,0,2,5,1+2+1
2330,8.39,MR,YCA1006-02-00,UIC1561-01-00 UIC1551-04-00 UIC2151-06-00 UIC1805-01-00,UCD1101-01-00 YCI1998-02-00,18.0,월수금,1,0,2,5,1+2+1
2331,8.39,MR,YCA1006-01-00,UIC1561-01-00 UIC1551-04-00 UIC2151-05-00 UIC1806-02-00,UCD1101-01-00 YCI1998-02-00,18.0,월수금,1,0,2,5,1+2+1
2332,8.39,MR,YCA1006-02-00,UIC1561-01-00 UIC1551-04-00 UIC2151-06-00 UIC1806-01-00,UCD1101-01-00 YCI1998-02-00,18.0,월수금,1,0,2,5,1+2+1
2333,8.39,MR,YCA1006-01-00,UIC1561-01-00 UIC1551-04-00 UIC2151-06-00 UIC1805-01-00,UCD1101-01-00 YCI1998-02-00,18.0,월수금,1,0,2,5,1+2+1
2334,8.39,MR,YCA1006-01-00,UIC1561-01-00 UIC1251-02-00 UIC2151-14-00 UIC1806-01-00,UCB1105-02-00 UCD1101-01-00,18.0,월수금,1,0,2,5,1+2+1
2335,8.39,MR,YCA1006-02-00,UIC1561-01-00 UIC1501-04-00 UIC2151-14-00 UIC1806-02-00,YCK1998-03-00 ISM1001-02-00,18.0,월금,1,0,2,5,1+2+1
2336,8.39,MR,YCA1006-01-00,UIC1561-01-00 UIC1551-04-00 UIC2151-07-00 UIC1806-01-00,UCD1101-01-00 YCI1998-02-00,18.0,월수금,1,0,2,5,1+2+1
2337,8.39,MR,YCA1006-02-00,UIC1561-01-00 UIC1251-02-00 UIC2151-14-00 UIC1806-01-00,UCB1105-02-00 UCD1101-01-00,18.0,월수금,1,0,2,5,1+2+1
2338,8.39,MR,YCA1006-02-00,UIC1561-01-00 UIC1551-01-00 UIC2151-05-00 UIC1805-02-00,UCB1105-02-00 YCI1901-01-00,18.0,월수금,1,0,2,5,1+1+2
2339,8.39,MR,YCA1006-02-00,UIC1561-01-00 UIC1551-01-00 UIC2151-09-00 UIC1805-01-00,UCB1105-02-00 YCI1901-01-00,18.0,월수금,1,0,2,5,1+1+2
2340,8.39,MR,YCA1006-02-00,UIC1561-01-00 UIC1551-04-00 UIC2151-09-00 UIC1805-01-00,UCD1101-01-00 YCI1998-02-00,18.0,월수금,1,0,2,5,1+1+2
2341,8.39,MR,YCA1006-02-00,UIC1561-01-00 UIC1551-04-00 UIC2151-07-00 UIC1805-01-00,YCJ1305-01-00 YCK1998-03-00,18.0,월금,1,0,2,5,1+2+1
2342,8.39,MR,YCA1006-02-00,UIC1561-01-00 UIC1551-01-00 UIC2151-05-00 UIC1805-02-00,YCB1101-13-00 YCK1998-03-00,18.0,월금,1,0,2,5,1+1+2
2343,8.39,MR,YCA1006-02-00,UIC1561-01-00 UIC1401-02-00 UIC2151-14-00 UIC1805-01-00,YCK1998-03-00 ISM1001-02-00,18.0,월금,1,0,2,5,1+1+2
2344,8.39,MR,YCA1006-01-00,UIC1561-01-00 UIC1551-01-00 UIC2151-05-00 UIC1806-02-00,UCB1105-02-00 YCI1901-01-00,18.0,월수금,1,0,2,5,1+2+1
2345,8.39,MR,YCA1006-01-00,UIC1561-01-00 UIC1551-04-00 UIC2151-05-00 UIC1806-02-00,YCB1101-43-00 YCK1998-03-00,18.0,월금,1,0,2,5,1+2+1
2346,8.39,MR,YCA1006-01-00,UIC1561-01-00 UIC1551-01-00 UIC2151-07-00 UIC1805-01-00,YCB1101-13-00 YCK1998-03-00,18.0,월금,1,0,2,5,1+2+1
2347,8.39,MR,YCA1006-02-00,UIC1561-01-00 UIC1551-04-00 UIC2151-12-00 UIC1805-02-00,YCJ1305-01-00 YCK1998-03-00,18.0,월금,1,0,2,5,1+3+2
2348,8.39,MR,YCA1006-01-00,UIC1561-01-00 UIC1551-01-00 UIC2151-07-00 UIC1805-01-00,UCB1105-02-00 YCI1901-01-00,18.0,월수금,1,0,2,5,1+2+1
2349,8.39,MR,YCA1006-02-00,UIC1561-01-00 UIC1551-01-00 UIC2151-07-00 UIC1805-01-00,YCB1101-13-00 YCK1998-03-00,18.0,월금,1,0,2,5,1+2+1
2350,8.39,MR,YCA1006-02-00,UIC1561-01-00 UIC1551-01-00 UIC2151-07-00 UIC1806-01-00,YCB1101-13-00 YCK1998-03-00,18.0,월금,1,0,2,5,1+2+1
2351,8.39,MR,YCA1006-02-00,UIC1561-01-00 UIC1551-04-00 UIC2151-12-00 UIC1805-02-00,YCB1101-43-00 YCK1998-03-00,18.0,월금,1,0,2,5,1+3+2
2352,8.39,MR,YCA1006-02-00,UIC1561-01-00 UIC1551-01-00 UIC2151-06-00 UIC1806-01-00,YCB1101-13-00 YCK1998-03-00,18.0,월금,1,0,2,5,1+2+1
2353,8.39,MR,YCA1006-01-00,UIC1561-01-00 UIC1551-04-00 UIC2151-07-00 UIC1805-01-00,YCJ1305-01-00 YCK1998-03-00,18.0,월금,1,0,2,5,1+2+1
2354,8.39,MR,YCA1006-02-00,UIC1561-01-00 UIC1551-01-00 UIC2151-05-00 UIC1806-02-00,YCB1101-13-00 YCK1998-03-00,18.0,월금,1,0,2,5,1+2+1
2355,8.39,MR,YCA1006-02-00,UIC1561-01-00 UIC1551-04-00 UIC2151-08-00 UIC1806-01-00,UCD1101-01-00 YCI1998-02-00,18.0,월수금,1,0,2,5,1+1+2
2356,8.39,MR,YCA1006-02-00,UIC1561-01-00 UIC1401-02-00 UIC2151-14-00 UIC1805-01-00,YCK1998-03-00 ISM1001-02-00,18.0,월금,1,0,2,5,1+1+2
2357,8.39,MR,YCA1006-02-00,UIC1561-01-00 UIC1551-04-00 UIC2151-06-00 UIC1806-01-00,YCJ1305-01-00 YCK1998-03-00,18.0,월금,1,0,2,5,1+2+1
2358,8.39,MR,YCA1006-02-00,UIC1561-01-00 UIC1551-04-00 UIC2151-09-00 UIC1806-01-00,UCD1101-01-00 YCI1998-02-00,18.0,월수금,1,0,2,5,1+1+2
2359,8.39,MR,YCA1006-01-00,UIC1561-01-00 UIC1551-04-00 UIC2151-07-00 UIC1805-01-00,YCB1101-43-00 YCK1998-03-00,18.0,월금,1,0,2,5,1+2+1
2360,8.39,MR,YCA1006-02-00,UIC1561-01-00 UIC1551-01-00 UIC2151-09-00 UIC1806-01-00,UCB1105-02-00 YCI1901-01-00,18.0,월수금,1,0,2,5,1+1+2
2361,8.39,MR,YCA1006-02-00,UIC1561-01-00 UIC1551-01-00 UIC2151-05-00 UIC1806-02-00,YCB1101-13-00 YCK1998-03-00,18.0,월금,1,0,2,5,1+2+1
2362,8.39,MR,YCA1006-02-00,UIC1561-01-00 UIC1551-01-00 UIC2151-05-00 UIC1805-02-00,UCB1105-02-00 YCI1901-01-00,18.0,월수금,1,0,2,5,1+1+2
2363,8.39,MR,YCA1006-02-00,UIC1561-01-00 UIC1551-04-00 UIC2151-09-00 UIC1806-01-00,UCD1101-01-00 YCI1998-02-00,18.0,월수금,1,0,2,5,1+1+2
2364,8.39,MR,YCA1006-02-00,UIC1561-01-00 UIC1251-02-00 UIC2151-14-00 UIC1806-01-00,YCK1998-03-00 ISM1001-02-00,18.0,월금,1,0,2,5,1+2+1
2365,8.39,MR,YCA1006-02-00,UIC1561-01-00 UIC1551-01-00 UIC2151-07-00 UIC1805-01-00,UCB1105-02-00 YCI1901-01-00,18.0,월수금,1,0,2,5,1+2+1
2366,8.39,MR,YCA1006-02-00,UIC1561-01-00 UIC1551-01-00 UIC2151-08-00 UIC1805-01-00,YCB1101-13-00 YCK1998-03-00,18.0,월금,1,0,2,5,1+1+2
2367,8.39,MR,YCA1006-01-00,UIC1561-01-00 UIC1551-04-00 UIC2151-07-00 UIC1806-01-00,UCD1101-01-00 YCI1998-02-00,18.0,월수금,1,0,2,5,1+2+1
2368,8.39,MR,YCA1006-01-00,UIC1561-01-00 UIC1551-04-00 UIC2151-07-00 UIC1806-01-00,YCB1101-43-00 YCK1998-03-00,18.0,월금,1,0,2,5,1+2+1
2369,8.39,MR,YCA1006-01-00,UIC1561-01-00 UIC1551-04-00 UIC2151-07-00 UIC1805-01-00,YCB1101-43-00 YCK1998-03-00,18.0,월금,1,0,2,5,1+2+1
2370,8.39,MR,YCA1006-02-00,UIC1561-01-00 UIC1551-01-00 UIC2151-07-00 UIC1806-01-00,YCB1101-13-00 YCK1998-03-00,18.0,월금,1,0,2,5,1+2+1
2371,8.39,MR,YCA1006-02-00,UIC1561-01-00 UIC1551-04-00 UIC2151-07-00 UIC1806-01-00,YCB1101-43-00 YCK1998-03-00,18.0,월금,1,0,2,5,1+2+1
2372,8.39,MR,YCA1006-01-00,UIC1561-01-00 UIC1551-04-00 UIC2151-05-00 UIC1806-02-00,YCJ1305-01-00 YCK1998-03-00,18.0,월금,1,0,2,5,1+2+1
2373,8.39,MR,YCA1006-01-00,UIC1561-01-00 UIC1551-04-00 UIC2151-06-00 UIC1806-01-00,YCJ1305-01-00 YCK1998-03-00,18.0,월금,1,0,2,5,1+2+1
2374,8.39,MR,YCA1006-01-00,UIC1561-01-00 UIC1551-04-00 UIC2151-06-00 UIC1805-01-00,YCB1101-43-00 YCK1998-03-00,18.0,월금,1,0,2,5,1+2+1
2375,8.39,MR,YCA1006-02-00,UIC1561-01-00 UIC1551-04-00 UIC2151-06-00 UIC1805-01-00,UCD1101-01-00 YCI1998-02-00,18.0,월수금,1,0,2,5,1+2+1
2376,8.39,MR,YCA1006-02-00,UIC1561-01-00 UIC1551-01-00 UIC2151-08-00 UIC1806-01-00,UCB1105-02-00 YCI1901-01-00,18.0,월수금,1,0,2,5,1+1+2
2377,8.39,MR,YCA1006-01-00,UIC1561-01-00 UIC1551-04-00 UIC2151-06-00 UIC1805-01-00,YCJ1305-01-00 YCK1998-03-00,18.0,월금,1,0,2,5,1+2+1
2378,8.39,MR,YCA1006-02-00,UIC1561-01-00 UIC1551-04-00 UIC2151-05-00 UIC1805-02-00,YCJ1305-01-00 YCK1998-03-00,18.0,월금,1,0,2,5,1+1+2
2379,8.39,MR,YCA1006-01-00,UIC1561-01-00 UIC1251-02-00 UIC2151-14-00 UIC1805-01-00,YCK1998-03-00 ISM1001-02-00,18.0,월금,1,0,2,5,1+2+1
2380,8.39,MR,YCA1006-02-00,UIC1561-01-00 UIC1401-02-00 UIC2151-14-00 UIC1805-01-00,UCB1105-02-00 UCD1101-01-00,18.0,월수금,1,0,2,5,1+1+2
2381,8.39,MR,YCA1006-01-00,UIC1561-01-00 UIC1551-01-00 UIC2151-07-00 UIC1806-01-00,YCB1101-13-00 YCK1998-03-00,18.0,월금,1,0,2,5,1+2+1
2382,8.39,MR,YCA1006-02-00,UIC1561-01-00 UIC1251-02-00 UIC2151-14-00 UIC1805-01-00,YCK1998-03-00 ISM1001-02-00,18.0,월금,1,0,2,5,1+2+1
2383,8.39,MR,YCA1006-02-00,UIC1561-01-00 UIC1551-04-00 UIC2151-06-00 UIC1806-01-00,YCJ1305-01-00 YCK1998-03-00,18.0,월금,1,0,2,5,1+2+1
2384,8.39,MR,YCA1006-02-00,UIC1561-01-00 UIC1551-01-00 UIC2151-06-00 UIC1805-01-00,UCB1105-02-00 YCI1901-01-00,18.0,월수금,1,0,2,5,1+2+1
2385,8.39,MR,YCA1006-02-00,UIC1561-01-00 UIC1551-04-00 UIC2151-09-00 UIC1806-01-00,YCB1101-43-00 YCK1998-03-00,18.0,월금,1,0,2,5,1+1+2
2386,8.39,MR,YCA1006-01-00,UIC1561-01-00 UIC1551-04-00 UIC2151-06-00 UIC1805-01-00,UCD1101-01-00 YCI1998-02-00,18.0,월수금,1,0,2,5,1+2+1
2387,8.39,MR,YCA1006-02-00,UIC1561-01-00 UIC1551-04-00 UIC2151-09-00 UIC1806-01-00,YCJ1305-01-00 YCK1998-03-00,18.0,월금,1,0,2,5,1+1+2
2388,8.39,MR,YCA1006-01-00,UIC1561-01-00 UIC1551-04-00 UIC2151-06-00 UIC1806-01-00,UCD1101-01-00 YCI1998-02-00,18.0,월수금,1,0,2,5,1+2+1
2389,8.39,MR,YCA1006-01-00,UIC1561-01-00 UIC1551-04-00 UIC2151-07-00 UIC1805-01-00,UCD1101-01-00 YCI1998-02-00,18.0,월수금,1,0,2,5,1+2+1
2390,8.39,MR,YCA1006-02-00,UIC1561-01-00 UIC1551-04-00 UIC2151-06-00 UIC1806-01-00,UCD1101-01-00 YCI1998-02-00,18.0,월수금,1,0,2,5,1+2+1
2391,8.39,MR,YCA1006-02-00,UIC1561-01-00 UIC1551-04-00 UIC2151-08-00 UIC1805-01-00,YCB1101-43-00 YCK1998-03-00,18.0,월금,1,0,2,5,1+1+2
2392,8.39,MR,YCA1006-02-00,UIC1561-01-00 UIC1501-04-00 UIC2151-14-00 UIC1805-02-00,UCB1105-02-00 UCD1101-01-00,18.0,월수금,1,0,2,5,1+1+2
2393,8.39,MR,YCA1006-02-00,UIC1561-01-00 UIC1551-04-00 UIC2151-07-00 UIC1805-01-00,YCJ1305-01-00 YCK1998-03-00,18.0,월금,1,0,2,5,1+2+1
2394,8.39,MR,YCA1006-02-00,UIC1561-01-00 UIC1501-04-00 UIC2151-14-00 UIC1805-02-00,YCK1998-03-00 ISM1001-02-00,18.0,월금,1,0,2,5,1+1+2
2395,8.39,MR,YCA1006-02-00,UIC1561-01-00 UIC1251-02-00 UIC2151-14-00 UIC1806-01-00,YCK1998-03-00 ISM1001-02-00,18.0,월금,1,0,2,5,1+2+1
2396,8.39,MR,YCA1006-02-00,UIC1561-01-00 UIC1551-01-00 UIC2151-08-00 UIC1806-01-00,YCB1101-13-00 YCK1998-03-00,18.0,월금,1,0,2,5,1+1+2
2397,8.39,MR,YCA1006-02-00,UIC1561-01-00 UIC1551-01-00 UIC2151-05-00 UIC1806-02-00,UCB1105-02-00 YCI1901-01-00,18.0,월수금,1,0,2,5,1+2+1
2398,8.39,MR,YCA1006-01-00,UIC1561-01-00 UIC1551-01-00 UIC2151-05-00 UIC1806-02-00,YCB1101-13-00 YCK1998-03-00,18.0,월금,1,0,2,5,1+2+1
2399,8.39,MR,YCA1006-02-00,UIC1561-01-00 UIC1551-04-00 UIC2151-08-00 UIC1805-01-00,YCJ1305-01-00 YCK1998-03-00,18.0,월금,1,0,2,5,1+1+2
2400,8.39,MR,YCA1006-01-00,UIC1561-01-00 UIC1551-04-00 UIC2151-07-00 UIC1806-01-00,YCJ1305-01-00 YCK1998-03-00,18.0,월금,1,0,2,5,1+2+1
2401,8.39,MR,YCA1006-02-00,UIC1561-01-00 UIC1551-04-00 UIC2151-08-00 UIC1806-01-00,YCJ1305-01-00 YCK1998-03-00,18.0,월금,1,0,2,5,1+1+2
2402,8.39,MR,YCA1006-02-00,UIC1561-01-00 UIC1551-01-00 UIC2151-06-00 UIC1805-01-00,YCB1101-13-00 YCK1998-03-00,18.0,월금,1,0,2,5,1+2+1
2403,8.39,MR,YCA1006-01-00,UIC1561-01-00 UIC1251-02-00 UIC2151-14-00 UIC1806-01-00,UCB1105-02-00 UCD1101-01-00,18.0,월수금,1,0,2,5,1+2+1
2404,8.39,MR,YCA1006-01-00,UIC1561-01-00 UIC1551-04-00 UIC2151-07-00 UIC1805-01-00,YCJ1305-01-00 YCK1998-03-00,18.0,월금,1,0,2,5,1+2+1
2405,8.39,MR,YCA1006-02-00,UIC1561-01-00 UIC1551-04-00 UIC2151-09-00 UIC1806-01-00,YCJ1305-01-00 YCK1998-03-00,18.0,월금,1,0,2,5,1+1+2
2406,8.39,MR,YCA1006-02-00,UIC1561-01-00 UIC1551-04-00 UIC2151-12-00 UIC1805-02-00,UCD1101-01-00 YCI1998-02-00,18.0,월금,1,0,2,5,1+3+2
2407,8.39,MR,YCA1006-02-00,UIC1561-01-00 UIC1401-02-00 UIC2151-14-00 UIC1805-01-00,UCB1105-02-00 UCD1101-01-00,18.0,월수금,1,0,2,5,1+1+2
2408,8.39,MR,YCA1006-02-00,UIC1561-01-00 UIC1551-04-00 UIC2151-05-00 UIC1806-02-00,YCJ1305-01-00 YCK1998-03-00,18.0,월금,1,0,2,5,1+2+1
2409,8.39,MR,YCA1006-01-00,UIC1561-01-00 UIC1551-04-00 UIC2151-06-00 UIC1806-01-00,YCJ1305-01-00 YCK1998-03-00,18.0,월금,1,0,2,5,1+2+1
2410,8.39,MR,YCA1006-02-00,UIC1561-01-00 UIC1551-04-00 UIC2151-05-00 UIC1805-02-00,YCJ1305-01-00 YCK1998-03-00,18.0,월금,1,0,2,5,1+1+2
2411,8.39,MR,YCA1006-02-00,UIC1561-01-00 UIC1551-04-00 UIC2151-08-00 UIC1805-01-00,YCB1101-43-00 YCK1998-03-00,18.0,월금,1,0,2,5,1+1+2
2412,8.39,MR,YCA1006-02-00,UIC1561-01-00 UIC1401-02-00 UIC2151-14-00 UIC1806-01-00,YCK1998-03-00 ISM1001-02-00,18.0,월금,1,0,2,5,1+1+2
2413,8.39,MR,YCA1006-02-00,UIC1561-01-00 UIC1551-01-00 UIC2151-07-00 UIC1805-01-00,UCB1105-02-00 YCI1901-01-00,18.0,월수금,1,0,2,5,1+2+1
2414,8.39,MR,YCA1006-02-00,UIC1561-01-00 UIC1551-01-00 UIC2151-09-00 UIC1805-01-00,UCB1105-02-00 YCI1901-01-00,18.0,월수금,1,0,2,5,1+1+2
2415,8.39,MR,YCA1006-02-00,UIC1561-01-00 UIC1501-04-00 UIC2151-14-00 UIC1806-02-00,YCK1998-03-00 ISM1001-02-00,18.0,월금,1,0,2,5,1+2+1
2416,8.39,MR,YCA1006-02-00,UIC1561-01-00 UIC1501-04-00 UIC2151-14-00 UIC1806-02-00,UCB1105-02-00 UCD1101-01-00,18.0,월수금,1,0,2,5,1+2+1
2417,8.39,MR,YCA1006-02-00,UIC1561-01-00 UIC1551-04-00 UIC2151-06-00 UIC1805-01-00,YCB1101-43-00 YCK1998-03-00,18.0,월금,1,0,2,5,1+2+1
2418,8.39,MR,YCA1006-01-00,UIC1561-01-00 UIC1551-01-00 UIC2151-07-00 UIC1806-01-00,UCB1105-02-00 YCI1901-01-00,18.0,월수금,1,0,2,5,1+2+1
2419,8.39,MR,YCA1006-01-00,UIC1561-01-00 UIC1551-04-00 UIC2151-06-00 UIC1805-01-00,YCB1101-43-00 YCK1998-03-00,18.0,월금,1,0,2,5,1+2+1
2420,8.39,MR,YCA1006-02-00,UIC1561-01-00 UIC1551-04-00 UIC2151-09-00 UIC1806-01-00,YCB1101-43-00 YCK1998-03-00,18.0,월금,1,0,2,5,1+1+2
2421,8.39,MR,YCA1006-01-00,UIC1561-01-00 UIC1551-01-00 UIC2151-05-00 UIC1806-02-00,YCB1101-13-00 YCK1998-03-00,18.0,월금,1,0,2,5,1+2+1
2422,8.39,MR,YCA1006-02-00,UIC1561-01-00 UIC1551-04-00 UIC2151-05-00 UIC1805-02-00,YCB1101-43-00 YCK1998-03-00,18.0,월금,1,0,2,5,1+1+2
2423,8.39,MR,YCA1006-02-00,UIC1561-01-00 UIC1551-04-00 UIC2151-07-00 UIC1806-01-00,YCJ1305-01-00 YCK1998-03-00,18.0,월금,1,0,2,5,1+2+1
2424,8.39,MR,YCA1006-02-00,UIC1561-01-00 UIC1551-01-00 UIC2151-07-00 UIC1806-01-00,UCB1105-02-00 YCI1901-01-00,18.0,월수금,1,0,2,5,1+2+1
2425,8.39,MR,YCA1006-02-00,UIC1561-01-00 UIC1551-01-00 UIC2151-06-00 UIC1806-01-00,UCB1105-02-00 YCI1901-01-00,18.0,월수금,1,0,2,5,1+2+1
2426,8.39,MR,YCA1006-01-00,UIC1561-01-00 UIC1551-01-00 UIC2151-06-00 UIC1806-01-00,YCB1101-13-00 YCK1998-03-00,18.0,월금,1,0,2,5,1+2+1
2427,8.39,MR,YCA1006-02-00,UIC1561-01-00 UIC1551-04-00 UIC2151-07-00 UIC1805-01-00,UCD1101-01-00 YCI1998-02-00,18.0,월수금,1,0,2,5,1+2+1
2428,8.39,MR,YCA1006-02-00,UIC1561-01-00 UIC1551-01-00 UIC2151-08-00 UIC1806-01-00,YCB1101-13-00 YCK1998-03-00,18.0,월금,1,0,2,5,1+1+2
2429,8.39,MR,YCA1006-02-00,UIC1561-01-00 UIC1551-04-00 UIC2151-08-00 UIC1806-01-00,YCB1101-43-00 YCK1998-03-00,18.0,월금,1,0,2,5,1+1+2
2430,8.39,MR,YCA1006-02-00,UIC1561-01-00 UIC1501-04-00 UIC2151-14-00 UIC1806-02-00,UCB1105-02-00 UCD1101-01-00,18.0,월수금,1,0,2,5,1+2+1
2431,8.39,MR,YCA1006-02-00,UIC1561-01-00 UIC1551-04-00 UIC2151-05-00 UIC1805-02-00,YCB1101-43-00 YCK1998-03-00,18.0,월금,1,0,2,5,1+1+2
2432,8.39,MR,YCA1006-02-00,UIC1561-01-00 UIC1551-04-00 UIC2151-05-00 UIC1805-02-00,UCD1101-01-00 YCI1998-02-00,18.0,월수금,1,0,2,5,1+1+2
2433,8.39,MR,YCA1006-02-00,UIC1561-01-00 UIC1551-04-00 UIC2151-05-00 UIC1806-02-00,YCB1101-43-00 YCK1998-03-00,18.0,월금,1,0,2,5,1+2+1
2434,8.39,MR,YCA1006-01-00,UIC1561-01-00 UIC1251-02-00 UIC2151-14-00 UIC1805-01-00,YCK1998-03-00 ISM1001-02-00,18.0,월금,1,0,2,5,1+2+1
2435,8.39,MR,YCA1006-01-00,UIC1561-01-00 UIC1551-01-00 UIC2151-07-00 UIC1806-01-00,UCB1105-02-00 YCI1901-01-00,18.0,월수금,1,0,2,5,1+2+1
2436,8.39,MR,YCA1006-01-00,UIC1561-01-00 UIC1551-01-00 UIC2151-06-00 UIC1806-01-00,UCB1105-02-00 YCI1901-01-00,18.0,월수금,1,0,2,5,1+2+1
2437,8.39,MR,YCA1006-02-00,UIC1561-01-00 UIC1501-04-00 UIC2151-14-00 UIC1805-02-00,UCB1105-02-00 UCD1101-01-00,18.0,월수금,1,0,2,5,1+1+2
2438,8.39,MR,YCA1006-01-00,UIC1561-01-00 UIC1251-02-00 UIC2151-14-00 UIC1806-01-00,YCK1998-03-00 ISM1001-02-00,18.0,월금,1,0,2,5,1+2+1
2439,8.39,MR,YCA1006-02-00,UIC1561-01-00 UIC1401-02-00 UIC2151-14-00 UIC1806-01-00,UCB1105-02-00 UCD1101-01-00,18.0,월수금,1,0,2,5,1+1+2
2440,8.39,MR,YCA1006-02-00,UIC1561-01-00 UIC1551-04-00 UIC2151-05-00 UIC1806-02-00,YCB1101-43-00 YCK1998-03-00,18.0,월금,1,0,2,5,1+2+1
2441,8.39,MR,YCA1006-02-00,UIC1561-01-00 UIC1551-04-00 UIC2151-07-00 UIC1805-01-00,YCB1101-43-00 YCK1998-03-00,18.0,월금,1,0,2,5,1+2+1
2442,8.39,MR,YCA1006-02-00,UIC1561-01-00 UIC1551-04-00 UIC2151-05-00 UIC1806-02-00,UCD1101-01-00 YCI1998-02-00,18.0,월수금,1,0,2,5,1+2+1
2443,8.39,MR,YCA1006-02-00,UIC1561-01-00 UIC1501-04-00 UIC2151-14-00 UIC1805-02-00,YCK1998-03-00 ISM1001-02-00,18.0,월금,1,0,2,5,1+1+2
2444,8.39,MR,YCA1006-02-00,UIC1561-01-00 UIC1551-04-00 UIC2151-08-00 UIC1805-01-00,UCD1101-01-00 YCI1998-02-00,18.0,월수금,1,0,2,5,1+1+2
2445,8.39,MR,YCA1006-01-00,UIC1561-01-00 UIC1551-01-00 UIC2151-07-00 UIC1805-01-00,YCB1101-13-00 YCK1998-03-00,18.0,월금,1,0,2,5,1+2+1
2446,8.39,MR,YCA1006-01-00,UIC1561-01-00 UIC1551-04-00 UIC2151-06-00 UIC1805-01-00,YCJ1305-01-00 YCK1998-03-00,18.0,월금,1,0,2,5,1+2+1
2447,8.39,MR,YCA1006-02-00,UIC1561-01-00 UIC1551-01-00 UIC2151-08-00 UIC1805-01-00,UCB1105-02-00 YCI1901-01-00,18.0,월수금,1,0,2,5,1+1+2
2448,8.39,MR,YCA1006-02-00,UIC1561-01-00 UIC1551-01-00 UIC2151-12-00 UIC1805-02-00,YCB1101-13-00 YCK1998-03-00,18.0,월금,1,0,2,5,1+3+2
2449,8.39,MR,YCA1006-01-00,UIC1561-01-00 UIC1251-02-00 UIC2151-14-00 UIC1805-01-00,UCB1105-02-00 UCD1101-01-00,18.0,월수금,1,0,2,5,1+2+1
2450,8.39,MR,YCA1006-02-00,UIC1561-01-00 UIC1401-02-00 UIC2151-14-00 UIC1806-01-00,YCK1998-03-00 ISM1001-02-00,18.0,월금,1,0,2,5,1+1+2
2451,8.39,MR,YCA1006-01-00,UIC1561-01-00 UIC1551-04-00 UIC2151-06-00 UIC1806-01-00,UCD1101-01-00 YCI1998-02-00,18.0,월수금,1,0,2,5,1+2+1
2452,8.39,MR,YCA1006-01-00,UIC1561-01-00 UIC1501-04-00 UIC2151-14-00 UIC1806-02-00,YCK1998-03-00 ISM1001-02-00,18.0,월금,1,0,2,5,1+2+1
2453,8.39,MR,YCA1006-02-00,UIC1561-01-00 UIC1551-04-00 UIC2151-05-00 UIC1805-02-00,UCD1101-01-00 YCI1998-02-00,18.0,월수금,1,0,2,5,1+1+2
2454,8.39,MR,YCA1006-01-00,UIC1561-01-00 UIC1551-01-00 UIC2151-06-00 UIC1806-01-00,YCB1101-13-00 YCK1998-03-00,18.0,월금,1,0,2,5,1+2+1
2455,8.39,MR,YCA1006-02-00,UIC1561-01-00 UIC1551-01-00 UIC2151-06-00 UIC1806-01-00,UCB1105-02-00 YCI1901-01-00,18.0,월수금,1,0,2,5,1+2+1
2456,8.39,MR,YCA1006-01-00,UIC1561-01-00 UIC1551-04-00 UIC2151-05-00 UIC1806-02-00,YCB1101-43-00 YCK1998-03-00,18.0,월금,1,0,2,5,1+2+1
2457,8.39,MR,YCA1006-01-00,UIC1561-01-00 UIC1551-04-00 UIC2151-07-00 UIC1806-01-00,YCB1101-43-00 YCK1998-03-00,18.0,월금,1,0,2,5,1+2+1
2458,8.39,MR,YCA1006-01-00,UIC1561-01-00 UIC1551-04-00 UIC2151-07-00 UIC1805-01-00,UCD1101-01-00 YCI1998-02-00,18.0,월수금,1,0,2,5,1+2+1
2459,8.39,MR,YCA1006-02-00,UIC1561-01-00 UIC1551-04-00 UIC2151-08-00 UIC1806-01-00,YCB1101-43-00 YCK1998-03-00,18.0,월금,1,0,2,5,1+1+2
2460,8.39,MR,YCA1006-02-00,UIC1561-01-00 UIC1551-04-00 UIC2151-08-00 UIC1805-01-00,UCD1101-01-00 YCI1998-02-00,18.0,월수금,1,0,2,5,1+1+2
2461,8.39,MR,YCA1006-02-00,UIC1561-01-00 UIC1551-04-00 UIC2151-07-00 UIC1806-01-00,UCD1101-01-00 YCI1998-02-00,18.0,월수금,1,0,2,5,1+2+1
2462,8.39,MR,YCA1006-02-00,UIC1561-01-00 UIC1551-01-00 UIC2151-09-00 UIC1805-01-00,YCB1101-13-00 YCK1998-03-00,18.0,월금,1,0,2,5,1+1+2
2463,8.39,MR,YCA1006-02-00,UIC1561-01-00 UIC1551-04-00 UIC2151-05-00 UIC1806-02-00,UCD1101-01-00 YCI1998-02-00,18.0,월수금,1,0,2,5,1+2+1
2464,8.39,MR,YCA1006-02-00,UIC1561-01-00 UIC1551-01-00 UIC2151-09-00 UIC1806-01-00,UCB1105-02-00 YCI1901-01-00,18.0,월수금,1,0,2,5,1+1+2
2465,8.39,MR,YCA1006-01-00,UIC1561-01-00 UIC1551-04-00 UIC2151-05-00 UIC1806-02-00,YCJ1305-01-00 YCK1998-03-00,18.0,월금,1,0,2,5,1+2+1
2466,8.39,MR,YCA1006-02-00,UIC1561-01-00 UIC1551-04-00 UIC2151-09-00 UIC1805-01-00,YCB1101-43-00 YCK1998-03-00,18.0,월금,1,0,2,5,1+1+2
2467,8.39,MR,YCA1006-02-00,UIC1561-01-00 UIC1551-04-00 UIC2151-08-00 UIC1806-01-00,YCJ1305-01-00 YCK1998-03-00,18.0,월금,1,0,2,5,1+1+2
2468,8.39,MR,YCA1006-02-00,UIC1561-01-00 UIC1551-04-00 UIC2151-06-00 UIC1806-01-00,YCB1101-43-00 YCK1998-03-00,18.0,월금,1,0,2,5,1+2+1
2469,8.39,MR,YCA1006-02-00,UIC1561-01-00 UIC1551-01-00 UIC2151-09-00 UIC1806-01-00,YCB1101-13-00 YCK1998-03-00,18.0,월금,1,0,2,5,1+1+2
2470,8.39,MR,YCA1006-02-00,UIC1561-01-00 UIC1551-01-00 UIC2151-12-00 UIC1805-02-00,YCB1101-13-00 YCK1998-03-00,18.0,월금,1,0,2,5,1+3+2
2471,8.39,MR,YCA1006-01-00,UIC1561-01-00 UIC1501-04-00 UIC2151-14-00 UIC1806-02-00,UCB1105-02-00 UCD1101-01-00,18.0,월수금,1,0,2,5,1+2+1
2472,8.39,MR,YCA1006-01-00,UIC1561-01-00 UIC1551-04-00 UIC2151-07-00 UIC1806-01-00,YCJ1305-01-00 YCK1998-03-00,18.0,월금,1,0,2,5,1+2+1
2473,8.39,MR,YCA1006-02-00,UIC1561-01-00 UIC1551-04-00 UIC2151-06-00 UIC1805-01-00,YCB1101-43-00 YCK1998-03-00,18.0,월금,1,0,2,5,1+2+1
2474,8.39,MR,YCA1006-02-00,UIC1561-01-00 UIC1551-04-00 UIC2151-07-00 UIC1805-01-00,UCD1101-01-00 YCI1998-02-00,18.0,월수금,1,0,2,5,1+2+1
2475,8.39,MR,YCA1006-01-00,UIC1561-01-00 UIC1551-04-00 UIC2151-06-00 UIC1806-01-00,YCB1101-43-00 YCK1998-03-00,18.0,월금,1,0,2,5,1+2+1
2476,8.39,MR,YCA1006-02-00,UIC1561-01-00 UIC1551-01-00 UIC2151-08-00 UIC1806-01-00,UCB1105-02-00 YCI1901-01-00,18.0,월수금,1,0,2,5,1+1+2
2477,8.39,MR,YCA1006-01-00,UIC1561-01-00 UIC1551-01-00 UIC2151-06-00 UIC1805-01-00,YCB1101-13-00 YCK1998-03-00,18.0,월금,1,0,2,5,1+2+1
2478,8.39,MR,YCA1006-02-00,UIC1561-01-00 UIC1251-02-00 UIC2151-14-00 UIC1806-01-00,UCB1105-02-00 UCD1101-01-00,18.0,월수금,1,0,2,5,1+2+1
2479,8.39,MR,YCA1006-01-00,UIC1561-01-00 UIC1551-01-00 UIC2151-05-00 UIC1806-02-00,UCB1105-02-00 YCI1901-01-00,18.0,월수금,1,0,2,5,1+2+1
2480,8.39,MR,YCA1006-02-00,UIC1561-01-00 UIC1551-04-00 UIC2151-05-00 UIC1806-02-00,YCJ1305-01-00 YCK1998-03-00,18.0,월금,1,0,2,5,1+2+1
2481,8.39,MR,YCA1006-01-00,UIC1561-01-00 UIC1551-04-00 UIC2151-06-00 UIC1806-01-00,YCB1101-43-00 YCK1998-03-00,18.0,월금,1,0,2,5,1+2+1
2482,8.39,MR,YCA1006-02-00,UIC1561-01-00 UIC1551-04-00 UIC2151-08-00 UIC1805-01-00,YCJ1305-01-00 YCK1998-03-00,18.0,월금,1,0,2,5,1+1+2
2483,8.39,MR,YCA1006-02-00,UIC1561-01-00 UIC1551-04-00 UIC2151-07-00 UIC1805-01-00,YCB1101-43-00 YCK1998-03-00,18.0,월금,1,0,2,5,1+2+1
2484,8.39,MR,YCA1006-02-00,UIC1561-01-00 UIC1551-01-00 UIC2151-05-00 UIC1805-02-00,YCB1101-13-00 YCK1998-03-00,18.0,월금,1,0,2,5,1+1+2
2485,8.39,MR,YCA1006-02-00,UIC1561-01-00 UIC1551-01-00 UIC2151-09-00 UIC1805-01-00,YCB1101-13-00 YCK1998-03-00,18.0,월금,1,0,2,5,1+1+2
2486,8.39,MR,YCA1006-01-00,UIC1561-01-00 UIC1551-04-00 UIC2151-05-00 UIC1806-02-00,UCD1101-01-00 YCI1998-02-00,18.0,월수금,1,0,2,5,1+2+1
2487,8.39,MR,YCA1006-02-00,UIC1561-01-00 UIC1551-04-00 UIC2151-06-00 UIC1806-01-00,YCB1101-43-00 YCK1998-03-00,18.0,월금,1,0,2,5,1+2+1
2488,8.39,MR,YCA1006-02-00,UIC1561-01-00 UIC1551-04-00 UIC2151-06-00 UIC1805-01-00,YCJ1305-01-00 YCK1998-03-00,18.0,월금,1,0,2,5,1+2+1
2489,8.39,MR,YCA1006-01-00,UIC1561-01-00 UIC1551-01-00 UIC2151-06-00 UIC1806-01-00,UCB1105-02-00 YCI1901-01-00,18.0,월수금,1,0,2,5,1+2+1
2490,8.39,MR,YCA1006-02-00,UIC1561-01-00 UIC1251-02-00 UIC2151-14-00 UIC1805-01-00,UCB1105-02-00 UCD1101-01-00,18.0,월수금,1,0,2,5,1+2+1
2491,8.39,MR,YCA1006-02-00,UIC1561-01-00 UIC1551-04-00 UIC2151-07-00 UIC1806-01-00,YCJ1305-01-00 YCK1998-03-00,18.0,월금,1,0,2,5,1+2+1
2492,8.39,MR,YCA1006-01-00,UIC1561-01-00 UIC1551-01-00 UIC2151-06-00 UIC1805-01-00,YCB1101-13-00 YCK1998-03-00,18.0,월금,1,0,2,5,1+2+1
2493,8.39,MR,YCA1006-02-00,UIC1561-01-00 UIC1551-04-00 UIC2151-12-00 UIC1805-02-00,UCD1101-01-00 YCI1998-02-00,18.0,월금,1,0,2,5,1+3+2
2494,8.39,MR,YCA1006-02-00,UIC1561-01-00 UIC1251-02-00 UIC2151-14-00 UIC1805-01-00,UCB1105-02-00 UCD1101-01-00,18.0,월수금,1,0,2,5,1+2+1
2495,8.39,MR,YCA1006-02-00,UIC1561-01-00 UIC1551-04-00 UIC2151-09-00 UIC1805-01-00,UCD1101-01-00 YCI1998-02-00,18.0,월수금,1,0,2,5,1+1+2
2496,8.39,MR,YCA1006-02-00,UIC1561-01-00 UIC1551-04-00 UIC2151-09-00 UIC1805-01-00,YCJ1305-01-00 YCK1998-03-00,18.0,월금,1,0,2,5,1+1+2
2497,8.39,MR,YCA1006-01-00,UIC1561-01-00 UIC1251-02-00 UIC2151-14-00 UIC1805-01-00,UCB1105-02-00 UCD1101-01-00,18.0,월수금,1,0,2,5,1+2+1
2498,8.39,MR,YCA1006-02-00,UIC1561-01-00 UIC1551-01-00 UIC2151-05-00 UIC1806-02-00,UCB1105-02-00 YCI1901-01-00,18.0,월수금,1,0,2,5,1+2+1
2499,8.39,MR,YCA1006-02-00,UIC1561-01-00 UIC1551-01-00 UIC2151-08-00 UIC1805-01-00,UCB1105-02-00 YCI1901-01-00,18.0,월수금,1,0,2,5,1+1+2
2500,8.39,MR,YCA1006-01-00,UIC1561-01-00 UIC1501-04-00 UIC2151-14-00 UIC1806-02-00,UCB1105-02-00 UCD1101-01-00,18.0,월수금,1,0,2,5,1+2+1
2501,8.39,MR,YCA1006-02-00,UIC1561-01-00 UIC1551-04-00 UIC2151-09-00 UIC1805-01-00,YCJ1305-01-00 YCK1998-03-00,18.0,월금,1,0,2,5,1+1+2
2502,8.39,MR,YCA1006-02-00,UIC1561-01-00 UIC1551-04-00 UIC2151-06-00 UIC1805-01-00,YCJ1305-01-00 YCK1998-03-00,18.0,월금,1,0,2,5,1+2+1
2503,8.39,MR,YCA1006-01-00,UIC1561-01-00 UIC1501-04-00 UIC2151-14-00 UIC1806-02-00,YCK1998-03-00 ISM1001-02-00,18.0,월금,1,0,2,5,1+2+1
2504,8.39,MR,YCA1006-02-00,UIC1561-01-00 UIC1551-01-00 UIC2151-07-00 UIC1806-01-00,UCB1105-02-00 YCI1901-01-00,18.0,월수금,1,0,2,5,1+2+1
2505,8.39,MR,YCA1006-02-00,UIC1561-01-00 UIC1551-04-00 UIC2151-12-00 UIC1805-02-00,YCB1101-43-00 YCK1998-03-00,18.0,월금,1,0,2,5,1+3+2
2506,8.39,MR,YCA1006-02-00,UIC1561-01-00 UIC1551-04-00 UIC2151-12-00 UIC1805-02-00,YCJ1305-01-00 YCK1998-03-00,18.0,월금,1,0,2,5,1+3+2
2507,8.39,MR,YCA1006-01-00,UIC1561-01-00 UIC1551-01-00 UIC2151-07-00 UIC1806-01-00,YCB1101-13-00 YCK1998-03-00,18.0,월금,1,0,2,5,1+2+1
2508,8.39,MR,YCA1006-02-00,UIC1561-01-00 UIC1551-01-00 UIC2151-06-00 UIC1805-01-00,UCB1105-02-00 YCI1901-01-00,18.0,월수금,1,0,2,5,1+2+1
2509,8.39,MR,YCA1006-01-00,UIC1561-01-00 UIC1551-01-00 UIC2151-06-00 UIC1805-01-00,UCB1105-02-00 YCI1901-01-00,18.0,월수금,1,0,2,5,1+2+1
2510,8.39,MR,YCA1006-02-00,UIC1561-01-00 UIC1551-04-00 UIC2151-09-00 UIC1805-01-00,YCB1101-43-00 YCK1998-03-00,18.0,월금,1,0,2,5,1+1+2
2511,8.39,MR,YCA1006-01-00,UIC1561-01-00 UIC1551-01-00 UIC2151-07-00 UIC1805-01-00,UCB1105-02-00 YCI1901-01-00,18.0,월수금,1,0,2,5,1+2+1
2512,8.39,MR,YCA1006-02-00,UIC1561-01-00 UIC1251-02-00 UIC2151-14-00 UIC1805-01-00,YCK1998-03-00 ISM1001-02-00,18.0,월금,1,0,2,5,1+2+1
2513,8.39,MR,YCA1006-02-00,UIC1561-01-00 UIC1401-02-00 UIC2151-14-00 UIC1806-01-00,UCB1105-02-00 UCD1101-01-00,18.0,월수금,1,0,2,5,1+1+2
2514,8.345,Lang,YCA1006-02-00,QRM1001-01-00 UIC1561-01-00 UIC1551-01-00 UIC2151-12-00,UCB1105-02-00 YCH1605-01-00,18.0,월금,1,0,1,6,2+3
2515,8.315,MR,YCA1006-02-00,UIC1561-01-00 UIC1551-04-00 UIC2151-12-00 UIC1806-02-00,YCK1998-03-00 STA1002-04-00,18.0,월금,1,0,1,4,2+3+2
2516,8.315,MR,YCA1006-02-00,UIC1561-01-00 UIC1551-04-00 UIC2151-12-00 UIC1806-02-00,YCK1998-03-00 STA1002-04-00,18.0,월금,1,0,1,4,2+3+2
2517,8.299,MR,YCA1006-02-00,UIC1561-01-00 UIC1551-04-00 UIC2151-06-00 UIC1805-02-00,ECO1101-06-00 YCK1998-03-00,18.0,월금,0,1,3,4+4+4,1+1
2518,8.299,MR,YCA1006-02-00,UIC1561-01-00 UIC1551-04-00 UIC2151-08-00 UIC1806-02-00,ECO1101-06-00 YCK1998-03-00,18.0,월금,0,1,3,4+4+4,1+1
2519,8.299,MR,YCA1006-02-00,UIC1561-01-00 UIC1551-04-00 UIC2151-08-00 UIC1806-02-00,ECO1101-06-00 YCK1998-03-00,18.0,월금,0,1,3,4+4+4,1+1
2520,8.299,MR,YCA1006-02-00,UIC1561-01-00 UIC1551-04-00 UIC2151-07-00 UIC1805-02-00,ECO1101-06-00 YCK1998-03-00,18.0,월금,0,1,3,4+4+4,1+1
2521,8.299,MR,YCA1006-02-00,UIC1561-01-00 UIC1551-04-00 UIC2151-07-00 UIC1805-02-00,ECO1101-06-00 YCK1998-03-00,18.0,월금,0,1,3,4+4+4,1+1
2522,8.299,MR,YCA1006-02-00,UIC1561-01-00 UIC1551-04-00 UIC2151-09-00 UIC1806-02-00,ECO1101-06-00 YCK1998-03-00,18.0,월금,0,1,3,4+4+4,1+1
2523,8.299,MR,YCA1006-02-00,UIC1561-01-00 UIC1551-04-00 UIC2151-09-00 UIC1806-02-00,ECO1101-06-00 YCK1998-03-00,18.0,월금,0,1,3,4+4+4,1+1
2524,8.299,MR,YCA1006-02-00,UIC1561-01-00 UIC1551-04-00 UIC2151-06-00 UIC1805-02-00,ECO1101-06-00 YCK1998-03-00,18.0,월금,0,1,3,4+4+4,1+1
2525,8.244,MR,YCA1006-01-00,UIC1561-01-00 UIC1251-02-00 UIC2151-14-00 UIC1806-01-00,YCH1202-01-00 CTM1001-02-00,18.0,월금,1,1,2,,1+2+1+1+1
2526,8.244,MR,YCA1006-01-00,UIC1561-01-00 UIC1501-04-00 UIC2151-14-00 UIC1806-02-00,YCH1202-01-00 CTM1001-02-00,18.0,월금,1,1,2,,1+2+1+1+1
2527,8.244,MR,YCA1006-02-00,UIC1561-01-00 UIC1251-02-00 UIC2151-14-00 UIC1806-01-00,YCH1202-01-00 CTM1001-02-00,18.0,월금,1,1,2,,1+2+1+1+1
2528,8.244,MR,YCA1006-02-00,UIC1561-01-00 UIC1251-02-00 UIC2151-14-00 UIC1806-01-00,YCH1202-01-00 CTM1001-02-00,18.0,월금,1,1,2,,1+2+1+1+1
2529,8.244,MR,YCA1006-02-00,UIC1561-01-00 UIC1501-04-00 UIC2151-14-00 UIC1806-02-00,YCH1202-01-00 CTM1001-02-00,18.0,월금,1,1,2,,1+2+1+1+1
2530,8.244,MR,YCA1006-01-00,UIC1561-01-00 UIC1501-04-00 UIC2151-14-00 UIC1806-02-00,YCH1202-01-00 CTM1001-02-00,18.0,월금,1,1,2,,1+2+1+1+1
2531,8.244,MR,YCA1006-02-00,UIC1561-01-00 UIC1251-02-00 UIC2151-14-00 UIC1805-01-00,YCH1202-01-00 CTM1001-02-00,18.0,월금,1,1,2,,1+2+1+1+1
2532,8.244,MR,YCA1006-02-00,UIC1561-01-00 UIC1251-02-00 UIC2151-14-00 UIC1805-01-00,YCH1202-01-00 CTM1001-02-00,18.0,월금,1,1,2,,1+2+1+1+1
2533,8.244,MR,YCA1006-01-00,UIC1561-01-00 UIC1251-02-00 UIC2151-14-00 UIC1805-01-00,YCH1202-01-00 CTM1001-02-00,18.0,월금,1,1,2,,1+2+1+1+1
2534,8.244,MR,YCA1006-02-00,UIC1561-01-00 UIC1501-04-00 UIC2151-14-00 UIC1806-02-00,YCH1202-01-00 CTM1001-02-00,18.0,월금,1,1,2,,1+2+1+1+1
2535,8.244,MR,YCA1006-01-00,UIC1561-01-00 UIC1251-02-00 UIC2151-14-00 UIC1806-01-00,YCH1202-01-00 CTM1001-02-00,18.0,월금,1,1,2,,1+2+1+1+1
2536,8.244,MR,YCA1006-01-00,UIC1561-01-00 UIC1251-02-00 UIC2151-14-00 UIC1805-01-00,YCH1202-01-00 CTM1001-02-00,18.0,월금,1,1,2,,1+2+1+1+1
2537,8.238,Lang,YCA1006-02-00,QRM1001-01-00 UIC1561-01-00 UIC1551-01-00 UIC2151-04-00,YCH1605-01-00 YCK1998-03-00,18.0,금,0,0,1,,2+2+2+1
2538,8.238,Lang,YCA1006-02-00,QRM1001-01-00 UIC1561-01-00 UIC1551-01-00 UIC2151-10-00,YCH1605-01-00 YCK1998-03-00,18.0,금,0,0,1,,2+2+2+1
2539,8.224,Lang,YCA1006-02-00,QRM1001-01-00 UIC1561-01-00 UIC1551-01-00 UIC2151-12-00,YCH1605-01-00 ANT2105-01-00,18.0,월금,1,0,2,4,2+3+1
2540,8.224,MR,YCA1006-01-00,UIC1561-01-00 UIC1401-02-00 UIC2151-14-00 UIC1806-02-00,ECO1101-06-00 BIZ1101-09-00,18.0,월금,0,0,3,4+6,1+2
2541,8.224,MR,YCA1006-01-00,UIC1561-01-00 UIC1251-02-00 UIC2151-14-00 UIC1805-02-00,ECO1101-06-00 BIZ1101-09-00,18.0,월금,0,0,3,4+6,1+2
2542,8.224,MR,YCA1006-01-00,UIC1561-01-00 UIC1401-02-00 UIC2151-14-00 UIC1806-02-00,ECO1101-06-00 BIZ1101-09-00,18.0,월금,0,0,3,4+6,1+2
2543,8.224,MR,YCA1006-01-00,UIC1561-01-00 UIC1251-02-00 UIC2151-14-00 UIC1805-02-00,ECO1101-06-00 BIZ1101-09-00,18.0,월금,0,0,3,4+6,1+2
2544,8.21,Lang,-,QRM1001-01-00 UIC1561-01-00 UIC1551-01-00 UIC2151-12-00,YCE1253-01-00 BIZ1101-09-00,18.0,월금,1,0,1,,1+1
2545,8.21,Lang,YCA1006-02-00,QRM1001-01-00 UIC1561-01-00 UIC1551-01-00 UIC2151-12-00,YCI1901-01-00 STA2102-05-00,18.0,월금,1,0,2,4,3+2+1
2546,8.209,MR,-,UIC1561-01-00 UIC1251-02-00 UIC2151-14-00 UIC1805-02-00,YCH1202-01-00 YCK1998-03-00,18.0,월금,0,0,2,6,1
2547,8.209,MR,-,UIC1561-01-00 UIC1401-02-00 UIC2151-14-00 UIC1806-02-00,YCH1202-01-00 YCK1998-03-00,18.0,월금,0,0,2,6,1
2548,8.209,MR,-,UIC1561-01-00 UIC1251-02-00 UIC2151-14-00 UIC1805-02-00,YCH1202-01-00 YCK1998-03-00,18.0,월금,0,0,2,6,1
2549,8.209,MR,-,UIC1561-01-00 UIC1401-02-00 UIC2151-14-00 UIC1806-02-00,YCH1202-01-00 YCK1998-03-00,18.0,월금,0,0,2,6,1
2550,8.19,MR,YCA1006-01-00,UIC1561-01-00 UIC1551-01-00 UIC2151-06-00 UIC1805-02-00,STA1002-04-00 BIZ1101-09-00,18.0,월금,0,0,1,4+4,2+1+1
2551,8.19,MR,YCA1006-01-00,UIC1561-01-00 UIC1551-04-00 UIC2151-09-00 UIC1806-02-00,STA1002-04-00 BIZ1101-09-00,18.0,월금,0,0,1,4+4,2+1+1
2552,8.19,MR,YCA1006-01-00,UIC1561-01-00 UIC1551-01-00 UIC2151-07-00 UIC1805-02-00,STA1002-04-00 BIZ1101-09-00,18.0,월금,0,0,1,4+4,2+1+1
2553,8.19,MR,YCA1006-02-00,UIC1561-01-00 UIC1551-04-00 UIC2151-12-00 UIC1806-02-00,YCI1998-02-00 FNS1001-01-00,18.0,월금,2,0,1,,2+3+1
2554,8.19,MR,YCA1006-01-00,UIC1561-01-00 UIC1551-04-00 UIC2151-06-00 UIC1805-02-00,STA1002-04-00 BIZ1101-09-00,18.0,월금,0,0,1,4+4,2+1+1
2555,8.19,MR,YCA1006-01-00,UIC1561-01-00 UIC1551-01-00 UIC2151-08-00 UIC1806-02-00,STA1002-04-00 BIZ1101-09-00,18.0,월금,0,0,1,4+4,2+1+1
2556,8.19,MR,YCA1006-01-00,UIC1561-01-00 UIC1551-01-00 UIC2151-09-00 UIC1806-02-00,STA1002-04-00 BIZ1101-09-00,18.0,월금,0,0,1,4+4,2+1+1
2557,8.19,MR,YCA1006-01-00,UIC1561-01-00 UIC1551-01-00 UIC2151-07-00 UIC1805-02-00,STA1002-04-00 BIZ1101-09-00,18.0,월금,0,0,1,4+4,2+1+1
2558,8.19,MR,YCA1006-01-00,UIC1561-01-00 UIC1551-04-00 UIC2151-06-00 UIC1805-02-00,STA1002-04-00 BIZ1101-09-00,18.0,월금,0,0,1,4+4,2+1+1
2559,8.19,MR,YCA1006-01-00,UIC1561-01-00 UIC1551-01-00 UIC2151-08-00 UIC1806-02-00,STA1002-04-00 BIZ1101-09-00,18.0,월금,0,0,1,4+4,2+1+1
2560,8.19,MR,YCA1006-01-00,UIC1561-01-00 UIC1551-04-00 UIC2151-07-00 UIC1805-02-00,STA1002-04-00 BIZ1101-09-00,18.0,월금,0,0,1,4+4,2+1+1
2561,8.19,MR,YCA1006-01-00,UIC1561-01-00 UIC1551-01-00 UIC2151-06-00 UIC1805-02-00,STA1002-04-00 BIZ1101-09-00,18.0,월금,0,0,1,4+4,2+1+1
2562,8.19,MR,YCA1006-02-00,UIC1561-01-00 UIC1551-04-00 UIC2151-12-00 UIC1806-02-00,YCI1998-02-00 FNS1001-01-00,18.0,월금,2,0,1,,2+3+1
2563,8.19,MR,YCA1006-01-00,UIC1561-01-00 UIC1551-04-00 UIC2151-07-00 UIC1805-02-00,STA1002-04-00 BIZ1101-09-00,18.0,월금,0,0,1,4+4,2+1+1
2564,8.19,MR,YCA1006-01-00,UIC1561-01-00 UIC1551-04-00 UIC2151-09-00 UIC1806-02-00,STA1002-04-00 BIZ1101-09-00,18.0,월금,0,0,1,4+4,2+1+1
2565,8.19,MR,YCA1006-01-00,UIC1561-01-00 UIC1551-04-00 UIC2151-08-00 UIC1806-02-00,STA1002-04-00 BIZ1101-09-00,18.0,월금,0,0,1,4+4,2+1+1
2566,8.19,MR,YCA1006-01-00,UIC1561-01-00 UIC1551-04-00 UIC2151-08-00 UIC1806-02-00,STA1002-04-00 BIZ1101-09-00,18.0,월금,0,0,1,4+4,2+1+1
2567,8.19,MR,YCA1006-01-00,UIC1561-01-00 UIC1551-01-00 UIC2151-09-00 UIC1806-02-00,STA1002-04-00 BIZ1101-09-00,18.0,월금,0,0,1,4+4,2+1+1
2568,8.18,MR,YCA1006-02-00,UIC1561-01-00 UIC1551-01-00 UIC2151-12-00 UIC1805-02-00,ECO1104-06-00 YCK1998-03-00,18.0,월금,1,1,1,5,3+1
2569,8.18,MR,YCA1006-02-00,UIC1561-01-00 UIC1551-01-00 UIC2151-12-00 UIC1805-02-00,ECO1104-06-00 YCK1998-03-00,18.0,월금,1,1,1,5,3+1
2570,8.174,MR,YCA1006-01-00,UIC1561-01-00 UIC1551-04-00 UIC2151-06-00 UIC1805-02-00,ECO1101-06-00 CTM1001-02-00,18.0,월금,0,1,3,4+4,1+1+1+2
2571,8.174,MR,YCA1006-01-00,UIC1561-01-00 UIC1551-01-00 UIC2151-09-00 UIC1806-02-00,ECO1101-06-00 CTM1001-02-00,18.0,월금,0,1,3,4+4,1+1+2+1
2572,8.174,MR,YCA1006-02-00,UIC1561-01-00 UIC1551-01-00 UIC2151-12-00 UIC1805-02-00,ECO1101-06-00 BIZ1101-09-00,18.0,월금,1,0,3,4,1+1+2+3
2573,8.174,MR,YCA1006-01-00,UIC1561-01-00 UIC1551-01-00 UIC2151-06-00 UIC1805-02-00,ECO1101-06-00 CTM1001-02-00,18.0,월금,0,1,3,4+4,1+1+2+1
2574,8.174,MR,YCA1006-01-00,UIC1561-01-00 UIC1551-01-00 UIC2151-07-00 UIC1805-02-00,ECO1101-06-00 CTM1001-02-00,18.0,월금,0,1,3,4+4,1+1+2+1
2575,8.174,MR,YCA1006-01-00,UIC1561-01-00 UIC1551-01-00 UIC2151-06-00 UIC1805-02-00,ECO1101-06-00 CTM1001-02-00,18.0,월금,0,1,3,4+4,1+1+2+1
2576,8.174,MR,YCA1006-01-00,UIC1561-01-00 UIC1551-04-00 UIC2151-07-00 UIC1805-02-00,ECO1101-06-00 CTM1001-02-00,18.0,월금,0,1,3,4+4,1+1+1+2
2577,8.174,MR,YCA1006-01-00,UIC1561-01-00 UIC1551-01-00 UIC2151-08-00 UIC1806-02-00,ECO1101-06-00 CTM1001-02-00,18.0,월금,0,1,3,4+4,1+1+2+1
2578,8.174,MR,YCA1006-01-00,UIC1561-01-00 UIC1551-01-00 UIC2151-08-00 UIC1806-02-00,ECO1101-06-00 CTM1001-02-00,18.0,월금,0,1,3,4+4,1+1+2+1
2579,8.174,MR,YCA1006-01-00,UIC1561-01-00 UIC1551-04-00 UIC2151-06-00 UIC1805-02-00,ECO1101-06-00 CTM1001-02-00,18.0,월금,0,1,3,4+4,1+1+1+2
2580,8.174,MR,YCA1006-01-00,UIC1561-01-00 UIC1551-04-00 UIC2151-09-00 UIC1806-02-00,ECO1101-06-00 CTM1001-02-00,18.0,월금,0,1,3,4+4,1+1+1+2
2581,8.174,MR,YCA1006-01-00,UIC1561-01-00 UIC1551-04-00 UIC2151-07-00 UIC1805-02-00,ECO1101-06-00 CTM1001-02-00,18.0,월금,0,1,3,4+4,1+1+1+2
2582,8.174,MR,YCA1006-01-00,UIC1561-01-00 UIC1551-04-00 UIC2151-09-00 UIC1806-02-00,ECO1101-06-00 CTM1001-02-00,18.0,월금,0,1,3,4+4,1+1+1+2
2583,8.174,MR,YCA1006-01-00,UIC1561-01-00 UIC1551-01-00 UIC2151-07-00 UIC1805-02-00,ECO1101-06-00 CTM1001-02-00,18.0,월금,0,1,3,4+4,1+1+2+1
2584,8.174,MR,YCA1006-01-00,UIC1561-01-00 UIC1551-04-00 UIC2151-08-00 UIC1806-02-00,ECO1101-06-00 CTM1001-02-00,18.0,월금,0,1,3,4+4,1+1+1+2
2585,8.174,MR,YCA1006-01-00,UIC1561-01-00 UIC1551-04-00 UIC2151-08-00 UIC1806-02-00,ECO1101-06-00 CTM1001-02-00,18.0,월금,0,1,3,4+4,1+1+1+2
2586,8.174,MR,YCA1006-02-00,UIC1561-01-00 UIC1551-01-00 UIC2151-12-00 UIC1805-02-00,ECO1101-06-00 BIZ1101-09-00,18.0,월금,1,0,3,4,1+1+2+3
2587,8.174,MR,YCA1006-01-00,UIC1561-01-00 UIC1551-01-00 UIC2151-09-00 UIC1806-02-00,ECO1101-06-00 CTM1001-02-00,18.0,월금,0,1,3,4+4,1+1+2+1
2588,8.14,MR,YCA1006-01-00,UIC1561-01-00 UIC1401-02-00 UIC2151-14-00 UIC1805-01-00,UCB1105-02-00 YCK1998-03-00,18.0,월금,1,0,1,5,2+2
2589,8.14,MR,YCA1006-01-00,UIC1561-01-00 UIC1551-04-00 UIC2151-09-00 UIC1806-01-00,YCI1998-02-00 YCK1998-03-00,18.0,월금,1,0,1,5,2+2
2590,8.14,MR,YCA1006-01-00,UIC1561-01-00 UIC1551-04-00 UIC2151-05-00 UIC1805-02-00,YCI1998-02-00 YCK1998-03-00,18.0,월금,1,0,1,5,2+2
2591,8.14,MR,YCA1006-01-00,UIC1561-01-00 UIC1551-04-00 UIC2151-05-00 UIC1805-02-00,YCI1998-02-00 YCK1998-03-00,18.0,월금,1,0,1,5,2+2
2592,8.14,MR,YCA1006-01-00,UIC1561-01-00 UIC1551-04-00 UIC2151-08-00 UIC1806-01-00,YCI1998-02-00 YCK1998-03-00,18.0,월금,1,0,1,5,2+2
2593,8.14,MR,YCA1006-01-00,UIC1561-01-00 UIC1501-04-00 UIC2151-14-00 UIC1805-02-00,UCB1105-02-00 YCK1998-03-00,18.0,월금,1,0,1,5,2+2
2594,8.14,MR,YCA1006-01-00,UIC1561-01-00 UIC1551-04-00 UIC2151-08-00 UIC1806-01-00,YCI1998-02-00 YCK1998-03-00,18.0,월금,1,0,1,5,2+2
2595,8.14,MR,YCA1006-01-00,UIC1561-01-00 UIC1551-04-00 UIC2151-09-00 UIC1805-01-00,YCI1998-02-00 YCK1998-03-00,18.0,월금,1,0,1,5,2+2
2596,8.14,MR,YCA1006-01-00,UIC1561-01-00 UIC1501-04-00 UIC2151-14-00 UIC1805-02-00,UCB1105-02-00 YCK1998-03-00,18.0,월금,1,0,1,5,2+2
2597,8.14,MR,YCA1006-01-00,UIC1561-01-00 UIC1401-02-00 UIC2151-14-00 UIC1805-01-00,UCB1105-02-00 YCK1998-03-00,18.0,월금,1,0,1,5,2+2
2598,8.14,MR,YCA1006-01-00,UIC1561-01-00 UIC1401-02-00 UIC2151-14-00 UIC1806-01-00,UCB1105-02-00 YCK1998-03-00,18.0,월금,1,0,1,5,2+2
2599,8.14,MR,YCA1006-01-00,UIC1561-01-00 UIC1401-02-00 UIC2151-14-00 UIC1806-01-00,UCB1105-02-00 YCK1998-03-00,18.0,월금,1,0,1,5,2+2
2600,8.14,MR,YCA1006-01-00,UIC1561-01-00 UIC1551-04-00 UIC2151-09-00 UIC1805-01-00,YCI1998-02-00 YCK1998-03-00,18.0,월금,1,0,1,5,2+2
2601,8.14,MR,YCA1006-01-00,UIC1561-01-00 UIC1551-04-00 UIC2151-08-00 UIC1805-01-00,YCI1998-02-00 YCK1998-03-00,18.0,월금,1,0,1,5,2+2
2602,8.14,MR,YCA1006-01-00,UIC1561-01-00 UIC1551-04-00 UIC2151-09-00 UIC1806-01-00,YCI1998-02-00 YCK1998-03-00,18.0,월금,1,0,1,5,2+2
2603,8.14,MR,YCA1006-01-00,UIC1561-01-00 UIC1551-04-00 UIC2151-08-00 UIC1805-01-00,YCI1998-02-00 YCK1998-03-00,18.0,월금,1,0,1,5,2+2
2604,8.133,MR,YCA1006-02-00,UIC1561-01-00 UIC1551-04-00 UIC2151-10-00 UIC1806-02-00,YCI1998-02-00 YCK1998-03-00,18.0,금,0,0,1,,2+2+2
2605,8.133,MR,YCA1006-02-00,UIC1561-01-00 UIC1551-04-00 UIC2151-04-00 UIC1806-02-00,YCI1998-02-00 YCK1998-03-00,18.0,금,0,0,1,,2+2+2
2606,8.133,MR,YCA1006-02-00,UIC1561-01-00 UIC1501-02-00 UIC2151-14-00 UIC1806-02-00,ECO1002-06-00 YCK1998-03-00,18.0,금,0,0,1,,2+2+2
2607,8.133,MR,YCA1006-02-00,UIC1561-01-00 UIC1551-04-00 UIC2151-04-00 UIC1806-02-00,YCI1998-02-00 YCK1998-03-00,18.0,금,0,0,1,,2+2+2
2608,8.133,MR,YCA1006-02-00,UIC1561-01-00 UIC1501-02-00 UIC2151-14-00 UIC1806-02-00,UCB1105-02-00 YCK1998-03-00,18.0,금,0,0,1,,2+2+2
2609,8.133,MR,YCA1006-02-00,UIC1561-01-00 UIC1551-03-00 UIC2151-14-00 UIC1806-02-00,UCB1105-02-00 YCK1998-03-00,18.0,금,0,0,1,,2+2+2
2610,8.133,MR,YCA1006-02-00,UIC1561-01-00 UIC1501-02-00 UIC2151-14-00 UIC1806-02-00,UCB1105-02-00 YCK1998-03-00,18.0,금,0,0,1,,2+2+2
2611,8.133,MR,YCA1006-02-00,UIC1561-01-00 UIC1551-04-00 UIC2151-10-00 UIC1806-02-00,YCI1998-02-00 YCK1998-03-00,18.0,금,0,0,1,,2+2+2
2612,8.133,MR,YCA1006-02-00,UIC1561-01-00 UIC1551-03-00 UIC2151-14-00 UIC1806-02-00,ECO1002-06-00 YCK1998-03-00,18.0,금,0,0,1,,2+2+2
2613,8.133,MR,YCA1006-02-00,UIC1561-01-00 UIC1501-02-00 UIC2151-14-00 UIC1806-02-00,ECO1002-06-00 YCK1998-03-00,18.0,금,0,0,1,,2+2+2
2614,8.133,MR,YCA1006-02-00,UIC1561-01-00 UIC1551-03-00 UIC2151-14-00 UIC1806-02-00,ECO1002-06-00 YCK1998-03-00,18.0,금,0,0,1,,2+2+2
2615,8.133,MR,YCA1006-02-00,UIC1561-01-00 UIC1551-03-00 UIC2151-14-00 UIC1806-02-00,UCB1105-02-00 YCK1998-03-00,18.0,금,0,0,1,,2+2+2
2616,8.119,MR,YCA1006-02-00,UIC1561-01-00 UIC1551-04-00 UIC2151-12-00 UIC1806-02-00,ANT2105-01-00 YCI1998-02-00,18.0,월금,1,0,2,4,2+3
2617,8.119,MR,YCA1006-02-00,UIC1561-01-00 UIC1551-04-00 UIC2151-12-00 UIC1806-02-00,ANT2105-01-00 YCI1998-02-00,18.0,월금,1,0,2,4,2+3
2618,8.115,MR,YCA1006-01-00,UIC1561-01-00 UIC1551-04-00 UIC2151-07-00 UIC1805-02-00,YCI1998-02-00 BIZ1101-09-00,18.0,월금,0,0,1,6+4,1
2619,8.115,MR,YCA1006-01-00,UIC1561-01-00 UIC1551-01-00 UIC2151-09-00 UIC1806-02-00,UCB1105-02-00 BIZ1101-09-00,18.0,월금,0,0,1,4+6,1
2620,8.115,MR,YCA1006-01-00,UIC1561-01-00 UIC1551-04-00 UIC2151-08-00 UIC1806-02-00,YCI1998-02-00 BIZ1101-09-00,18.0,월금,0,0,1,6+4,1
2621,8.115,MR,YCA1006-01-00,UIC1561-01-00 UIC1251-02-00 UIC2151-14-00 UIC1805-02-00,UCB1105-02-00 BIZ1101-09-00,18.0,월금,0,0,1,6+4,1
2622,8.115,MR,YCA1006-01-00,UIC1561-01-00 UIC1401-02-00 UIC2151-14-00 UIC1806-02-00,UCB1105-02-00 BIZ1101-09-00,18.0,월금,0,0,1,6+4,1
2623,8.115,MR,YCA1006-01-00,UIC1561-01-00 UIC1401-02-00 UIC2151-14-00 UIC1806-02-00,YCK1998-03-00 BIZ1101-09-00,18.0,월금,0,0,1,6+4,1
2624,8.115,MR,YCA1006-01-00,UIC1561-01-00 UIC1401-02-00 UIC2151-14-00 UIC1806-02-00,UCB1105-02-00 BIZ1101-09-00,18.0,월금,0,0,1,6+4,1
2625,8.115,MR,YCA1006-01-00,UIC1561-01-00 UIC1251-02-00 UIC2151-14-00 UIC1805-02-00,YCK1998-03-00 BIZ1101-09-00,18.0,월금,0,0,1,6+4,1
2626,8.115,MR,YCA1006-01-00,UIC1561-01-00 UIC1551-01-00 UIC2151-06-00 UIC1805-02-00,UCB1105-02-00 BIZ1101-09-00,18.0,월금,0,0,1,4+6,1
2627,8.115,MR,YCA1006-01-00,UIC1561-01-00 UIC1251-02-00 UIC2151-14-00 UIC1805-02-00,YCK1998-03-00 BIZ1101-09-00,18.0,월금,0,0,1,6+4,1
2628,8.115,MR,YCA1006-01-00,UIC1561-01-00 UIC1551-01-00 UIC2151-09-00 UIC1806-02-00,UCB1105-02-00 BIZ1101-09-00,18.0,월금,0,0,1,4+6,1
2629,8.115,MR,YCA1006-01-00,UIC1561-01-00 UIC1551-04-00 UIC2151-06-00 UIC1805-02-00,YCI1998-02-00 BIZ1101-09-00,18.0,월금,0,0,1,6+4,1
2630,8.115,MR,YCA1006-01-00,UIC1561-01-00 UIC1551-01-00 UIC2151-08-00 UIC1806-02-00,UCB1105-02-00 BIZ1101-09-00,18.0,월금,0,0,1,4+6,1
2631,8.115,MR,YCA1006-01-00,UIC1561-01-00 UIC1551-04-00 UIC2151-08-00 UIC1806-02-00,YCI1998-02-00 BIZ1101-09-00,18.0,월금,0,0,1,6+4,1
2632,8.115,MR,YCA1006-01-00,UIC1561-01-00 UIC1551-04-00 UIC2151-09-00 UIC1806-02-00,YCI1998-02-00 BIZ1101-09-00,18.0,월금,0,0,1,6+4,1
2633,8.115,MR,YCA1006-01-00,UIC1561-01-00 UIC1551-04-00 UIC2151-09-00 UIC1806-02-00,YCI1998-02-00 BIZ1101-09-00,18.0,월금,0,0,1,6+4,1
2634,8.115,MR,YCA1006-01-00,UIC1561-01-00 UIC1551-01-00 UIC2151-08-00 UIC1806-02-00,UCB1105-02-00 BIZ1101-09-00,18.0,월금,0,0,1,4+6,1
2635,8.115,MR,YCA1006-01-00,UIC1561-01-00 UIC1551-04-00 UIC2151-06-00 UIC1805-02-00,YCI1998-02-00 BIZ1101-09-00,18.0,월금,0,0,1,6+4,1
2636,8.115,MR,YCA1006-01-00,UIC1561-01-00 UIC1401-02-00 UIC2151-14-00 UIC1806-02-00,YCK1998-03-00 BIZ1101-09-00,18.0,월금,0,0,1,6+4,1
2637,8.115,MR,YCA1006-01-00,UIC1561-01-00 UIC1551-01-00 UIC2151-06-00 UIC1805-02-00,UCB1105-02-00 BIZ1101-09-00,18.0,월금,0,0,1,4+6,1
2638,8.115,MR,YCA1006-01-00,UIC1561-01-00 UIC1551-01-00 UIC2151-07-00 UIC1805-02-00,UCB1105-02-00 BIZ1101-09-00,18.0,월금,0,0,1,4+6,1
2639,8.115,MR,YCA1006-01-00,UIC1561-01-00 UIC1551-01-00 UIC2151-07-00 UIC1805-02-00,UCB1105-02-00 BIZ1101-09-00,18.0,월금,0,0,1,4+6,1
2640,8.115,MR,YCA1006-01-00,UIC1561-01-00 UIC1251-02-00 UIC2151-14-00 UIC1805-02-00,UCB1105-02-00 BIZ1101-09-00,18.0,월금,0,0,1,6+4,1
2641,8.115,MR,YCA1006-01-00,UIC1561-01-00 UIC1551-04-00 UIC2151-07-00 UIC1805-02-00,YCI1998-02-00 BIZ1101-09-00,18.0,월금,0,0,1,6+4,1
2642,8.089,MR,-,UIC1561-01-00 UIC1551-04-00 UIC2151-06-00 UIC1805-02-00,ECO1101-06-00 YCK1998-03-00,18.0,월금,0,0,3,4+4,1+1
2643,8.089,MR,-,UIC1561-01-00 UIC1551-04-00 UIC2151-06-00 UIC1805-02-00,ECO1101-06-00 YCK1998-03-00,18.0,월금,0,0,3,4+4,1+1
2644,8.089,MR,-,UIC1561-01-00 UIC1551-04-00 UIC2151-07-00 UIC1805-02-00,ECO1101-06-00 YCK1998-03-00,18.0,월금,0,0,3,4+4,1+1
2645,8.089,MR,-,UIC1561-01-00 UIC1551-04-00 UIC2151-09-00 UIC1806-02-00,ECO1101-06-00 YCK1998-03-00,18.0,월금,0,0,3,4+4,1+1
2646,8.089,MR,-,UIC1561-01-00 UIC1551-04-00 UIC2151-08-00 UIC1806-02-00,ECO1101-06-00 YCK1998-03-00,18.0,월금,0,0,3,4+4,1+1
2647,8.089,MR,-,UIC1561-01-00 UIC1551-04-00 UIC2151-07-00 UIC1805-02-00,ECO1101-06-00 YCK1998-03-00,18.0,월금,0,0,3,4+4,1+1
2648,8.089,MR,-,UIC1561-01-00 UIC1551-04-00 UIC2151-09-00 UIC1806-02-00,ECO1101-06-00 YCK1998-03-00,18.0,월금,0,0,3,4+4,1+1
2649,8.089,MR,-,UIC1561-01-00 UIC1551-04-00 UIC2151-08-00 UIC1806-02-00,ECO1101-06-00 YCK1998-03-00,18.0,월금,0,0,3,4+4,1+1
2650,8.089,MR,-,UIC1561-01-00 UIC1551-01-00 UIC2151-07-00 UIC1805-02-00,ECO1101-06-00 YCK1998-03-00,18.0,월금,0,0,3,4+4,1+1
2651,8.089,MR,-,UIC1561-01-00 UIC1551-01-00 UIC2151-09-00 UIC1806-02-00,ECO1101-06-00 YCK1998-03-00,18.0,월금,0,0,3,4+4,1+1
2652,8.089,MR,-,UIC1561-01-00 UIC1551-01-00 UIC2151-07-00 UIC1805-02-00,ECO1101-06-00 YCK1998-03-00,18.0,월금,0,0,3,4+4,1+1
2653,8.089,MR,-,UIC1561-01-00 UIC1551-01-00 UIC2151-06-00 UIC1805-02-00,ECO1101-06-00 YCK1998-03-00,18.0,월금,0,0,3,4+4,1+1
2654,8.089,MR,-,UIC1561-01-00 UIC1551-01-00 UIC2151-09-00 UIC1806-02-00,ECO1101-06-00 YCK1998-03-00,18.0,월금,0,0,3,4+4,1+1
2655,8.089,MR,-,UIC1561-01-00 UIC1551-01-00 UIC2151-08-00 UIC1806-02-00,ECO1101-06-00 YCK1998-03-00,18.0,월금,0,0,3,4+4,1+1
2656,8.089,MR,-,UIC1561-01-00 UIC1551-01-00 UIC2151-08-00 UIC1806-02-00,ECO1101-06-00 YCK1998-03-00,18.0,월금,0,0,3,4+4,1+1
2657,8.089,MR,-,UIC1561-01-00 UIC1551-01-00 UIC2151-06-00 UIC1805-02-00,ECO1101-06-00 YCK1998-03-00,18.0,월금,0,0,3,4+4,1+1
2658,8.065,MR,YCA1006-01-00,UIC1561-01-00 UIC1551-04-00 UIC2151-07-00 UIC1805-02-00,ATM2112-01-00 BIZ1101-09-00,18.0,월금,1,0,1,4,1+1+1
2659,8.065,MR,YCA1006-01-00,UIC1561-01-00 UIC1551-01-00 UIC2151-12-00 UIC1806-02-00,YCE1253-01-00 BIZ1101-09-00,18.0,월금,1,0,1,4,1+1+1
2660,8.065,MR,YCA1006-02-00,UIC1561-01-00 UIC1551-01-00 UIC2151-12-00 UIC1805-02-00,YCK1998-03-00 BIZ1101-09-00,18.0,월금,1,0,1,4,1+1+3
2661,8.065,MR,YCA1006-01-00,UIC1561-01-00 UIC1551-01-00 UIC2151-09-00 UIC1806-02-00,ATM2112-01-00 BIZ1101-09-00,18.0,월금,1,0,1,4,1+1+1
2662,8.065,MR,YCA1006-01-00,UIC1561-01-00 UIC1551-04-00 UIC2151-07-00 UIC1805-02-00,ATM2112-01-00 BIZ1101-09-00,18.0,월금,1,0,1,4,1+1+1
2663,8.065,MR,YCA1006-01-00,UIC1561-01-00 UIC1551-01-00 UIC2151-07-00 UIC1805-01-00,YCE1253-01-00 BIZ1101-09-00,18.0,월금,1,0,1,4,1+1+1
2664,8.065,MR,YCA1006-01-00,UIC1561-01-00 UIC1551-04-00 UIC2151-06-00 UIC1805-02-00,ATM2112-01-00 BIZ1101-09-00,18.0,월금,1,0,1,4,1+1+1
2665,8.065,MR,YCA1006-01-00,UIC1561-01-00 UIC1551-01-00 UIC2151-09-00 UIC1806-02-00,ATM2112-01-00 BIZ1101-09-00,18.0,월금,1,0,1,4,1+1+1
2666,8.065,MR,YCA1006-01-00,UIC1561-01-00 UIC1401-02-00 UIC2151-12-00 UIC1806-02-00,YCB1101-13-00 BIZ1101-09-00,18.0,월금,1,0,1,4,1+1+1
2667,8.065,MR,YCA1006-01-00,UIC1561-01-00 UIC1251-02-00 UIC2151-12-00 UIC1805-02-00,YCB1101-13-00 BIZ1101-09-00,18.0,월금,1,0,1,4,1+1+1
2668,8.065,MR,YCA1006-01-00,UIC1561-01-00 UIC1401-02-00 UIC2151-12-00 UIC1806-02-00,YCJ1305-01-00 BIZ1101-09-00,18.0,월금,1,0,1,4,1+1+1
2669,8.065,MR,YCA1006-01-00,UIC1561-01-00 UIC1551-04-00 UIC2151-06-00 UIC1805-02-00,ATM2112-01-00 BIZ1101-09-00,18.0,월금,1,0,1,4,1+1+1
2670,8.065,MR,YCA1006-01-00,UIC1561-01-00 UIC1551-01-00 UIC2151-12-00 UIC1805-02-00,YCB1101-09-00 BIZ1101-09-00,18.0,월금,1,0,1,4,1+1+1
2671,8.065,MR,YCA1006-01-00,UIC1561-01-00 UIC1551-04-00 UIC2151-12-00 UIC1806-02-00,YCB1101-33-00 BIZ1101-09-00,18.0,월금,1,0,1,4,1+1+1
2672,8.065,MR,YCA1006-01-00,UIC1561-01-00 UIC1401-02-00 UIC2151-12-00 UIC1806-02-00,YCB1101-43-00 BIZ1101-09-00,18.0,월금,1,0,1,4,1+1+1
2673,8.065,MR,YCA1006-01-00,UIC1561-01-00 UIC1551-01-00 UIC2151-06-00 UIC1805-02-00,ATM2112-01-00 BIZ1101-09-00,18.0,월금,1,0,1,4,1+1+1
2674,8.065,MR,YCA1006-01-00,UIC1561-01-00 UIC1551-01-00 UIC2151-06-00 UIC1805-01-00,YCE1253-01-00 BIZ1101-09-00,18.0,월금,1,0,1,4,1+1+1
2675,8.065,MR,YCA1006-01-00,UIC1561-01-00 UIC1551-04-00 UIC2151-12-00 UIC1805-02-00,YCB1101-09-00 BIZ1101-09-00,18.0,월금,1,0,1,4,1+1+1
2676,8.065,MR,YCA1006-01-00,UIC1561-01-00 UIC1551-01-00 UIC2151-06-00 UIC1805-01-00,YCE1253-01-00 BIZ1101-09-00,18.0,월금,1,0,1,4,1+1+1
2677,8.065,MR,YCA1006-01-00,UIC1561-01-00 UIC1551-04-00 UIC2151-08-00 UIC1806-02-00,ATM2112-01-00 BIZ1101-09-00,18.0,월금,1,0,1,4,1+1+1
2678,8.065,MR,YCA1006-01-00,UIC1561-01-00 UIC1551-01-00 UIC2151-05-00 UIC1806-02-00,YCE1253-01-00 BIZ1101-09-00,18.0,월금,1,0,1,4,1+1+1
2679,8.065,MR,YCA1006-01-00,UIC1561-01-00 UIC1551-01-00 UIC2151-08-00 UIC1806-02-00,ATM2112-01-00 BIZ1101-09-00,18.0,월금,1,0,1,4,1+1+1
2680,8.065,MR,YCA1006-01-00,UIC1561-01-00 UIC1551-01-00 UIC2151-12-00 UIC1806-02-00,YCB1101-33-00 BIZ1101-09-00,18.0,월금,1,0,1,4,1+1+1
2681,8.065,MR,YCA1006-01-00,UIC1561-01-00 UIC1551-01-00 UIC2151-07-00 UIC1806-01-00,YCE1253-01-00 BIZ1101-09-00,18.0,월금,1,0,1,4,1+1+1
2682,8.065,MR,YCA1006-01-00,UIC1561-01-00 UIC1251-02-00 UIC2151-12-00 UIC1805-02-00,YCB1101-43-00 BIZ1101-09-00,18.0,월금,1,0,1,4,1+1+1
2683,8.065,MR,YCA1006-01-00,UIC1561-01-00 UIC1401-02-00 UIC2151-12-00 UIC1806-02-00,YCB1101-13-00 BIZ1101-09-00,18.0,월금,1,0,1,4,1+1+1
2684,8.065,MR,YCA1006-01-00,UIC1561-01-00 UIC1551-01-00 UIC2151-07-00 UIC1805-01-00,YCE1253-01-00 BIZ1101-09-00,18.0,월금,1,0,1,4,1+1+1
2685,8.065,MR,YCA1006-01-00,UIC1561-01-00 UIC1551-01-00 UIC2151-06-00 UIC1806-01-00,YCE1253-01-00 BIZ1101-09-00,18.0,월금,1,0,1,4,1+1+1
2686,8.065,MR,YCA1006-01-00,UIC1561-01-00 UIC1551-04-00 UIC2151-08-00 UIC1806-02-00,ATM2112-01-00 BIZ1101-09-00,18.0,월금,1,0,1,4,1+1+1
2687,8.065,MR,YCA1006-01-00,UIC1561-01-00 UIC1551-01-00 UIC2151-06-00 UIC1806-01-00,YCE1253-01-00 BIZ1101-09-00,18.0,월금,1,0,1,4,1+1+1
2688,8.065,MR,YCA1006-01-00,UIC1561-01-00 UIC1551-01-00 UIC2151-12-00 UIC1806-02-00,YCB1101-33-00 BIZ1101-09-00,18.0,월금,1,0,1,4,1+1+1
2689,8.065,MR,YCA1006-01-00,UIC1561-01-00 UIC1401-02-00 UIC2151-12-00 UIC1806-02-00,YCB1101-43-00 BIZ1101-09-00,18.0,월금,1,0,1,4,1+1+1
2690,8.065,MR,YCA1006-01-00,UIC1561-01-00 UIC1551-04-00 UIC2151-09-00 UIC1806-02-00,ATM2112-01-00 BIZ1101-09-00,18.0,월금,1,0,1,4,1+1+1
2691,8.065,MR,YCA1006-01-00,UIC1561-01-00 UIC1551-01-00 UIC2151-05-00 UIC1806-02-00,YCE1253-01-00 BIZ1101-09-00,18.0,월금,1,0,1,4,1+1+1
2692,8.065,MR,YCA1006-01-00,UIC1561-01-00 UIC1251-02-00 UIC2151-12-00 UIC1805-02-00,YCB1101-43-00 BIZ1101-09-00,18.0,월금,1,0,1,4,1+1+1
2693,8.065,MR,YCA1006-01-00,UIC1561-01-00 UIC1551-01-00 UIC2151-12-00 UIC1806-02-00,YCE1253-01-00 BIZ1101-09-00,18.0,월금,1,0,1,4,1+1+1
2694,8.065,MR,YCA1006-01-00,UIC1561-01-00 UIC1551-04-00 UIC2151-12-00 UIC1806-02-00,YCB1101-33-00 BIZ1101-09-00,18.0,월금,1,0,1,4,1+1+1
2695,8.065,MR,YCA1006-01-00,UIC1561-01-00 UIC1551-01-00 UIC2151-07-00 UIC1805-02-00,ATM2112-01-00 BIZ1101-09-00,18.0,월금,1,0,1,4,1+1+1
2696,8.065,MR,YCA1006-01-00,UIC1561-01-00 UIC1551-01-00 UIC2151-07-00 UIC1805-02-00,ATM2112-01-00 BIZ1101-09-00,18.0,월금,1,0,1,4,1+1+1
2697,8.065,MR,YCA1006-01-00,UIC1561-01-00 UIC1551-04-00 UIC2151-09-00 UIC1806-02-00,ATM2112-01-00 BIZ1101-09-00,18.0,월금,1,0,1,4,1+1+1
2698,8.065,MR,YCA1006-01-00,UIC1561-01-00 UIC1251-02-00 UIC2151-12-00 UIC1805-02-00,YCJ1305-01-00 BIZ1101-09-00,18.0,월금,1,0,1,4,1+1+1
2699,8.065,MR,YCA1006-01-00,UIC1561-01-00 UIC1551-01-00 UIC2151-06-00 UIC1805-02-00,ATM2112-01-00 BIZ1101-09-00,18.0,월금,1,0,1,4,1+1+1
2700,8.065,MR,YCA1006-01-00,UIC1561-01-00 UIC1551-04-00 UIC2151-12-00 UIC1805-02-00,YCB1101-09-00 BIZ1101-09-00,18.0,월금,1,0,1,4,1+1+1
2701,8.065,MR,YCA1006-01-00,UIC1561-01-00 UIC1401-02-00 UIC2151-12-00 UIC1806-02-00,YCJ1305-01-00 BIZ1101-09-00,18.0,월금,1,0,1,4,1+1+1
2702,8.065,MR,YCA1006-01-00,UIC1561-01-00 UIC1551-01-00 UIC2151-08-00 UIC1806-02-00,ATM2112-01-00 BIZ1101-09-00,18.0,월금,1,0,1,4,1+1+1
2703,8.065,MR,YCA1006-01-00,UIC1561-01-00 UIC1551-01-00 UIC2151-12-00 UIC1805-02-00,YCB1101-09-00 BIZ1101-09-00,18.0,월금,1,0,1,4,1+1+1
2704,8.065,MR,YCA1006-01-00,UIC1561-01-00 UIC1251-02-00 UIC2151-12-00 UIC1805-02-00,YCB1101-13-00 BIZ1101-09-00,18.0,월금,1,0,1,4,1+1+1
2705,8.065,MR,YCA1006-01-00,UIC1561-01-00 UIC1551-01-00 UIC2151-07-00 UIC1806-01-00,YCE1253-01-00 BIZ1101-09-00,18.0,월금,1,0,1,4,1+1+1
2706,8.065,MR,YCA1006-01-00,UIC1561-01-00 UIC1251-02-00 UIC2151-12-00 UIC1805-02-00,YCJ1305-01-00 BIZ1101-09-00,18.0,월금,1,0,1,4,1+1+1
2707,8.065,MR,YCA1006-02-00,UIC1561-01-00 UIC1551-01-00 UIC2151-12-00 UIC1805-02-00,YCK1998-03-00 BIZ1101-09-00,18.0,월금,1,0,1,4,1+1+3
2708,8.065,MR,YCA1006-01-00,UIC1561-01-00 UIC1551-01-00 UIC2151-06-00 UIC1805-02-00,YCG1804-01-00 STA1002-04-00,18.0,월금,0,0,1,4,2+1+2+1+1
2709,8.065,MR,YCA1006-01-00,UIC1561-01-00 UIC1551-01-00 UIC2151-08-00 UIC1806-02-00,YCG1804-01-00 STA1002-04-00,18.0,월금,0,0,1,4,2+1+2+1+1
2710,8.065,MR,YCA1006-01-00,UIC1561-01-00 UIC1551-01-00 UIC2151-09-00 UIC1806-02-00,YCG1804-01-00 STA1002-04-00,18.0,월금,0,0,1,4,2+1+2+1+1
2711,8.065,MR,YCA1006-01-00,UIC1561-01-00 UIC1551-01-00 UIC2151-07-00 UIC1805-02-00,YCG1804-01-00 STA1002-04-00,18.0,월금,0,0,1,4,2+1+2+1+1
2712,8.065,MR,YCA1006-01-00,UIC1561-01-00 UIC1551-01-00 UIC2151-06-00 UIC1805-02-00,YCG1804-01-00 STA1002-04-00,18.0,월금,0,0,1,4,2+1+2+1+1
2713,8.065,MR,YCA1006-01-00,UIC1561-01-00 UIC1551-01-00 UIC2151-08-00 UIC1806-02-00,YCG1804-01-00 STA1002-04-00,18.0,월금,0,0,1,4,2+1+2+1+1
2714,8.065,MR,YCA1006-01-00,UIC1561-01-00 UIC1551-01-00 UIC2151-09-00 UIC1806-02-00,YCG1804-01-00 STA1002-04-00,18.0,월금,0,0,1,4,2+1+2+1+1
2715,8.065,MR,YCA1006-01-00,UIC1561-01-00 UIC1551-01-00 UIC2151-07-00 UIC1805-02-00,YCG1804-01-00 STA1002-04-00,18.0,월금,0,0,1,4,2+1+2+1+1
2716,7.94,MR,YCA1006-01-00,UIC1561-01-00 UIC1551-01-00 UIC2151-12-00 UIC1806-02-00,ECO1002-04-00 BIZ1101-09-00,18.0,월금,1,0,1,,1+2+1+1+1
2717,7.94,MR,YCA1006-01-00,UIC1561-01-00 UIC1551-01-00 UIC2151-12-00 UIC1806-02-00,ECO1002-04-00 BIZ1101-09-00,18.0,월금,1,0,1,,1+2+1+1+1
2718,7.94,WCiv,YCA1006-02-00,QRM1001-01-00 UIC1551-04-00 UIC2151-13-00 UIC1806-01-00,YCE1253-01-00 CTM1001-02-00,18.0,월금,1,2,2,6,1+1+1+1
2719,7.94,WCiv,YCA1006-02-00,QRM1001-01-00 UIC1551-04-00 UIC2151-13-00 UIC1806-01-00,YCE1253-01-00 CTM1001-02-00,18.0,월금,1,2,2,6,1+1+1+1
2720,7.94,WCiv,YCA1006-02-00,QRM1001-01-00 UIC1551-04-00 UIC2151-13-00 UIC1805-01-00,YCE1253-01-00 CTM1001-02-00,18.0,월금,1,2,2,6,1+1+1+1
2721,7.94,WCiv,YCA1006-02-00,QRM1001-01-00 UIC1551-04-00 UIC2151-13-00 UIC1805-01-00,YCE1253-01-00 CTM1001-02-00,18.0,월금,1,2,2,6,1+1+1+1
2722,7.94,MR,YCA1006-01-00,UIC1561-01-00 UIC1551-01-00 UIC2151-07-00 UIC1806-01-00,YCG1804-01-00 YCK1998-03-00,18.0,월금,1,0,1,,1+2+1+1+1
2723,7.94,MR,YCA1006-02-00,UIC1561-01-00 UIC1551-01-00 UIC2151-06-00 UIC1806-01-00,YCG1804-01-00 YCK1998-03-00,18.0,월금,1,0,1,,1+2+1+1+1
2724,7.94,MR,YCA1006-01-00,UIC1561-01-00 UIC1551-01-00 UIC2151-06-00 UIC1806-01-00,YCG1804-01-00 YCK1998-03-00,18.0,월금,1,0,1,,1+2+1+1+1
2725,7.94,MR,YCA1006-02-00,UIC1561-01-00 UIC1551-01-00 UIC2151-07-00 UIC1806-01-00,YCG1804-01-00 YCK1998-03-00,18.0,월금,1,0,1,,1+2+1+1+1
2726,7.94,MR,YCA1006-02-00,UIC1561-01-00 UIC1551-01-00 UIC2151-05-00 UIC1806-02-00,YCG1804-01-00 YCK1998-03-00,18.0,월금,1,0,1,,1+2+1+1+1
2727,7.94,MR,YCA1006-01-00,UIC1561-01-00 UIC1551-01-00 UIC2151-06-00 UIC1806-01-00,YCG1804-01-00 YCK1998-03-00,18.0,월금,1,0,1,,1+2+1+1+1
2728,7.94,MR,YCA1006-01-00,UIC1561-01-00 UIC1551-01-00 UIC2151-06-00 UIC1805-01-00,YCG1804-01-00 YCK1998-03-00,18.0,월금,1,0,1,,1+2+1+1+1
2729,7.94,MR,YCA1006-02-00,UIC1561-01-00 UIC1551-01-00 UIC2151-06-00 UIC1806-01-00,YCG1804-01-00 YCK1998-03-00,18.0,월금,1,0,1,,1+2+1+1+1
2730,7.94,MR,YCA1006-01-00,UIC1561-01-00 UIC1551-01-00 UIC2151-07-00 UIC1806-01-00,YCG1804-01-00 YCK1998-03-00,18.0,월금,1,0,1,,1+2+1+1+1
2731,7.94,MR,YCA1006-02-00,UIC1561-01-00 UIC1551-01-00 UIC2151-06-00 UIC1805-01-00,YCG1804-01-00 YCK1998-03-00,18.0,월금,1,0,1,,1+2+1+1+1
2732,7.94,MR,YCA1006-02-00,UIC1561-01-00 UIC1551-01-00 UIC2151-07-00 UIC1805-01-00,YCG1804-01-00 YCK1998-03-00,18.0,월금,1,0,1,,1+2+1+1+1
2733,7.94,MR,YCA1006-01-00,UIC1561-01-00 UIC1551-01-00 UIC2151-05-00 UIC1806-02-00,YCG1804-01-00 YCK1998-03-00,18.0,월금,1,0,1,,1+2+1+1+1
2734,7.94,MR,YCA1006-02-00,UIC1561-01-00 UIC1551-01-00 UIC2151-07-00 UIC1806-01-00,YCG1804-01-00 YCK1998-03-00,18.0,월금,1,0,1,,1+2+1+1+1
2735,7.94,MR,YCA1006-02-00,UIC1561-01-00 UIC1551-01-00 UIC2151-05-00 UIC1806-02-00,YCG1804-01-00 YCK1998-03-00,18.0,월금,1,0,1,,1+2+1+1+1
2736,7.94,MR,YCA1006-01-00,UIC1561-01-00 UIC1551-01-00 UIC2151-05-00 UIC1806-02-00,YCG1804-01-00 YCK1998-03-00,18.0,월금,1,0,1,,1+2+1+1+1
2737,7.94,MR,YCA1006-02-00,UIC1561-01-00 UIC1551-01-00 UIC2151-07-00 UIC1805-01-00,YCG1804-01-00 YCK1998-03-00,18.0,월금,1,0,1,,1+2+1+1+1
2738,7.94,MR,YCA1006-02-00,UIC1561-01-00 UIC1551-01-00 UIC2151-06-00 UIC1805-01-00,YCG1804-01-00 YCK1998-03-00,18.0,월금,1,0,1,,1+2+1+1+1
2739,7.94,MR,YCA1006-01-00,UIC1561-01-00 UIC1551-01-00 UIC2151-07-00 UIC1805-01-00,YCG1804-01-00 YCK1998-03-00,18.0,월금,1,0,1,,1+2+1+1+1
2740,7.94,MR,YCA1006-01-00,UIC1561-01-00 UIC1551-01-00 UIC2151-06-00 UIC1805-01-00,YCG1804-01-00 YCK1998-03-00,18.0,월금,1,0,1,,1+2+1+1+1
2741,7.94,MR,YCA1006-01-00,UIC1561-01-00 UIC1551-01-00 UIC2151-07-00 UIC1805-01-00,YCG1804-01-00 YCK1998-03-00,18.0,월금,1,0,1,,1+2+1+1+1
2742,7.915,MR,YCA1006-01-00,UIC1561-01-00 UIC1551-04-00 UIC2151-08-00 UIC1806-02-00,YCJ1305-01-00 YCK1998-03-00,18.0,월금,0,0,2,6+6,1
2743,7.915,MR,YCA1006-01-00,UIC1561-01-00 UIC1551-01-00 UIC2151-07-00 UIC1805-02-00,YCB1101-13-00 YCK1998-03-00,18.0,월금,0,0,2,6+6,1
2744,7.915,MR,YCA1006-01-00,UIC1561-01-00 UIC1401-02-00 UIC2151-14-00 UIC1806-02-00,YCK1998-03-00 ISM1001-02-00,18.0,월금,0,0,2,6+6,1
2745,7.915,MR,YCA1006-01-00,UIC1561-01-00 UIC1551-01-00 UIC2151-09-00 UIC1806-02-00,YCB1101-13-00 YCK1998-03-00,18.0,월금,0,0,2,6+6,1
2746,7.915,MR,YCA1006-01-00,UIC1561-01-00 UIC1551-01-00 UIC2151-06-00 UIC1805-02-00,UCB1105-02-00 YCI1901-01-00,18.0,월수금,0,0,2,6+6,1
2747,7.915,MR,YCA1006-01-00,UIC1561-01-00 UIC1401-02-00 UIC2151-14-00 UIC1806-02-00,YCK1998-03-00 ISM1001-02-00,18.0,월금,0,0,2,6+6,1
2748,7.915,MR,YCA1006-01-00,UIC1561-01-00 UIC1551-04-00 UIC2151-07-00 UIC1805-02-00,YCB1101-43-00 YCK1998-03-00,18.0,월금,0,0,2,6+6,1
2749,7.915,MR,YCA1006-01-00,UIC1561-01-00 UIC1551-01-00 UIC2151-09-00 UIC1806-02-00,UCB1105-02-00 YCI1901-01-00,18.0,월수금,0,0,2,6+6,1
2750,7.915,MR,YCA1006-01-00,UIC1561-01-00 UIC1551-01-00 UIC2151-09-00 UIC1806-02-00,YCB1101-13-00 YCK1998-03-00,18.0,월금,0,0,2,6+6,1
2751,7.915,MR,YCA1006-01-00,UIC1561-01-00 UIC1251-02-00 UIC2151-14-00 UIC1805-02-00,UCB1105-02-00 UCD1101-01-00,18.0,월수금,0,0,2,6+6,1
2752,7.915,MR,YCA1006-01-00,UIC1561-01-00 UIC1551-01-00 UIC2151-07-00 UIC1805-02-00,UCB1105-02-00 YCI1901-01-00,18.0,월수금,0,0,2,6+6,1
2753,7.915,MR,YCA1006-01-00,UIC1561-01-00 UIC1551-04-00 UIC2151-08-00 UIC1806-02-00,YCJ1305-01-00 YCK1998-03-00,18.0,월금,0,0,2,6+6,1
2754,7.915,MR,YCA1006-01-00,UIC1561-01-00 UIC1551-04-00 UIC2151-06-00 UIC1805-02-00,YCJ1305-01-00 YCK1998-03-00,18.0,월금,0,0,2,6+6,1
2755,7.915,MR,YCA1006-01-00,UIC1561-01-00 UIC1251-02-00 UIC2151-14-00 UIC1805-02-00,YCK1998-03-00 ISM1001-02-00,18.0,월금,0,0,2,6+6,1
2756,7.915,MR,YCA1006-01-00,UIC1561-01-00 UIC1551-04-00 UIC2151-09-00 UIC1806-02-00,UCD1101-01-00 YCI1998-02-00,18.0,월수금,0,0,2,6+6,1
2757,7.915,MR,YCA1006-01-00,UIC1561-01-00 UIC1401-02-00 UIC2151-14-00 UIC1806-02-00,UCB1105-02-00 UCD1101-01-00,18.0,월수금,0,0,2,6+6,1
2758,7.915,MR,YCA1006-01-00,UIC1561-01-00 UIC1551-01-00 UIC2151-06-00 UIC1805-02-00,YCB1101-13-00 YCK1998-03-00,18.0,월금,0,0,2,6+6,1
2759,7.915,MR,YCA1006-01-00,UIC1561-01-00 UIC1401-02-00 UIC2151-14-00 UIC1806-02-00,UCB1105-02-00 UCD1101-01-00,18.0,월수금,0,0,2,6+6,1
2760,7.915,MR,YCA1006-01-00,UIC1561-01-00 UIC1551-01-00 UIC2151-06-00 UIC1805-02-00,UCB1105-02-00 YCI1901-01-00,18.0,월수금,0,0,2,6+6,1
2761,7.915,MR,YCA1006-01-00,UIC1561-01-00 UIC1551-04-00 UIC2151-08-00 UIC1806-02-00,UCD1101-01-00 YCI1998-02-00,18.0,월수금,0,0,2,6+6,1
2762,7.915,MR,YCA1006-01-00,UIC1561-01-00 UIC1251-02-00 UIC2151-14-00 UIC1805-02-00,UCB1105-02-00 UCD1101-01-00,18.0,월수금,0,0,2,6+6,1
2763,7.915,MR,YCA1006-01-00,UIC1561-01-00 UIC1551-01-00 UIC2151-07-00 UIC1805-02-00,YCB1101-13-00 YCK1998-03-00,18.0,월금,0,0,2,6+6,1
2764,7.915,MR,YCA1006-01-00,UIC1561-01-00 UIC1551-01-00 UIC2151-09-00 UIC1806-02-00,UCB1105-02-00 YCI1901-01-00,18.0,월수금,0,0,2,6+6,1
2765,7.915,MR,YCA1006-01-00,UIC1561-01-00 UIC1551-04-00 UIC2151-07-00 UIC1805-02-00,UCD1101-01-00 YCI1998-02-00,18.0,월수금,0,0,2,6+6,1
2766,7.915,MR,YCA1006-01-00,UIC1561-01-00 UIC1551-04-00 UIC2151-08-00 UIC1806-02-00,YCB1101-43-00 YCK1998-03-00,18.0,월금,0,0,2,6+6,1
2767,7.915,MR,YCA1006-01-00,UIC1561-01-00 UIC1551-04-00 UIC2151-09-00 UIC1806-02-00,YCJ1305-01-00 YCK1998-03-00,18.0,월금,0,0,2,6+6,1
2768,7.915,MR,YCA1006-01-00,UIC1561-01-00 UIC1551-04-00 UIC2151-07-00 UIC1805-02-00,YCJ1305-01-00 YCK1998-03-00,18.0,월금,0,0,2,6+6,1
2769,7.915,MR,YCA1006-01-00,UIC1561-01-00 UIC1551-04-00 UIC2151-07-00 UIC1805-02-00,YCJ1305-01-00 YCK1998-03-00,18.0,월금,0,0,2,6+6,1
2770,7.915,MR,YCA1006-01-00,UIC1561-01-00 UIC1551-01-00 UIC2151-08-00 UIC1806-02-00,UCB1105-02-00 YCI1901-01-00,18.0,월수금,0,0,2,6+6,1
2771,7.915,MR,YCA1006-01-00,UIC1561-01-00 UIC1551-01-00 UIC2151-08-00 UIC1806-02-00,YCB1101-13-00 YCK1998-03-00,18.0,월금,0,0,2,6+6,1
2772,7.915,MR,YCA1006-01-00,UIC1561-01-00 UIC1551-04-00 UIC2151-08-00 UIC1806-02-00,YCB1101-43-00 YCK1998-03-00,18.0,월금,0,0,2,6+6,1
2773,7.915,MR,YCA1006-01-00,UIC1561-01-00 UIC1551-04-00 UIC2151-07-00 UIC1805-02-00,UCD1101-01-00 YCI1998-02-00,18.0,월수금,0,0,2,6+6,1
2774,7.915,MR,YCA1006-01-00,UIC1561-01-00 UIC1551-04-00 UIC2151-09-00 UIC1806-02-00,YCJ1305-01-00 YCK1998-03-00,18.0,월금,0,0,2,6+6,1
2775,7.915,MR,YCA1006-01-00,UIC1561-01-00 UIC1551-04-00 UIC2151-06-00 UIC1805-02-00,YCB1101-43-00 YCK1998-03-00,18.0,월금,0,0,2,6+6,1
2776,7.915,MR,YCA1006-01-00,UIC1561-01-00 UIC1551-04-00 UIC2151-06-00 UIC1805-02-00,YCJ1305-01-00 YCK1998-03-00,18.0,월금,0,0,2,6+6,1
2777,7.915,MR,YCA1006-01-00,UIC1561-01-00 UIC1551-01-00 UIC2151-06-00 UIC1805-02-00,YCB1101-13-00 YCK1998-03-00,18.0,월금,0,0,2,6+6,1
2778,7.915,MR,YCA1006-01-00,UIC1561-01-00 UIC1251-02-00 UIC2151-14-00 UIC1805-02-00,YCK1998-03-00 ISM1001-02-00,18.0,월금,0,0,2,6+6,1
2779,7.915,MR,YCA1006-01-00,UIC1561-01-00 UIC1551-04-00 UIC2151-06-00 UIC1805-02-00,YCB1101-43-00 YCK1998-03-00,18.0,월금,0,0,2,6+6,1
2780,7.915,MR,YCA1006-01-00,UIC1561-01-00 UIC1551-04-00 UIC2151-09-00 UIC1806-02-00,YCB1101-43-00 YCK1998-03-00,18.0,월금,0,0,2,6+6,1
2781,7.915,MR,YCA1006-01-00,UIC1561-01-00 UIC1551-01-00 UIC2151-08-00 UIC1806-02-00,YCB1101-13-00 YCK1998-03-00,18.0,월금,0,0,2,6+6,1
2782,7.915,MR,YCA1006-01-00,UIC1561-01-00 UIC1551-01-00 UIC2151-07-00 UIC1805-02-00,UCB1105-02-00 YCI1901-01-00,18.0,월수금,0,0,2,6+6,1
2783,7.915,MR,YCA1006-01-00,UIC1561-01-00 UIC1551-04-00 UIC2151-09-00 UIC1806-02-00,UCD1101-01-00 YCI1998-02-00,18.0,월수금,0,0,2,6+6,1
2784,7.915,MR,YCA1006-01-00,UIC1561-01-00 UIC1551-04-00 UIC2151-08-00 UIC1806-02-00,UCD1101-01-00 YCI1998-02-00,18.0,월수금,0,0,2,6+6,1
2785,7.915,MR,YCA1006-01-00,UIC1561-01-00 UIC1551-04-00 UIC2151-06-00 UIC1805-02-00,UCD1101-01-00 YCI1998-02-00,18.0,월수금,0,0,2,6+6,1
2786,7.915,MR,YCA1006-01-00,UIC1561-01-00 UIC1551-01-00 UIC2151-08-00 UIC1806-02-00,UCB1105-02-00 YCI1901-01-00,18.0,월수금,0,0,2,6+6,1
2787,7.915,MR,YCA1006-01-00,UIC1561-01-00 UIC1551-04-00 UIC2151-06-00 UIC1805-02-00,UCD1101-01-00 YCI1998-02-00,18.0,월수금,0,0,2,6+6,1
2788,7.915,MR,YCA1006-01-00,UIC1561-01-00 UIC1551-04-00 UIC2151-09-00 UIC1806-02-00,YCB1101-43-00 YCK1998-03-00,18.0,월금,0,0,2,6+6,1
2789,7.915,MR,YCA1006-01-00,UIC1561-01-00 UIC1551-04-00 UIC2151-07-00 UIC1805-02-00,YCB1101-43-00 YCK1998-03-00,18.0,월금,0,0,2,6+6,1
2790,7.89,MR,YCA1006-02-00,UIC1561-01-00 UIC1551-01-00 UIC2151-07-00 UIC1805-02-00,YCG1804-01-00 BIZ1101-09-00,18.0,월금,0,1,1,5,1+1
2791,7.89,MR,YCA1006-02-00,UIC1561-01-00 UIC1551-01-00 UIC2151-09-00 UIC1806-02-00,YCG1804-01-00 BIZ1101-09-00,18.0,월금,0,1,1,5,1+1
2792,7.89,MR,YCA1006-02-00,UIC1561-01-00 UIC1551-01-00 UIC2151-06-00 UIC1805-02-00,YCG1804-01-00 BIZ1101-09-00,18.0,월금,0,1,1,5,1+1
2793,7.89,MR,YCA1006-02-00,UIC1561-01-00 UIC1551-01-00 UIC2151-07-00 UIC1805-02-00,YCG1804-01-00 BIZ1101-09-00,18.0,월금,0,1,1,5,1+1
2794,7.89,MR,YCA1006-02-00,UIC1561-01-00 UIC1551-01-00 UIC2151-06-00 UIC1805-02-00,YCG1804-01-00 BIZ1101-09-00,18.0,월금,0,1,1,5,1+1
2795,7.89,MR,YCA1006-02-00,UIC1561-01-00 UIC1551-01-00 UIC2151-08-00 UIC1806-02-00,YCG1804-01-00 BIZ1101-09-00,18.0,월금,0,1,1,5,1+1
2796,7.89,MR,YCA1006-02-00,UIC1561-01-00 UIC1551-01-00 UIC2151-09-00 UIC1806-02-00,YCG1804-01-00 BIZ1101-09-00,18.0,월금,0,1,1,5,1+1
2797,7.89,MR,YCA1006-02-00,UIC1561-01-00 UIC1551-01-00 UIC2151-08-00 UIC1806-02-00,YCG1804-01-00 BIZ1101-09-00,18.0,월금,0,1,1,5,1+1
2798,7.889,MR,YCA1006-02-00,UIC1561-01-00 UIC1551-04-00 UIC2151-12-00 UIC1805-02-00,ECO1101-06-00 STA2102-05-00,18.0,월금,1,0,3,6,1+1+2+2+2
2799,7.889,MR,YCA1006-02-00,UIC1561-01-00 UIC1551-04-00 UIC2151-12-00 UIC1805-02-00,ECO1101-06-00 STA2102-05-00,18.0,월금,1,0,3,6,1+1+2+2+2
2800,7.869,MR,YCA1006-02-00,UIC1561-01-00 UIC1551-04-00 UIC2151-12-00 UIC1805-02-00,YCH1202-01-00 BIZ1101-09-00,18.0,월금,1,0,2,4,1+1+1+2
2801,7.869,MR,YCA1006-02-00,UIC1561-01-00 UIC1551-04-00 UIC2151-12-00 UIC1805-02-00,YCH1202-01-00 BIZ1101-09-00,18.0,월금,1,0,2,4,1+1+1+2
2802,7.865,MR,YCA1006-01-00,UIC1561-01-00 UIC1251-02-00 UIC2151-14-00 UIC1805-02-00,STA1002-04-00 SED2104-01-00,18.0,월금,0,0,3,6,2+1+2+1+1
2803,7.865,MR,YCA1006-01-00,UIC1561-01-00 UIC1551-04-00 UIC2151-06-00 UIC1805-02-00,STA1002-04-00 SED2104-01-00,18.0,월금,0,0,3,6,2+1+1+2+1
2804,7.865,MR,YCA1006-01-00,UIC1561-01-00 UIC1551-01-00 UIC2151-06-00 UIC1806-01-00,YCE1253-01-00 YCI1901-01-00,18.0,월수금,1,0,2,6,1+1+1
2805,7.865,MR,YCA1006-01-00,UIC1561-01-00 UIC1401-02-00 UIC2151-14-00 UIC1806-02-00,STA1002-04-00 SED2104-01-00,18.0,월금,0,0,3,6,2+1+2+1+1
2806,7.865,MR,YCA1006-01-00,UIC1561-01-00 UIC1551-01-00 UIC2151-07-00 UIC1806-01-00,YCE1253-01-00 YCI1901-01-00,18.0,월수금,1,0,2,6,1+1+1
2807,7.865,MR,YCA1006-01-00,UIC1561-01-00 UIC1551-01-00 UIC2151-07-00 UIC1806-01-00,YCE1253-01-00 YCI1901-01-00,18.0,월수금,1,0,2,6,1+1+1
2808,7.865,MR,YCA1006-01-00,UIC1561-01-00 UIC1501-04-00 UIC2151-14-00 UIC1806-02-00,YCE1253-01-00 UCD1101-01-00,18.0,월수금,1,0,2,6,1+1+1
2809,7.865,MR,YCA1006-01-00,UIC1561-01-00 UIC1251-02-00 UIC2151-14-00 UIC1806-01-00,YCE1253-01-00 UCD1101-01-00,18.0,월수금,1,0,2,6,1+1+1
2810,7.865,MR,YCA1006-01-00,UIC1561-01-00 UIC1251-02-00 UIC2151-14-00 UIC1805-02-00,STA1002-04-00 SED2104-01-00,18.0,월금,0,0,3,6,2+1+2+1+1
2811,7.865,MR,YCA1006-01-00,UIC1561-01-00 UIC1551-01-00 UIC2151-06-00 UIC1805-01-00,YCE1253-01-00 YCI1901-01-00,18.0,월수금,1,0,2,6,1+1+1
2812,7.865,MR,YCA1006-01-00,UIC1561-01-00 UIC1551-04-00 UIC2151-08-00 UIC1806-02-00,STA1002-04-00 SED2104-01-00,18.0,월금,0,0,3,6,2+1+1+2+1
2813,7.865,MR,YCA1006-01-00,UIC1561-01-00 UIC1551-04-00 UIC2151-07-00 UIC1805-02-00,STA1002-04-00 SED2104-01-00,18.0,월금,0,0,3,6,2+1+1+2+1
2814,7.865,MR,YCA1006-01-00,UIC1561-01-00 UIC1401-02-00 UIC2151-14-00 UIC1806-02-00,STA1002-04-00 SED2104-01-00,18.0,월금,0,0,3,6,2+1+2+1+1
2815,7.865,MR,YCA1006-01-00,UIC1561-01-00 UIC1501-04-00 UIC2151-14-00 UIC1806-02-00,YCE1253-01-00 UCD1101-01-00,18.0,월수금,1,0,2,6,1+1+1
2816,7.865,MR,YCA1006-01-00,UIC1561-01-00 UIC1551-04-00 UIC2151-06-00 UIC1805-02-00,STA1002-04-00 SED2104-01-00,18.0,월금,0,0,3,6,2+1+1+2+1
2817,7.865,MR,YCA1006-02-00,UIC1561-01-00 UIC1551-04-00 UIC2151-12-00 UIC1805-02-00,UCD1101-01-00 ECO1002-05-00,18.0,월금,1,0,2,6,1+1+3
2818,7.865,MR,YCA1006-01-00,UIC1561-01-00 UIC1551-01-00 UIC2151-05-00 UIC1806-02-00,YCE1253-01-00 YCI1901-01-00,18.0,월수금,1,0,2,6,1+1+1
2819,7.865,MR,YCA1006-01-00,UIC1561-01-00 UIC1551-04-00 UIC2151-08-00 UIC1806-02-00,STA1002-04-00 SED2104-01-00,18.0,월금,0,0,3,6,2+1+1+2+1
2820,7.865,MR,YCA1006-01-00,UIC1561-01-00 UIC1551-01-00 UIC2151-06-00 UIC1805-01-00,YCE1253-01-00 YCI1901-01-00,18.0,월수금,1,0,2,6,1+1+1
2821,7.865,MR,YCA1006-01-00,UIC1561-01-00 UIC1551-01-00 UIC2151-05-00 UIC1806-02-00,YCE1253-01-00 YCI1901-01-00,18.0,월수금,1,0,2,6,1+1+1
2822,7.865,MR,YCA1006-01-00,UIC1561-01-00 UIC1551-04-00 UIC2151-07-00 UIC1805-02-00,STA1002-04-00 SED2104-01-00,18.0,월금,0,0,3,6,2+1+1+2+1
2823,7.865,MR,YCA1006-01-00,UIC1561-01-00 UIC1551-01-00 UIC2151-06-00 UIC1806-01-00,YCE1253-01-00 YCI1901-01-00,18.0,월수금,1,0,2,6,1+1+1
2824,7.865,MR,YCA1006-01-00,UIC1561-01-00 UIC1251-02-00 UIC2151-14-00 UIC1805-01-00,YCE1253-01-00 UCD1101-01-00,18.0,월수금,1,0,2,6,1+1+1
2825,7.865,MR,YCA1006-01-00,UIC1561-01-00 UIC1551-01-00 UIC2151-07-00 UIC1805-01-00,YCE1253-01-00 YCI1901-01-00,18.0,월수금,1,0,2,6,1+1+1
2826,7.865,MR,YCA1006-01-00,UIC1561-01-00 UIC1251-02-00 UIC2151-14-00 UIC1805-01-00,YCE1253-01-00 UCD1101-01-00,18.0,월수금,1,0,2,6,1+1+1
2827,7.865,MR,YCA1006-01-00,UIC1561-01-00 UIC1551-04-00 UIC2151-09-00 UIC1806-02-00,STA1002-04-00 SED2104-01-00,18.0,월금,0,0,3,6,2+1+1+2+1
2828,7.865,MR,YCA1006-02-00,UIC1561-01-00 UIC1551-04-00 UIC2151-12-00 UIC1805-02-00,UCD1101-01-00 ECO1002-05-00,18.0,월금,1,0,2,6,1+1+3
2829,7.865,MR,YCA1006-01-00,UIC1561-01-00 UIC1551-01-00 UIC2151-07-00 UIC1805-01-00,YCE1253-01-00 YCI1901-01-00,18.0,월수금,1,0,2,6,1+1+1
2830,7.865,MR,YCA1006-01-00,UIC1561-01-00 UIC1551-04-00 UIC2151-09-00 UIC1806-02-00,STA1002-04-00 SED2104-01-00,18.0,월금,0,0,3,6,2+1+1+2+1
2831,7.865,MR,YCA1006-01-00,UIC1561-01-00 UIC1251-02-00 UIC2151-14-00 UIC1806-01-00,YCE1253-01-00 UCD1101-01-00,18.0,월수금,1,0,2,6,1+1+1
2832,7.855,MR,YCA1006-02-00,UIC1561-01-00 UIC1551-04-00 UIC2151-09-00 UIC1805-01-00,YCK1998-03-00 STA2102-05-00,18.0,월금,1,0,1,4,1+1+1+2
2833,7.855,MR,YCA1006-02-00,UIC1561-01-00 UIC1551-04-00 UIC2151-08-00 UIC1805-01-00,YCK1998-03-00 STA2102-05-00,18.0,월금,1,0,1,4,1+1+1+2
2834,7.855,MR,YCA1006-02-00,UIC1561-01-00 UIC1551-04-00 UIC2151-05-00 UIC1805-02-00,YCK1998-03-00 STA2102-05-00,18.0,월금,1,0,1,4,1+1+1+2
2835,7.855,MR,YCA1006-02-00,UIC1561-01-00 UIC1551-01-00 UIC2151-05-00 UIC1806-02-00,YCK1998-03-00 STA2102-05-00,18.0,월금,1,0,1,4,1+2+1+1
2836,7.855,MR,YCA1006-02-00,UIC1561-01-00 UIC1551-01-00 UIC2151-06-00 UIC1805-01-00,YCK1998-03-00 STA2102-05-00,18.0,월금,1,0,1,4,1+2+1+1
2837,7.855,MR,YCA1006-02-00,UIC1561-01-00 UIC1551-01-00 UIC2151-07-00 UIC1805-01-00,YCK1998-03-00 STA2102-05-00,18.0,월금,1,0,1,4,1+2+1+1
2838,7.855,MR,YCA1006-02-00,UIC1561-01-00 UIC1551-04-00 UIC2151-08-00 UIC1806-01-00,YCK1998-03-00 STA2102-05-00,18.0,월금,1,0,1,4,1+1+1+2
2839,7.855,MR,YCA1006-02-00,UIC1561-01-00 UIC1551-01-00 UIC2151-06-00 UIC1806-01-00,YCK1998-03-00 STA2102-05-00,18.0,월금,1,0,1,4,1+2+1+1
2840,7.855,MR,YCA1006-02-00,UIC1561-01-00 UIC1551-01-00 UIC2151-07-00 UIC1806-01-00,YCK1998-03-00 STA2102-05-00,18.0,월금,1,0,1,4,1+2+1+1
2841,7.855,MR,YCA1006-01-00,UIC1561-01-00 UIC1551-01-00 UIC2151-07-00 UIC1805-01-00,YCK1998-03-00 STA2102-05-00,18.0,월금,1,0,1,4,1+2+1+1
2842,7.855,MR,YCA1006-01-00,UIC1561-01-00 UIC1551-01-00 UIC2151-06-00 UIC1806-01-00,YCK1998-03-00 STA2102-05-00,18.0,월금,1,0,1,4,1+2+1+1
2843,7.855,MR,YCA1006-01-00,UIC1561-01-00 UIC1551-01-00 UIC2151-07-00 UIC1806-01-00,YCK1998-03-00 STA2102-05-00,18.0,월금,1,0,1,4,1+2+1+1
2844,7.855,MR,YCA1006-02-00,UIC1561-01-00 UIC1551-04-00 UIC2151-09-00 UIC1805-01-00,YCK1998-03-00 STA2102-05-00,18.0,월금,1,0,1,4,1+1+1+2
2845,7.855,MR,YCA1006-02-00,UIC1561-01-00 UIC1551-01-00 UIC2151-05-00 UIC1806-02-00,YCK1998-03-00 STA2102-05-00,18.0,월금,1,0,1,4,1+2+1+1
2846,7.855,MR,YCA1006-02-00,UIC1561-01-00 UIC1551-04-00 UIC2151-08-00 UIC1806-01-00,YCK1998-03-00 STA2102-05-00,18.0,월금,1,0,1,4,1+1+1+2
2847,7.855,MR,YCA1006-01-00,UIC1561-01-00 UIC1551-01-00 UIC2151-06-00 UIC1805-01-00,YCK1998-03-00 STA2102-05-00,18.0,월금,1,0,1,4,1+2+1+1
2848,7.855,MR,YCA1006-02-00,UIC1561-01-00 UIC1551-04-00 UIC2151-09-00 UIC1806-01-00,YCK1998-03-00 STA2102-05-00,18.0,월금,1,0,1,4,1+1+1+2
2849,7.855,MR,YCA1006-01-00,UIC1561-01-00 UIC1551-01-00 UIC2151-05-00 UIC1806-02-00,YCK1998-03-00 STA2102-05-00,18.0,월금,1,0,1,4,1+2+1+1
2850,7.855,MR,YCA1006-02-00,UIC1561-01-00 UIC1551-01-00 UIC2151-07-00 UIC1805-01-00,YCK1998-03-00 STA2102-05-00,18.0,월금,1,0,1,4,1+2+1+1
2851,7.855,MR,YCA1006-02-00,UIC1561-01-00 UIC1551-04-00 UIC2151-05-00 UIC1805-02-00,YCK1998-03-00 STA2102-05-00,18.0,월금,1,0,1,4,1+1+1+2
2852,7.855,MR,YCA1006-01-00,UIC1561-01-00 UIC1551-01-00 UIC2151-06-00 UIC1806-01-00,YCK1998-03-00 STA2102-05-00,18.0,월금,1,0,1,4,1+2+1+1
2853,7.855,MR,YCA1006-02-00,UIC1561-01-00 UIC1551-04-00 UIC2151-08-00 UIC1805-01-00,YCK1998-03-00 STA2102-05-00,18.0,월금,1,0,1,4,1+1+1+2
2854,7.855,MR,YCA1006-01-00,UIC1561-01-00 UIC1551-01-00 UIC2151-06-00 UIC1805-01-00,YCK1998-03-00 STA2102-05-00,18.0,월금,1,0,1,4,1+2+1+1
2855,7.855,MR,YCA1006-02-00,UIC1561-01-00 UIC1551-01-00 UIC2151-06-00 UIC1805-01-00,YCK1998-03-00 STA2102-05-00,18.0,월금,1,0,1,4,1+2+1+1
2856,7.855,MR,YCA1006-02-00,UIC1561-01-00 UIC1551-01-00 UIC2151-07-00 UIC1806-01-00,YCK1998-03-00 STA2102-05-00,18.0,월금,1,0,1,4,1+2+1+1
2857,7.855,MR,YCA1006-02-00,UIC1561-01-00 UIC1551-01-00 UIC2151-06-00 UIC1806-01-00,YCK1998-03-00 STA2102-05-00,18.0,월금,1,0,1,4,1+2+1+1
2858,7.855,MR,YCA1006-02-00,UIC1561-01-00 UIC1551-04-00 UIC2151-09-00 UIC1806-01-00,YCK1998-03-00 STA2102-05-00,18.0,월금,1,0,1,4,1+1+1+2
2859,7.855,MR,YCA1006-01-00,UIC1561-01-00 UIC1551-01-00 UIC2151-07-00 UIC1806-01-00,YCK1998-03-00 STA2102-05-00,18.0,월금,1,0,1,4,1+2+1+1
2860,7.855,MR,YCA1006-01-00,UIC1561-01-00 UIC1551-01-00 UIC2151-07-00 UIC1805-01-00,YCK1998-03-00 STA2102-05-00,18.0,월금,1,0,1,4,1+2+1+1
2861,7.855,MR,YCA1006-01-00,UIC1561-01-00 UIC1551-01-00 UIC2151-05-00 UIC1806-02-00,YCK1998-03-00 STA2102-05-00,18.0,월금,1,0,1,4,1+2+1+1
2862,7.815,MR,YCA1006-02-00,UIC1561-01-00 ASP2022-01-00 UIC2151-12-00 UIC1806-02-00,ECO1002-06-00 YCK1998-03-00,18.0,월금,1,0,0,4,2+3
2863,7.815,MR,YCA1006-01-00,UIC1561-01-00 UIC1251-02-00 UIC2151-12-00 UIC1805-02-00,YCI1901-01-00 SED2104-01-00,18.0,월금,1,0,3,,1+1+3+1+1
2864,7.815,MR,YCA1006-02-00,UIC1561-01-00 ASP2022-01-00 UIC2151-12-00 UIC1806-02-00,ECO1002-06-00 YCK1998-03-00,18.0,월금,1,0,0,4,2+3
2865,7.815,MR,YCA1006-01-00,UIC1561-01-00 UIC1251-02-00 UIC2151-12-00 UIC1805-02-00,YCI1901-01-00 SED2104-01-00,18.0,월금,1,0,3,,1+1+3+1+1
2866,7.815,MR,YCA1006-01-00,UIC1561-01-00 UIC1401-02-00 UIC2151-12-00 UIC1806-02-00,YCI1901-01-00 SED2104-01-00,18.0,월금,1,0,3,,1+1+3+1+1
2867,7.815,MR,YCA1006-01-00,UIC1561-01-00 UIC1401-02-00 UIC2151-12-00 UIC1806-02-00,YCI1901-01-00 SED2104-01-00,18.0,월금,1,0,3,,1+1+3+1+1
2868,7.799,MR,YCA1006-01-00,UIC1561-01-00 UIC1551-01-00 UIC2151-08-00 UIC1806-01-00,ECO1101-06-00 YCK1998-03-00,18.0,월금,1,0,3,4,2+1+3
2869,7.799,MR,YCA1006-01-00,UIC1561-01-00 UIC1551-01-00 UIC2151-05-00 UIC1805-02-00,ECO1101-06-00 YCK1998-03-00,18.0,월금,1,0,3,4,2+1+3
2870,7.799,MR,YCA1006-01-00,UIC1561-01-00 UIC1551-01-00 UIC2151-08-00 UIC1805-01-00,ECO1101-06-00 YCK1998-03-00,18.0,월금,1,0,3,4,2+1+3
2871,7.799,MR,YCA1006-01-00,UIC1561-01-00 UIC1551-01-00 UIC2151-09-00 UIC1806-01-00,ECO1101-06-00 YCK1998-03-00,18.0,월금,1,0,3,4,2+1+3
2872,7.799,MR,YCA1006-01-00,UIC1561-01-00 UIC1551-01-00 UIC2151-05-00 UIC1805-02-00,ECO1101-06-00 YCK1998-03-00,18.0,월금,1,0,3,4,2+1+3
2873,7.799,MR,YCA1006-01-00,UIC1561-01-00 UIC1551-01-00 UIC2151-09-00 UIC1805-01-00,ECO1101-06-00 YCK1998-03-00,18.0,월금,1,0,3,4,2+1+3
2874,7.799,MR,YCA1006-01-00,UIC1561-01-00 UIC1551-01-00 UIC2151-08-00 UIC1805-01-00,ECO1101-06-00 YCK1998-03-00,18.0,월금,1,0,3,4,2+1+3
2875,7.799,MR,YCA1006-01-00,UIC1561-01-00 UIC1551-01-00 UIC2151-08-00 UIC1806-01-00,ECO1101-06-00 YCK1998-03-00,18.0,월금,1,0,3,4,2+1+3
2876,7.799,MR,YCA1006-01-00,UIC1561-01-00 UIC1551-01-00 UIC2151-09-00 UIC1805-01-00,ECO1101-06-00 YCK1998-03-00,18.0,월금,1,0,3,4,2+1+3
2877,7.799,MR,YCA1006-01-00,UIC1561-01-00 UIC1551-01-00 UIC2151-09-00 UIC1806-01-00,ECO1101-06-00 YCK1998-03-00,18.0,월금,1,0,3,4,2+1+3
2878,7.795,Lang,YCA1006-01-00,QRM1001-01-00 UIC1561-01-00 UIC1551-01-00 UIC2151-12-00,YCE1253-01-00 YCH1605-01-00,18.0,월금,1,0,1,4,1+3+1
2879,7.795,Lang,YCA1006-01-00,QRM1001-01-00 UIC1561-01-00 UIC1551-01-00 UIC2151-12-00,YCK1998-03-00 CTM1002-02-00,18.0,월금,1,0,1,4,1+3+1
2880,7.795,Lang,YCA1006-01-00,QRM1001-01-00 UIC1561-01-00 UIC1551-04-00 UIC2151-12-00,YCE1253-01-00 YCH1605-01-00,18.0,월금,1,0,1,4,1+1+3
2881,7.795,Lang,YCA1006-01-00,QRM1001-01-00 UIC1561-01-00 UIC1551-04-00 UIC2151-12-00,YCK1998-03-00 CTM1002-02-00,18.0,월금,1,0,1,4,1+1+3
2882,7.794,MR,YCA1006-01-00,UIC1561-01-00 UIC1551-01-00 UIC2151-06-00 UIC1805-02-00,ANT2105-01-00 YCI1901-01-00,18.0,월금,0,0,3,6+4,1+1
2883,7.794,MR,YCA1006-01-00,UIC1561-01-00 UIC1551-01-00 UIC2151-08-00 UIC1806-02-00,ANT2105-01-00 YCI1901-01-00,18.0,월금,0,0,3,6+4,1+1
2884,7.794,MR,YCA1006-01-00,UIC1561-01-00 UIC1401-02-00 UIC2151-14-00 UIC1806-02-00,UCD1101-01-00 ANT2105-01-00,18.0,월금,0,0,3,6+4,1+1
2885,7.794,MR,YCA1006-01-00,UIC1561-01-00 UIC1551-01-00 UIC2151-07-00 UIC1805-02-00,ANT2105-01-00 YCI1901-01-00,18.0,월금,0,0,3,6+4,1+1
2886,7.794,MR,YCA1006-01-00,UIC1561-01-00 UIC1251-02-00 UIC2151-14-00 UIC1805-02-00,UCD1101-01-00 ANT2105-01-00,18.0,월금,0,0,3,6+4,1+1
2887,7.794,MR,YCA1006-01-00,UIC1561-01-00 UIC1551-01-00 UIC2151-09-00 UIC1806-02-00,ANT2105-01-00 YCI1901-01-00,18.0,월금,0,0,3,6+4,1+1
2888,7.794,MR,YCA1006-01-00,UIC1561-01-00 UIC1551-01-00 UIC2151-09-00 UIC1806-02-00,ANT2105-01-00 YCI1901-01-00,18.0,월금,0,0,3,6+4,1+1
2889,7.794,MR,YCA1006-01-00,UIC1561-01-00 UIC1251-02-00 UIC2151-14-00 UIC1805-02-00,UCD1101-01-00 ANT2105-01-00,18.0,월금,0,0,3,6+4,1+1
2890,7.794,MR,YCA1006-01-00,UIC1561-01-00 UIC1551-01-00 UIC2151-06-00 UIC1805-02-00,ANT2105-01-00 YCI1901-01-00,18.0,월금,0,0,3,6+4,1+1
2891,7.794,MR,YCA1006-01-00,UIC1561-01-00 UIC1401-02-00 UIC2151-14-00 UIC1806-02-00,UCD1101-01-00 ANT2105-01-00,18.0,월금,0,0,3,6+4,1+1
2892,7.794,MR,YCA1006-01-00,UIC1561-01-00 UIC1551-01-00 UIC2151-08-00 UIC1806-02-00,ANT2105-01-00 YCI1901-01-00,18.0,월금,0,0,3,6+4,1+1
2893,7.794,MR,YCA1006-01-00,UIC1561-01-00 UIC1551-01-00 UIC2151-07-00 UIC1805-02-00,ANT2105-01-00 YCI1901-01-00,18.0,월금,0,0,3,6+4,1+1
2894,7.794,MR,YCA1006-01-00,UIC1561-01-00 UIC1551-04-00 UIC2151-07-00 UIC1805-02-00,UCD1101-01-00 ANT2105-01-00,18.0,월금,0,0,3,4+6,1+1
2895,7.794,MR,YCA1006-01-00,UIC1561-01-00 UIC1551-04-00 UIC2151-06-00 UIC1805-02-00,YCH1202-01-00 STA1002-04-00,18.0,월금,0,0,2,7,2+1+1+2
2896,7.794,MR,YCA1006-01-00,UIC1561-01-00 UIC1551-04-00 UIC2151-07-00 UIC1805-02-00,YCH1202-01-00 STA1002-04-00,18.0,월금,0,0,2,7,2+1+1+2
2897,7.794,MR,YCA1006-01-00,UIC1561-01-00 UIC1551-04-00 UIC2151-09-00 UIC1806-02-00,YCH1202-01-00 STA1002-04-00,18.0,월금,0,0,2,7,2+1+1+2
2898,7.794,MR,YCA1006-01-00,UIC1561-01-00 UIC1551-04-00 UIC2151-07-00 UIC1805-02-00,UCD1101-01-00 ANT2105-01-00,18.0,월금,0,0,3,4+6,1+1
2899,7.794,MR,YCA1006-01-00,UIC1561-01-00 UIC1551-04-00 UIC2151-09-00 UIC1806-02-00,YCH1202-01-00 STA1002-04-00,18.0,월금,0,0,2,7,2+1+1+2
2900,7.794,MR,YCA1006-01-00,UIC1561-01-00 UIC1551-04-00 UIC2151-08-00 UIC1806-02-00,UCD1101-01-00 ANT2105-01-00,18.0,월금,0,0,3,4+6,1+1
2901,7.794,MR,YCA1006-01-00,UIC1561-01-00 UIC1551-04-00 UIC2151-09-00 UIC1806-02-00,UCD1101-01-00 ANT2105-01-00,18.0,월금,0,0,3,4+6,1+1
2902,7.794,MR,YCA1006-01-00,UIC1561-01-00 UIC1551-04-00 UIC2151-06-00 UIC1805-02-00,UCD1101-01-00 ANT2105-01-00,18.0,월금,0,0,3,4+6,1+1
2903,7.794,MR,YCA1006-01-00,UIC1561-01-00 UIC1551-04-00 UIC2151-06-00 UIC1805-02-00,UCD1101-01-00 ANT2105-01-00,18.0,월금,0,0,3,4+6,1+1
2904,7.794,MR,YCA1006-01-00,UIC1561-01-00 UIC1551-04-00 UIC2151-09-00 UIC1806-02-00,UCD1101-01-00 ANT2105-01-00,18.0,월금,0,0,3,4+6,1+1
2905,7.794,MR,YCA1006-01-00,UIC1561-01-00 UIC1551-04-00 UIC2151-08-00 UIC1806-02-00,YCH1202-01-00 STA1002-04-00,18.0,월금,0,0,2,7,2+1+1+2
2906,7.794,MR,YCA1006-01-00,UIC1561-01-00 UIC1551-04-00 UIC2151-07-00 UIC1805-02-00,YCH1202-01-00 STA1002-04-00,18.0,월금,0,0,2,7,2+1+1+2
2907,7.794,MR,YCA1006-01-00,UIC1561-01-00 UIC1551-04-00 UIC2151-06-00 UIC1805-02-00,YCH1202-01-00 STA1002-04-00,18.0,월금,0,0,2,7,2+1+1+2
2908,7.794,MR,YCA1006-01-00,UIC1561-01-00 UIC1551-04-00 UIC2151-08-00 UIC1806-02-00,UCD1101-01-00 ANT2105-01-00,18.0,월금,0,0,3,4+6,1+1
2909,7.794,MR,YCA1006-01-00,UIC1561-01-00 UIC1551-04-00 UIC2151-08-00 UIC1806-02-00,YCH1202-01-00 STA1002-04-00,18.0,월금,0,0,2,7,2+1+1+2
2910,7.782,MR,YCA1006-01-00,UIC1561-01-00 UIC1401-02-00 UIC2151-14-00 UIC1806-02-00,YCG1853-01-00 YCK1998-03-00,18.0,월금,0,0,2,6,1
2911,7.782,MR,YCA1006-01-00,UIC1561-01-00 UIC1251-02-00 UIC2151-14-00 UIC1805-02-00,YCG1853-01-00 YCK1998-03-00,18.0,월금,0,0,2,6,1
2912,7.782,MR,YCA1006-01-00,UIC1561-01-00 UIC1251-02-00 UIC2151-14-00 UIC1805-02-00,YCG1853-01-00 YCK1998-03-00,18.0,월금,0,0,2,6,1
2913,7.782,MR,YCA1006-01-00,UIC1561-01-00 UIC1401-02-00 UIC2151-14-00 UIC1806-02-00,YCG1853-01-00 YCK1998-03-00,18.0,월금,0,0,2,6,1
2914,7.78,MR,YCA1006-02-00,UIC1561-01-00 UIC1551-01-00 UIC2151-12-00 UIC1805-02-00,UCB1105-02-00 STA2102-04-00,18.0,월금,1,0,1,6,1+3
2915,7.78,MR,YCA1006-02-00,UIC1561-01-00 UIC1551-01-00 UIC2151-12-00 UIC1805-02-00,UCB1105-02-00 STA2102-04-00,18.0,월금,1,0,1,6,1+3
2916,7.744,MR,YCA1006-01-00,UIC1561-01-00 UIC1401-02-00 UIC2151-12-00 UIC1806-02-00,UCD1101-01-00 CDM2012-01-00,18.0,월금,1,0,2,,1+1+3+1
2917,7.744,MR,YCA1006-01-00,UIC1561-01-00 UIC1251-02-00 UIC2151-12-00 UIC1805-02-00,UCD1101-01-00 CDM2012-01-00,18.0,월금,1,0,2,,1+1+3+1
2918,7.744,MR,YCA1006-01-00,UIC1561-01-00 UIC1401-02-00 UIC2151-12-00 UIC1806-02-00,UCD1101-01-00 CDM2012-01-00,18.0,월금,1,0,2,,1+1+3+1
2919,7.744,MR,YCA1006-01-00,UIC1561-01-00 UIC1251-02-00 UIC2151-12-00 UIC1805-02-00,UCD1101-01-00 CDM2012-01-00,18.0,월금,1,0,2,,1+1+3+1
2920,7.74,MR,YCA1006-02-00,UIC1561-01-00 UIC1551-04-00 UIC2151-08-00 UIC1806-02-00,YCI1998-02-00 YCK1998-03-00,18.0,월금,0,1,1,7+4,
2921,7.74,MR,YCA1006-02-00,UIC1561-01-00 UIC1551-04-00 UIC2151-07-00 UIC1805-02-00,YCI1998-02-00 YCK1998-03-00,18.0,월금,0,1,1,7+4,
2922,7.74,MR,YCA1006-02-00,UIC1561-01-00 UIC1401-02-00 UIC2151-14-00 UIC1806-02-00,UCB1105-02-00 YCK1998-03-00,18.0,월금,0,1,1,7+4,
2923,7.74,MR,YCA1006-02-00,UIC1561-01-00 UIC1551-04-00 UIC2151-08-00 UIC1806-02-00,YCI1998-02-00 YCK1998-03-00,18.0,월금,0,1,1,7+4,
2924,7.74,MR,YCA1006-02-00,UIC1561-01-00 UIC1551-04-00 UIC2151-06-00 UIC1805-02-00,YCI1998-02-00 YCK1998-03-00,18.0,월금,0,1,1,7+4,
2925,7.74,MR,YCA1006-02-00,UIC1561-01-00 UIC1401-02-00 UIC2151-14-00 UIC1806-02-00,UCB1105-02-00 YCK1998-03-00,18.0,월금,0,1,1,7+4,
2926,7.74,MR,YCA1006-02-00,UIC1561-01-00 UIC1251-02-00 UIC2151-14-00 UIC1805-02-00,UCB1105-02-00 YCK1998-03-00,18.0,월금,0,1,1,7+4,
2927,7.74,MR,YCA1006-02-00,UIC1561-01-00 UIC1551-04-00 UIC2151-07-00 UIC1805-02-00,YCI1998-02-00 YCK1998-03-00,18.0,월금,0,1,1,7+4,
2928,7.74,MR,YCA1006-02-00,UIC1561-01-00 UIC1551-04-00 UIC2151-09-00 UIC1806-02-00,YCI1998-02-00 YCK1998-03-00,18.0,월금,0,1,1,7+4,
2929,7.74,MR,YCA1006-02-00,UIC1561-01-00 UIC1551-04-00 UIC2151-06-00 UIC1805-02-00,YCI1998-02-00 YCK1998-03-00,18.0,월금,0,1,1,7+4,
2930,7.74,MR,YCA1006-02-00,UIC1561-01-00 UIC1251-02-00 UIC2151-14-00 UIC1805-02-00,UCB1105-02-00 YCK1998-03-00,18.0,월금,0,1,1,7+4,
2931,7.74,MR,YCA1006-02-00,UIC1561-01-00 UIC1551-04-00 UIC2151-09-00 UIC1806-02-00,YCI1998-02-00 YCK1998-03-00,18.0,월금,0,1,1,7+4,
2932,7.732,MR,YCA1006-01-00,UIC1561-01-00 UIC1551-04-00 UIC2151-05-00 UIC1806-02-00,YCE1253-01-00 YCG1853-01-00,18.0,월수금,1,0,2,,1+1+1
2933,7.732,MR,YCA1006-01-00,UIC1561-01-00 UIC1551-04-00 UIC2151-05-00 UIC1806-02-00,YCE1253-01-00 YCG1853-01-00,18.0,월수금,1,0,2,,1+1+1
2934,7.732,MR,YCA1006-01-00,UIC1561-01-00 UIC1551-04-00 UIC2151-07-00 UIC1806-01-00,YCE1253-01-00 YCG1853-01-00,18.0,월수금,1,0,2,,1+1+1
2935,7.732,MR,YCA1006-01-00,UIC1561-01-00 UIC1551-04-00 UIC2151-06-00 UIC1805-01-00,YCE1253-01-00 YCG1853-01-00,18.0,월수금,1,0,2,,1+1+1
2936,7.732,MR,YCA1006-01-00,UIC1561-01-00 UIC1551-04-00 UIC2151-07-00 UIC1806-01-00,YCE1253-01-00 YCG1853-01-00,18.0,월수금,1,0,2,,1+1+1
2937,7.732,MR,YCA1006-01-00,UIC1561-01-00 UIC1551-04-00 UIC2151-07-00 UIC1805-01-00,YCE1253-01-00 YCG1853-01-00,18.0,월수금,1,0,2,,1+1+1
2938,7.732,MR,YCA1006-01-00,UIC1561-01-00 UIC1551-04-00 UIC2151-06-00 UIC1806-01-00,YCE1253-01-00 YCG1853-01-00,18.0,월수금,1,0,2,,1+1+1
2939,7.732,MR,YCA1006-01-00,UIC1561-01-00 UIC1551-04-00 UIC2151-07-00 UIC1805-01-00,YCE1253-01-00 YCG1853-01-00,18.0,월수금,1,0,2,,1+1+1
2940,7.732,MR,YCA1006-01-00,UIC1561-01-00 UIC1551-04-00 UIC2151-06-00 UIC1806-01-00,YCE1253-01-00 YCG1853-01-00,18.0,월수금,1,0,2,,1+1+1
2941,7.732,MR,YCA1006-02-00,UIC1561-01-00 UIC1551-01-00 UIC2151-12-00 UIC1805-02-00,YCG1853-01-00 ECO1002-05-00,18.0,월금,1,0,2,,1+3+1
2942,7.732,MR,YCA1006-02-00,UIC1561-01-00 UIC1551-01-00 UIC2151-12-00 UIC1805-02-00,YCG1853-01-00 ECO1002-05-00,18.0,월금,1,0,2,,1+3+1
2943,7.732,MR,YCA1006-01-00,UIC1561-01-00 UIC1551-04-00 UIC2151-06-00 UIC1805-01-00,YCE1253-01-00 YCG1853-01-00,18.0,월수금,1,0,2,,1+1+1
2944,7.69,MR,YCA1006-02-00,UIC1561-01-00 UIC1551-04-00 UIC2151-12-00 UIC1806-02-00,YCE1253-01-00 BIZ1101-09-00,18.0,월금,1,1,1,4,1+1
2945,7.69,MR,YCA1006-01-00,UIC1561-01-00 UIC1401-02-00 UIC2151-12-00 UIC1806-01-00,YCH1605-01-00 BIZ1101-09-00,18.0,월금,2,0,0,,1+1
2946,7.69,MR,YCA1006-02-00,UIC1561-01-00 UIC1401-02-00 UIC2151-12-00 UIC1806-02-00,YCI1901-01-00 BIZ1101-09-00,18.0,월금,1,1,1,4,1+1
2947,7.69,MR,YCA1006-02-00,UIC1561-01-00 UIC1251-02-00 UIC2151-12-00 UIC1805-02-00,YCI1901-01-00 BIZ1101-09-00,18.0,월금,1,1,1,4,1+1
2948,7.69,MR,YCA1006-02-00,UIC1561-01-00 UIC1251-02-00 UIC2151-12-00 UIC1805-02-00,UCD1101-01-00 BIZ1101-09-00,18.0,월금,1,1,1,4,1+1
2949,7.69,MR,YCA1006-01-00,UIC1561-01-00 UIC1551-01-00 UIC2151-08-00 UIC1805-01-00,YCH1605-01-00 YCK1998-03-00,18.0,월금,1,0,1,4,1+3
2950,7.69,MR,YCA1006-02-00,UIC1561-01-00 UIC1551-01-00 UIC2151-12-00 UIC1805-02-00,YCK1998-03-00 STA1002-04-00,18.0,월금,1,0,1,4,2+1+2+3
2951,7.69,MR,YCA1006-02-00,UIC1561-01-00 UIC1251-02-00 UIC2151-12-00 UIC1805-02-00,UCD1101-01-00 BIZ1101-09-00,18.0,월금,1,1,1,4,1+1
2952,7.69,MR,YCA1006-01-00,UIC1561-01-00 UIC1551-01-00 UIC2151-09-00 UIC1806-01-00,YCH1605-01-00 YCK1998-03-00,18.0,월금,1,0,1,4,1+3
2953,7.69,MR,YCA1006-01-00,UIC1561-01-00 UIC1401-02-00 UIC2151-12-00 UIC1806-02-00,YCI1901-01-00 STA1002-04-00,18.0,월금,1,0,1,4,2+1+1+2
2954,7.69,MR,YCA1006-01-00,UIC1561-01-00 UIC1551-01-00 UIC2151-08-00 UIC1805-01-00,YCH1605-01-00 YCK1998-03-00,18.0,월금,1,0,1,4,1+3
2955,7.69,MR,YCA1006-02-00,UIC1561-01-00 UIC1551-04-00 UIC2151-07-00 UIC1805-02-00,YCK1998-03-00 CTM1001-02-00,18.0,월금,0,2,1,4+4,1+1
2956,7.69,MR,YCA1006-02-00,UIC1561-01-00 UIC1551-04-00 UIC2151-09-00 UIC1806-02-00,YCK1998-03-00 CTM1001-02-00,18.0,월금,0,2,1,4+4,1+1
2957,7.69,MR,YCA1006-01-00,UIC1561-01-00 UIC1501-04-00 UIC2151-12-00 UIC1805-02-00,YCH1605-01-00 BIZ1101-09-00,18.0,월금,2,0,0,,1+1
2958,7.69,MR,YCA1006-02-00,UIC1561-01-00 UIC1551-04-00 UIC2151-09-00 UIC1806-02-00,YCK1998-03-00 CTM1001-02-00,18.0,월금,0,2,1,4+4,1+1
2959,7.69,MR,YCA1006-01-00,UIC1561-01-00 UIC1551-01-00 UIC2151-08-00 UIC1806-01-00,YCH1605-01-00 YCK1998-03-00,18.0,월금,1,0,1,4,1+3
2960,7.69,MR,YCA1006-01-00,UIC1561-01-00 UIC1401-02-00 UIC2151-12-00 UIC1806-02-00,UCD1101-01-00 STA1002-04-00,18.0,월금,1,0,1,4,2+1+2+1
2961,7.69,MR,YCA1006-02-00,UIC1561-01-00 UIC1551-04-00 UIC2151-08-00 UIC1806-02-00,YCK1998-03-00 CTM1001-02-00,18.0,월금,0,2,1,4+4,1+1
2962,7.69,MR,YCA1006-01-00,UIC1561-01-00 UIC1401-02-00 UIC2151-12-00 UIC1806-02-00,YCI1901-01-00 STA1002-04-00,18.0,월금,1,0,1,4,2+1+1+2
2963,7.69,MR,YCA1006-02-00,UIC1561-01-00 UIC1551-01-00 UIC2151-12-00 UIC1805-02-00,YCK1998-03-00 STA1002-04-00,18.0,월금,1,0,1,4,2+1+2+3
2964,7.69,MR,YCA1006-01-00,UIC1561-01-00 UIC1551-04-00 UIC2151-12-00 UIC1806-02-00,YCE1253-01-00 STA1002-04-00,18.0,월금,1,0,1,4,2+1+1+2
2965,7.69,MR,YCA1006-01-00,UIC1561-01-00 UIC1551-01-00 UIC2151-09-00 UIC1805-01-00,YCH1605-01-00 YCK1998-03-00,18.0,월금,1,0,1,4,1+3
2966,7.69,MR,YCA1006-02-00,UIC1561-01-00 UIC1401-02-00 UIC2151-12-00 UIC1806-02-00,YCI1901-01-00 BIZ1101-09-00,18.0,월금,1,1,1,4,1+1
2967,7.69,MR,YCA1006-01-00,UIC1561-01-00 UIC1551-01-00 UIC2151-09-00 UIC1805-01-00,YCH1605-01-00 YCK1998-03-00,18.0,월금,1,0,1,4,1+3
2968,7.69,MR,YCA1006-01-00,UIC1561-01-00 UIC1551-01-00 UIC2151-09-00 UIC1806-01-00,YCH1605-01-00 YCK1998-03-00,18.0,월금,1,0,1,4,1+3
2969,7.69,MR,YCA1006-01-00,UIC1561-01-00 UIC1251-02-00 UIC2151-12-00 UIC1805-02-00,UCD1101-01-00 STA1002-04-00,18.0,월금,1,0,1,4,2+1+2+1
2970,7.69,MR,YCA1006-02-00,UIC1561-01-00 UIC1401-02-00 UIC2151-12-00 UIC1806-02-00,UCD1101-01-00 BIZ1101-09-00,18.0,월금,1,1,1,4,1+1
2971,7.69,MR,YCA1006-02-00,UIC1561-01-00 UIC1401-02-00 UIC2151-12-00 UIC1806-02-00,UCD1101-01-00 BIZ1101-09-00,18.0,월금,1,1,1,4,1+1
2972,7.69,MR,YCA1006-01-00,UIC1561-01-00 UIC1551-01-00 UIC2151-05-00 UIC1805-02-00,YCH1605-01-00 YCK1998-03-00,18.0,월금,1,0,1,4,1+3
2973,7.69,MR,YCA1006-01-00,UIC1561-01-00 UIC1501-04-00 UIC2151-12-00 UIC1805-02-00,YCH1605-01-00 BIZ1101-09-00,18.0,월금,2,0,0,,1+1
2974,7.69,MR,YCA1006-02-00,UIC1561-01-00 UIC1551-04-00 UIC2151-07-00 UIC1805-02-00,YCK1998-03-00 CTM1001-02-00,18.0,월금,0,2,1,4+4,1+1
2975,7.69,MR,YCA1006-01-00,UIC1561-01-00 UIC1551-01-00 UIC2151-05-00 UIC1805-02-00,YCH1605-01-00 YCK1998-03-00,18.0,월금,1,0,1,4,1+3
2976,7.69,MR,YCA1006-02-00,UIC1561-01-00 UIC1551-04-00 UIC2151-12-00 UIC1806-02-00,ECO1002-06-00 YCK1998-03-00,18.0,월금,1,0,1,4,3+3
2977,7.69,MR,YCA1006-01-00,UIC1561-01-00 UIC1401-02-00 UIC2151-12-00 UIC1806-01-00,YCH1605-01-00 BIZ1101-09-00,18.0,월금,2,0,0,,1+1
2978,7.69,MR,YCA1006-01-00,UIC1561-01-00 UIC1401-02-00 UIC2151-12-00 UIC1806-02-00,UCD1101-01-00 STA1002-04-00,18.0,월금,1,0,1,4,2+1+2+1
2979,7.69,MR,YCA1006-02-00,UIC1561-01-00 UIC1551-04-00 UIC2151-12-00 UIC1806-02-00,YCE1253-01-00 BIZ1101-09-00,18.0,월금,1,1,1,4,1+1
2980,7.69,MR,YCA1006-01-00,UIC1561-01-00 UIC1251-02-00 UIC2151-12-00 UIC1805-02-00,YCI1901-01-00 STA1002-04-00,18.0,월금,1,0,1,4,2+1+1+2
2981,7.69,MR,YCA1006-02-00,UIC1561-01-00 UIC1551-04-00 UIC2151-08-00 UIC1806-02-00,YCK1998-03-00 CTM1001-02-00,18.0,월금,0,2,1,4+4,1+1
2982,7.69,MR,YCA1006-01-00,UIC1561-01-00 UIC1401-02-00 UIC2151-12-00 UIC1805-01-00,YCH1605-01-00 BIZ1101-09-00,18.0,월금,2,0,0,,1+1
2983,7.69,MR,YCA1006-02-00,UIC1561-01-00 UIC1551-04-00 UIC2151-06-00 UIC1805-02-00,YCK1998-03-00 CTM1001-02-00,18.0,월금,0,2,1,4+4,1+1
2984,7.69,MR,YCA1006-02-00,UIC1561-01-00 UIC1551-04-00 UIC2151-12-00 UIC1806-02-00,ECO1002-06-00 YCK1998-03-00,18.0,월금,1,0,1,4,3+3
2985,7.69,MR,YCA1006-01-00,UIC1561-01-00 UIC1401-02-00 UIC2151-12-00 UIC1805-01-00,YCH1605-01-00 BIZ1101-09-00,18.0,월금,2,0,0,,1+1
2986,7.69,MR,YCA1006-02-00,UIC1561-01-00 UIC1251-02-00 UIC2151-12-00 UIC1805-02-00,YCI1901-01-00 BIZ1101-09-00,18.0,월금,1,1,1,4,1+1
2987,7.69,MR,YCA1006-01-00,UIC1561-01-00 UIC1551-04-00 UIC2151-12-00 UIC1806-02-00,YCE1253-01-00 STA1002-04-00,18.0,월금,1,0,1,4,2+1+1+2
2988,7.69,MR,YCA1006-02-00,UIC1561-01-00 UIC1551-04-00 UIC2151-06-00 UIC1805-02-00,YCK1998-03-00 CTM1001-02-00,18.0,월금,0,2,1,4+4,1+1
2989,7.69,MR,YCA1006-01-00,UIC1561-01-00 UIC1251-02-00 UIC2151-12-00 UIC1805-02-00,YCI1901-01-00 STA1002-04-00,18.0,월금,1,0,1,4,2+1+1+2
2990,7.69,MR,YCA1006-01-00,UIC1561-01-00 UIC1251-02-00 UIC2151-12-00 UIC1805-02-00,UCD1101-01-00 STA1002-04-00,18.0,월금,1,0,1,4,2+1+2+1
2991,7.69,MR,YCA1006-01-00,UIC1561-01-00 UIC1551-01-00 UIC2151-08-00 UIC1806-01-00,YCH1605-01-00 YCK1998-03-00,18.0,월금,1,0,1,4,1+3
2992,7.673,MR,YCA1006-02-00,UIC1561-01-00 UIC1551-01-00 UIC2151-04-00 UIC1805-02-00,YCK1998-03-00 STA2102-04-00,18.0,금,0,0,1,,2+1+2+1
2993,7.673,MR,YCA1006-02-00,UIC1561-01-00 UIC1551-01-00 UIC2151-10-00 UIC1805-02-00,YCK1998-03-00 STA2102-04-00,18.0,금,0,0,1,,2+1+2+1
2994,7.673,MR,YCA1006-02-00,UIC1561-01-00 UIC1551-01-00 UIC2151-10-00 UIC1805-02-00,YCK1998-03-00 STA2102-04-00,18.0,금,0,0,1,,2+1+2+1
2995,7.673,MR,YCA1006-02-00,UIC1561-01-00 UIC1551-01-00 UIC2151-04-00 UIC1805-02-00,YCK1998-03-00 STA2102-04-00,18.0,금,0,0,1,,2+1+2+1
2996,7.659,MR,YCA1006-02-00,UIC1561-01-00 UIC1551-01-00 UIC2151-12-00 UIC1805-02-00,ANT2105-01-00 STA2102-04-00,18.0,월금,1,0,2,4,1+3+1
2997,7.659,MR,YCA1006-02-00,UIC1561-01-00 UIC1551-01-00 UIC2151-12-00 UIC1805-02-00,ANT2105-01-00 STA2102-04-00,18.0,월금,1,0,2,4,1+3+1
2998,7.62,Lang,YCA1006-02-00,QRM1001-01-00 UIC1561-01-00 UIC1551-01-00 UIC2151-12-00,CTM1002-02-00 BIZ1101-09-00,18.0,월금,1,1,1,5,1+1
2999,7.615,MR,YCA1006-01-00,UIC1561-01-00 UIC1551-04-00 UIC2151-09-00 UIC1806-01-00,YCH1605-01-00 YCI1998-02-00,18.0,월수금,1,0,1,6,1+2
3000,7.615,MR,YCA1006-01-00,UIC1561-01-00 UIC1551-04-00 UIC2151-05-00 UIC1805-02-00,YCH1605-01-00 YCI1998-02-00,18.0,월수금,1,0,1,6,1+2
3001,7.615,MR,YCA1006-01-00,UIC1561-01-00 UIC1551-04-00 UIC2151-09-00 UIC1805-01-00,YCH1605-01-00 YCI1998-02-00,18.0,월수금,1,0,1,6,1+2
3002,7.615,MR,YCA1006-01-00,UIC1561-01-00 UIC1551-04-00 UIC2151-08-00 UIC1806-01-00,YCH1605-01-00 YCI1998-02-00,18.0,월수금,1,0,1,6,1+2
3003,7.615,MR,YCA1006-01-00,UIC1561-01-00 UIC1401-02-00 UIC2151-14-00 UIC1806-01-00,UCB1105-02-00 YCH1605-01-00,18.0,월수금,1,0,1,6,1+2
3004,7.615,MR,YCA1006-01-00,UIC1561-01-00 UIC1401-02-00 UIC2151-14-00 UIC1805-01-00,UCB1105-02-00 YCH1605-01-00,18.0,월수금,1,0,1,6,1+2
3005,7.615,MR,YCA1006-01-00,UIC1561-01-00 UIC1551-04-00 UIC2151-08-00 UIC1805-01-00,YCH1605-01-00 YCI1998-02-00,18.0,월수금,1,0,1,6,1+2
3006,7.615,MR,YCA1006-01-00,UIC1561-01-00 UIC1551-04-00 UIC2151-08-00 UIC1805-01-00,YCH1605-01-00 YCI1998-02-00,18.0,월수금,1,0,1,6,1+2
3007,7.615,MR,YCA1006-01-00,UIC1561-01-00 UIC1401-02-00 UIC2151-14-00 UIC1805-01-00,UCB1105-02-00 YCH1605-01-00,18.0,월수금,1,0,1,6,1+2
3008,7.615,MR,YCA1006-01-00,UIC1561-01-00 UIC1551-04-00 UIC2151-09-00 UIC1806-01-00,YCH1605-01-00 YCI1998-02-00,18.0,월수금,1,0,1,6,1+2
3009,7.615,MR,YCA1006-01-00,UIC1561-01-00 UIC1551-04-00 UIC2151-05-00 UIC1805-02-00,YCH1605-01-00 YCI1998-02-00,18.0,월수금,1,0,1,6,1+2
3010,7.615,MR,YCA1006-01-00,UIC1561-01-00 UIC1501-04-00 UIC2151-14-00 UIC1805-02-00,UCB1105-02-00 YCH1605-01-00,18.0,월수금,1,0,1,6,1+2
3011,7.615,MR,YCA1006-01-00,UIC1561-01-00 UIC1501-04-00 UIC2151-14-00 UIC1805-02-00,UCB1105-02-00 YCH1605-01-00,18.0,월수금,1,0,1,6,1+2
3012,7.615,MR,YCA1006-02-00,UIC1561-01-00 UIC1551-01-00 UIC2151-12-00 UIC1806-02-00,UCB1105-02-00 ECO1002-06-00,18.0,월금,1,0,1,6,2+3
3013,7.615,MR,YCA1006-01-00,UIC1561-01-00 UIC1401-02-00 UIC2151-14-00 UIC1806-01-00,UCB1105-02-00 YCH1605-01-00,18.0,월수금,1,0,1,6,1+2
3014,7.615,MR,YCA1006-01-00,UIC1561-01-00 UIC1551-04-00 UIC2151-08-00 UIC1806-01-00,YCH1605-01-00 YCI1998-02-00,18.0,월수금,1,0,1,6,1+2
3015,7.615,MR,YCA1006-02-00,UIC1561-01-00 UIC1551-01-00 UIC2151-12-00 UIC1806-02-00,UCB1105-02-00 ECO1002-06-00,18.0,월금,1,0,1,6,2+3
3016,7.615,MR,YCA1006-01-00,UIC1561-01-00 UIC1551-04-00 UIC2151-09-00 UIC1805-01-00,YCH1605-01-00 YCI1998-02-00,18.0,월수금,1,0,1,6,1+2
3017,7.565,MR,YCA1006-01-00,UIC1561-01-00 UIC1401-02-00 UIC2151-12-00 UIC1806-02-00,YCK1998-03-00 ASP2010-01-00,18.0,월금,1,0,2,,1+2+3+1
3018,7.565,MR,YCA1006-01-00,UIC1561-01-00 UIC1551-04-00 UIC2151-12-00 UIC1806-02-00,ECO1002-04-00 YCI1998-02-00,18.0,월금,1,0,1,,1+2+3+1
3019,7.565,MR,YCA1006-01-00,UIC1561-01-00 UIC1251-02-00 UIC2151-12-00 UIC1805-02-00,YCK1998-03-00 ASP2010-01-00,18.0,월금,1,0,2,,1+2+3+1
3020,7.565,MR,YCA1006-01-00,UIC1561-01-00 UIC1551-04-00 UIC2151-12-00 UIC1805-02-00,YCH1605-01-00 ECO1002-04-00,18.0,월금,1,0,1,,1+1+3+2
3021,7.565,MR,YCA1006-02-00,UIC1561-01-00 UIC1551-01-00 UIC2151-12-00 UIC1806-02-00,FNS1001-01-00 YCK1998-03-00,18.0,월금,2,0,1,,2+3+1+1
3022,7.565,MR,YCA1006-02-00,UIC1561-01-00 UIC1551-01-00 UIC2151-12-00 UIC1806-02-00,FNS1001-01-00 YCK1998-03-00,18.0,월금,2,0,1,,2+3+1+1
3023,7.565,MR,YCA1006-01-00,UIC1561-01-00 UIC1551-04-00 UIC2151-12-00 UIC1805-02-00,YCH1605-01-00 ECO1002-04-00,18.0,월금,1,0,1,,1+1+3+2
3024,7.565,MR,YCA1006-01-00,UIC1561-01-00 UIC1551-04-00 UIC2151-12-00 UIC1806-02-00,ECO1002-04-00 YCI1998-02-00,18.0,월금,1,0,1,,1+2+3+1
3025,7.565,MR,YCA1006-01-00,UIC1561-01-00 UIC1251-02-00 UIC2151-12-00 UIC1805-02-00,YCK1998-03-00 ASP2010-01-00,18.0,월금,1,0,2,,1+2+3+1
3026,7.565,MR,YCA1006-01-00,UIC1561-01-00 UIC1401-02-00 UIC2151-12-00 UIC1806-02-00,YCK1998-03-00 ASP2010-01-00,18.0,월금,1,0,2,,1+2+3+1
3027,7.565,MR,YCA1006-02-00,UIC1561-01-00 UIC1551-01-00 UIC2151-12-00 UIC1806-02-00,YCG1804-01-00 YCI1901-01-00,18.0,월금,1,0,2,,2+3+1+1
3028,7.565,MR,YCA1006-02-00,UIC1561-01-00 UIC1551-01-00 UIC2151-12-00 UIC1806-02-00,YCG1804-01-00 YCI1901-01-00,18.0,월금,1,0,2,,2+3+1+1
3029,7.515,MR,YCA1006-02-00,UIC1561-01-00 UIC1401-02-00 UIC2151-12-00 UIC1806-02-00,YCI1998-02-00 YCK1998-03-00,18.0,월금,1,1,0,5,3
3030,7.515,MR,YCA1006-02-00,UIC1561-01-00 UIC1401-02-00 UIC2151-12-00 UIC1806-02-00,YCI1998-02-00 YCK1998-03-00,18.0,월금,1,1,0,5,3
3031,7.515,MR,YCA1006-02-00,UIC1561-01-00 UIC1251-02-00 UIC2151-12-00 UIC1805-02-00,YCI1998-02-00 YCK1998-03-00,18.0,월금,1,1,0,5,3
3032,7.515,MR,YCA1006-02-00,UIC1561-01-00 UIC1251-02-00 UIC2151-12-00 UIC1805-02-00,YCI1998-02-00 YCK1998-03-00,18.0,월금,1,1,0,5,3
3033,7.508,MR,YCA1006-02-00,UIC1561-01-00 UIC1551-01-00 UIC2151-04-00 UIC1805-02-00,UCB1105-02-00 YCK1998-03-00,18.0,금,0,0,1,,2+1+2+2
3034,7.508,MR,YCA1006-02-00,UIC1561-01-00 UIC1551-01-00 UIC2151-10-00 UIC1805-02-00,UCB1105-02-00 YCK1998-03-00,18.0,금,0,0,1,,2+1+2+2
3035,7.508,MR,YCA1006-02-00,UIC1561-01-00 UIC1551-01-00 UIC2151-10-00 UIC1806-02-00,ECO1002-06-00 YCK1998-03-00,18.0,금,0,0,1,,2+2+2+1
3036,7.508,MR,YCA1006-02-00,UIC1561-01-00 UIC1551-01-00 UIC2151-04-00 UIC1806-02-00,ECO1002-06-00 YCK1998-03-00,18.0,금,0,0,1,,2+2+2+1
3037,7.508,MR,YCA1006-02-00,UIC1561-01-00 UIC1551-01-00 UIC2151-04-00 UIC1805-02-00,UCB1105-02-00 YCK1998-03-00,18.0,금,0,0,1,,2+1+2+2
3038,7.508,MR,YCA1006-02-00,UIC1561-01-00 UIC1551-01-00 UIC2151-10-00 UIC1805-02-00,UCB1105-02-00 YCK1998-03-00,18.0,금,0,0,1,,2+1+2+2
3039,7.508,MR,YCA1006-02-00,UIC1561-01-00 UIC1551-01-00 UIC2151-04-00 UIC1806-02-00,ECO1002-06-00 YCK1998-03-00,18.0,금,0,0,1,,2+2+2+1
3040,7.508,MR,YCA1006-02-00,UIC1561-01-00 UIC1551-01-00 UIC2151-10-00 UIC1806-02-00,ECO1002-06-00 YCK1998-03-00,18.0,금,0,0,1,,2+2+2+1
3041,7.494,MR,YCA1006-01-00,UIC1561-01-00 UIC1551-04-00 UIC2151-05-00 UIC1805-02-00,YCH1605-01-00 YCH1202-01-00,18.0,월수금,1,0,2,4,1+1+2
3042,7.494,MR,YCA1006-02-00,UIC1561-01-00 UIC1551-01-00 UIC2151-09-00 UIC1805-01-00,UCB1105-02-00 ANT2105-01-00,18.0,월금,1,0,2,4,1+1+2
3043,7.494,MR,YCA1006-01-00,UIC1561-01-00 UIC1551-04-00 UIC2151-05-00 UIC1805-02-00,YCH1605-01-00 YCH1202-01-00,18.0,월수금,1,0,2,4,1+1+2
3044,7.494,MR,YCA1006-02-00,UIC1561-01-00 UIC1551-01-00 UIC2151-09-00 UIC1805-01-00,UCB1105-02-00 ANT2105-01-00,18.0,월금,1,0,2,4,1+1+2
3045,7.494,MR,YCA1006-02-00,UIC1561-01-00 UIC1551-01-00 UIC2151-08-00 UIC1805-01-00,UCB1105-02-00 ANT2105-01-00,18.0,월금,1,0,2,4,1+1+2
3046,7.494,MR,YCA1006-02-00,UIC1561-01-00 UIC1551-04-00 UIC2151-07-00 UIC1805-01-00,ANT2105-01-00 YCI1998-02-00,18.0,월금,1,0,2,4,1+2+1
3047,7.494,MR,YCA1006-02-00,UIC1561-01-00 UIC1551-04-00 UIC2151-07-00 UIC1805-01-00,ANT2105-01-00 YCI1998-02-00,18.0,월금,1,0,2,4,1+2+1
3048,7.494,MR,YCA1006-01-00,UIC1561-01-00 UIC1551-04-00 UIC2151-07-00 UIC1805-01-00,ANT2105-01-00 YCI1998-02-00,18.0,월금,1,0,2,4,1+2+1
3049,7.494,MR,YCA1006-01-00,UIC1561-01-00 UIC1551-04-00 UIC2151-05-00 UIC1806-02-00,ANT2105-01-00 YCI1998-02-00,18.0,월금,1,0,2,4,1+2+1
3050,7.494,MR,YCA1006-02-00,UIC1561-01-00 UIC1251-02-00 UIC2151-14-00 UIC1805-01-00,UCB1105-02-00 ANT2105-01-00,18.0,월금,1,0,2,4,1+2+1
3051,7.494,MR,YCA1006-02-00,UIC1561-01-00 UIC1501-04-00 UIC2151-14-00 UIC1806-02-00,UCB1105-02-00 ANT2105-01-00,18.0,월금,1,0,2,4,1+2+1
3052,7.494,MR,YCA1006-01-00,UIC1561-01-00 UIC1251-02-00 UIC2151-14-00 UIC1806-01-00,UCB1105-02-00 ANT2105-01-00,18.0,월금,1,0,2,4,1+2+1
3053,7.494,MR,YCA1006-02-00,UIC1561-01-00 UIC1551-04-00 UIC2151-07-00 UIC1806-01-00,ANT2105-01-00 YCI1998-02-00,18.0,월금,1,0,2,4,1+2+1
3054,7.494,MR,YCA1006-01-00,UIC1561-01-00 UIC1551-04-00 UIC2151-05-00 UIC1806-02-00,ANT2105-01-00 YCI1998-02-00,18.0,월금,1,0,2,4,1+2+1
3055,7.494,MR,YCA1006-01-00,UIC1561-01-00 UIC1551-04-00 UIC2151-08-00 UIC1806-01-00,YCH1605-01-00 YCH1202-01-00,18.0,월수금,1,0,2,4,1+1+2
3056,7.494,MR,YCA1006-01-00,UIC1561-01-00 UIC1551-04-00 UIC2151-06-00 UIC1805-01-00,ANT2105-01-00 YCI1998-02-00,18.0,월금,1,0,2,4,1+2+1
3057,7.494,MR,YCA1006-01-00,UIC1561-01-00 UIC1551-04-00 UIC2151-09-00 UIC1805-01-00,YCH1605-01-00 ANT2105-01-00,18.0,월금,1,0,2,4,1+1+2
3058,7.494,MR,YCA1006-02-00,UIC1561-01-00 UIC1551-04-00 UIC2151-06-00 UIC1805-01-00,ANT2105-01-00 YCI1998-02-00,18.0,월금,1,0,2,4,1+2+1
3059,7.494,MR,YCA1006-02-00,UIC1561-01-00 UIC1551-01-00 UIC2151-05-00 UIC1805-02-00,UCB1105-02-00 ANT2105-01-00,18.0,월금,1,0,2,4,1+1+2
3060,7.494,MR,YCA1006-01-00,UIC1561-01-00 UIC1551-04-00 UIC2151-07-00 UIC1805-01-00,ANT2105-01-00 YCI1998-02-00,18.0,월금,1,0,2,4,1+2+1
3061,7.494,MR,YCA1006-01-00,UIC1561-01-00 UIC1551-04-00 UIC2151-08-00 UIC1805-01-00,YCH1605-01-00 ANT2105-01-00,18.0,월금,1,0,2,4,1+1+2
3062,7.494,MR,YCA1006-02-00,UIC1561-01-00 UIC1551-04-00 UIC2151-05-00 UIC1806-02-00,ANT2105-01-00 YCI1998-02-00,18.0,월금,1,0,2,4,1+2+1
3063,7.494,MR,YCA1006-01-00,UIC1561-01-00 UIC1551-04-00 UIC2151-05-00 UIC1805-02-00,YCH1605-01-00 ANT2105-01-00,18.0,월금,1,0,2,4,1+1+2
3064,7.494,MR,YCA1006-02-00,UIC1561-01-00 UIC1551-04-00 UIC2151-05-00 UIC1806-02-00,ANT2105-01-00 YCI1998-02-00,18.0,월금,1,0,2,4,1+2+1
3065,7.494,MR,YCA1006-02-00,UIC1561-01-00 UIC1551-01-00 UIC2151-12-00 UIC1805-02-00,UCB1105-02-00 ANT2105-01-00,18.0,월금,1,0,2,4,1+3+2
3066,7.494,MR,YCA1006-01-00,UIC1561-01-00 UIC1551-04-00 UIC2151-08-00 UIC1806-01-00,YCH1605-01-00 YCH1202-01-00,18.0,월수금,1,0,2,4,1+1+2
3067,7.494,MR,YCA1006-02-00,UIC1561-01-00 UIC1551-01-00 UIC2151-12-00 UIC1806-02-00,ANT2105-01-00 ECO1002-06-00,18.0,월금,1,0,2,4,2+3+1
3068,7.494,MR,YCA1006-01-00,UIC1561-01-00 UIC1551-04-00 UIC2151-06-00 UIC1805-01-00,ANT2105-01-00 YCI1998-02-00,18.0,월금,1,0,2,4,1+2+1
3069,7.494,MR,YCA1006-02-00,UIC1561-01-00 UIC1551-01-00 UIC2151-05-00 UIC1805-02-00,UCB1105-02-00 ANT2105-01-00,18.0,월금,1,0,2,4,1+1+2
3070,7.494,MR,YCA1006-01-00,UIC1561-01-00 UIC1551-04-00 UIC2151-09-00 UIC1806-01-00,YCH1605-01-00 YCH1202-01-00,18.0,월수금,1,0,2,4,1+1+2
3071,7.494,MR,YCA1006-01-00,UIC1561-01-00 UIC1551-04-00 UIC2151-07-00 UIC1806-01-00,ANT2105-01-00 YCI1998-02-00,18.0,월금,1,0,2,4,1+2+1
3072,7.494,MR,YCA1006-01-00,UIC1561-01-00 UIC1251-02-00 UIC2151-14-00 UIC1806-01-00,UCB1105-02-00 ANT2105-01-00,18.0,월금,1,0,2,4,1+2+1
3073,7.494,MR,YCA1006-02-00,UIC1561-01-00 UIC1251-02-00 UIC2151-14-00 UIC1806-01-00,UCB1105-02-00 ANT2105-01-00,18.0,월금,1,0,2,4,1+2+1
3074,7.494,MR,YCA1006-01-00,UIC1561-01-00 UIC1551-04-00 UIC2151-08-00 UIC1806-01-00,YCH1605-01-00 ANT2105-01-00,18.0,월금,1,0,2,4,1+1+2
3075,7.494,MR,YCA1006-02-00,UIC1561-01-00 UIC1551-01-00 UIC2151-12-00 UIC1805-02-00,UCB1105-02-00 ANT2105-01-00,18.0,월금,1,0,2,4,1+3+2
3076,7.494,MR,YCA1006-02-00,UIC1561-01-00 UIC1551-04-00 UIC2151-06-00 UIC1806-01-00,ANT2105-01-00 YCI1998-02-00,18.0,월금,1,0,2,4,1+2+1
3077,7.494,MR,YCA1006-01-00,UIC1561-01-00 UIC1251-02-00 UIC2151-14-00 UIC1805-01-00,UCB1105-02-00 ANT2105-01-00,18.0,월금,1,0,2,4,1+2+1
3078,7.494,MR,YCA1006-01-00,UIC1561-01-00 UIC1551-04-00 UIC2151-06-00 UIC1806-01-00,ANT2105-01-00 YCI1998-02-00,18.0,월금,1,0,2,4,1+2+1
3079,7.494,MR,YCA1006-02-00,UIC1561-01-00 UIC1551-01-00 UIC2151-08-00 UIC1806-01-00,UCB1105-02-00 ANT2105-01-00,18.0,월금,1,0,2,4,1+1+2
3080,7.494,MR,YCA1006-02-00,UIC1561-01-00 UIC1551-01-00 UIC2151-08-00 UIC1805-01-00,UCB1105-02-00 ANT2105-01-00,18.0,월금,1,0,2,4,1+1+2
3081,7.494,MR,YCA1006-02-00,UIC1561-01-00 UIC1551-01-00 UIC2151-09-00 UIC1806-01-00,UCB1105-02-00 ANT2105-01-00,18.0,월금,1,0,2,4,1+1+2
3082,7.494,MR,YCA1006-01-00,UIC1561-01-00 UIC1501-04-00 UIC2151-14-00 UIC1806-02-00,UCB1105-02-00 ANT2105-01-00,18.0,월금,1,0,2,4,1+2+1
3083,7.494,MR,YCA1006-01-00,UIC1561-01-00 UIC1551-04-00 UIC2151-05-00 UIC1805-02-00,YCH1605-01-00 ANT2105-01-00,18.0,월금,1,0,2,4,1+1+2
3084,7.494,MR,YCA1006-01-00,UIC1561-01-00 UIC1551-04-00 UIC2151-09-00 UIC1806-01-00,YCH1605-01-00 ANT2105-01-00,18.0,월금,1,0,2,4,1+1+2
3085,7.494,MR,YCA1006-02-00,UIC1561-01-00 UIC1551-01-00 UIC2151-12-00 UIC1806-02-00,ANT2105-01-00 ECO1002-06-00,18.0,월금,1,0,2,4,2+3+1
3086,7.494,MR,YCA1006-01-00,UIC1561-01-00 UIC1551-04-00 UIC2151-08-00 UIC1805-01-00,YCH1605-01-00 YCH1202-01-00,18.0,월수금,1,0,2,4,1+1+2
3087,7.494,MR,YCA1006-01-00,UIC1561-01-00 UIC1551-04-00 UIC2151-08-00 UIC1805-01-00,YCH1605-01-00 ANT2105-01-00,18.0,월금,1,0,2,4,1+1+2
3088,7.494,MR,YCA1006-02-00,UIC1561-01-00 UIC1551-04-00 UIC2151-06-00 UIC1806-01-00,ANT2105-01-00 YCI1998-02-00,18.0,월금,1,0,2,4,1+2+1
3089,7.494,MR,YCA1006-01-00,UIC1561-01-00 UIC1551-04-00 UIC2151-09-00 UIC1805-01-00,YCH1605-01-00 YCH1202-01-00,18.0,월수금,1,0,2,4,1+1+2
3090,7.494,MR,YCA1006-02-00,UIC1561-01-00 UIC1251-02-00 UIC2151-14-00 UIC1806-01-00,UCB1105-02-00 ANT2105-01-00,18.0,월금,1,0,2,4,1+2+1
3091,7.494,MR,YCA1006-01-00,UIC1561-01-00 UIC1551-04-00 UIC2151-09-00 UIC1805-01-00,YCH1605-01-00 ANT2105-01-00,18.0,월금,1,0,2,4,1+1+2
3092,7.494,MR,YCA1006-02-00,UIC1561-01-00 UIC1551-01-00 UIC2151-09-00 UIC1806-01-00,UCB1105-02-00 ANT2105-01-00,18.0,월금,1,0,2,4,1+1+2
3093,7.494,MR,YCA1006-01-00,UIC1561-01-00 UIC1551-04-00 UIC2151-08-00 UIC1806-01-00,YCH1605-01-00 ANT2105-01-00,18.0,월금,1,0,2,4,1+1+2
3094,7.494,MR,YCA1006-01-00,UIC1561-01-00 UIC1551-04-00 UIC2151-09-00 UIC1806-01-00,YCH1605-01-00 YCH1202-01-00,18.0,월수금,1,0,2,4,1+1+2
3095,7.494,MR,YCA1006-02-00,UIC1561-01-00 UIC1551-01-00 UIC2151-08-00 UIC1806-01-00,UCB1105-02-00 ANT2105-01-00,18.0,월금,1,0,2,4,1+1+2
3096,7.494,MR,YCA1006-01-00,UIC1561-01-00 UIC1551-04-00 UIC2151-09-00 UIC1805-01-00,YCH1605-01-00 YCH1202-01-00,18.0,월수금,1,0,2,4,1+1+2
3097,7.494,MR,YCA1006-01-00,UIC1561-01-00 UIC1251-02-00 UIC2151-14-00 UIC1805-01-00,UCB1105-02-00 ANT2105-01-00,18.0,월금,1,0,2,4,1+2+1
3098,7.494,MR,YCA1006-02-00,UIC1561-01-00 UIC1501-04-00 UIC2151-14-00 UIC1806-02-00,UCB1105-02-00 ANT2105-01-00,18.0,월금,1,0,2,4,1+2+1
3099,7.494,MR,YCA1006-01-00,UIC1561-01-00 UIC1551-04-00 UIC2151-07-00 UIC1806-01-00,ANT2105-01-00 YCI1998-02-00,18.0,월금,1,0,2,4,1+2+1
3100,7.494,MR,YCA1006-02-00,UIC1561-01-00 UIC1551-04-00 UIC2151-06-00 UIC1805-01-00,ANT2105-01-00 YCI1998-02-00,18.0,월금,1,0,2,4,1+2+1
3101,7.494,MR,YCA1006-01-00,UIC1561-01-00 UIC1551-04-00 UIC2151-09-00 UIC1806-01-00,YCH1605-01-00 ANT2105-01-00,18.0,월금,1,0,2,4,1+1+2
3102,7.494,MR,YCA1006-01-00,UIC1561-01-00 UIC1551-04-00 UIC2151-06-00 UIC1806-01-00,ANT2105-01-00 YCI1998-02-00,18.0,월금,1,0,2,4,1+2+1
3103,7.494,MR,YCA1006-02-00,UIC1561-01-00 UIC1551-04-00 UIC2151-07-00 UIC1806-01-00,ANT2105-01-00 YCI1998-02-00,18.0,월금,1,0,2,4,1+2+1
3104,7.494,MR,YCA1006-01-00,UIC1561-01-00 UIC1551-04-00 UIC2151-08-00 UIC1805-01-00,YCH1605-01-00 YCH1202-01-00,18.0,월수금,1,0,2,4,1+1+2
3105,7.494,MR,YCA1006-01-00,UIC1561-01-00 UIC1501-04-00 UIC2151-14-00 UIC1806-02-00,UCB1105-02-00 ANT2105-01-00,18.0,월금,1,0,2,4,1+2+1
3106,7.494,MR,YCA1006-02-00,UIC1561-01-00 UIC1251-02-00 UIC2151-14-00 UIC1805-01-00,UCB1105-02-00 ANT2105-01-00,18.0,월금,1,0,2,4,1+2+1
3107,7.49,MR,YCA1006-02-00,UIC1561-01-00 UIC1551-01-00 UIC2151-08-00 UIC1806-02-00,YCI1901-01-00 CTM1001-02-00,18.0,월금,0,2,2,7,1+1
3108,7.49,MR,YCA1006-02-00,UIC1561-01-00 UIC1401-02-00 UIC2151-14-00 UIC1806-02-00,UCD1101-01-00 CTM1001-02-00,18.0,월금,0,2,2,7,1+1
3109,7.49,MR,YCA1006-02-00,UIC1561-01-00 UIC1551-01-00 UIC2151-06-00 UIC1805-02-00,YCI1901-01-00 CTM1001-02-00,18.0,월금,0,2,2,7,1+1
3110,7.49,MR,YCA1006-02-00,UIC1561-01-00 UIC1551-01-00 UIC2151-09-00 UIC1806-02-00,YCI1901-01-00 CTM1001-02-00,18.0,월금,0,2,2,7,1+1
3111,7.49,MR,YCA1006-02-00,UIC1561-01-00 UIC1551-01-00 UIC2151-07-00 UIC1805-02-00,YCI1901-01-00 CTM1001-02-00,18.0,월금,0,2,2,7,1+1
3112,7.49,MR,YCA1006-02-00,UIC1561-01-00 UIC1551-01-00 UIC2151-09-00 UIC1806-02-00,YCI1901-01-00 CTM1001-02-00,18.0,월금,0,2,2,7,1+1
3113,7.49,MR,YCA1006-02-00,UIC1561-01-00 UIC1551-01-00 UIC2151-07-00 UIC1805-02-00,YCI1901-01-00 CTM1001-02-00,18.0,월금,0,2,2,7,1+1
3114,7.49,MR,YCA1006-02-00,UIC1561-01-00 UIC1251-02-00 UIC2151-14-00 UIC1805-02-00,UCD1101-01-00 CTM1001-02-00,18.0,월금,0,2,2,7,1+1
3115,7.49,MR,YCA1006-02-00,UIC1561-01-00 UIC1401-02-00 UIC2151-14-00 UIC1806-02-00,UCD1101-01-00 CTM1001-02-00,18.0,월금,0,2,2,7,1+1
3116,7.49,MR,YCA1006-02-00,UIC1561-01-00 UIC1251-02-00 UIC2151-14-00 UIC1805-02-00,UCD1101-01-00 CTM1001-02-00,18.0,월금,0,2,2,7,1+1
3117,7.49,MR,YCA1006-02-00,UIC1561-01-00 UIC1551-01-00 UIC2151-06-00 UIC1805-02-00,YCI1901-01-00 CTM1001-02-00,18.0,월금,0,2,2,7,1+1
3118,7.49,MR,YCA1006-02-00,UIC1561-01-00 UIC1551-01-00 UIC2151-08-00 UIC1806-02-00,YCI1901-01-00 CTM1001-02-00,18.0,월금,0,2,2,7,1+1
3119,7.48,MR,-,UIC1561-01-00 UIC1251-02-00 UIC2151-12-00 UIC1805-02-00,UCD1101-01-00 BIZ1101-09-00,18.0,월금,1,0,1,,1+1
3120,7.48,MR,-,UIC1561-01-00 UIC1551-01-00 UIC2151-09-00 UIC1806-02-00,YCK1998-03-00 CTM1001-02-00,18.0,월금,0,1,1,4,1+1
3121,7.48,MR,-,UIC1561-01-00 UIC1551-01-00 UIC2151-12-00 UIC1805-02-00,ECO1002-05-00 BIZ1101-09-00,18.0,월금,1,0,1,,1+1
3122,7.48,MR,-,UIC1561-01-00 UIC1551-01-00 UIC2151-08-00 UIC1806-02-00,YCK1998-03-00 CTM1001-02-00,18.0,월금,0,1,1,4,1+1
3123,7.48,MR,-,UIC1561-01-00 UIC1551-04-00 UIC2151-08-00 UIC1806-02-00,YCK1998-03-00 CTM1001-02-00,18.0,월금,0,1,1,4,1+1
3124,7.48,MR,-,UIC1561-01-00 UIC1551-01-00 UIC2151-07-00 UIC1805-02-00,YCK1998-03-00 CTM1001-02-00,18.0,월금,0,1,1,4,1+1
3125,7.48,MR,-,UIC1561-01-00 UIC1551-01-00 UIC2151-07-00 UIC1805-02-00,YCK1998-03-00 CTM1001-02-00,18.0,월금,0,1,1,4,1+1
3126,7.48,MR,-,UIC1561-01-00 UIC1401-02-00 UIC2151-12-00 UIC1806-02-00,UCD1101-01-00 BIZ1101-09-00,18.0,월금,1,0,1,,1+1
3127,7.48,MR,-,UIC1561-01-00 UIC1401-02-00 UIC2151-12-00 UIC1806-02-00,YCI1901-01-00 BIZ1101-09-00,18.0,월금,1,0,1,,1+1
3128,7.48,MR,-,UIC1561-01-00 UIC1551-04-00 UIC2151-12-00 UIC1806-02-00,YCE1253-01-00 BIZ1101-09-00,18.0,월금,1,0,1,,1+1
3129,7.48,MR,-,UIC1561-01-00 UIC1551-04-00 UIC2151-09-00 UIC1806-02-00,YCK1998-03-00 CTM1001-02-00,18.0,월금,0,1,1,4,1+1
3130,7.48,MR,-,UIC1561-01-00 UIC1551-01-00 UIC2151-12-00 UIC1805-02-00,ECO1002-05-00 BIZ1101-09-00,18.0,월금,1,0,1,,1+1
3131,7.48,MR,-,UIC1561-01-00 UIC1551-01-00 UIC2151-09-00 UIC1806-02-00,YCK1998-03-00 CTM1001-02-00,18.0,월금,0,1,1,4,1+1
3132,7.48,MR,-,UIC1561-01-00 UIC1551-01-00 UIC2151-06-00 UIC1805-02-00,YCK1998-03-00 CTM1001-02-00,18.0,월금,0,1,1,4,1+1
3133,7.48,MR,-,UIC1561-01-00 UIC1401-02-00 UIC2151-12-00 UIC1806-02-00,YCI1901-01-00 BIZ1101-09-00,18.0,월금,1,0,1,,1+1
3134,7.48,MR,-,UIC1561-01-00 UIC1251-02-00 UIC2151-12-00 UIC1805-02-00,UCD1101-01-00 BIZ1101-09-00,18.0,월금,1,0,1,,1+1
3135,7.48,MR,-,UIC1561-01-00 UIC1551-04-00 UIC2151-07-00 UIC1805-02-00,YCK1998-03-00 CTM1001-02-00,18.0,월금,0,1,1,4,1+1
3136,7.48,MR,-,UIC1561-01-00 UIC1551-01-00 UIC2151-06-00 UIC1805-02-00,YCK1998-03-00 CTM1001-02-00,18.0,월금,0,1,1,4,1+1
3137,7.48,MR,-,UIC1561-01-00 UIC1551-04-00 UIC2151-06-00 UIC1805-02-00,YCK1998-03-00 CTM1001-02-00,18.0,월금,0,1,1,4,1+1
3138,7.48,MR,-,UIC1561-01-00 UIC1551-01-00 UIC2151-08-00 UIC1806-02-00,YCK1998-03-00 CTM1001-02-00,18.0,월금,0,1,1,4,1+1
3139,7.48,MR,-,UIC1561-01-00 UIC1251-02-00 UIC2151-12-00 UIC1805-02-00,YCI1901-01-00 BIZ1101-09-00,18.0,월금,1,0,1,,1+1
3140,7.48,MR,-,UIC1561-01-00 UIC1401-02-00 UIC2151-12-00 UIC1806-02-00,UCD1101-01-00 BIZ1101-09-00,18.0,월금,1,0,1,,1+1
3141,7.48,MR,-,UIC1561-01-00 UIC1551-04-00 UIC2151-07-00 UIC1805-02-00,YCK1998-03-00 CTM1001-02-00,18.0,월금,0,1,1,4,1+1
3142,7.48,MR,-,UIC1561-01-00 UIC1551-04-00 UIC2151-08-00 UIC1806-02-00,YCK1998-03-00 CTM1001-02-00,18.0,월금,0,1,1,4,1+1
3143,7.48,MR,-,UIC1561-01-00 UIC1251-02-00 UIC2151-12-00 UIC1805-02-00,YCI1901-01-00 BIZ1101-09-00,18.0,월금,1,0,1,,1+1
3144,7.48,MR,-,UIC1561-01-00 UIC1551-04-00 UIC2151-06-00 UIC1805-02-00,YCK1998-03-00 CTM1001-02-00,18.0,월금,0,1,1,4,1+1
3145,7.48,MR,-,UIC1561-01-00 UIC1551-04-00 UIC2151-09-00 UIC1806-02-00,YCK1998-03-00 CTM1001-02-00,18.0,월금,0,1,1,4,1+1
3146,7.48,MR,-,UIC1561-01-00 UIC1551-04-00 UIC2151-12-00 UIC1806-02-00,YCE1253-01-00 BIZ1101-09-00,18.0,월금,1,0,1,,1+1
3147,7.465,WCiv,YCA1006-02-00,QRM1001-01-00 UIC1551-01-00 UIC2151-13-00 UIC1806-01-00,YCE1253-01-00 STA1002-04-00,18.0,월금,1,1,2,5,1+1+2+1
3148,7.465,WCiv,YCA1006-02-00,QRM1001-01-00 UIC1551-01-00 UIC2151-13-00 UIC1806-01-00,YCE1253-01-00 STA1002-04-00,18.0,월금,1,1,2,5,1+1+2+1
3149,7.465,WCiv,YCA1006-02-00,QRM1001-01-00 UIC1551-01-00 UIC2151-13-00 UIC1805-01-00,YCE1253-01-00 STA1002-04-00,18.0,월금,1,1,2,5,1+1+2+1
3150,7.465,WCiv,YCA1006-02-00,QRM1001-01-00 UIC1551-01-00 UIC2151-13-00 UIC1805-01-00,YCE1253-01-00 STA1002-04-00,18.0,월금,1,1,2,5,1+1+2+1
3151,7.424,MR,YCA1006-01-00,UIC1561-01-00 UIC1551-04-00 UIC2151-09-00 UIC1806-01-00,ECO1101-06-00 UCD1101-01-00,18.0,월금,1,0,4,4,2+1+2+2
3152,7.424,MR,YCA1006-01-00,UIC1561-01-00 UIC1551-04-00 UIC2151-09-00 UIC1805-01-00,ECO1101-06-00 UCD1101-01-00,18.0,월금,1,0,4,4,2+1+2+2
3153,7.424,MR,YCA1006-01-00,UIC1561-01-00 UIC1551-04-00 UIC2151-09-00 UIC1805-01-00,ECO1101-06-00 UCD1101-01-00,18.0,월금,1,0,4,4,2+1+2+2
3154,7.424,MR,YCA1006-01-00,UIC1561-01-00 UIC1551-04-00 UIC2151-08-00 UIC1805-01-00,ECO1101-06-00 UCD1101-01-00,18.0,월금,1,0,4,4,2+1+2+2
3155,7.424,MR,YCA1006-01-00,UIC1561-01-00 UIC1551-04-00 UIC2151-09-00 UIC1806-01-00,ECO1101-06-00 UCD1101-01-00,18.0,월금,1,0,4,4,2+1+2+2
3156,7.424,MR,YCA1006-01-00,UIC1561-01-00 UIC1551-04-00 UIC2151-08-00 UIC1806-01-00,ECO1101-06-00 UCD1101-01-00,18.0,월금,1,0,4,4,2+1+2+2
3157,7.424,MR,YCA1006-01-00,UIC1561-01-00 UIC1551-04-00 UIC2151-05-00 UIC1805-02-00,ECO1101-06-00 UCD1101-01-00,18.0,월금,1,0,4,4,2+1+2+2
3158,7.424,MR,YCA1006-01-00,UIC1561-01-00 UIC1551-04-00 UIC2151-08-00 UIC1806-01-00,ECO1101-06-00 UCD1101-01-00,18.0,월금,1,0,4,4,2+1+2+2
3159,7.424,MR,YCA1006-01-00,UIC1561-01-00 UIC1551-04-00 UIC2151-05-00 UIC1805-02-00,ECO1101-06-00 UCD1101-01-00,18.0,월금,1,0,4,4,2+1+2+2
3160,7.424,MR,YCA1006-01-00,UIC1561-01-00 UIC1551-04-00 UIC2151-08-00 UIC1805-01-00,ECO1101-06-00 UCD1101-01-00,18.0,월금,1,0,4,4,2+1+2+2
3161,7.42,Lang,YCA1006-02-00,QRM1001-01-00 UIC1561-01-00 UIC1551-01-00 UIC2151-12-00,YCI1901-01-00 STA1002-04-00,18.0,월금,1,0,2,4,2+3+2+1
3162,7.419,MR,YCA1006-02-00,UIC1561-01-00 UIC1251-02-00 UIC2151-14-00 UIC1805-02-00,YCH1202-01-00 STA1002-04-00,18.0,월금,0,1,2,7,2+2+1
3163,7.419,MR,YCA1006-02-00,UIC1561-01-00 UIC1401-02-00 UIC2151-14-00 UIC1806-02-00,YCH1202-01-00 STA1002-04-00,18.0,월금,0,1,2,7,2+2+1
3164,7.419,MR,YCA1006-02-00,UIC1561-01-00 UIC1251-02-00 UIC2151-14-00 UIC1805-02-00,YCH1202-01-00 STA1002-04-00,18.0,월금,0,1,2,7,2+2+1
3165,7.419,MR,YCA1006-02-00,UIC1561-01-00 UIC1401-02-00 UIC2151-14-00 UIC1806-02-00,YCH1202-01-00 STA1002-04-00,18.0,월금,0,1,2,7,2+2+1
3166,7.345,Lang,YCA1006-02-00,QRM1001-01-00 UIC1561-01-00 UIC1551-01-00 UIC2151-12-00,YCB1101-13-00 YCH1605-01-00,18.0,월금,1,0,2,6,2+3
3167,7.345,Lang,YCA1006-02-00,QRM1001-01-00 UIC1561-01-00 UIC1551-04-00 UIC2151-12-00,YCH1605-01-00 YCJ1305-01-00,18.0,월금,1,0,2,6,2+3
3168,7.345,Lang,YCA1006-02-00,QRM1001-01-00 UIC1561-01-00 UIC1551-04-00 UIC2151-12-00,YCB1101-43-00 YCH1605-01-00,18.0,월금,1,0,2,6,2+3
3169,7.34,-,YCA1006-02-00,QRM1001-01-00 UIC1561-01-00 UIC1551-01-00 UIC2151-12-00 UIC1806-01-00,YCE1253-01-00,18.0,월금,2,1,1,5,1+1+3+1
3170,7.34,-,YCA1006-02-00,QRM1001-01-00 UIC1561-01-00 UIC1551-01-00 UIC2151-12-00 UIC1806-01-00,YCE1253-01-00,18.0,월금,2,1,1,5,1+1+3+1
3171,7.34,-,YCA1006-02-00,QRM1001-01-00 UIC1561-01-00 UIC1551-01-00 UIC2151-12-00 UIC1805-01-00,YCE1253-01-00,18.0,월금,2,1,1,5,1+1+3+1
3172,7.34,-,YCA1006-02-00,QRM1001-01-00 UIC1561-01-00 UIC1551-01-00 UIC2151-12-00 UIC1805-01-00,YCE1253-01-00,18.0,월금,2,1,1,5,1+1+3+1
3173,7.34,WCiv,YCA1006-02-00,QRM1001-01-00 UIC1551-01-00 UIC2151-13-00 UIC1806-01-00,YCE1253-01-00 YCG1804-01-00,18.0,월금,1,1,2,5,1+1+1+1
3174,7.34,WCiv,YCA1006-02-00,QRM1001-01-00 UIC1551-01-00 UIC2151-13-00 UIC1805-01-00,YCE1253-01-00 YCG1804-01-00,18.0,월금,1,1,2,5,1+1+1+1
3175,7.34,WCiv,YCA1006-02-00,QRM1001-01-00 UIC1551-01-00 UIC2151-13-00 UIC1806-01-00,YCE1253-01-00 YCG1804-01-00,18.0,월금,1,1,2,5,1+1+1+1
3176,7.34,WCiv,YCA1006-02-00,QRM1001-01-00 UIC1551-01-00 UIC2151-13-00 UIC1805-01-00,YCE1253-01-00 YCG1804-01-00,18.0,월금,1,1,2,5,1+1+1+1
3177,7.335,Lang,YCA1006-01-00,QRM1001-01-00 UIC1561-01-00 UIC1551-01-00 UIC2151-12-00,YCE1253-01-00 STA2102-05-00,18.0,월금,1,0,1,4,2+2+1
3178,7.335,Lang,YCA1006-01-00,QRM1001-01-00 UIC1561-01-00 UIC1551-01-00 UIC2151-12-00,MAT1011-02-00 STA2102-05-00,18.0,월금,1,0,1,4,2+2+1
3179,7.315,MR,YCA1006-01-00,UIC1561-01-00 ASP2022-01-00 UIC2151-08-00 UIC1806-02-00,UCD1101-01-00 YCK1998-03-00,18.0,월금,0,0,1,5+6,1
3180,7.315,MR,YCA1006-01-00,UIC1561-01-00 ASP2022-01-00 UIC2151-06-00 UIC1805-02-00,UCD1101-01-00 YCK1998-03-00,18.0,월금,0,0,1,5+6,1
3181,7.315,MR,YCA1006-01-00,UIC1561-01-00 ASP2022-01-00 UIC2151-07-00 UIC1805-02-00,UCD1101-01-00 YCK1998-03-00,18.0,월금,0,0,1,5+6,1
3182,7.315,MR,YCA1006-01-00,UIC1561-01-00 ASP2022-01-00 UIC2151-09-00 UIC1806-02-00,UCD1101-01-00 YCK1998-03-00,18.0,월금,0,0,1,5+6,1
3183,7.315,MR,YCA1006-01-00,UIC1561-01-00 ASP2022-01-00 UIC2151-07-00 UIC1805-02-00,UCD1101-01-00 YCK1998-03-00,18.0,월금,0,0,1,5+6,1
3184,7.315,MR,YCA1006-01-00,UIC1561-01-00 ASP2022-01-00 UIC2151-06-00 UIC1805-02-00,UCD1101-01-00 YCK1998-03-00,18.0,월금,0,0,1,5+6,1
3185,7.315,MR,YCA1006-01-00,UIC1561-01-00 ASP2022-01-00 UIC2151-09-00 UIC1806-02-00,UCD1101-01-00 YCK1998-03-00,18.0,월금,0,0,1,5+6,1
3186,7.315,MR,YCA1006-01-00,UIC1561-01-00 ASP2022-01-00 UIC2151-08-00 UIC1806-02-00,UCD1101-01-00 YCK1998-03-00,18.0,월금,0,0,1,5+6,1
3187,7.315,MR,YCA1006-01-00,UIC1561-01-00 UIC1551-01-00 UIC2151-05-00 UIC1805-02-00,UCB1105-02-00 YCG1804-01-00,18.0,월수금,1,0,1,,2+2+1
3188,7.315,MR,YCA1006-01-00,UIC1561-01-00 UIC1551-01-00 UIC2151-09-00 UIC1805-01-00,UCB1105-02-00 YCG1804-01-00,18.0,월수금,1,0,1,,2+2+1
3189,7.315,MR,YCA1006-01-00,UIC1561-01-00 UIC1551-01-00 UIC2151-09-00 UIC1806-01-00,UCB1105-02-00 YCG1804-01-00,18.0,월수금,1,0,1,,2+2+1
3190,7.315,MR,YCA1006-01-00,UIC1561-01-00 UIC1551-01-00 UIC2151-08-00 UIC1806-01-00,UCB1105-02-00 YCG1804-01-00,18.0,월수금,1,0,1,,2+2+1
3191,7.315,MR,YCA1006-01-00,UIC1561-01-00 UIC1551-01-00 UIC2151-09-00 UIC1806-01-00,UCB1105-02-00 YCG1804-01-00,18.0,월수금,1,0,1,,2+2+1
3192,7.315,MR,YCA1006-01-00,UIC1561-01-00 UIC1551-01-00 UIC2151-08-00 UIC1806-01-00,UCB1105-02-00 YCG1804-01-00,18.0,월수금,1,0,1,,2+2+1
3193,7.315,MR,YCA1006-01-00,UIC1561-01-00 UIC1551-01-00 UIC2151-08-00 UIC1805-01-00,UCB1105-02-00 YCG1804-01-00,18.0,월수금,1,0,1,,2+2+1
3194,7.315,MR,YCA1006-01-00,UIC1561-01-00 UIC1551-01-00 UIC2151-09-00 UIC1805-01-00,UCB1105-02-00 YCG1804-01-00,18.0,월수금,1,0,1,,2+2+1
3195,7.315,MR,YCA1006-01-00,UIC1561-01-00 UIC1551-01-00 UIC2151-05-00 UIC1805-02-00,UCB1105-02-00 YCG1804-01-00,18.0,월수금,1,0,1,,2+2+1
3196,7.315,MR,YCA1006-01-00,UIC1561-01-00 UIC1551-01-00 UIC2151-08-00 UIC1805-01-00,UCB1105-02-00 YCG1804-01-00,18.0,월수금,1,0,1,,2+2+1
3197,7.314,MR,YCA1006-01-00,UIC1561-01-00 UIC1251-02-00 UIC2151-14-00 UIC1805-02-00,ECO1101-06-00 STA2102-05-00,18.0,월금,0,0,3,6+6,1+2
3198,7.314,MR,YCA1006-01-00,UIC1561-01-00 UIC1401-02-00 UIC2151-14-00 UIC1806-02-00,ECO1101-06-00 STA2102-05-00,18.0,월금,0,0,3,6+6,1+2
3199,7.314,MR,YCA1006-01-00,UIC1561-01-00 UIC1251-02-00 UIC2151-14-00 UIC1805-02-00,ECO1101-06-00 STA2102-05-00,18.0,월금,0,0,3,6+6,1+2
3200,7.314,MR,YCA1006-01-00,UIC1561-01-00 UIC1401-02-00 UIC2151-14-00 UIC1806-02-00,ECO1101-06-00 STA2102-05-00,18.0,월금,0,0,3,6+6,1+2
3201,7.252,Lang,-,QRM1001-01-00 UIC1561-01-00 UIC1401-03-00 UIC2151-12-00,UCD1101-01-00 YCK1998-03-00,18.0,월화,1,0,1,,1+1+1
3202,7.238,Lang,YCA1006-02-00,QRM1001-01-00 UIC1561-01-00 UIC1551-01-00 UIC2151-04-00,YCH1605-01-00 YCI1901-01-00,18.0,금,0,0,2,,2+2+2+1
3203,7.238,Lang,YCA1006-02-00,QRM1001-01-00 UIC1561-01-00 UIC1551-01-00 UIC2151-10-00,YCH1605-01-00 YCI1901-01-00,18.0,금,0,0,2,,2+2+2+1
3204,7.238,Lang,YCA1006-02-00,QRM1001-01-00 UIC1561-01-00 UIC1551-03-00 UIC2151-14-00,YCH1605-01-00 UCD1101-01-00,18.0,금,0,0,2,,2+2+2+1
3205,7.238,Lang,YCA1006-02-00,QRM1001-01-00 UIC1561-01-00 UIC1501-02-00 UIC2151-14-00,YCH1605-01-00 UCD1101-01-00,18.0,금,0,0,2,,2+2+2+1
3206,7.23,MR,YCA1006-01-00,UIC1561-01-00 UIC1551-01-00 UIC2151-08-00 UIC1806-01-00,UCB1105-02-00 STA2102-05-00,18.0,월금,1,0,1,4,2+2
3207,7.23,MR,YCA1006-01-00,UIC1561-01-00 UIC1551-01-00 UIC2151-09-00 UIC1806-01-00,UCB1105-02-00 STA2102-05-00,18.0,월금,1,0,1,4,2+2
3208,7.23,MR,YCA1006-01-00,UIC1561-01-00 UIC1551-01-00 UIC2151-05-00 UIC1805-02-00,UCB1105-02-00 STA2102-05-00,18.0,월금,1,0,1,4,2+2
3209,7.23,MR,YCA1006-01-00,UIC1561-01-00 UIC1551-01-00 UIC2151-09-00 UIC1805-01-00,UCB1105-02-00 STA2102-05-00,18.0,월금,1,0,1,4,2+2
3210,7.23,MR,YCA1006-01-00,UIC1561-01-00 UIC1551-01-00 UIC2151-09-00 UIC1805-01-00,UCB1105-02-00 STA2102-05-00,18.0,월금,1,0,1,4,2+2
3211,7.23,MR,YCA1006-01-00,UIC1561-01-00 UIC1551-01-00 UIC2151-05-00 UIC1805-02-00,UCB1105-02-00 STA2102-05-00,18.0,월금,1,0,1,4,2+2
3212,7.23,MR,YCA1006-01-00,UIC1561-01-00 UIC1551-01-00 UIC2151-08-00 UIC1805-01-00,UCB1105-02-00 STA2102-05-00,18.0,월금,1,0,1,4,2+2
3213,7.23,MR,YCA1006-01-00,UIC1561-01-00 UIC1551-01-00 UIC2151-09-00 UIC1806-01-00,UCB1105-02-00 STA2102-05-00,18.0,월금,1,0,1,4,2+2
3214,7.23,MR,YCA1006-01-00,UIC1561-01-00 UIC1551-01-00 UIC2151-08-00 UIC1805-01-00,UCB1105-02-00 STA2102-05-00,18.0,월금,1,0,1,4,2+2
3215,7.23,MR,YCA1006-01-00,UIC1561-01-00 UIC1551-01-00 UIC2151-08-00 UIC1806-01-00,UCB1105-02-00 STA2102-05-00,18.0,월금,1,0,1,4,2+2
3216,7.224,MR,YCA1006-01-00,UIC1561-01-00 UIC1251-02-00 UIC2151-14-00 UIC1805-02-00,ECO1101-06-00 STA1002-04-00,18.0,월금,0,0,3,4+6,2+1+2+2
3217,7.224,MR,YCA1006-01-00,UIC1561-01-00 UIC1401-02-00 UIC2151-14-00 UIC1806-02-00,ECO1101-06-00 STA1002-04-00,18.0,월금,0,0,3,4+6,2+1+2+2
3218,7.224,MR,YCA1006-01-00,UIC1561-01-00 UIC1401-02-00 UIC2151-14-00 UIC1806-02-00,ECO1101-06-00 STA1002-04-00,18.0,월금,0,0,3,4+6,2+1+2+2
3219,7.224,MR,YCA1006-01-00,UIC1561-01-00 UIC1251-02-00 UIC2151-14-00 UIC1805-02-00,ECO1101-06-00 STA1002-04-00,18.0,월금,0,0,3,4+6,2+1+2+2
3220,7.21,Lang,-,QRM1001-01-00 UIC1561-01-00 UIC1551-01-00 UIC2151-12-00,YCI1901-01-00 BIZ1101-09-00,18.0,월금,1,0,2,,1+1
3221,7.19,MR,YCA1006-02-00,UIC1561-01-00 ASP2022-01-00 UIC2151-12-00 UIC1805-02-00,UCD1101-01-00 BIZ1101-09-00,18.0,월금,1,0,1,4,1+1+2
3222,7.19,MR,YCA1006-01-00,UIC1561-01-00 UIC1551-01-00 UIC2151-08-00 UIC1806-01-00,YCK1998-03-00 CTM1001-02-00,18.0,월금,1,1,1,,2+1+3
3223,7.19,MR,YCA1006-01-00,UIC1561-01-00 UIC1551-01-00 UIC2151-09-00 UIC1806-01-00,YCK1998-03-00 CTM1001-02-00,18.0,월금,1,1,1,,2+1+3
3224,7.19,MR,YCA1006-01-00,UIC1561-01-00 UIC1551-01-00 UIC2151-05-00 UIC1805-02-00,YCK1998-03-00 CTM1001-02-00,18.0,월금,1,1,1,,2+1+3
3225,7.19,MR,YCA1006-01-00,UIC1561-01-00 UIC1551-01-00 UIC2151-08-00 UIC1805-01-00,YCK1998-03-00 CTM1001-02-00,18.0,월금,1,1,1,,2+1+3
3226,7.19,MR,YCA1006-01-00,UIC1561-01-00 UIC1551-01-00 UIC2151-09-00 UIC1805-01-00,YCK1998-03-00 CTM1001-02-00,18.0,월금,1,1,1,,2+1+3
3227,7.19,MR,YCA1006-01-00,UIC1561-01-00 UIC1551-01-00 UIC2151-08-00 UIC1806-01-00,YCK1998-03-00 CTM1001-02-00,18.0,월금,1,1,1,,2+1+3
3228,7.19,MR,YCA1006-01-00,UIC1561-01-00 UIC1551-01-00 UIC2151-09-00 UIC1806-01-00,YCK1998-03-00 CTM1001-02-00,18.0,월금,1,1,1,,2+1+3
3229,7.19,MR,YCA1006-01-00,UIC1561-01-00 UIC1551-01-00 UIC2151-08-00 UIC1805-01-00,YCK1998-03-00 CTM1001-02-00,18.0,월금,1,1,1,,2+1+3
3230,7.19,MR,YCA1006-01-00,UIC1561-01-00 UIC1551-01-00 UIC2151-09-00 UIC1805-01-00,YCK1998-03-00 CTM1001-02-00,18.0,월금,1,1,1,,2+1+3
3231,7.19,MR,YCA1006-01-00,UIC1561-01-00 UIC1551-01-00 UIC2151-05-00 UIC1805-02-00,YCK1998-03-00 CTM1001-02-00,18.0,월금,1,1,1,,2+1+3
3232,7.19,MR,YCA1006-02-00,UIC1561-01-00 ASP2022-01-00 UIC2151-12-00 UIC1805-02-00,UCD1101-01-00 BIZ1101-09-00,18.0,월금,1,0,1,4,1+1+2
3233,7.174,MR,YCA1006-01-00,UIC1561-01-00 UIC1401-02-00 UIC2151-12-00 UIC1806-02-00,ECO1101-06-00 UCD1101-01-00,18.0,월금,1,0,3,4,1+3+2+1
3234,7.174,MR,YCA1006-01-00,UIC1561-01-00 UIC1251-02-00 UIC2151-12-00 UIC1805-02-00,ECO1101-06-00 UCD1101-01-00,18.0,월금,1,0,3,4,1+3+2+1
3235,7.174,MR,YCA1006-01-00,UIC1561-01-00 UIC1401-02-00 UIC2151-12-00 UIC1806-02-00,ECO1101-06-00 UCD1101-01-00,18.0,월금,1,0,3,4,1+3+2+1
3236,7.174,MR,YCA1006-01-00,UIC1561-01-00 UIC1551-04-00 UIC2151-12-00 UIC1806-02-00,ECO1101-06-00 YCE1253-01-00,18.0,월금,1,0,3,4,1+1+3+2
3237,7.174,MR,YCA1006-01-00,UIC1561-01-00 UIC1551-04-00 UIC2151-12-00 UIC1806-02-00,ECO1101-06-00 YCE1253-01-00,18.0,월금,1,0,3,4,1+1+3+2
3238,7.174,MR,YCA1006-01-00,UIC1561-01-00 UIC1401-02-00 UIC2151-12-00 UIC1806-02-00,ECO1101-06-00 YCI1901-01-00,18.0,월금,1,0,3,4,1+1+3+2
3239,7.174,MR,YCA1006-01-00,UIC1561-01-00 UIC1251-02-00 UIC2151-12-00 UIC1805-02-00,ECO1101-06-00 YCI1901-01-00,18.0,월금,1,0,3,4,1+1+3+2
3240,7.174,MR,YCA1006-01-00,UIC1561-01-00 UIC1401-02-00 UIC2151-12-00 UIC1806-02-00,ECO1101-06-00 YCI1901-01-00,18.0,월금,1,0,3,4,1+1+3+2
3241,7.174,MR,YCA1006-01-00,UIC1561-01-00 UIC1251-02-00 UIC2151-12-00 UIC1805-02-00,ECO1101-06-00 UCD1101-01-00,18.0,월금,1,0,3,4,1+3+2+1
3242,7.174,MR,YCA1006-01-00,UIC1561-01-00 UIC1251-02-00 UIC2151-12-00 UIC1805-02-00,ECO1101-06-00 YCI1901-01-00,18.0,월금,1,0,3,4,1+1+3+2
3243,7.17,Lang,YCA1006-02-00,QRM1001-01-00 UIC1561-01-00 UIC1551-01-00 UIC2151-12-00,YCG1804-01-00 BIZ1101-09-00,18.0,월금,1,0,1,,3+1+1+1
3244,7.165,WCiv,YCA1006-02-00,QRM1001-01-00 UIC1551-01-00 UIC2151-13-00 UIC1806-01-00,YCE1253-01-00 YCI1901-01-00,18.0,월금,1,1,3,5+5,1+1+1
3245,7.165,WCiv,YCA1006-02-00,QRM1001-01-00 UIC1551-01-00 UIC2151-13-00 UIC1805-01-00,YCE1253-01-00 YCI1901-01-00,18.0,월금,1,1,3,5+5,1+1+1
3246,7.165,WCiv,YCA1006-02-00,QRM1001-01-00 UIC1551-01-00 UIC2151-13-00 UIC1805-01-00,YCE1253-01-00 YCI1901-01-00,18.0,월금,1,1,3,5+5,1+1+1
3247,7.165,WCiv,YCA1006-02-00,QRM1001-01-00 UIC1551-01-00 UIC2151-13-00 UIC1806-01-00,YCE1253-01-00 YCI1901-01-00,18.0,월금,1,1,3,5+5,1+1+1
3248,7.14,MR,YCA1006-01-00,UIC1561-01-00 UIC1551-04-00 UIC2151-09-00 UIC1805-01-00,UCD1101-01-00 YCI1998-02-00,18.0,월수금,1,0,2,5,2+2
3249,7.14,MR,YCA1006-01-00,UIC1561-01-00 UIC1551-01-00 UIC2151-09-00 UIC1805-01-00,UCB1105-02-00 YCI1901-01-00,18.0,월수금,1,0,2,5,2+2
3250,7.14,MR,YCA1006-01-00,UIC1561-01-00 UIC1551-04-00 UIC2151-08-00 UIC1805-01-00,YCB1101-43-00 YCK1998-03-00,18.0,월금,1,0,2,5,2+2
3251,7.14,MR,YCA1006-01-00,UIC1561-01-00 UIC1551-04-00 UIC2151-09-00 UIC1806-01-00,YCB1101-43-00 YCK1998-03-00,18.0,월금,1,0,2,5,2+2
3252,7.14,MR,YCA1006-01-00,UIC1561-01-00 UIC1551-01-00 UIC2151-08-00 UIC1805-01-00,UCB1105-02-00 YCI1901-01-00,18.0,월수금,1,0,2,5,2+2
3253,7.14,MR,YCA1006-01-00,UIC1561-01-00 UIC1551-04-00 UIC2151-09-00 UIC1805-01-00,YCJ1305-01-00 YCK1998-03-00,18.0,월금,1,0,2,5,2+2
3254,7.14,MR,YCA1006-01-00,UIC1561-01-00 UIC1501-04-00 UIC2151-14-00 UIC1805-02-00,YCK1998-03-00 ISM1001-02-00,18.0,월금,1,0,2,5,2+2
3255,7.14,MR,YCA1006-01-00,UIC1561-01-00 UIC1551-04-00 UIC2151-05-00 UIC1805-02-00,UCD1101-01-00 YCI1998-02-00,18.0,월수금,1,0,2,5,2+2
3256,7.14,MR,YCA1006-01-00,UIC1561-01-00 UIC1551-04-00 UIC2151-08-00 UIC1806-01-00,YCB1101-43-00 YCK1998-03-00,18.0,월금,1,0,2,5,2+2
3257,7.14,MR,YCA1006-01-00,UIC1561-01-00 UIC1401-02-00 UIC2151-14-00 UIC1805-01-00,YCK1998-03-00 ISM1001-02-00,18.0,월금,1,0,2,5,2+2
3258,7.14,MR,YCA1006-01-00,UIC1561-01-00 UIC1551-04-00 UIC2151-08-00 UIC1806-01-00,YCJ1305-01-00 YCK1998-03-00,18.0,월금,1,0,2,5,2+2
3259,7.14,MR,YCA1006-01-00,UIC1561-01-00 UIC1551-01-00 UIC2151-09-00 UIC1806-01-00,YCB1101-13-00 YCK1998-03-00,18.0,월금,1,0,2,5,2+2
3260,7.14,MR,YCA1006-01-00,UIC1561-01-00 UIC1401-02-00 UIC2151-14-00 UIC1805-01-00,UCB1105-02-00 UCD1101-01-00,18.0,월수금,1,0,2,5,2+2
3261,7.14,MR,YCA1006-01-00,UIC1561-01-00 UIC1551-01-00 UIC2151-05-00 UIC1805-02-00,YCB1101-13-00 YCK1998-03-00,18.0,월금,1,0,2,5,2+2
3262,7.14,MR,YCA1006-01-00,UIC1561-01-00 UIC1551-01-00 UIC2151-05-00 UIC1805-02-00,UCB1105-02-00 YCI1901-01-00,18.0,월수금,1,0,2,5,2+2
3263,7.14,MR,YCA1006-01-00,UIC1561-01-00 UIC1401-02-00 UIC2151-14-00 UIC1806-01-00,UCB1105-02-00 UCD1101-01-00,18.0,월수금,1,0,2,5,2+2
3264,7.14,MR,YCA1006-01-00,UIC1561-01-00 UIC1551-01-00 UIC2151-08-00 UIC1806-01-00,YCB1101-13-00 YCK1998-03-00,18.0,월금,1,0,2,5,2+2
3265,7.14,MR,YCA1006-01-00,UIC1561-01-00 UIC1401-02-00 UIC2151-14-00 UIC1806-01-00,UCB1105-02-00 UCD1101-01-00,18.0,월수금,1,0,2,5,2+2
3266,7.14,MR,YCA1006-01-00,UIC1561-01-00 UIC1551-04-00 UIC2151-09-00 UIC1805-01-00,UCD1101-01-00 YCI1998-02-00,18.0,월수금,1,0,2,5,2+2
3267,7.14,MR,YCA1006-01-00,UIC1561-01-00 UIC1551-04-00 UIC2151-08-00 UIC1805-01-00,YCJ1305-01-00 YCK1998-03-00,18.0,월금,1,0,2,5,2+2
3268,7.14,MR,YCA1006-01-00,UIC1561-01-00 UIC1551-04-00 UIC2151-08-00 UIC1806-01-00,UCD1101-01-00 YCI1998-02-00,18.0,월수금,1,0,2,5,2+2
3269,7.14,MR,YCA1006-01-00,UIC1561-01-00 UIC1551-01-00 UIC2151-08-00 UIC1806-01-00,UCB1105-02-00 YCI1901-01-00,18.0,월수금,1,0,2,5,2+2
3270,7.14,MR,YCA1006-01-00,UIC1561-01-00 UIC1551-04-00 UIC2151-09-00 UIC1805-01-00,YCB1101-43-00 YCK1998-03-00,18.0,월금,1,0,2,5,2+2
3271,7.14,MR,YCA1006-01-00,UIC1561-01-00 UIC1551-01-00 UIC2151-09-00 UIC1806-01-00,UCB1105-02-00 YCI1901-01-00,18.0,월수금,1,0,2,5,2+2
3272,7.14,MR,YCA1006-01-00,UIC1561-01-00 UIC1401-02-00 UIC2151-14-00 UIC1806-01-00,YCK1998-03-00 ISM1001-02-00,18.0,월금,1,0,2,5,2+2
3273,7.14,MR,YCA1006-01-00,UIC1561-01-00 UIC1551-04-00 UIC2151-05-00 UIC1805-02-00,UCD1101-01-00 YCI1998-02-00,18.0,월수금,1,0,2,5,2+2
3274,7.14,MR,YCA1006-01-00,UIC1561-01-00 UIC1551-01-00 UIC2151-08-00 UIC1806-01-00,YCB1101-13-00 YCK1998-03-00,18.0,월금,1,0,2,5,2+2
3275,7.14,MR,YCA1006-01-00,UIC1561-01-00 UIC1401-02-00 UIC2151-14-00 UIC1805-01-00,YCK1998-03-00 ISM1001-02-00,18.0,월금,1,0,2,5,2+2
3276,7.14,MR,YCA1006-01-00,UIC1561-01-00 UIC1551-01-00 UIC2151-08-00 UIC1805-01-00,YCB1101-13-00 YCK1998-03-00,18.0,월금,1,0,2,5,2+2
3277,7.14,MR,YCA1006-01-00,UIC1561-01-00 UIC1551-01-00 UIC2151-08-00 UIC1805-01-00,YCB1101-13-00 YCK1998-03-00,18.0,월금,1,0,2,5,2+2
3278,7.14,MR,YCA1006-01-00,UIC1561-01-00 UIC1551-04-00 UIC2151-09-00 UIC1806-01-00,UCD1101-01-00 YCI1998-02-00,18.0,월수금,1,0,2,5,2+2
3279,7.14,MR,YCA1006-01-00,UIC1561-01-00 UIC1551-04-00 UIC2151-05-00 UIC1805-02-00,YCB1101-43-00 YCK1998-03-00,18.0,월금,1,0,2,5,2+2
3280,7.14,MR,YCA1006-01-00,UIC1561-01-00 UIC1551-01-00 UIC2151-08-00 UIC1805-01-00,UCB1105-02-00 YCI1901-01-00,18.0,월수금,1,0,2,5,2+2
3281,7.14,MR,YCA1006-01-00,UIC1561-01-00 UIC1501-04-00 UIC2151-14-00 UIC1805-02-00,UCB1105-02-00 UCD1101-01-00,18.0,월수금,1,0,2,5,2+2
3282,7.14,MR,YCA1006-01-00,UIC1561-01-00 UIC1551-04-00 UIC2151-09-00 UIC1806-01-00,YCB1101-43-00 YCK1998-03-00,18.0,월금,1,0,2,5,2+2
3283,7.14,MR,YCA1006-01-00,UIC1561-01-00 UIC1551-01-00 UIC2151-09-00 UIC1806-01-00,YCB1101-13-00 YCK1998-03-00,18.0,월금,1,0,2,5,2+2
3284,7.14,MR,YCA1006-01-00,UIC1561-01-00 UIC1551-04-00 UIC2151-08-00 UIC1806-01-00,YCB1101-43-00 YCK1998-03-00,18.0,월금,1,0,2,5,2+2
3285,7.14,MR,YCA1006-01-00,UIC1561-01-00 UIC1551-04-00 UIC2151-08-00 UIC1805-01-00,UCD1101-01-00 YCI1998-02-00,18.0,월수금,1,0,2,5,2+2
3286,7.14,MR,YCA1006-01-00,UIC1561-01-00 UIC1501-04-00 UIC2151-14-00 UIC1805-02-00,UCB1105-02-00 UCD1101-01-00,18.0,월수금,1,0,2,5,2+2
3287,7.14,MR,YCA1006-01-00,UIC1561-01-00 UIC1551-04-00 UIC2151-05-00 UIC1805-02-00,YCB1101-43-00 YCK1998-03-00,18.0,월금,1,0,2,5,2+2
3288,7.14,MR,YCA1006-01-00,UIC1561-01-00 UIC1551-01-00 UIC2151-09-00 UIC1805-01-00,UCB1105-02-00 YCI1901-01-00,18.0,월수금,1,0,2,5,2+2
3289,7.14,MR,YCA1006-01-00,UIC1561-01-00 UIC1551-04-00 UIC2151-09-00 UIC1805-01-00,YCJ1305-01-00 YCK1998-03-00,18.0,월금,1,0,2,5,2+2
3290,7.14,MR,YCA1006-01-00,UIC1561-01-00 UIC1551-01-00 UIC2151-05-00 UIC1805-02-00,YCB1101-13-00 YCK1998-03-00,18.0,월금,1,0,2,5,2+2
3291,7.14,MR,YCA1006-01-00,UIC1561-01-00 UIC1551-04-00 UIC2151-09-00 UIC1806-01-00,UCD1101-01-00 YCI1998-02-00,18.0,월수금,1,0,2,5,2+2
3292,7.14,MR,YCA1006-01-00,UIC1561-01-00 UIC1551-04-00 UIC2151-08-00 UIC1806-01-00,UCD1101-01-00 YCI1998-02-00,18.0,월수금,1,0,2,5,2+2
3293,7.14,MR,YCA1006-01-00,UIC1561-01-00 UIC1551-04-00 UIC2151-08-00 UIC1805-01-00,YCJ1305-01-00 YCK1998-03-00,18.0,월금,1,0,2,5,2+2
3294,7.14,MR,YCA1006-01-00,UIC1561-01-00 UIC1401-02-00 UIC2151-14-00 UIC1805-01-00,UCB1105-02-00 UCD1101-01-00,18.0,월수금,1,0,2,5,2+2
3295,7.14,MR,YCA1006-01-00,UIC1561-01-00 UIC1551-04-00 UIC2151-08-00 UIC1805-01-00,YCB1101-43-00 YCK1998-03-00,18.0,월금,1,0,2,5,2+2
3296,7.14,MR,YCA1006-01-00,UIC1561-01-00 UIC1551-01-00 UIC2151-09-00 UIC1805-01-00,YCB1101-13-00 YCK1998-03-00,18.0,월금,1,0,2,5,2+2
3297,7.14,MR,YCA1006-01-00,UIC1561-01-00 UIC1551-01-00 UIC2151-08-00 UIC1806-01-00,UCB1105-02-00 YCI1901-01-00,18.0,월수금,1,0,2,5,2+2
3298,7.14,MR,YCA1006-01-00,UIC1561-01-00 UIC1551-04-00 UIC2151-09-00 UIC1805-01-00,YCB1101-43-00 YCK1998-03-00,18.0,월금,1,0,2,5,2+2
3299,7.14,MR,YCA1006-01-00,UIC1561-01-00 UIC1501-04-00 UIC2151-14-00 UIC1805-02-00,YCK1998-03-00 ISM1001-02-00,18.0,월금,1,0,2,5,2+2
3300,7.14,MR,YCA1006-01-00,UIC1561-01-00 UIC1551-04-00 UIC2151-05-00 UIC1805-02-00,YCJ1305-01-00 YCK1998-03-00,18.0,월금,1,0,2,5,2+2
3301,7.14,MR,YCA1006-01-00,UIC1561-01-00 UIC1551-01-00 UIC2151-09-00 UIC1805-01-00,YCB1101-13-00 YCK1998-03-00,18.0,월금,1,0,2,5,2+2
3302,7.14,MR,YCA1006-01-00,UIC1561-01-00 UIC1551-04-00 UIC2151-08-00 UIC1806-01-00,YCJ1305-01-00 YCK1998-03-00,18.0,월금,1,0,2,5,2+2
3303,7.14,MR,YCA1006-01-00,UIC1561-01-00 UIC1401-02-00 UIC2151-14-00 UIC1806-01-00,YCK1998-03-00 ISM1001-02-00,18.0,월금,1,0,2,5,2+2
3304,7.14,MR,YCA1006-01-00,UIC1561-01-00 UIC1551-04-00 UIC2151-05-00 UIC1805-02-00,YCJ1305-01-00 YCK1998-03-00,18.0,월금,1,0,2,5,2+2
3305,7.14,MR,YCA1006-01-00,UIC1561-01-00 UIC1551-01-00 UIC2151-09-00 UIC1806-01-00,UCB1105-02-00 YCI1901-01-00,18.0,월수금,1,0,2,5,2+2
3306,7.14,MR,YCA1006-01-00,UIC1561-01-00 UIC1551-04-00 UIC2151-09-00 UIC1806-01-00,YCJ1305-01-00 YCK1998-03-00,18.0,월금,1,0,2,5,2+2
3307,7.14,MR,YCA1006-01-00,UIC1561-01-00 UIC1551-01-00 UIC2151-05-00 UIC1805-02-00,UCB1105-02-00 YCI1901-01-00,18.0,월수금,1,0,2,5,2+2
3308,7.14,MR,YCA1006-01-00,UIC1561-01-00 UIC1551-04-00 UIC2151-09-00 UIC1806-01-00,YCJ1305-01-00 YCK1998-03-00,18.0,월금,1,0,2,5,2+2
3309,7.14,MR,YCA1006-01-00,UIC1561-01-00 UIC1551-04-00 UIC2151-08-00 UIC1805-01-00,UCD1101-01-00 YCI1998-02-00,18.0,월수금,1,0,2,5,2+2
3310,7.115,MR,YCA1006-01-00,UIC1561-01-00 UIC1251-02-00 UIC2151-14-00 UIC1805-02-00,UCB1105-02-00 STA1002-04-00,18.0,월금,0,0,1,6+4,2+1+2
3311,7.115,MR,YCA1006-01-00,UIC1561-01-00 UIC1551-04-00 UIC2151-07-00 UIC1805-02-00,YCI1998-02-00 STA1002-04-00,18.0,월금,0,0,1,6+4,2+1+2
3312,7.115,MR,YCA1006-01-00,UIC1561-01-00 UIC1551-04-00 UIC2151-06-00 UIC1805-02-00,YCI1998-02-00 STA1002-04-00,18.0,월금,0,0,1,6+4,2+1+2
3313,7.115,MR,YCA1006-01-00,UIC1561-01-00 UIC1551-04-00 UIC2151-06-00 UIC1805-02-00,YCI1998-02-00 STA1002-04-00,18.0,월금,0,0,1,6+4,2+1+2
3314,7.115,MR,YCA1006-01-00,UIC1561-01-00 UIC1551-01-00 UIC2151-07-00 UIC1805-02-00,UCB1105-02-00 STA1002-04-00,18.0,월금,0,0,1,4+6,2+1+2
3315,7.115,MR,YCA1006-01-00,UIC1561-01-00 UIC1551-01-00 UIC2151-09-00 UIC1806-02-00,UCB1105-02-00 STA1002-04-00,18.0,월금,0,0,1,4+6,2+1+2
3316,7.115,MR,YCA1006-01-00,UIC1561-01-00 UIC1251-02-00 UIC2151-14-00 UIC1805-02-00,UCB1105-02-00 STA1002-04-00,18.0,월금,0,0,1,6+4,2+1+2
3317,7.115,MR,YCA1006-01-00,UIC1561-01-00 UIC1551-01-00 UIC2151-06-00 UIC1805-02-00,UCB1105-02-00 STA1002-04-00,18.0,월금,0,0,1,4+6,2+1+2
3318,7.115,MR,YCA1006-01-00,UIC1561-01-00 UIC1551-01-00 UIC2151-09-00 UIC1806-02-00,UCB1105-02-00 STA1002-04-00,18.0,월금,0,0,1,4+6,2+1+2
3319,7.115,MR,YCA1006-01-00,UIC1561-01-00 UIC1551-04-00 UIC2151-08-00 UIC1806-02-00,YCI1998-02-00 STA1002-04-00,18.0,월금,0,0,1,6+4,2+1+2
3320,7.115,MR,YCA1006-01-00,UIC1561-01-00 UIC1551-04-00 UIC2151-09-00 UIC1806-02-00,YCI1998-02-00 STA1002-04-00,18.0,월금,0,0,1,6+4,2+1+2
3321,7.115,MR,YCA1006-01-00,UIC1561-01-00 UIC1401-02-00 UIC2151-14-00 UIC1806-02-00,UCB1105-02-00 STA1002-04-00,18.0,월금,0,0,1,6+4,2+1+2
3322,7.115,MR,YCA1006-01-00,UIC1561-01-00 UIC1551-01-00 UIC2151-07-00 UIC1805-02-00,UCB1105-02-00 STA1002-04-00,18.0,월금,0,0,1,4+6,2+1+2
3323,7.115,MR,YCA1006-01-00,UIC1561-01-00 UIC1401-02-00 UIC2151-14-00 UIC1806-02-00,UCB1105-02-00 STA1002-04-00,18.0,월금,0,0,1,6+4,2+1+2
3324,7.115,MR,YCA1006-01-00,UIC1561-01-00 UIC1551-04-00 UIC2151-07-00 UIC1805-02-00,YCI1998-02-00 STA1002-04-00,18.0,월금,0,0,1,6+4,2+1+2
3325,7.115,MR,YCA1006-01-00,UIC1561-01-00 UIC1551-01-00 UIC2151-06-00 UIC1805-02-00,UCB1105-02-00 STA1002-04-00,18.0,월금,0,0,1,4+6,2+1+2
3326,7.115,MR,YCA1006-01-00,UIC1561-01-00 UIC1551-04-00 UIC2151-09-00 UIC1806-02-00,YCI1998-02-00 STA1002-04-00,18.0,월금,0,0,1,6+4,2+1+2
3327,7.115,MR,YCA1006-01-00,UIC1561-01-00 UIC1551-04-00 UIC2151-08-00 UIC1806-02-00,YCI1998-02-00 STA1002-04-00,18.0,월금,0,0,1,6+4,2+1+2
3328,7.115,MR,YCA1006-01-00,UIC1561-01-00 UIC1551-01-00 UIC2151-08-00 UIC1806-02-00,UCB1105-02-00 STA1002-04-00,18.0,월금,0,0,1,4+6,2+1+2
3329,7.115,MR,YCA1006-01-00,UIC1561-01-00 UIC1551-01-00 UIC2151-08-00 UIC1806-02-00,UCB1105-02-00 STA1002-04-00,18.0,월금,0,0,1,4+6,2+1+2
3330,7.09,LHP,YCA1006-01-00,QRM1001-01-00 UIC1561-01-00 UIC2151-14-00 UIC1806-01-00,YCH1605-01-00 UCD1101-01-00,18.0,월수금,1,1,2,5,1+2+1
3331,7.09,LHP,YCA1006-02-00,QRM1001-01-00 UIC1561-01-00 UIC2151-14-00 UIC1806-01-00,YCH1605-01-00 UCD1101-01-00,18.0,월수금,1,1,2,5,1+2+1
3332,7.09,LHP,YCA1006-01-00,QRM1001-01-00 UIC1561-01-00 UIC2151-14-00 UIC1806-01-00,YCH1605-01-00 UCD1101-01-00,18.0,월수금,1,1,2,5,1+2+1
3333,7.09,LHP,YCA1006-02-00,QRM1001-01-00 UIC1561-01-00 UIC2151-14-00 UIC1806-01-00,YCH1605-01-00 UCD1101-01-00,18.0,월수금,1,1,2,5,1+2+1
3334,7.09,LHP,YCA1006-02-00,QRM1001-01-00 UIC1561-01-00 UIC2151-14-00 UIC1805-01-00,YCH1605-01-00 UCD1101-01-00,18.0,월수금,1,1,2,5,1+2+1
3335,7.09,LHP,YCA1006-01-00,QRM1001-01-00 UIC1561-01-00 UIC2151-14-00 UIC1805-01-00,YCH1605-01-00 UCD1101-01-00,18.0,월수금,1,1,2,5,1+2+1
3336,7.09,LHP,YCA1006-01-00,QRM1001-01-00 UIC1561-01-00 UIC2151-14-00 UIC1805-01-00,YCH1605-01-00 UCD1101-01-00,18.0,월수금,1,1,2,5,1+2+1
3337,7.09,LHP,YCA1006-02-00,QRM1001-01-00 UIC1561-01-00 UIC2151-14-00 UIC1805-01-00,YCH1605-01-00 UCD1101-01-00,18.0,월수금,1,1,2,5,1+2+1
3338,7.085,Lang,YCA1006-01-00,QRM1001-01-00 UIC1561-01-00 UIC1551-01-00 UIC2151-12-00,QRM2004-01-00 BIZ1101-09-00,18.0,월금,1,0,1,4,1+1+1
3339,7.085,Lang,YCA1006-01-00,QRM1001-01-00 UIC1561-01-00 UIC1551-04-00 UIC2151-12-00,QRM2004-01-00 BIZ1101-09-00,18.0,월금,1,0,1,4,1+1+1
3340,7.084,MR,YCA1006-01-00,UIC1561-01-00 UIC1401-02-00 UIC2151-14-00 UIC1806-02-00,YCH1202-01-00 STA2102-05-00,18.0,월금,0,0,2,4+6,1+1
3341,7.084,MR,YCA1006-01-00,UIC1561-01-00 UIC1251-02-00 UIC2151-14-00 UIC1805-02-00,YCH1202-01-00 STA2102-05-00,18.0,월금,0,0,2,4+6,1+1
3342,7.084,MR,YCA1006-01-00,UIC1561-01-00 UIC1251-02-00 UIC2151-14-00 UIC1805-02-00,YCH1202-01-00 STA2102-05-00,18.0,월금,0,0,2,4+6,1+1
3343,7.084,MR,YCA1006-01-00,UIC1561-01-00 UIC1401-02-00 UIC2151-14-00 UIC1806-02-00,YCH1202-01-00 STA2102-05-00,18.0,월금,0,0,2,4+6,1+1
3344,7.065,MR,YCA1006-01-00,UIC1561-01-00 UIC1551-01-00 UIC2151-12-00 UIC1805-02-00,YCH1605-01-00 ECO1002-05-00,18.0,월금,1,0,1,4,1+3+1
3345,7.065,MR,YCA1006-01-00,UIC1561-01-00 UIC1551-04-00 UIC2151-12-00 UIC1805-02-00,YCB1101-09-00 YCK1998-03-00,18.0,월금,1,0,1,4,1+1+3
3346,7.065,MR,YCA1006-01-00,UIC1561-01-00 UIC1551-04-00 UIC2151-07-00 UIC1805-02-00,YCK1998-03-00 ATM2112-01-00,18.0,월금,1,0,1,4,1+1+3
3347,7.065,MR,YCA1006-01-00,UIC1561-01-00 UIC1551-01-00 UIC2151-06-00 UIC1806-01-00,YCE1253-01-00 STA1002-04-00,18.0,월금,1,0,1,4,2+1+2+1+1
3348,7.065,MR,YCA1006-01-00,UIC1561-01-00 UIC1251-02-00 UIC2151-12-00 UIC1805-02-00,YCB1101-43-00 YCK1998-03-00,18.0,월금,1,0,1,4,1+3+1
3349,7.065,MR,YCA1006-01-00,UIC1561-01-00 UIC1251-02-00 UIC2151-12-00 UIC1805-02-00,UCB1105-02-00 YCI1901-01-00,18.0,월금,1,0,1,4,1+1+3
3350,7.065,MR,YCA1006-01-00,UIC1561-01-00 UIC1401-02-00 UIC2151-12-00 UIC1806-02-00,YCB1101-43-00 YCK1998-03-00,18.0,월금,1,0,1,4,1+3+1
3351,7.065,MR,YCA1006-01-00,UIC1561-01-00 UIC1551-01-00 UIC2151-09-00 UIC1806-02-00,YCK1998-03-00 ATM2112-01-00,18.0,월금,1,0,1,4,1+3+1
3352,7.065,MR,YCA1006-01-00,UIC1561-01-00 UIC1551-01-00 UIC2151-12-00 UIC1806-02-00,YCB1101-33-00 YCK1998-03-00,18.0,월금,1,0,1,4,1+3+1
3353,7.065,MR,YCA1006-01-00,UIC1561-01-00 UIC1551-01-00 UIC2151-06-00 UIC1805-01-00,YCE1253-01-00 STA1002-04-00,18.0,월금,1,0,1,4,2+1+2+1+1
3354,7.065,MR,YCA1006-02-00,UIC1561-01-00 UIC1251-02-00 UIC2151-12-00 UIC1806-01-00,UCB1105-02-00 BIZ1101-09-00,18.0,월금,2,0,0,,1+1+1
3355,7.065,MR,YCA1006-01-00,UIC1561-01-00 UIC1251-02-00 UIC2151-12-00 UIC1805-02-00,YCB1101-13-00 YCK1998-03-00,18.0,월금,1,0,1,4,1+1+3
3356,7.065,MR,YCA1006-01-00,UIC1561-01-00 UIC1401-02-00 UIC2151-12-00 UIC1806-02-00,YCB1101-13-00 YCK1998-03-00,18.0,월금,1,0,1,4,1+1+3
3357,7.065,MR,YCA1006-01-00,UIC1561-01-00 UIC1251-02-00 UIC2151-12-00 UIC1805-02-00,YCJ1305-01-00 YCK1998-03-00,18.0,월금,1,0,1,4,1+3+1
3358,7.065,MR,YCA1006-01-00,UIC1561-01-00 UIC1551-01-00 UIC2151-12-00 UIC1806-02-00,YCE1253-01-00 ECO1002-06-00,18.0,월금,1,0,1,4,1+3+1
3359,7.065,MR,YCA1006-01-00,UIC1561-01-00 UIC1251-02-00 UIC2151-12-00 UIC1806-01-00,YCE1253-01-00 BIZ1101-09-00,18.0,월금,2,0,0,,1+1+1
3360,7.065,MR,YCA1006-01-00,UIC1561-01-00 UIC1551-04-00 UIC2151-07-00 UIC1805-02-00,YCK1998-03-00 ATM2112-01-00,18.0,월금,1,0,1,4,1+1+3
3361,7.065,MR,YCA1006-01-00,UIC1561-01-00 UIC1551-01-00 UIC2151-06-00 UIC1805-01-00,YCE1253-01-00 STA1002-04-00,18.0,월금,1,0,1,4,2+1+2+1+1
3362,7.065,MR,YCA1006-01-00,UIC1561-01-00 UIC1251-02-00 UIC2151-12-00 UIC1805-02-00,UCD1101-01-00 YCI1998-02-00,18.0,월금,1,0,1,4,1+3+1
3363,7.065,MR,YCA1006-01-00,UIC1561-01-00 UIC1401-02-00 UIC2151-12-00 UIC1806-02-00,YCB1101-43-00 YCK1998-03-00,18.0,월금,1,0,1,4,1+3+1
3364,7.065,MR,YCA1006-01-00,UIC1561-01-00 UIC1501-04-00 UIC2151-12-00 UIC1806-02-00,YCE1253-01-00 BIZ1101-09-00,18.0,월금,2,0,0,,1+1+1
3365,7.065,MR,YCA1006-01-00,UIC1561-01-00 UIC1501-04-00 UIC2151-12-00 UIC1806-02-00,YCE1253-01-00 BIZ1101-09-00,18.0,월금,2,0,0,,1+1+1
3366,7.065,MR,YCA1006-01-00,UIC1561-01-00 UIC1401-02-00 UIC2151-12-00 UIC1806-02-00,YCJ1305-01-00 YCK1998-03-00,18.0,월금,1,0,1,4,1+3+1
3367,7.065,MR,YCA1006-02-00,UIC1561-01-00 UIC1501-04-00 UIC2151-12-00 UIC1805-02-00,YCI1998-02-00 BIZ1101-09-00,18.0,월금,2,0,0,,1+1+1
3368,7.065,MR,YCA1006-01-00,UIC1561-01-00 UIC1551-01-00 UIC2151-12-00 UIC1805-02-00,YCB1101-09-00 YCK1998-03-00,18.0,월금,1,0,1,4,1+3+1
3369,7.065,MR,YCA1006-01-00,UIC1561-01-00 UIC1551-04-00 UIC2151-09-00 UIC1806-02-00,YCK1998-03-00 ATM2112-01-00,18.0,월금,1,0,1,4,1+1+3
3370,7.065,MR,YCA1006-01-00,UIC1561-01-00 UIC1551-04-00 UIC2151-08-00 UIC1806-02-00,YCK1998-03-00 ATM2112-01-00,18.0,월금,1,0,1,4,1+1+3
3371,7.065,MR,YCA1006-01-00,UIC1561-01-00 UIC1551-01-00 UIC2151-07-00 UIC1805-01-00,YCE1253-01-00 STA1002-04-00,18.0,월금,1,0,1,4,2+1+2+1+1
3372,7.065,MR,YCA1006-01-00,UIC1561-01-00 UIC1551-01-00 UIC2151-05-00 UIC1806-02-00,YCE1253-01-00 STA1002-04-00,18.0,월금,1,0,1,4,2+1+2+1+1
3373,7.065,MR,YCA1006-02-00,UIC1561-01-00 UIC1251-02-00 UIC2151-12-00 UIC1805-01-00,UCB1105-02-00 BIZ1101-09-00,18.0,월금,2,0,0,,1+1+1
3374,7.065,MR,YCA1006-02-00,UIC1561-01-00 UIC1501-04-00 UIC2151-12-00 UIC1806-02-00,UCB1105-02-00 BIZ1101-09-00,18.0,월금,2,0,0,,1+1+1
3375,7.065,MR,YCA1006-02-00,UIC1561-01-00 UIC1501-04-00 UIC2151-12-00 UIC1806-02-00,UCB1105-02-00 BIZ1101-09-00,18.0,월금,2,0,0,,1+1+1
3376,7.065,MR,YCA1006-01-00,UIC1561-01-00 UIC1251-02-00 UIC2151-12-00 UIC1806-01-00,UCB1105-02-00 BIZ1101-09-00,18.0,월금,2,0,0,,1+1+1
3377,7.065,MR,YCA1006-02-00,UIC1561-01-00 UIC1401-02-00 UIC2151-12-00 UIC1806-01-00,YCI1998-02-00 BIZ1101-09-00,18.0,월금,2,0,0,,1+1+1
3378,7.065,MR,YCA1006-01-00,UIC1561-01-00 UIC1551-01-00 UIC2151-08-00 UIC1806-02-00,YCK1998-03-00 ATM2112-01-00,18.0,월금,1,0,1,4,1+3+1
3379,7.065,MR,YCA1006-01-00,UIC1561-01-00 UIC1551-01-00 UIC2151-12-00 UIC1805-02-00,YCH1605-01-00 ECO1002-05-00,18.0,월금,1,0,1,4,1+3+1
3380,7.065,MR,YCA1006-01-00,UIC1561-01-00 UIC1551-04-00 UIC2151-06-00 UIC1805-02-00,YCK1998-03-00 ATM2112-01-00,18.0,월금,1,0,1,4,1+1+3
3381,7.065,MR,YCA1006-01-00,UIC1561-01-00 UIC1251-02-00 UIC2151-12-00 UIC1805-01-00,YCE1253-01-00 BIZ1101-09-00,18.0,월금,2,0,0,,1+1+1
3382,7.065,MR,YCA1006-01-00,UIC1561-01-00 UIC1551-01-00 UIC2151-07-00 UIC1806-01-00,YCE1253-01-00 STA1002-04-00,18.0,월금,1,0,1,4,2+1+2+1+1
3383,7.065,MR,YCA1006-01-00,UIC1561-01-00 UIC1401-02-00 UIC2151-12-00 UIC1806-02-00,YCB1101-13-00 YCK1998-03-00,18.0,월금,1,0,1,4,1+1+3
3384,7.065,MR,YCA1006-01-00,UIC1561-01-00 UIC1251-02-00 UIC2151-12-00 UIC1805-02-00,YCJ1305-01-00 YCK1998-03-00,18.0,월금,1,0,1,4,1+3+1
3385,7.065,MR,YCA1006-01-00,UIC1561-01-00 UIC1251-02-00 UIC2151-12-00 UIC1805-02-00,UCD1101-01-00 YCI1998-02-00,18.0,월금,1,0,1,4,1+3+1
3386,7.065,MR,YCA1006-01-00,UIC1561-01-00 UIC1551-01-00 UIC2151-12-00 UIC1806-02-00,YCB1101-33-00 YCK1998-03-00,18.0,월금,1,0,1,4,1+3+1
3387,7.065,MR,YCA1006-01-00,UIC1561-01-00 UIC1251-02-00 UIC2151-12-00 UIC1806-01-00,YCE1253-01-00 BIZ1101-09-00,18.0,월금,2,0,0,,1+1+1
3388,7.065,MR,YCA1006-02-00,UIC1561-01-00 UIC1401-02-00 UIC2151-12-00 UIC1805-01-00,YCI1998-02-00 BIZ1101-09-00,18.0,월금,2,0,0,,1+1+1
3389,7.065,MR,YCA1006-01-00,UIC1561-01-00 UIC1551-01-00 UIC2151-08-00 UIC1806-02-00,YCK1998-03-00 ATM2112-01-00,18.0,월금,1,0,1,4,1+3+1
3390,7.065,MR,YCA1006-02-00,UIC1561-01-00 UIC1401-02-00 UIC2151-12-00 UIC1805-01-00,YCI1998-02-00 BIZ1101-09-00,18.0,월금,2,0,0,,1+1+1
3391,7.065,MR,YCA1006-01-00,UIC1561-01-00 UIC1551-04-00 UIC2151-12-00 UIC1806-02-00,YCE1253-01-00 ECO1002-06-00,18.0,월금,1,0,1,4,1+1+3
3392,7.065,MR,YCA1006-01-00,UIC1561-01-00 UIC1251-02-00 UIC2151-12-00 UIC1805-02-00,UCB1105-02-00 YCI1901-01-00,18.0,월금,1,0,1,4,1+1+3
3393,7.065,MR,YCA1006-02-00,UIC1561-01-00 UIC1251-02-00 UIC2151-12-00 UIC1805-01-00,UCB1105-02-00 BIZ1101-09-00,18.0,월금,2,0,0,,1+1+1
3394,7.065,MR,YCA1006-01-00,UIC1561-01-00 UIC1551-01-00 UIC2151-12-00 UIC1805-02-00,YCB1101-09-00 YCK1998-03-00,18.0,월금,1,0,1,4,1+3+1
3395,7.065,MR,YCA1006-01-00,UIC1561-01-00 UIC1551-01-00 UIC2151-07-00 UIC1805-02-00,YCK1998-03-00 ATM2112-01-00,18.0,월금,1,0,1,4,1+3+1
3396,7.065,MR,YCA1006-01-00,UIC1561-01-00 UIC1551-01-00 UIC2151-07-00 UIC1805-02-00,YCK1998-03-00 ATM2112-01-00,18.0,월금,1,0,1,4,1+3+1
3397,7.065,MR,YCA1006-01-00,UIC1561-01-00 UIC1551-01-00 UIC2151-05-00 UIC1806-02-00,YCE1253-01-00 STA1002-04-00,18.0,월금,1,0,1,4,2+1+2+1+1
3398,7.065,MR,YCA1006-01-00,UIC1561-01-00 UIC1251-02-00 UIC2151-12-00 UIC1805-02-00,YCB1101-13-00 YCK1998-03-00,18.0,월금,1,0,1,4,1+1+3
3399,7.065,MR,YCA1006-01-00,UIC1561-01-00 UIC1551-01-00 UIC2151-06-00 UIC1805-02-00,YCK1998-03-00 ATM2112-01-00,18.0,월금,1,0,1,4,1+3+1
3400,7.065,MR,YCA1006-01-00,UIC1561-01-00 UIC1551-04-00 UIC2151-12-00 UIC1806-02-00,YCB1101-33-00 YCK1998-03-00,18.0,월금,1,0,1,4,1+1+3
3401,7.065,MR,YCA1006-01-00,UIC1561-01-00 UIC1401-02-00 UIC2151-12-00 UIC1806-02-00,YCJ1305-01-00 YCK1998-03-00,18.0,월금,1,0,1,4,1+3+1
3402,7.065,MR,YCA1006-01-00,UIC1561-01-00 UIC1401-02-00 UIC2151-12-00 UIC1806-02-00,UCD1101-01-00 YCI1998-02-00,18.0,월금,1,0,1,4,1+3+1
3403,7.065,MR,YCA1006-01-00,UIC1561-01-00 UIC1551-04-00 UIC2151-06-00 UIC1805-02-00,YCK1998-03-00 ATM2112-01-00,18.0,월금,1,0,1,4,1+1+3
3404,7.065,MR,YCA1006-01-00,UIC1561-01-00 UIC1551-04-00 UIC2151-12-00 UIC1806-02-00,YCE1253-01-00 ECO1002-06-00,18.0,월금,1,0,1,4,1+1+3
3405,7.065,MR,YCA1006-01-00,UIC1561-01-00 UIC1551-01-00 UIC2151-12-00 UIC1806-02-00,YCE1253-01-00 ECO1002-06-00,18.0,월금,1,0,1,4,1+3+1
3406,7.065,MR,YCA1006-01-00,UIC1561-01-00 UIC1551-04-00 UIC2151-12-00 UIC1806-02-00,YCB1101-33-00 YCK1998-03-00,18.0,월금,1,0,1,4,1+1+3
3407,7.065,MR,YCA1006-01-00,UIC1561-01-00 UIC1551-01-00 UIC2151-06-00 UIC1805-02-00,YCK1998-03-00 ATM2112-01-00,18.0,월금,1,0,1,4,1+3+1
3408,7.065,MR,YCA1006-02-00,UIC1561-01-00 UIC1251-02-00 UIC2151-12-00 UIC1806-01-00,UCB1105-02-00 BIZ1101-09-00,18.0,월금,2,0,0,,1+1+1
3409,7.065,MR,YCA1006-01-00,UIC1561-01-00 UIC1551-01-00 UIC2151-07-00 UIC1806-01-00,YCE1253-01-00 STA1002-04-00,18.0,월금,1,0,1,4,2+1+2+1+1
3410,7.065,MR,YCA1006-01-00,UIC1561-01-00 UIC1551-04-00 UIC2151-08-00 UIC1806-02-00,YCK1998-03-00 ATM2112-01-00,18.0,월금,1,0,1,4,1+1+3
3411,7.065,MR,YCA1006-01-00,UIC1561-01-00 UIC1551-01-00 UIC2151-06-00 UIC1806-01-00,YCE1253-01-00 STA1002-04-00,18.0,월금,1,0,1,4,2+1+2+1+1
3412,7.065,MR,YCA1006-01-00,UIC1561-01-00 UIC1551-04-00 UIC2151-12-00 UIC1805-02-00,YCB1101-09-00 YCK1998-03-00,18.0,월금,1,0,1,4,1+1+3
3413,7.065,MR,YCA1006-02-00,UIC1561-01-00 UIC1501-04-00 UIC2151-12-00 UIC1805-02-00,YCI1998-02-00 BIZ1101-09-00,18.0,월금,2,0,0,,1+1+1
3414,7.065,MR,YCA1006-01-00,UIC1561-01-00 UIC1551-04-00 UIC2151-09-00 UIC1806-02-00,YCK1998-03-00 ATM2112-01-00,18.0,월금,1,0,1,4,1+1+3
3415,7.065,MR,YCA1006-01-00,UIC1561-01-00 UIC1501-04-00 UIC2151-12-00 UIC1806-02-00,UCB1105-02-00 BIZ1101-09-00,18.0,월금,2,0,0,,1+1+1
3416,7.065,MR,YCA1006-01-00,UIC1561-01-00 UIC1551-04-00 UIC2151-12-00 UIC1805-02-00,YCH1605-01-00 ECO1002-05-00,18.0,월금,1,0,1,4,1+1+3
3417,7.065,MR,YCA1006-01-00,UIC1561-01-00 UIC1401-02-00 UIC2151-12-00 UIC1806-02-00,UCB1105-02-00 YCI1901-01-00,18.0,월금,1,0,1,4,1+1+3
3418,7.065,MR,YCA1006-01-00,UIC1561-01-00 UIC1251-02-00 UIC2151-12-00 UIC1805-01-00,UCB1105-02-00 BIZ1101-09-00,18.0,월금,2,0,0,,1+1+1
3419,7.065,MR,YCA1006-01-00,UIC1561-01-00 UIC1251-02-00 UIC2151-12-00 UIC1806-01-00,UCB1105-02-00 BIZ1101-09-00,18.0,월금,2,0,0,,1+1+1
3420,7.065,MR,YCA1006-01-00,UIC1561-01-00 UIC1551-01-00 UIC2151-07-00 UIC1805-01-00,YCE1253-01-00 STA1002-04-00,18.0,월금,1,0,1,4,2+1+2+1+1
3421,7.065,MR,YCA1006-01-00,UIC1561-01-00 UIC1251-02-00 UIC2151-12-00 UIC1805-01-00,UCB1105-02-00 BIZ1101-09-00,18.0,월금,2,0,0,,1+1+1
3422,7.065,MR,YCA1006-01-00,UIC1561-01-00 UIC1551-04-00 UIC2151-12-00 UIC1805-02-00,YCH1605-01-00 ECO1002-05-00,18.0,월금,1,0,1,4,1+1+3
3423,7.065,MR,YCA1006-01-00,UIC1561-01-00 UIC1401-02-00 UIC2151-12-00 UIC1806-02-00,UCB1105-02-00 YCI1901-01-00,18.0,월금,1,0,1,4,1+1+3
3424,7.065,MR,YCA1006-02-00,UIC1561-01-00 UIC1401-02-00 UIC2151-12-00 UIC1806-01-00,YCI1998-02-00 BIZ1101-09-00,18.0,월금,2,0,0,,1+1+1
3425,7.065,MR,YCA1006-01-00,UIC1561-01-00 UIC1251-02-00 UIC2151-12-00 UIC1805-01-00,YCE1253-01-00 BIZ1101-09-00,18.0,월금,2,0,0,,1+1+1
3426,7.065,MR,YCA1006-01-00,UIC1561-01-00 UIC1501-04-00 UIC2151-12-00 UIC1806-02-00,UCB1105-02-00 BIZ1101-09-00,18.0,월금,2,0,0,,1+1+1
3427,7.065,MR,YCA1006-01-00,UIC1561-01-00 UIC1251-02-00 UIC2151-12-00 UIC1805-02-00,YCB1101-43-00 YCK1998-03-00,18.0,월금,1,0,1,4,1+3+1
3428,7.065,MR,YCA1006-01-00,UIC1561-01-00 UIC1551-01-00 UIC2151-09-00 UIC1806-02-00,YCK1998-03-00 ATM2112-01-00,18.0,월금,1,0,1,4,1+3+1
3429,7.065,MR,YCA1006-01-00,UIC1561-01-00 UIC1401-02-00 UIC2151-12-00 UIC1806-02-00,UCD1101-01-00 YCI1998-02-00,18.0,월금,1,0,1,4,1+3+1
3430,7.065,MR,YCA1006-01-00,UIC1561-01-00 UIC1551-04-00 UIC2151-07-00 UIC1805-02-00,YCG1804-01-00 YCK1998-03-00,18.0,월금,0,0,2,4,1+1+3
3431,7.065,MR,YCA1006-01-00,UIC1561-01-00 UIC1551-04-00 UIC2151-08-00 UIC1806-02-00,YCG1804-01-00 YCK1998-03-00,18.0,월금,0,0,2,4,1+1+3
3432,7.065,MR,YCA1006-01-00,UIC1561-01-00 UIC1551-04-00 UIC2151-06-00 UIC1805-02-00,YCG1804-01-00 YCK1998-03-00,18.0,월금,0,0,2,4,1+1+3
3433,7.065,MR,YCA1006-01-00,UIC1561-01-00 UIC1551-04-00 UIC2151-07-00 UIC1805-02-00,YCG1804-01-00 YCK1998-03-00,18.0,월금,0,0,2,4,1+1+3
3434,7.065,MR,YCA1006-01-00,UIC1561-01-00 UIC1551-04-00 UIC2151-06-00 UIC1805-02-00,YCG1804-01-00 YCK1998-03-00,18.0,월금,0,0,2,4,1+1+3
3435,7.065,MR,YCA1006-01-00,UIC1561-01-00 UIC1551-04-00 UIC2151-08-00 UIC1806-02-00,YCG1804-01-00 YCK1998-03-00,18.0,월금,0,0,2,4,1+1+3
3436,7.065,MR,YCA1006-01-00,UIC1561-01-00 UIC1551-04-00 UIC2151-09-00 UIC1806-02-00,YCG1804-01-00 YCK1998-03-00,18.0,월금,0,0,2,4,1+1+3
3437,7.065,MR,YCA1006-01-00,UIC1561-01-00 UIC1551-04-00 UIC2151-09-00 UIC1806-02-00,YCG1804-01-00 YCK1998-03-00,18.0,월금,0,0,2,4,1+1+3
3438,7.015,MR,YCA1006-01-00,UIC1561-01-00 ASP2022-01-00 UIC2151-08-00 UIC1806-01-00,YCH1605-01-00 YCK1998-03-00,18.0,월금,1,0,0,5,1+2
3439,7.015,MR,YCA1006-01-00,UIC1561-01-00 ASP2022-01-00 UIC2151-09-00 UIC1805-01-00,YCH1605-01-00 YCK1998-03-00,18.0,월금,1,0,0,5,1+2
3440,7.015,MR,YCA1006-01-00,UIC1561-01-00 ASP2022-01-00 UIC2151-05-00 UIC1805-02-00,YCH1605-01-00 YCK1998-03-00,18.0,월금,1,0,0,5,1+2
3441,7.015,MR,YCA1006-02-00,UIC1561-01-00 ASP2022-01-00 UIC2151-12-00 UIC1806-02-00,UCD1101-01-00 BIZ1101-09-00,18.0,월금,1,0,1,5,2+1
3442,7.015,MR,YCA1006-02-00,UIC1561-01-00 UIC1551-01-00 UIC2151-08-00 UIC1806-02-00,STA1002-04-00 BIZ1101-09-00,18.0,월금,0,1,1,5+4,2+1
3443,7.015,MR,YCA1006-02-00,UIC1561-01-00 UIC1551-01-00 UIC2151-06-00 UIC1805-02-00,STA1002-04-00 BIZ1101-09-00,18.0,월금,0,1,1,5+4,2+1
3444,7.015,MR,YCA1006-02-00,UIC1561-01-00 UIC1551-01-00 UIC2151-08-00 UIC1806-02-00,STA1002-04-00 BIZ1101-09-00,18.0,월금,0,1,1,5+4,2+1
3445,7.015,MR,YCA1006-02-00,UIC1561-01-00 UIC1551-01-00 UIC2151-07-00 UIC1805-02-00,STA1002-04-00 BIZ1101-09-00,18.0,월금,0,1,1,5+4,2+1
3446,7.015,MR,YCA1006-02-00,UIC1561-01-00 UIC1551-01-00 UIC2151-09-00 UIC1806-02-00,STA1002-04-00 BIZ1101-09-00,18.0,월금,0,1,1,5+4,2+1
3447,7.015,MR,YCA1006-01-00,UIC1561-01-00 ASP2022-01-00 UIC2151-08-00 UIC1805-01-00,YCH1605-01-00 YCK1998-03-00,18.0,월금,1,0,0,5,1+2
3448,7.015,MR,YCA1006-01-00,UIC1561-01-00 ASP2022-01-00 UIC2151-09-00 UIC1806-01-00,YCH1605-01-00 YCK1998-03-00,18.0,월금,1,0,0,5,1+2
3449,7.015,MR,YCA1006-01-00,UIC1561-01-00 ASP2022-01-00 UIC2151-09-00 UIC1805-01-00,YCH1605-01-00 YCK1998-03-00,18.0,월금,1,0,0,5,1+2
3450,7.015,MR,YCA1006-02-00,UIC1561-01-00 UIC1551-01-00 UIC2151-09-00 UIC1806-02-00,STA1002-04-00 BIZ1101-09-00,18.0,월금,0,1,1,5+4,2+1
3451,7.015,MR,YCA1006-02-00,UIC1561-01-00 ASP2022-01-00 UIC2151-12-00 UIC1806-02-00,UCD1101-01-00 BIZ1101-09-00,18.0,월금,1,0,1,5,2+1
3452,7.015,MR,YCA1006-01-00,UIC1561-01-00 ASP2022-01-00 UIC2151-09-00 UIC1806-01-00,YCH1605-01-00 YCK1998-03-00,18.0,월금,1,0,0,5,1+2
3453,7.015,MR,YCA1006-01-00,UIC1561-01-00 ASP2022-01-00 UIC2151-08-00 UIC1806-01-00,YCH1605-01-00 YCK1998-03-00,18.0,월금,1,0,0,5,1+2
3454,7.015,MR,YCA1006-02-00,UIC1561-01-00 UIC1551-01-00 UIC2151-06-00 UIC1805-02-00,STA1002-04-00 BIZ1101-09-00,18.0,월금,0,1,1,5+4,2+1
3455,7.015,MR,YCA1006-01-00,UIC1561-01-00 ASP2022-01-00 UIC2151-05-00 UIC1805-02-00,YCH1605-01-00 YCK1998-03-00,18.0,월금,1,0,0,5,1+2
3456,7.015,MR,YCA1006-02-00,UIC1561-01-00 UIC1551-01-00 UIC2151-07-00 UIC1805-02-00,STA1002-04-00 BIZ1101-09-00,18.0,월금,0,1,1,5+4,2+1
3457,7.015,MR,YCA1006-01-00,UIC1561-01-00 ASP2022-01-00 UIC2151-08-00 UIC1805-01-00,YCH1605-01-00 YCK1998-03-00,18.0,월금,1,0,0,5,1+2
3458,7.014,MR,YCA1006-01-00,UIC1561-01-00 UIC1401-02-00 UIC2151-12-00 UIC1806-02-00,ECO1101-06-00 STA2102-05-00,18.0,월금,1,0,2,6,1+2+2
3459,7.014,MR,YCA1006-01-00,UIC1561-01-00 UIC1251-02-00 UIC2151-12-00 UIC1805-02-00,ECO1101-06-00 STA2102-05-00,18.0,월금,1,0,2,6,1+2+2
3460,7.014,MR,YCA1006-01-00,UIC1561-01-00 UIC1401-02-00 UIC2151-12-00 UIC1806-02-00,ECO1101-06-00 STA2102-05-00,18.0,월금,1,0,2,6,1+2+2
3461,7.014,MR,YCA1006-01-00,UIC1561-01-00 UIC1251-02-00 UIC2151-12-00 UIC1805-02-00,ECO1101-06-00 STA2102-05-00,18.0,월금,1,0,2,6,1+2+2
3462,6.999,MR,YCA1006-02-00,UIC1561-01-00 UIC1551-01-00 UIC2151-07-00 UIC1805-02-00,ECO1101-06-00 CTM1001-02-00,18.0,월금,0,2,3,4+5,1+2+1
3463,6.999,MR,YCA1006-02-00,UIC1561-01-00 UIC1551-01-00 UIC2151-09-00 UIC1806-02-00,ECO1101-06-00 CTM1001-02-00,18.0,월금,0,2,3,4+5,1+2+1
3464,6.999,MR,YCA1006-02-00,UIC1561-01-00 UIC1551-01-00 UIC2151-08-00 UIC1806-02-00,ECO1101-06-00 CTM1001-02-00,18.0,월금,0,2,3,4+5,1+2+1
3465,6.999,MR,YCA1006-02-00,UIC1561-01-00 UIC1551-01-00 UIC2151-07-00 UIC1805-02-00,ECO1101-06-00 CTM1001-02-00,18.0,월금,0,2,3,4+5,1+2+1
3466,6.999,MR,YCA1006-02-00,UIC1561-01-00 UIC1551-01-00 UIC2151-06-00 UIC1805-02-00,ECO1101-06-00 CTM1001-02-00,18.0,월금,0,2,3,4+5,1+2+1
3467,6.999,MR,YCA1006-02-00,UIC1561-01-00 UIC1551-01-00 UIC2151-08-00 UIC1806-02-00,ECO1101-06-00 CTM1001-02-00,18.0,월금,0,2,3,4+5,1+2+1
3468,6.999,MR,YCA1006-02-00,UIC1561-01-00 UIC1551-01-00 UIC2151-06-00 UIC1805-02-00,ECO1101-06-00 CTM1001-02-00,18.0,월금,0,2,3,4+5,1+2+1
3469,6.999,MR,YCA1006-02-00,UIC1561-01-00 UIC1551-01-00 UIC2151-09-00 UIC1806-02-00,ECO1101-06-00 CTM1001-02-00,18.0,월금,0,2,3,4+5,1+2+1
3470,6.994,MR,YCA1006-01-00,UIC1561-01-00 UIC1551-04-00 UIC2151-08-00 UIC1806-02-00,ANT2105-01-00 STA1002-04-00,18.0,월금,0,0,2,4+4,2+1+1+2
3471,6.994,MR,YCA1006-01-00,UIC1561-01-00 UIC1551-01-00 UIC2151-09-00 UIC1806-02-00,ANT2105-01-00 STA1002-04-00,18.0,월금,0,0,2,4+4,2+1+2+1
3472,6.994,MR,YCA1006-01-00,UIC1561-01-00 UIC1551-04-00 UIC2151-07-00 UIC1805-02-00,ANT2105-01-00 STA1002-04-00,18.0,월금,0,0,2,4+4,2+1+1+2
3473,6.994,MR,YCA1006-01-00,UIC1561-01-00 UIC1551-04-00 UIC2151-06-00 UIC1805-02-00,ANT2105-01-00 STA1002-04-00,18.0,월금,0,0,2,4+4,2+1+1+2
3474,6.994,MR,YCA1006-01-00,UIC1561-01-00 UIC1551-04-00 UIC2151-07-00 UIC1805-02-00,ANT2105-01-00 STA1002-04-00,18.0,월금,0,0,2,4+4,2+1+1+2
3475,6.994,MR,YCA1006-01-00,UIC1561-01-00 UIC1551-01-00 UIC2151-08-00 UIC1806-02-00,ANT2105-01-00 STA1002-04-00,18.0,월금,0,0,2,4+4,2+1+2+1
3476,6.994,MR,YCA1006-01-00,UIC1561-01-00 UIC1551-04-00 UIC2151-09-00 UIC1806-02-00,ANT2105-01-00 STA1002-04-00,18.0,월금,0,0,2,4+4,2+1+1+2
3477,6.994,MR,YCA1006-01-00,UIC1561-01-00 UIC1551-01-00 UIC2151-07-00 UIC1805-02-00,ANT2105-01-00 STA1002-04-00,18.0,월금,0,0,2,4+4,2+1+2+1
3478,6.994,MR,YCA1006-01-00,UIC1561-01-00 UIC1551-01-00 UIC2151-09-00 UIC1806-02-00,ANT2105-01-00 STA1002-04-00,18.0,월금,0,0,2,4+4,2+1+2+1
3479,6.994,MR,YCA1006-01-00,UIC1561-01-00 UIC1551-01-00 UIC2151-06-00 UIC1805-02-00,ANT2105-01-00 STA1002-04-00,18.0,월금,0,0,2,4+4,2+1+2+1
3480,6.994,MR,YCA1006-01-00,UIC1561-01-00 UIC1551-01-00 UIC2151-08-00 UIC1806-02-00,ANT2105-01-00 STA1002-04-00,18.0,월금,0,0,2,4+4,2+1+2+1
3481,6.994,MR,YCA1006-01-00,UIC1561-01-00 UIC1551-01-00 UIC2151-07-00 UIC1805-02-00,ANT2105-01-00 STA1002-04-00,18.0,월금,0,0,2,4+4,2+1+2+1
3482,6.994,MR,YCA1006-01-00,UIC1561-01-00 UIC1551-01-00 UIC2151-06-00 UIC1805-02-00,ANT2105-01-00 STA1002-04-00,18.0,월금,0,0,2,4+4,2+1+2+1
3483,6.994,MR,YCA1006-01-00,UIC1561-01-00 UIC1551-04-00 UIC2151-08-00 UIC1806-02-00,ANT2105-01-00 STA1002-04-00,18.0,월금,0,0,2,4+4,2+1+1+2
3484,6.994,MR,YCA1006-01-00,UIC1561-01-00 UIC1551-04-00 UIC2151-09-00 UIC1806-02-00,ANT2105-01-00 STA1002-04-00,18.0,월금,0,0,2,4+4,2+1+1+2
3485,6.994,MR,YCA1006-01-00,UIC1561-01-00 UIC1551-04-00 UIC2151-06-00 UIC1805-02-00,ANT2105-01-00 STA1002-04-00,18.0,월금,0,0,2,4+4,2+1+1+2
3486,6.99,MR,YCA1006-01-00,UIC1561-01-00 UIC1551-01-00 UIC2151-09-00 UIC1806-02-00,YCI1901-01-00 STP2004-01-00,18.0,월금,0,0,2,6,1+2+1
3487,6.99,MR,YCA1006-01-00,UIC1561-01-00 UIC1401-02-00 UIC2151-14-00 UIC1806-02-00,UCD1101-01-00 STP2004-01-00,18.0,월금,0,0,2,6,1+2+1
3488,6.99,MR,YCA1006-01-00,UIC1561-01-00 UIC1551-01-00 UIC2151-06-00 UIC1805-02-00,YCI1901-01-00 STP2004-01-00,18.0,월금,0,0,2,6,1+2+1
3489,6.99,MR,YCA1006-01-00,UIC1561-01-00 UIC1251-02-00 UIC2151-14-00 UIC1805-02-00,UCD1101-01-00 STP2004-01-00,18.0,월금,0,0,2,6,1+2+1
3490,6.99,MR,YCA1006-01-00,UIC1561-01-00 UIC1551-01-00 UIC2151-07-00 UIC1805-02-00,YCI1901-01-00 STP2004-01-00,18.0,월금,0,0,2,6,1+2+1
3491,6.99,MR,YCA1006-01-00,UIC1561-01-00 UIC1551-04-00 UIC2151-08-00 UIC1806-02-00,UCD1101-01-00 STP2004-01-00,18.0,월금,0,0,2,6,1+1+2
3492,6.99,MR,YCA1006-01-00,UIC1561-01-00 UIC1551-01-00 UIC2151-08-00 UIC1806-02-00,YCI1901-01-00 STP2004-01-00,18.0,월금,0,0,2,6,1+2+1
3493,6.99,MR,YCA1006-01-00,UIC1561-01-00 UIC1251-02-00 UIC2151-14-00 UIC1805-02-00,UCD1101-01-00 STP2004-01-00,18.0,월금,0,0,2,6,1+2+1
3494,6.99,MR,YCA1006-01-00,UIC1561-01-00 UIC1551-01-00 UIC2151-07-00 UIC1805-02-00,YCI1901-01-00 STP2004-01-00,18.0,월금,0,0,2,6,1+2+1
3495,6.99,MR,YCA1006-01-00,UIC1561-01-00 UIC1401-02-00 UIC2151-14-00 UIC1806-02-00,UCD1101-01-00 STP2004-01-00,18.0,월금,0,0,2,6,1+2+1
3496,6.99,MR,YCA1006-01-00,UIC1561-01-00 UIC1551-01-00 UIC2151-09-00 UIC1806-02-00,YCI1901-01-00 STP2004-01-00,18.0,월금,0,0,2,6,1+2+1
3497,6.99,MR,YCA1006-01-00,UIC1561-01-00 UIC1551-04-00 UIC2151-06-00 UIC1805-02-00,UCD1101-01-00 STP2004-01-00,18.0,월금,0,0,2,6,1+1+2
3498,6.99,MR,YCA1006-01-00,UIC1561-01-00 UIC1551-04-00 UIC2151-07-00 UIC1805-02-00,UCD1101-01-00 STP2004-01-00,18.0,월금,0,0,2,6,1+1+2
3499,6.99,MR,YCA1006-01-00,UIC1561-01-00 UIC1551-01-00 UIC2151-06-00 UIC1805-02-00,YCI1901-01-00 STP2004-01-00,18.0,월금,0,0,2,6,1+2+1
3500,6.99,MR,YCA1006-01-00,UIC1561-01-00 UIC1551-04-00 UIC2151-08-00 UIC1806-02-00,UCD1101-01-00 STP2004-01-00,18.0,월금,0,0,2,6,1+1+2
3501,6.99,MR,YCA1006-01-00,UIC1561-01-00 UIC1551-04-00 UIC2151-07-00 UIC1805-02-00,UCD1101-01-00 STP2004-01-00,18.0,월금,0,0,2,6,1+1+2
3502,6.99,MR,YCA1006-01-00,UIC1561-01-00 UIC1551-04-00 UIC2151-06-00 UIC1805-02-00,UCD1101-01-00 STP2004-01-00,18.0,월금,0,0,2,6,1+1+2
3503,6.99,MR,YCA1006-01-00,UIC1561-01-00 UIC1551-04-00 UIC2151-09-00 UIC1806-02-00,UCD1101-01-00 STP2004-01-00,18.0,월금,0,0,2,6,1+1+2
3504,6.99,MR,YCA1006-01-00,UIC1561-01-00 UIC1551-01-00 UIC2151-08-00 UIC1806-02-00,YCI1901-01-00 STP2004-01-00,18.0,월금,0,0,2,6,1+2+1
3505,6.99,MR,YCA1006-01-00,UIC1561-01-00 UIC1551-04-00 UIC2151-09-00 UIC1806-02-00,UCD1101-01-00 STP2004-01-00,18.0,월금,0,0,2,6,1+1+2
3506,6.978,MR,YCA1006-01-00,UIC1561-01-00 UIC1501-04-00 UIC2151-14-00 UIC1806-02-00,ECO1101-06-00 YCH1202-01-00,18.0,월금,1,0,4,4,1+2+2+1+1
3507,6.978,MR,YCA1006-02-00,UIC1561-01-00 UIC1251-02-00 UIC2151-14-00 UIC1805-01-00,ECO1101-06-00 YCH1202-01-00,18.0,월금,1,0,4,4,1+2+2+1+1
3508,6.978,MR,YCA1006-01-00,UIC1561-01-00 UIC1251-02-00 UIC2151-14-00 UIC1806-01-00,ECO1101-06-00 YCH1202-01-00,18.0,월금,1,0,4,4,1+2+2+1+1
3509,6.978,MR,YCA1006-02-00,UIC1561-01-00 UIC1501-04-00 UIC2151-14-00 UIC1806-02-00,ECO1101-06-00 YCH1202-01-00,18.0,월금,1,0,4,4,1+2+2+1+1
3510,6.978,MR,YCA1006-02-00,UIC1561-01-00 UIC1501-04-00 UIC2151-14-00 UIC1806-02-00,ECO1101-06-00 YCH1202-01-00,18.0,월금,1,0,4,4,1+2+2+1+1
3511,6.978,MR,YCA1006-01-00,UIC1561-01-00 UIC1251-02-00 UIC2151-14-00 UIC1805-01-00,ECO1101-06-00 YCH1202-01-00,18.0,월금,1,0,4,4,1+2+2+1+1
3512,6.978,MR,YCA1006-02-00,UIC1561-01-00 UIC1251-02-00 UIC2151-14-00 UIC1805-01-00,ECO1101-06-00 YCH1202-01-00,18.0,월금,1,0,4,4,1+2+2+1+1
3513,6.978,MR,YCA1006-01-00,UIC1561-01-00 UIC1251-02-00 UIC2151-14-00 UIC1805-01-00,ECO1101-06-00 YCH1202-01-00,18.0,월금,1,0,4,4,1+2+2+1+1
3514,6.978,MR,YCA1006-02-00,UIC1561-01-00 UIC1251-02-00 UIC2151-14-00 UIC1806-01-00,ECO1101-06-00 YCH1202-01-00,18.0,월금,1,0,4,4,1+2+2+1+1
3515,6.978,MR,YCA1006-02-00,UIC1561-01-00 UIC1251-02-00 UIC2151-14-00 UIC1806-01-00,ECO1101-06-00 YCH1202-01-00,18.0,월금,1,0,4,4,1+2+2+1+1
3516,6.978,MR,YCA1006-01-00,UIC1561-01-00 UIC1251-02-00 UIC2151-14-00 UIC1806-01-00,ECO1101-06-00 YCH1202-01-00,18.0,월금,1,0,4,4,1+2+2+1+1
3517,6.978,MR,YCA1006-01-00,UIC1561-01-00 UIC1501-04-00 UIC2151-14-00 UIC1806-02-00,ECO1101-06-00 YCH1202-01-00,18.0,월금,1,0,4,4,1+2+2+1+1
3518,6.96,Lang,-,QRM1001-01-00 UIC1561-01-00 ASP2033-01-00 UIC2151-14-00,YCK1998-03-00 STA1002-04-00,18.0,월금,0,0,1,,2+2+2
3519,6.94,MR,YCA1006-01-00,UIC1561-01-00 UIC1251-02-00 UIC2151-14-00 UIC1806-01-00,BIZ1101-09-00 SED2104-01-00,18.0,월금,1,0,3,,1+2+1+1+1
3520,6.94,MR,YCA1006-02-00,UIC1561-01-00 UIC1551-01-00 UIC2151-06-00 UIC1805-02-00,UCB1105-02-00 BIZ1101-09-00,18.0,월금,0,1,1,5+6,
3521,6.94,MR,YCA1006-01-00,UIC1561-01-00 UIC1251-02-00 UIC2151-14-00 UIC1806-01-00,BIZ1101-09-00 SED2104-01-00,18.0,월금,1,0,3,,1+2+1+1+1
3522,6.94,MR,YCA1006-02-00,UIC1561-01-00 UIC1551-01-00 UIC2151-07-00 UIC1805-02-00,UCB1105-02-00 BIZ1101-09-00,18.0,월금,0,1,1,5+6,
3523,6.94,MR,YCA1006-01-00,UIC1561-01-00 UIC1551-01-00 UIC2151-12-00 UIC1806-02-00,ECO1002-04-00 YCK1998-03-00,18.0,월금,1,0,1,,1+2+3+1+1
3524,6.94,MR,YCA1006-02-00,UIC1561-01-00 UIC1551-04-00 UIC2151-09-00 UIC1806-01-00,BIZ1101-09-00 SED2104-01-00,18.0,월금,1,0,3,,1+1+1+1+2
3525,6.94,MR,YCA1006-02-00,UIC1561-01-00 UIC1551-04-00 UIC2151-09-00 UIC1806-01-00,BIZ1101-09-00 SED2104-01-00,18.0,월금,1,0,3,,1+1+1+1+2
3526,6.94,MR,YCA1006-01-00,UIC1561-01-00 UIC1501-04-00 UIC2151-14-00 UIC1806-02-00,BIZ1101-09-00 SED2104-01-00,18.0,월금,1,0,3,,1+2+1+1+1
3527,6.94,MR,YCA1006-02-00,UIC1561-01-00 UIC1501-04-00 UIC2151-14-00 UIC1806-02-00,BIZ1101-09-00 SED2104-01-00,18.0,월금,1,0,3,,1+2+1+1+1
3528,6.94,MR,YCA1006-02-00,UIC1561-01-00 UIC1551-04-00 UIC2151-08-00 UIC1805-01-00,BIZ1101-09-00 SED2104-01-00,18.0,월금,1,0,3,,1+1+1+1+2
3529,6.94,MR,YCA1006-02-00,UIC1561-01-00 UIC1551-01-00 UIC2151-07-00 UIC1805-02-00,UCB1105-02-00 BIZ1101-09-00,18.0,월금,0,1,1,5+6,
3530,6.94,MR,YCA1006-02-00,UIC1561-01-00 UIC1551-01-00 UIC2151-06-00 UIC1805-02-00,UCB1105-02-00 BIZ1101-09-00,18.0,월금,0,1,1,5+6,
3531,6.94,MR,YCA1006-02-00,UIC1561-01-00 UIC1551-04-00 UIC2151-08-00 UIC1805-01-00,BIZ1101-09-00 SED2104-01-00,18.0,월금,1,0,3,,1+1+1+1+2
3532,6.94,MR,YCA1006-02-00,UIC1561-01-00 UIC1251-02-00 UIC2151-14-00 UIC1806-01-00,BIZ1101-09-00 SED2104-01-00,18.0,월금,1,0,3,,1+2+1+1+1
3533,6.94,MR,YCA1006-01-00,UIC1561-01-00 UIC1251-02-00 UIC2151-14-00 UIC1805-01-00,BIZ1101-09-00 SED2104-01-00,18.0,월금,1,0,3,,1+2+1+1+1
3534,6.94,MR,YCA1006-02-00,UIC1561-01-00 UIC1551-04-00 UIC2151-09-00 UIC1805-01-00,BIZ1101-09-00 SED2104-01-00,18.0,월금,1,0,3,,1+1+1+1+2
3535,6.94,MR,YCA1006-02-00,UIC1561-01-00 UIC1551-01-00 UIC2151-09-00 UIC1806-02-00,UCB1105-02-00 BIZ1101-09-00,18.0,월금,0,1,1,5+6,
3536,6.94,MR,YCA1006-01-00,UIC1561-01-00 UIC1501-04-00 UIC2151-14-00 UIC1806-02-00,BIZ1101-09-00 SED2104-01-00,18.0,월금,1,0,3,,1+2+1+1+1
3537,6.94,MR,YCA1006-02-00,UIC1561-01-00 UIC1551-04-00 UIC2151-08-00 UIC1806-01-00,BIZ1101-09-00 SED2104-01-00,18.0,월금,1,0,3,,1+1+1+1+2
3538,6.94,MR,YCA1006-02-00,UIC1561-01-00 UIC1251-02-00 UIC2151-14-00 UIC1805-01-00,BIZ1101-09-00 SED2104-01-00,18.0,월금,1,0,3,,1+2+1+1+1
3539,6.94,MR,YCA1006-02-00,UIC1561-01-00 UIC1551-04-00 UIC2151-05-00 UIC1805-02-00,BIZ1101-09-00 SED2104-01-00,18.0,월금,1,0,3,,1+1+1+1+2
3540,6.94,MR,YCA1006-02-00,UIC1561-01-00 UIC1501-04-00 UIC2151-14-00 UIC1806-02-00,BIZ1101-09-00 SED2104-01-00,18.0,월금,1,0,3,,1+2+1+1+1
3541,6.94,MR,YCA1006-02-00,UIC1561-01-00 UIC1251-02-00 UIC2151-14-00 UIC1806-01-00,BIZ1101-09-00 SED2104-01-00,18.0,월금,1,0,3,,1+2+1+1+1
3542,6.94,MR,YCA1006-02-00,UIC1561-01-00 UIC1551-01-00 UIC2151-08-00 UIC1806-02-00,UCB1105-02-00 BIZ1101-09-00,18.0,월금,0,1,1,5+6,
3543,6.94,MR,YCA1006-02-00,UIC1561-01-00 UIC1551-04-00 UIC2151-09-00 UIC1805-01-00,BIZ1101-09-00 SED2104-01-00,18.0,월금,1,0,3,,1+1+1+1+2
3544,6.94,MR,YCA1006-02-00,UIC1561-01-00 UIC1551-01-00 UIC2151-09-00 UIC1806-02-00,UCB1105-02-00 BIZ1101-09-00,18.0,월금,0,1,1,5+6,
3545,6.94,MR,YCA1006-02-00,UIC1561-01-00 UIC1551-01-00 UIC2151-08-00 UIC1806-02-00,UCB1105-02-00 BIZ1101-09-00,18.0,월금,0,1,1,5+6,
3546,6.94,MR,YCA1006-01-00,UIC1561-01-00 UIC1551-01-00 UIC2151-12-00 UIC1806-02-00,ECO1002-04-00 YCK1998-03-00,18.0,월금,1,0,1,,1+2+3+1+1
3547,6.94,MR,YCA1006-02-00,UIC1561-01-00 UIC1551-04-00 UIC2151-08-00 UIC1806-01-00,BIZ1101-09-00 SED2104-01-00,18.0,월금,1,0,3,,1+1+1+1+2
3548,6.94,MR,YCA1006-02-00,UIC1561-01-00 UIC1551-04-00 UIC2151-05-00 UIC1805-02-00,BIZ1101-09-00 SED2104-01-00,18.0,월금,1,0,3,,1+1+1+1+2
3549,6.94,MR,YCA1006-01-00,UIC1561-01-00 UIC1251-02-00 UIC2151-14-00 UIC1805-01-00,BIZ1101-09-00 SED2104-01-00,18.0,월금,1,0,3,,1+2+1+1+1
3550,6.94,MR,YCA1006-02-00,UIC1561-01-00 UIC1251-02-00 UIC2151-14-00 UIC1805-01-00,BIZ1101-09-00 SED2104-01-00,18.0,월금,1,0,3,,1+2+1+1+1
3551,6.94,MR,YCA1006-02-00,UIC1561-01-00 UIC1551-01-00 UIC2151-07-00 UIC1806-01-00,YCG1804-01-00 YCI1901-01-00,18.0,월수금,1,0,2,,1+2+1+1+1
3552,6.94,MR,YCA1006-01-00,UIC1561-01-00 UIC1501-04-00 UIC2151-14-00 UIC1806-02-00,YCG1804-01-00 UCD1101-01-00,18.0,월수금,1,0,2,,1+2+1+1+1
3553,6.94,MR,YCA1006-01-00,UIC1561-01-00 UIC1251-02-00 UIC2151-14-00 UIC1806-01-00,YCG1804-01-00 UCD1101-01-00,18.0,월수금,1,0,2,,1+2+1+1+1
3554,6.94,MR,YCA1006-02-00,UIC1561-01-00 UIC1551-01-00 UIC2151-06-00 UIC1805-01-00,YCG1804-01-00 YCI1901-01-00,18.0,월수금,1,0,2,,1+2+1+1+1
3555,6.94,MR,YCA1006-02-00,UIC1561-01-00 UIC1551-01-00 UIC2151-06-00 UIC1805-01-00,YCG1804-01-00 YCI1901-01-00,18.0,월수금,1,0,2,,1+2+1+1+1
3556,6.94,MR,YCA1006-01-00,UIC1561-01-00 UIC1551-01-00 UIC2151-06-00 UIC1805-01-00,YCG1804-01-00 YCI1901-01-00,18.0,월수금,1,0,2,,1+2+1+1+1
3557,6.94,MR,YCA1006-02-00,UIC1561-01-00 UIC1551-04-00 UIC2151-12-00 UIC1805-02-00,YCG1804-01-00 UCD1101-01-00,18.0,월금,1,0,2,,1+1+3+2+1
3558,6.94,MR,YCA1006-02-00,UIC1561-01-00 UIC1551-01-00 UIC2151-07-00 UIC1805-01-00,YCG1804-01-00 YCI1901-01-00,18.0,월수금,1,0,2,,1+2+1+1+1
3559,6.94,MR,YCA1006-02-00,UIC1561-01-00 UIC1551-04-00 UIC2151-08-00 UIC1806-01-00,YCG1804-01-00 UCD1101-01-00,18.0,월수금,1,0,2,,1+1+1+2+1
3560,6.94,MR,YCA1006-02-00,UIC1561-01-00 UIC1501-04-00 UIC2151-14-00 UIC1806-02-00,YCG1804-01-00 UCD1101-01-00,18.0,월수금,1,0,2,,1+2+1+1+1
3561,6.94,MR,YCA1006-01-00,UIC1561-01-00 UIC1251-02-00 UIC2151-14-00 UIC1805-01-00,YCG1804-01-00 UCD1101-01-00,18.0,월수금,1,0,2,,1+2+1+1+1
3562,6.94,MR,YCA1006-01-00,UIC1561-01-00 UIC1551-01-00 UIC2151-07-00 UIC1806-01-00,YCG1804-01-00 YCI1901-01-00,18.0,월수금,1,0,2,,1+2+1+1+1
3563,6.94,MR,YCA1006-02-00,UIC1561-01-00 UIC1251-02-00 UIC2151-14-00 UIC1805-01-00,YCG1804-01-00 UCD1101-01-00,18.0,월수금,1,0,2,,1+2+1+1+1
3564,6.94,MR,YCA1006-02-00,UIC1561-01-00 UIC1551-04-00 UIC2151-09-00 UIC1806-01-00,YCG1804-01-00 UCD1101-01-00,18.0,월수금,1,0,2,,1+1+1+2+1
3565,6.94,MR,YCA1006-02-00,UIC1561-01-00 UIC1551-04-00 UIC2151-05-00 UIC1805-02-00,YCG1804-01-00 UCD1101-01-00,18.0,월수금,1,0,2,,1+1+1+2+1
3566,6.94,MR,YCA1006-01-00,UIC1561-01-00 UIC1551-01-00 UIC2151-06-00 UIC1806-01-00,YCG1804-01-00 YCI1901-01-00,18.0,월수금,1,0,2,,1+2+1+1+1
3567,6.94,MR,YCA1006-01-00,UIC1561-01-00 UIC1251-02-00 UIC2151-14-00 UIC1806-01-00,YCG1804-01-00 UCD1101-01-00,18.0,월수금,1,0,2,,1+2+1+1+1
3568,6.94,MR,YCA1006-01-00,UIC1561-01-00 UIC1551-01-00 UIC2151-07-00 UIC1805-01-00,YCG1804-01-00 YCI1901-01-00,18.0,월수금,1,0,2,,1+2+1+1+1
3569,6.94,MR,YCA1006-02-00,UIC1561-01-00 UIC1501-04-00 UIC2151-14-00 UIC1806-02-00,YCG1804-01-00 UCD1101-01-00,18.0,월수금,1,0,2,,1+2+1+1+1
3570,6.94,MR,YCA1006-02-00,UIC1561-01-00 UIC1551-04-00 UIC2151-05-00 UIC1805-02-00,YCG1804-01-00 UCD1101-01-00,18.0,월수금,1,0,2,,1+1+1+2+1
3571,6.94,MR,YCA1006-02-00,UIC1561-01-00 UIC1251-02-00 UIC2151-14-00 UIC1806-01-00,YCG1804-01-00 UCD1101-01-00,18.0,월수금,1,0,2,,1+2+1+1+1
3572,6.94,MR,YCA1006-02-00,UIC1561-01-00 UIC1551-01-00 UIC2151-05-00 UIC1806-02-00,YCG1804-01-00 YCI1901-01-00,18.0,월수금,1,0,2,,1+2+1+1+1
3573,6.94,MR,YCA1006-02-00,UIC1561-01-00 UIC1551-01-00 UIC2151-07-00 UIC1806-01-00,YCG1804-01-00 YCI1901-01-00,18.0,월수금,1,0,2,,1+2+1+1+1
3574,6.94,MR,YCA1006-02-00,UIC1561-01-00 UIC1551-04-00 UIC2151-08-00 UIC1805-01-00,YCG1804-01-00 UCD1101-01-00,18.0,월수금,1,0,2,,1+1+1+2+1
3575,6.94,MR,YCA1006-02-00,UIC1561-01-00 UIC1251-02-00 UIC2151-14-00 UIC1805-01-00,YCG1804-01-00 UCD1101-01-00,18.0,월수금,1,0,2,,1+2+1+1+1
3576,6.94,MR,YCA1006-02-00,UIC1561-01-00 UIC1551-04-00 UIC2151-09-00 UIC1805-01-00,YCG1804-01-00 UCD1101-01-00,18.0,월수금,1,0,2,,1+1+1+2+1
3577,6.94,MR,YCA1006-01-00,UIC1561-01-00 UIC1501-04-00 UIC2151-14-00 UIC1806-02-00,YCG1804-01-00 UCD1101-01-00,18.0,월수금,1,0,2,,1+2+1+1+1
3578,6.94,MR,YCA1006-02-00,UIC1561-01-00 UIC1551-01-00 UIC2151-05-00 UIC1806-02-00,YCG1804-01-00 YCI1901-01-00,18.0,월수금,1,0,2,,1+2+1+1+1
3579,6.94,MR,YCA1006-01-00,UIC1561-01-00 UIC1551-01-00 UIC2151-07-00 UIC1806-01-00,YCG1804-01-00 YCI1901-01-00,18.0,월수금,1,0,2,,1+2+1+1+1
3580,6.94,MR,YCA1006-02-00,UIC1561-01-00 UIC1551-04-00 UIC2151-08-00 UIC1805-01-00,YCG1804-01-00 UCD1101-01-00,18.0,월수금,1,0,2,,1+1+1+2+1
3581,6.94,MR,YCA1006-01-00,UIC1561-01-00 UIC1551-01-00 UIC2151-05-00 UIC1806-02-00,YCG1804-01-00 YCI1901-01-00,18.0,월수금,1,0,2,,1+2+1+1+1
3582,6.94,MR,YCA1006-01-00,UIC1561-01-00 UIC1551-01-00 UIC2151-07-00 UIC1805-01-00,YCG1804-01-00 YCI1901-01-00,18.0,월수금,1,0,2,,1+2+1+1+1
3583,6.94,MR,YCA1006-02-00,UIC1561-01-00 UIC1251-02-00 UIC2151-14-00 UIC1806-01-00,YCG1804-01-00 UCD1101-01-00,18.0,월수금,1,0,2,,1+2+1+1+1
3584,6.94,MR,YCA1006-02-00,UIC1561-01-00 UIC1551-01-00 UIC2151-06-00 UIC1806-01-00,YCG1804-01-00 YCI1901-01-00,18.0,월수금,1,0,2,,1+2+1+1+1
3585,6.94,MR,YCA1006-01-00,UIC1561-01-00 UIC1551-01-00 UIC2151-06-00 UIC1806-01-00,YCG1804-01-00 YCI1901-01-00,18.0,월수금,1,0,2,,1+2+1+1+1
3586,6.94,MR,YCA1006-02-00,UIC1561-01-00 UIC1551-01-00 UIC2151-07-00 UIC1805-01-00,YCG1804-01-00 YCI1901-01-00,18.0,월수금,1,0,2,,1+2+1+1+1
3587,6.94,MR,YCA1006-02-00,UIC1561-01-00 UIC1551-04-00 UIC2151-08-00 UIC1806-01-00,YCG1804-01-00 UCD1101-01-00,18.0,월수금,1,0,2,,1+1+1+2+1
3588,6.94,MR,YCA1006-01-00,UIC1561-01-00 UIC1551-01-00 UIC2151-05-00 UIC1806-02-00,YCG1804-01-00 YCI1901-01-00,18.0,월수금,1,0,2,,1+2+1+1+1
3589,6.94,MR,YCA1006-02-00,UIC1561-01-00 UIC1551-04-00 UIC2151-12-00 UIC1805-02-00,YCG1804-01-00 UCD1101-01-00,18.0,월금,1,0,2,,1+1+3+2+1
3590,6.94,MR,YCA1006-02-00,UIC1561-01-00 UIC1551-01-00 UIC2151-06-00 UIC1806-01-00,YCG1804-01-00 YCI1901-01-00,18.0,월수금,1,0,2,,1+2+1+1+1
3591,6.94,MR,YCA1006-02-00,UIC1561-01-00 UIC1551-04-00 UIC2151-09-00 UIC1806-01-00,YCG1804-01-00 UCD1101-01-00,18.0,월수금,1,0,2,,1+1+1+2+1
3592,6.94,MR,YCA1006-01-00,UIC1561-01-00 UIC1251-02-00 UIC2151-14-00 UIC1805-01-00,YCG1804-01-00 UCD1101-01-00,18.0,월수금,1,0,2,,1+2+1+1+1
3593,6.94,MR,YCA1006-02-00,UIC1561-01-00 UIC1551-04-00 UIC2151-09-00 UIC1805-01-00,YCG1804-01-00 UCD1101-01-00,18.0,월수금,1,0,2,,1+1+1+2+1
3594,6.94,MR,YCA1006-01-00,UIC1561-01-00 UIC1551-01-00 UIC2151-06-00 UIC1805-01-00,YCG1804-01-00 YCI1901-01-00,18.0,월수금,1,0,2,,1+2+1+1+1
3595,6.92,Lang,YCA1006-01-00,QRM1001-01-00 UIC1561-01-00 UIC1551-04-00 UIC2151-12-00,YCE1253-01-00 BIZ1101-09-00,18.0,월금,1,0,1,4,2+1+1
3596,6.904,Lang,YCA1006-02-00,QRM1001-01-00 UIC1561-01-00 UIC1551-01-00 UIC2151-12-00,ECO1101-06-00 YCI1901-01-00,18.0,월금,1,0,4,4,3+3+2+1
3597,6.89,MR,YCA1006-02-00,UIC1561-01-00 UIC1551-01-00 UIC2151-06-00 UIC1805-02-00,ATM2112-01-00 BIZ1101-09-00,18.0,월금,1,1,1,5,1+1
3598,6.89,MR,YCA1006-02-00,UIC1561-01-00 UIC1401-02-00 UIC2151-14-00 UIC1806-01-00,YCK1998-03-00 STA1002-04-00,18.0,월금,1,0,1,5,2+1+1+2
3599,6.89,MR,YCA1006-02-00,UIC1561-01-00 UIC1551-01-00 UIC2151-07-00 UIC1805-02-00,ATM2112-01-00 BIZ1101-09-00,18.0,월금,1,1,1,5,1+1
3600,6.89,MR,YCA1006-02-00,UIC1561-01-00 UIC1401-02-00 UIC2151-12-00 UIC1806-02-00,YCJ1305-01-00 BIZ1101-09-00,18.0,월금,1,1,1,5,1+1
3601,6.89,MR,YCA1006-02-00,UIC1561-01-00 UIC1501-04-00 UIC2151-14-00 UIC1805-02-00,YCK1998-03-00 STA1002-04-00,18.0,월금,1,0,1,5,2+1+1+2
3602,6.89,MR,YCA1006-02-00,UIC1561-01-00 UIC1551-01-00 UIC2151-12-00 UIC1805-02-00,YCB1101-09-00 BIZ1101-09-00,18.0,월금,1,1,1,5,1+1
3603,6.89,MR,YCA1006-02-00,UIC1561-01-00 UIC1401-02-00 UIC2151-12-00 UIC1806-02-00,YCB1101-43-00 BIZ1101-09-00,18.0,월금,1,1,1,5,1+1
3604,6.89,MR,YCA1006-02-00,UIC1561-01-00 UIC1551-04-00 UIC2151-12-00 UIC1806-02-00,UCD1101-01-00 BIZ1101-09-00,18.0,월금,1,0,2,5,3+1
3605,6.89,MR,YCA1006-02-00,UIC1561-01-00 UIC1501-04-00 UIC2151-14-00 UIC1805-02-00,YCK1998-03-00 STA1002-04-00,18.0,월금,1,0,1,5,2+1+1+2
3606,6.89,MR,YCA1006-02-00,UIC1561-01-00 UIC1551-01-00 UIC2151-09-00 UIC1806-02-00,ATM2112-01-00 BIZ1101-09-00,18.0,월금,1,1,1,5,1+1
3607,6.89,MR,YCA1006-02-00,UIC1561-01-00 UIC1551-01-00 UIC2151-07-00 UIC1805-02-00,ATM2112-01-00 BIZ1101-09-00,18.0,월금,1,1,1,5,1+1
3608,6.89,MR,YCA1006-02-00,UIC1561-01-00 UIC1251-02-00 UIC2151-12-00 UIC1805-02-00,YCJ1305-01-00 BIZ1101-09-00,18.0,월금,1,1,1,5,1+1
3609,6.89,MR,YCA1006-02-00,UIC1561-01-00 UIC1251-02-00 UIC2151-12-00 UIC1805-02-00,YCJ1305-01-00 BIZ1101-09-00,18.0,월금,1,1,1,5,1+1
3610,6.89,MR,YCA1006-02-00,UIC1561-01-00 UIC1551-01-00 UIC2151-09-00 UIC1806-02-00,ATM2112-01-00 BIZ1101-09-00,18.0,월금,1,1,1,5,1+1
3611,6.89,MR,YCA1006-02-00,UIC1561-01-00 UIC1551-01-00 UIC2151-12-00 UIC1806-02-00,YCB1101-33-00 BIZ1101-09-00,18.0,월금,1,1,1,5,1+1
3612,6.89,MR,YCA1006-02-00,UIC1561-01-00 UIC1401-02-00 UIC2151-12-00 UIC1806-02-00,YCB1101-43-00 BIZ1101-09-00,18.0,월금,1,1,1,5,1+1
3613,6.89,MR,YCA1006-02-00,UIC1561-01-00 UIC1551-01-00 UIC2151-12-00 UIC1806-02-00,YCE1253-01-00 BIZ1101-09-00,18.0,월금,1,1,1,5,1+1
3614,6.89,MR,YCA1006-02-00,UIC1561-01-00 UIC1401-02-00 UIC2151-12-00 UIC1806-02-00,YCJ1305-01-00 BIZ1101-09-00,18.0,월금,1,1,1,5,1+1
3615,6.89,MR,YCA1006-02-00,UIC1561-01-00 UIC1551-01-00 UIC2151-12-00 UIC1806-02-00,YCB1101-33-00 BIZ1101-09-00,18.0,월금,1,1,1,5,1+1
3616,6.89,MR,YCA1006-02-00,UIC1561-01-00 UIC1551-01-00 UIC2151-08-00 UIC1806-02-00,ATM2112-01-00 BIZ1101-09-00,18.0,월금,1,1,1,5,1+1
3617,6.89,MR,YCA1006-02-00,UIC1561-01-00 UIC1551-01-00 UIC2151-12-00 UIC1805-02-00,YCB1101-09-00 BIZ1101-09-00,18.0,월금,1,1,1,5,1+1
3618,6.89,MR,YCA1006-02-00,UIC1561-01-00 UIC1251-02-00 UIC2151-12-00 UIC1805-02-00,YCB1101-43-00 BIZ1101-09-00,18.0,월금,1,1,1,5,1+1
3619,6.89,MR,YCA1006-02-00,UIC1561-01-00 UIC1551-01-00 UIC2151-08-00 UIC1806-02-00,ATM2112-01-00 BIZ1101-09-00,18.0,월금,1,1,1,5,1+1
3620,6.89,MR,YCA1006-02-00,UIC1561-01-00 UIC1551-01-00 UIC2151-12-00 UIC1806-02-00,YCE1253-01-00 BIZ1101-09-00,18.0,월금,1,1,1,5,1+1
3621,6.89,MR,YCA1006-02-00,UIC1561-01-00 UIC1551-04-00 UIC2151-12-00 UIC1806-02-00,UCD1101-01-00 BIZ1101-09-00,18.0,월금,1,0,2,5,3+1
3622,6.89,MR,YCA1006-02-00,UIC1561-01-00 UIC1401-02-00 UIC2151-14-00 UIC1806-01-00,YCK1998-03-00 STA1002-04-00,18.0,월금,1,0,1,5,2+1+1+2
3623,6.89,MR,YCA1006-02-00,UIC1561-01-00 UIC1401-02-00 UIC2151-14-00 UIC1805-01-00,YCK1998-03-00 STA1002-04-00,18.0,월금,1,0,1,5,2+1+1+2
3624,6.89,MR,YCA1006-02-00,UIC1561-01-00 UIC1251-02-00 UIC2151-12-00 UIC1805-02-00,YCB1101-43-00 BIZ1101-09-00,18.0,월금,1,1,1,5,1+1
3625,6.89,MR,YCA1006-02-00,UIC1561-01-00 UIC1401-02-00 UIC2151-14-00 UIC1805-01-00,YCK1998-03-00 STA1002-04-00,18.0,월금,1,0,1,5,2+1+1+2
3626,6.89,MR,YCA1006-02-00,UIC1561-01-00 UIC1551-01-00 UIC2151-06-00 UIC1805-02-00,ATM2112-01-00 BIZ1101-09-00,18.0,월금,1,1,1,5,1+1
3627,6.89,MR,YCA1006-02-00,UIC1561-01-00 UIC1551-01-00 UIC2151-07-00 UIC1805-02-00,YCG1804-01-00 STA1002-04-00,18.0,월금,0,1,1,5,2+2+1+1
3628,6.89,MR,YCA1006-02-00,UIC1561-01-00 UIC1551-01-00 UIC2151-08-00 UIC1806-02-00,YCG1804-01-00 STA1002-04-00,18.0,월금,0,1,1,5,2+2+1+1
3629,6.89,MR,YCA1006-02-00,UIC1561-01-00 UIC1551-01-00 UIC2151-06-00 UIC1805-02-00,YCG1804-01-00 STA1002-04-00,18.0,월금,0,1,1,5,2+2+1+1
3630,6.89,MR,YCA1006-02-00,UIC1561-01-00 UIC1551-01-00 UIC2151-09-00 UIC1806-02-00,YCG1804-01-00 STA1002-04-00,18.0,월금,0,1,1,5,2+2+1+1
3631,6.89,MR,YCA1006-02-00,UIC1561-01-00 UIC1551-01-00 UIC2151-08-00 UIC1806-02-00,YCG1804-01-00 STA1002-04-00,18.0,월금,0,1,1,5,2+2+1+1
3632,6.89,MR,YCA1006-02-00,UIC1561-01-00 UIC1551-01-00 UIC2151-06-00 UIC1805-02-00,YCG1804-01-00 STA1002-04-00,18.0,월금,0,1,1,5,2+2+1+1
3633,6.89,MR,YCA1006-02-00,UIC1561-01-00 UIC1551-01-00 UIC2151-07-00 UIC1805-02-00,YCG1804-01-00 STA1002-04-00,18.0,월금,0,1,1,5,2+2+1+1
3634,6.89,MR,YCA1006-02-00,UIC1561-01-00 UIC1551-01-00 UIC2151-09-00 UIC1806-02-00,YCG1804-01-00 STA1002-04-00,18.0,월금,0,1,1,5,2+2+1+1
3635,6.869,MR,YCA1006-02-00,UIC1561-01-00 UIC1551-04-00 UIC2151-09-00 UIC1806-01-00,YCH1202-01-00 YCK1998-03-00,18.0,월금,1,0,2,4,1+1+1+2
3636,6.869,MR,YCA1006-02-00,UIC1561-01-00 UIC1551-04-00 UIC2151-09-00 UIC1806-01-00,YCH1202-01-00 YCK1998-03-00,18.0,월금,1,0,2,4,1+1+1+2
3637,6.869,MR,YCA1006-02-00,UIC1561-01-00 UIC1551-04-00 UIC2151-08-00 UIC1806-01-00,YCH1202-01-00 YCK1998-03-00,18.0,월금,1,0,2,4,1+1+1+2
3638,6.869,MR,YCA1006-02-00,UIC1561-01-00 UIC1551-04-00 UIC2151-12-00 UIC1805-02-00,YCH1202-01-00 YCK1998-03-00,18.0,월금,1,0,2,4,1+1+3+2
3639,6.869,MR,YCA1006-02-00,UIC1561-01-00 UIC1551-04-00 UIC2151-05-00 UIC1805-02-00,YCH1202-01-00 YCK1998-03-00,18.0,월금,1,0,2,4,1+1+1+2
3640,6.869,MR,YCA1006-02-00,UIC1561-01-00 UIC1551-04-00 UIC2151-12-00 UIC1805-02-00,YCH1202-01-00 YCK1998-03-00,18.0,월금,1,0,2,4,1+1+3+2
3641,6.869,MR,YCA1006-02-00,UIC1561-01-00 UIC1551-04-00 UIC2151-05-00 UIC1805-02-00,YCH1202-01-00 YCK1998-03-00,18.0,월금,1,0,2,4,1+1+1+2
3642,6.869,MR,YCA1006-02-00,UIC1561-01-00 UIC1551-04-00 UIC2151-09-00 UIC1805-01-00,YCH1202-01-00 YCK1998-03-00,18.0,월금,1,0,2,4,1+1+1+2
3643,6.869,MR,YCA1006-02-00,UIC1561-01-00 UIC1551-04-00 UIC2151-08-00 UIC1805-01-00,YCH1202-01-00 YCK1998-03-00,18.0,월금,1,0,2,4,1+1+1+2
3644,6.869,MR,YCA1006-02-00,UIC1561-01-00 UIC1551-04-00 UIC2151-08-00 UIC1806-01-00,YCH1202-01-00 YCK1998-03-00,18.0,월금,1,0,2,4,1+1+1+2
3645,6.869,MR,YCA1006-02-00,UIC1561-01-00 UIC1551-04-00 UIC2151-09-00 UIC1805-01-00,YCH1202-01-00 YCK1998-03-00,18.0,월금,1,0,2,4,1+1+1+2
3646,6.869,MR,YCA1006-02-00,UIC1561-01-00 UIC1551-04-00 UIC2151-08-00 UIC1805-01-00,YCH1202-01-00 YCK1998-03-00,18.0,월금,1,0,2,4,1+1+1+2
3647,6.857,MR,YCA1006-02-00,UIC1561-01-00 UIC1551-01-00 UIC2151-12-00 UIC1806-02-00,YCG1853-01-00 BIZ1101-09-00,18.0,월금,1,0,2,,2+1+1
3648,6.857,MR,YCA1006-02-00,UIC1561-01-00 UIC1551-01-00 UIC2151-12-00 UIC1806-02-00,YCG1853-01-00 BIZ1101-09-00,18.0,월금,1,0,2,,2+1+1
3649,6.855,MR,YCA1006-02-00,UIC1561-01-00 UIC1251-02-00 UIC2151-14-00 UIC1806-01-00,UCD1101-01-00 STA2102-05-00,18.0,월금,1,0,2,4,1+2+1+1
3650,6.855,MR,YCA1006-02-00,UIC1561-01-00 UIC1551-01-00 UIC2151-07-00 UIC1806-01-00,YCI1901-01-00 STA2102-05-00,18.0,월금,1,0,2,4,1+2+1+1
3651,6.855,MR,YCA1006-01-00,UIC1561-01-00 UIC1551-01-00 UIC2151-07-00 UIC1806-01-00,YCI1901-01-00 STA2102-05-00,18.0,월금,1,0,2,4,1+2+1+1
3652,6.855,MR,YCA1006-01-00,UIC1561-01-00 UIC1251-02-00 UIC2151-14-00 UIC1805-01-00,UCD1101-01-00 STA2102-05-00,18.0,월금,1,0,2,4,1+2+1+1
3653,6.855,MR,YCA1006-02-00,UIC1561-01-00 UIC1551-01-00 UIC2151-06-00 UIC1805-01-00,YCI1901-01-00 STA2102-05-00,18.0,월금,1,0,2,4,1+2+1+1
3654,6.855,MR,YCA1006-02-00,UIC1561-01-00 UIC1501-04-00 UIC2151-14-00 UIC1806-02-00,UCD1101-01-00 STA2102-05-00,18.0,월금,1,0,2,4,1+2+1+1
3655,6.855,MR,YCA1006-01-00,UIC1561-01-00 UIC1551-01-00 UIC2151-07-00 UIC1806-01-00,YCI1901-01-00 STA2102-05-00,18.0,월금,1,0,2,4,1+2+1+1
3656,6.855,MR,YCA1006-01-00,UIC1561-01-00 UIC1251-02-00 UIC2151-14-00 UIC1806-01-00,UCD1101-01-00 STA2102-05-00,18.0,월금,1,0,2,4,1+2+1+1
3657,6.855,MR,YCA1006-01-00,UIC1561-01-00 UIC1551-01-00 UIC2151-05-00 UIC1806-02-00,YCI1901-01-00 STA2102-05-00,18.0,월금,1,0,2,4,1+2+1+1
3658,6.855,MR,YCA1006-01-00,UIC1561-01-00 UIC1501-04-00 UIC2151-14-00 UIC1806-02-00,UCD1101-01-00 STA2102-05-00,18.0,월금,1,0,2,4,1+2+1+1
3659,6.855,MR,YCA1006-01-00,UIC1561-01-00 UIC1251-02-00 UIC2151-14-00 UIC1805-01-00,UCD1101-01-00 STA2102-05-00,18.0,월금,1,0,2,4,1+2+1+1
3660,6.855,MR,YCA1006-02-00,UIC1561-01-00 UIC1551-01-00 UIC2151-06-00 UIC1806-01-00,YCI1901-01-00 STA2102-05-00,18.0,월금,1,0,2,4,1+2+1+1
3661,6.855,MR,YCA1006-01-00,UIC1561-01-00 UIC1551-01-00 UIC2151-06-00 UIC1806-01-00,YCI1901-01-00 STA2102-05-00,18.0,월금,1,0,2,4,1+2+1+1
3662,6.855,MR,YCA1006-01-00,UIC1561-01-00 UIC1551-01-00 UIC2151-07-00 UIC1805-01-00,YCI1901-01-00 STA2102-05-00,18.0,월금,1,0,2,4,1+2+1+1
3663,6.855,MR,YCA1006-02-00,UIC1561-01-00 UIC1551-01-00 UIC2151-07-00 UIC1806-01-00,YCI1901-01-00 STA2102-05-00,18.0,월금,1,0,2,4,1+2+1+1
3664,6.855,MR,YCA1006-02-00,UIC1561-01-00 UIC1551-01-00 UIC2151-07-00 UIC1805-01-00,YCI1901-01-00 STA2102-05-00,18.0,월금,1,0,2,4,1+2+1+1
3665,6.855,MR,YCA1006-02-00,UIC1561-01-00 UIC1551-04-00 UIC2151-09-00 UIC1805-01-00,UCD1101-01-00 STA2102-05-00,18.0,월금,1,0,2,4,1+1+1+2
3666,6.855,MR,YCA1006-01-00,UIC1561-01-00 UIC1551-01-00 UIC2151-06-00 UIC1805-01-00,YCI1901-01-00 STA2102-05-00,18.0,월금,1,0,2,4,1+2+1+1
3667,6.855,MR,YCA1006-02-00,UIC1561-01-00 UIC1551-04-00 UIC2151-08-00 UIC1805-01-00,UCD1101-01-00 STA2102-05-00,18.0,월금,1,0,2,4,1+1+1+2
3668,6.855,MR,YCA1006-02-00,UIC1561-01-00 UIC1251-02-00 UIC2151-14-00 UIC1805-01-00,UCD1101-01-00 STA2102-05-00,18.0,월금,1,0,2,4,1+2+1+1
3669,6.855,MR,YCA1006-01-00,UIC1561-01-00 UIC1551-01-00 UIC2151-07-00 UIC1805-01-00,YCI1901-01-00 STA2102-05-00,18.0,월금,1,0,2,4,1+2+1+1
3670,6.855,MR,YCA1006-01-00,UIC1561-01-00 UIC1551-01-00 UIC2151-05-00 UIC1806-02-00,YCI1901-01-00 STA2102-05-00,18.0,월금,1,0,2,4,1+2+1+1
3671,6.855,MR,YCA1006-02-00,UIC1561-01-00 UIC1551-01-00 UIC2151-05-00 UIC1806-02-00,YCI1901-01-00 STA2102-05-00,18.0,월금,1,0,2,4,1+2+1+1
3672,6.855,MR,YCA1006-02-00,UIC1561-01-00 UIC1551-04-00 UIC2151-09-00 UIC1806-01-00,UCD1101-01-00 STA2102-05-00,18.0,월금,1,0,2,4,1+1+1+2
3673,6.855,MR,YCA1006-02-00,UIC1561-01-00 UIC1501-04-00 UIC2151-14-00 UIC1806-02-00,UCD1101-01-00 STA2102-05-00,18.0,월금,1,0,2,4,1+2+1+1
3674,6.855,MR,YCA1006-02-00,UIC1561-01-00 UIC1551-04-00 UIC2151-05-00 UIC1805-02-00,UCD1101-01-00 STA2102-05-00,18.0,월금,1,0,2,4,1+1+1+2
3675,6.855,MR,YCA1006-01-00,UIC1561-01-00 UIC1551-01-00 UIC2151-06-00 UIC1806-01-00,YCI1901-01-00 STA2102-05-00,18.0,월금,1,0,2,4,1+2+1+1
3676,6.855,MR,YCA1006-02-00,UIC1561-01-00 UIC1551-01-00 UIC2151-07-00 UIC1805-01-00,YCI1901-01-00 STA2102-05-00,18.0,월금,1,0,2,4,1+2+1+1
3677,6.855,MR,YCA1006-02-00,UIC1561-01-00 UIC1551-01-00 UIC2151-05-00 UIC1806-02-00,YCI1901-01-00 STA2102-05-00,18.0,월금,1,0,2,4,1+2+1+1
3678,6.855,MR,YCA1006-02-00,UIC1561-01-00 UIC1551-04-00 UIC2151-05-00 UIC1805-02-00,UCD1101-01-00 STA2102-05-00,18.0,월금,1,0,2,4,1+1+1+2
3679,6.855,MR,YCA1006-02-00,UIC1561-01-00 UIC1551-01-00 UIC2151-06-00 UIC1806-01-00,YCI1901-01-00 STA2102-05-00,18.0,월금,1,0,2,4,1+2+1+1
3680,6.855,MR,YCA1006-02-00,UIC1561-01-00 UIC1251-02-00 UIC2151-14-00 UIC1805-01-00,UCD1101-01-00 STA2102-05-00,18.0,월금,1,0,2,4,1+2+1+1
3681,6.855,MR,YCA1006-02-00,UIC1561-01-00 UIC1551-04-00 UIC2151-08-00 UIC1805-01-00,UCD1101-01-00 STA2102-05-00,18.0,월금,1,0,2,4,1+1+1+2
3682,6.855,MR,YCA1006-01-00,UIC1561-01-00 UIC1251-02-00 UIC2151-14-00 UIC1806-01-00,UCD1101-01-00 STA2102-05-00,18.0,월금,1,0,2,4,1+2+1+1
3683,6.855,MR,YCA1006-02-00,UIC1561-01-00 UIC1551-04-00 UIC2151-08-00 UIC1806-01-00,UCD1101-01-00 STA2102-05-00,18.0,월금,1,0,2,4,1+1+1+2
3684,6.855,MR,YCA1006-02-00,UIC1561-01-00 UIC1551-01-00 UIC2151-06-00 UIC1805-01-00,YCI1901-01-00 STA2102-05-00,18.0,월금,1,0,2,4,1+2+1+1
3685,6.855,MR,YCA1006-02-00,UIC1561-01-00 UIC1551-04-00 UIC2151-09-00 UIC1805-01-00,UCD1101-01-00 STA2102-05-00,18.0,월금,1,0,2,4,1+1+1+2
3686,6.855,MR,YCA1006-01-00,UIC1561-01-00 UIC1551-01-00 UIC2151-06-00 UIC1805-01-00,YCI1901-01-00 STA2102-05-00,18.0,월금,1,0,2,4,1+2+1+1
3687,6.855,MR,YCA1006-01-00,UIC1561-01-00 UIC1501-04-00 UIC2151-14-00 UIC1806-02-00,UCD1101-01-00 STA2102-05-00,18.0,월금,1,0,2,4,1+2+1+1
3688,6.855,MR,YCA1006-02-00,UIC1561-01-00 UIC1251-02-00 UIC2151-14-00 UIC1806-01-00,UCD1101-01-00 STA2102-05-00,18.0,월금,1,0,2,4,1+2+1+1
3689,6.855,MR,YCA1006-02-00,UIC1561-01-00 UIC1551-04-00 UIC2151-08-00 UIC1806-01-00,UCD1101-01-00 STA2102-05-00,18.0,월금,1,0,2,4,1+1+1+2
3690,6.855,MR,YCA1006-02-00,UIC1561-01-00 UIC1551-04-00 UIC2151-09-00 UIC1806-01-00,UCD1101-01-00 STA2102-05-00,18.0,월금,1,0,2,4,1+1+1+2
3691,6.855,WCiv,YCA1006-01-00,QRM1001-01-00 UIC1551-04-00 UIC2151-13-00 UIC1806-01-00,CTM1001-02-00 QRM2004-01-00,18.0,월금,1,2,2,6,1+1+1
3692,6.855,WCiv,YCA1006-01-00,QRM1001-01-00 UIC1551-04-00 UIC2151-13-00 UIC1805-01-00,CTM1001-02-00 QRM2004-01-00,18.0,월금,1,2,2,6,1+1+1
3693,6.855,WCiv,YCA1006-01-00,QRM1001-01-00 UIC1551-04-00 UIC2151-13-00 UIC1806-01-00,CTM1001-02-00 QRM2004-01-00,18.0,월금,1,2,2,6,1+1+1
3694,6.855,WCiv,YCA1006-01-00,QRM1001-01-00 UIC1551-04-00 UIC2151-13-00 UIC1805-01-00,CTM1001-02-00 QRM2004-01-00,18.0,월금,1,2,2,6,1+1+1
3695,6.784,MR,YCA1006-01-00,UIC1561-01-00 UIC1251-02-00 UIC2151-12-00 UIC1805-02-00,YCH1202-01-00 STA2102-05-00,18.0,월금,1,0,1,4,1+2+1
3696,6.784,MR,YCA1006-01-00,UIC1561-01-00 UIC1401-02-00 UIC2151-12-00 UIC1806-02-00,YCH1202-01-00 STA2102-05-00,18.0,월금,1,0,1,4,1+2+1
3697,6.784,MR,YCA1006-01-00,UIC1561-01-00 UIC1251-02-00 UIC2151-12-00 UIC1805-02-00,YCH1202-01-00 STA2102-05-00,18.0,월금,1,0,1,4,1+2+1
3698,6.784,MR,YCA1006-01-00,UIC1561-01-00 UIC1401-02-00 UIC2151-12-00 UIC1806-02-00,YCH1202-01-00 STA2102-05-00,18.0,월금,1,0,1,4,1+2+1
3699,6.73,MR,YCA1006-01-00,UIC1561-01-00 UIC1551-04-00 UIC2151-12-00 UIC1805-01-00,ECO1104-06-00 YCE1253-01-00,18.0,월금,2,0,1,,1+1+3+1
3700,6.73,MR,YCA1006-01-00,UIC1561-01-00 UIC1551-04-00 UIC2151-12-00 UIC1806-01-00,ECO1104-06-00 YCE1253-01-00,18.0,월금,2,0,1,,1+1+3+1
3701,6.73,MR,YCA1006-01-00,UIC1561-01-00 UIC1551-04-00 UIC2151-12-00 UIC1805-01-00,ECO1104-06-00 YCE1253-01-00,18.0,월금,2,0,1,,1+1+3+1
3702,6.73,MR,YCA1006-01-00,UIC1561-01-00 UIC1551-04-00 UIC2151-12-00 UIC1806-01-00,ECO1104-06-00 YCE1253-01-00,18.0,월금,2,0,1,,1+1+3+1
3703,6.715,WCiv,YCA1006-01-00,QRM1001-01-00 UIC1551-01-00 UIC2151-13-00 UIC1806-01-00,YCI1901-01-00 MAT1011-02-00,18.0,월금,1,1,3,4+5,2+1
3704,6.715,WCiv,YCA1006-01-00,QRM1001-01-00 UIC1551-01-00 UIC2151-13-00 UIC1805-01-00,YCI1901-01-00 MAT1011-02-00,18.0,월금,1,1,3,4+5,2+1
3705,6.715,WCiv,YCA1006-01-00,QRM1001-01-00 UIC1551-01-00 UIC2151-13-00 UIC1805-01-00,YCI1901-01-00 MAT1011-02-00,18.0,월금,1,1,3,4+5,2+1
3706,6.715,WCiv,YCA1006-01-00,QRM1001-01-00 UIC1551-01-00 UIC2151-13-00 UIC1806-01-00,YCI1901-01-00 MAT1011-02-00,18.0,월금,1,1,3,4+5,2+1
3707,6.71,Lang,YCA1006-01-00,QRM1001-01-00 UIC1561-01-00 UIC1551-01-00 UIC2151-12-00,YCH1605-01-00 STA2102-05-00,18.0,월금,1,0,1,4,1+2+2+1
3708,6.69,MR,YCA1006-01-00,UIC1561-01-00 UIC1401-02-00 UIC2151-12-00 UIC1806-01-00,YCH1605-01-00 YCK1998-03-00,18.0,월금,2,0,0,,1+3
3709,6.69,MR,YCA1006-01-00,UIC1561-01-00 UIC1551-04-00 UIC2151-09-00 UIC1806-01-00,YCH1605-01-00 STP2004-01-00,18.0,월금,1,0,1,,1+1+2+2
3710,6.69,MR,YCA1006-02-00,UIC1561-01-00 UIC1551-04-00 UIC2151-07-00 UIC1805-01-00,YCI1998-02-00 STP2004-01-00,18.0,월금,1,0,1,,1+2+2+1
3711,6.69,MR,YCA1006-02-00,UIC1561-01-00 UIC1551-04-00 UIC2151-06-00 UIC1806-01-00,YCI1998-02-00 STP2004-01-00,18.0,월금,1,0,1,,1+2+2+1
3712,6.69,MR,YCA1006-02-00,UIC1561-01-00 UIC1251-02-00 UIC2151-14-00 UIC1805-01-00,YCK1998-03-00 STP2004-01-00,18.0,월금,1,0,1,,1+2+2+1
3713,6.69,MR,YCA1006-01-00,UIC1561-01-00 UIC1251-02-00 UIC2151-14-00 UIC1806-01-00,UCB1105-02-00 STP2004-01-00,18.0,월금,1,0,1,,1+2+2+1
3714,6.69,MR,YCA1006-01-00,UIC1561-01-00 UIC1551-04-00 UIC2151-09-00 UIC1805-01-00,YCH1605-01-00 STP2004-01-00,18.0,월금,1,0,1,,1+1+2+2
3715,6.69,MR,YCA1006-02-00,UIC1561-01-00 UIC1501-04-00 UIC2151-14-00 UIC1806-02-00,YCK1998-03-00 STP2004-01-00,18.0,월금,1,0,1,,1+2+2+1
3716,6.69,MR,YCA1006-02-00,UIC1561-01-00 UIC1551-04-00 UIC2151-06-00 UIC1805-01-00,YCI1998-02-00 STP2004-01-00,18.0,월금,1,0,1,,1+2+2+1
3717,6.69,MR,YCA1006-01-00,UIC1561-01-00 UIC1551-04-00 UIC2151-05-00 UIC1806-02-00,YCI1998-02-00 STP2004-01-00,18.0,월금,1,0,1,,1+2+2+1
3718,6.69,MR,YCA1006-02-00,UIC1561-01-00 UIC1251-02-00 UIC2151-12-00 UIC1805-02-00,UCD1101-01-00 YCK1998-03-00,18.0,월금,1,1,1,4,3+1
3719,6.69,MR,YCA1006-02-00,UIC1561-01-00 UIC1551-04-00 UIC2151-05-00 UIC1806-02-00,YCI1998-02-00 STP2004-01-00,18.0,월금,1,0,1,,1+2+2+1
3720,6.69,MR,YCA1006-02-00,UIC1561-01-00 UIC1551-01-00 UIC2151-08-00 UIC1806-01-00,UCB1105-02-00 STP2004-01-00,18.0,월금,1,0,1,,1+1+2+2
3721,6.69,MR,YCA1006-02-00,UIC1561-01-00 UIC1251-02-00 UIC2151-14-00 UIC1806-01-00,YCK1998-03-00 STP2004-01-00,18.0,월금,1,0,1,,1+2+2+1
3722,6.69,MR,YCA1006-02-00,UIC1561-01-00 UIC1551-01-00 UIC2151-08-00 UIC1805-01-00,UCB1105-02-00 STP2004-01-00,18.0,월금,1,0,1,,1+1+2+2
3723,6.69,MR,YCA1006-01-00,UIC1561-01-00 UIC1551-04-00 UIC2151-05-00 UIC1805-02-00,YCH1605-01-00 STP2004-01-00,18.0,월금,1,0,1,,1+1+2+2
3724,6.69,MR,YCA1006-01-00,UIC1561-01-00 UIC1251-02-00 UIC2151-14-00 UIC1806-01-00,YCK1998-03-00 STP2004-01-00,18.0,월금,1,0,1,,1+2+2+1
3725,6.69,MR,YCA1006-01-00,UIC1561-01-00 UIC1551-04-00 UIC2151-07-00 UIC1806-01-00,YCI1998-02-00 STP2004-01-00,18.0,월금,1,0,1,,1+2+2+1
3726,6.69,MR,YCA1006-02-00,UIC1561-01-00 UIC1251-02-00 UIC2151-14-00 UIC1806-01-00,UCB1105-02-00 STP2004-01-00,18.0,월금,1,0,1,,1+2+2+1
3727,6.69,MR,YCA1006-01-00,UIC1561-01-00 UIC1551-04-00 UIC2151-08-00 UIC1805-01-00,YCH1605-01-00 STP2004-01-00,18.0,월금,1,0,1,,1+1+2+2
3728,6.69,MR,YCA1006-02-00,UIC1561-01-00 UIC1401-02-00 UIC2151-12-00 UIC1806-02-00,YCI1901-01-00 YCK1998-03-00,18.0,월금,1,1,1,4,1+3
3729,6.69,MR,YCA1006-02-00,UIC1561-01-00 UIC1251-02-00 UIC2151-14-00 UIC1805-01-00,UCB1105-02-00 STP2004-01-00,18.0,월금,1,0,1,,1+2+2+1
3730,6.69,MR,YCA1006-01-00,UIC1561-01-00 UIC1251-02-00 UIC2151-14-00 UIC1806-01-00,UCB1105-02-00 STP2004-01-00,18.0,월금,1,0,1,,1+2+2+1
3731,6.69,MR,YCA1006-02-00,UIC1561-01-00 UIC1251-02-00 UIC2151-14-00 UIC1805-01-00,UCB1105-02-00 STP2004-01-00,18.0,월금,1,0,1,,1+2+2+1
3732,6.69,MR,YCA1006-01-00,UIC1561-01-00 UIC1251-02-00 UIC2151-14-00 UIC1806-01-00,YCK1998-03-00 STP2004-01-00,18.0,월금,1,0,1,,1+2+2+1
3733,6.69,MR,YCA1006-01-00,UIC1561-01-00 UIC1401-02-00 UIC2151-12-00 UIC1806-01-00,YCH1605-01-00 YCK1998-03-00,18.0,월금,2,0,0,,1+3
3734,6.69,MR,YCA1006-02-00,UIC1561-01-00 UIC1501-04-00 UIC2151-14-00 UIC1806-02-00,UCB1105-02-00 STP2004-01-00,18.0,월금,1,0,1,,1+2+2+1
3735,6.69,MR,YCA1006-01-00,UIC1561-01-00 UIC1501-04-00 UIC2151-14-00 UIC1806-02-00,UCB1105-02-00 STP2004-01-00,18.0,월금,1,0,1,,1+2+2+1
3736,6.69,MR,YCA1006-02-00,UIC1561-01-00 UIC1551-01-00 UIC2151-09-00 UIC1805-01-00,UCB1105-02-00 STP2004-01-00,18.0,월금,1,0,1,,1+1+2+2
3737,6.69,MR,YCA1006-02-00,UIC1561-01-00 UIC1551-04-00 UIC2151-06-00 UIC1805-01-00,YCI1998-02-00 STP2004-01-00,18.0,월금,1,0,1,,1+2+2+1
3738,6.69,MR,YCA1006-01-00,UIC1561-01-00 UIC1551-04-00 UIC2151-07-00 UIC1805-01-00,YCI1998-02-00 STP2004-01-00,18.0,월금,1,0,1,,1+2+2+1
3739,6.69,MR,YCA1006-01-00,UIC1561-01-00 UIC1501-04-00 UIC2151-14-00 UIC1806-02-00,YCK1998-03-00 STP2004-01-00,18.0,월금,1,0,1,,1+2+2+1
3740,6.69,MR,YCA1006-02-00,UIC1561-01-00 UIC1551-01-00 UIC2151-09-00 UIC1805-01-00,UCB1105-02-00 STP2004-01-00,18.0,월금,1,0,1,,1+1+2+2
3741,6.69,MR,YCA1006-01-00,UIC1561-01-00 UIC1501-04-00 UIC2151-14-00 UIC1806-02-00,UCB1105-02-00 STP2004-01-00,18.0,월금,1,0,1,,1+2+2+1
3742,6.69,MR,YCA1006-01-00,UIC1561-01-00 UIC1551-04-00 UIC2151-05-00 UIC1806-02-00,YCI1998-02-00 STP2004-01-00,18.0,월금,1,0,1,,1+2+2+1
3743,6.69,MR,YCA1006-02-00,UIC1561-01-00 UIC1251-02-00 UIC2151-12-00 UIC1805-02-00,YCI1901-01-00 YCK1998-03-00,18.0,월금,1,1,1,4,1+3
3744,6.69,MR,YCA1006-02-00,UIC1561-01-00 UIC1251-02-00 UIC2151-14-00 UIC1805-01-00,YCK1998-03-00 STP2004-01-00,18.0,월금,1,0,1,,1+2+2+1
3745,6.69,MR,YCA1006-02-00,UIC1561-01-00 UIC1251-02-00 UIC2151-14-00 UIC1806-01-00,UCB1105-02-00 STP2004-01-00,18.0,월금,1,0,1,,1+2+2+1
3746,6.69,MR,YCA1006-01-00,UIC1561-01-00 UIC1251-02-00 UIC2151-14-00 UIC1805-01-00,YCK1998-03-00 STP2004-01-00,18.0,월금,1,0,1,,1+2+2+1
3747,6.69,MR,YCA1006-02-00,UIC1561-01-00 UIC1551-01-00 UIC2151-08-00 UIC1806-01-00,UCB1105-02-00 STP2004-01-00,18.0,월금,1,0,1,,1+1+2+2
3748,6.69,MR,YCA1006-01-00,UIC1561-01-00 UIC1501-04-00 UIC2151-14-00 UIC1806-02-00,YCK1998-03-00 STP2004-01-00,18.0,월금,1,0,1,,1+2+2+1
3749,6.69,MR,YCA1006-02-00,UIC1561-01-00 UIC1551-01-00 UIC2151-09-00 UIC1806-01-00,UCB1105-02-00 STP2004-01-00,18.0,월금,1,0,1,,1+1+2+2
3750,6.69,MR,YCA1006-01-00,UIC1561-01-00 UIC1401-02-00 UIC2151-12-00 UIC1805-01-00,YCH1605-01-00 YCK1998-03-00,18.0,월금,2,0,0,,1+3
3751,6.69,MR,YCA1006-01-00,UIC1561-01-00 UIC1551-04-00 UIC2151-07-00 UIC1805-01-00,YCI1998-02-00 STP2004-01-00,18.0,월금,1,0,1,,1+2+2+1
3752,6.69,MR,YCA1006-02-00,UIC1561-01-00 UIC1551-04-00 UIC2151-06-00 UIC1806-01-00,YCI1998-02-00 STP2004-01-00,18.0,월금,1,0,1,,1+2+2+1
3753,6.69,MR,YCA1006-02-00,UIC1561-01-00 UIC1501-04-00 UIC2151-14-00 UIC1806-02-00,UCB1105-02-00 STP2004-01-00,18.0,월금,1,0,1,,1+2+2+1
3754,6.69,MR,YCA1006-01-00,UIC1561-01-00 UIC1551-04-00 UIC2151-06-00 UIC1805-01-00,YCI1998-02-00 STP2004-01-00,18.0,월금,1,0,1,,1+2+2+1
3755,6.69,MR,YCA1006-02-00,UIC1561-01-00 UIC1401-02-00 UIC2151-12-00 UIC1806-02-00,UCD1101-01-00 YCK1998-03-00,18.0,월금,1,1,1,4,3+1
3756,6.69,MR,YCA1006-01-00,UIC1561-01-00 UIC1551-04-00 UIC2151-05-00 UIC1805-02-00,YCH1605-01-00 STP2004-01-00,18.0,월금,1,0,1,,1+1+2+2
3757,6.69,MR,YCA1006-01-00,UIC1561-01-00 UIC1401-02-00 UIC2151-12-00 UIC1805-01-00,YCH1605-01-00 YCK1998-03-00,18.0,월금,2,0,0,,1+3
3758,6.69,MR,YCA1006-01-00,UIC1561-01-00 UIC1551-04-00 UIC2151-08-00 UIC1805-01-00,YCH1605-01-00 STP2004-01-00,18.0,월금,1,0,1,,1+1+2+2
3759,6.69,MR,YCA1006-01-00,UIC1561-01-00 UIC1551-04-00 UIC2151-08-00 UIC1806-01-00,YCH1605-01-00 STP2004-01-00,18.0,월금,1,0,1,,1+1+2+2
3760,6.69,MR,YCA1006-01-00,UIC1561-01-00 UIC1501-04-00 UIC2151-12-00 UIC1805-02-00,YCH1605-01-00 YCK1998-03-00,18.0,월금,2,0,0,,1+3
3761,6.69,MR,YCA1006-02-00,UIC1561-01-00 UIC1551-04-00 UIC2151-07-00 UIC1806-01-00,YCI1998-02-00 STP2004-01-00,18.0,월금,1,0,1,,1+2+2+1
3762,6.69,MR,YCA1006-01-00,UIC1561-01-00 UIC1251-02-00 UIC2151-14-00 UIC1805-01-00,UCB1105-02-00 STP2004-01-00,18.0,월금,1,0,1,,1+2+2+1
3763,6.69,MR,YCA1006-01-00,UIC1561-01-00 UIC1551-04-00 UIC2151-06-00 UIC1805-01-00,YCI1998-02-00 STP2004-01-00,18.0,월금,1,0,1,,1+2+2+1
3764,6.69,MR,YCA1006-01-00,UIC1561-01-00 UIC1551-04-00 UIC2151-12-00 UIC1805-02-00,ECO1002-04-00 BIZ1101-09-00,18.0,월금,1,0,1,,2+1+1+2
3765,6.69,MR,YCA1006-01-00,UIC1561-01-00 UIC1251-02-00 UIC2151-14-00 UIC1805-01-00,YCK1998-03-00 STP2004-01-00,18.0,월금,1,0,1,,1+2+2+1
3766,6.69,MR,YCA1006-01-00,UIC1561-01-00 UIC1551-04-00 UIC2151-06-00 UIC1806-01-00,YCI1998-02-00 STP2004-01-00,18.0,월금,1,0,1,,1+2+2+1
3767,6.69,MR,YCA1006-02-00,UIC1561-01-00 UIC1551-01-00 UIC2151-05-00 UIC1805-02-00,UCB1105-02-00 STP2004-01-00,18.0,월금,1,0,1,,1+1+2+2
3768,6.69,MR,YCA1006-02-00,UIC1561-01-00 UIC1551-01-00 UIC2151-08-00 UIC1805-01-00,UCB1105-02-00 STP2004-01-00,18.0,월금,1,0,1,,1+1+2+2
3769,6.69,MR,YCA1006-01-00,UIC1561-01-00 UIC1551-04-00 UIC2151-12-00 UIC1805-02-00,ECO1002-04-00 BIZ1101-09-00,18.0,월금,1,0,1,,2+1+1+2
3770,6.69,MR,YCA1006-02-00,UIC1561-01-00 UIC1551-01-00 UIC2151-09-00 UIC1806-01-00,UCB1105-02-00 STP2004-01-00,18.0,월금,1,0,1,,1+1+2+2
3771,6.69,MR,YCA1006-02-00,UIC1561-01-00 UIC1501-04-00 UIC2151-14-00 UIC1806-02-00,YCK1998-03-00 STP2004-01-00,18.0,월금,1,0,1,,1+2+2+1
3772,6.69,MR,YCA1006-02-00,UIC1561-01-00 UIC1551-01-00 UIC2151-05-00 UIC1805-02-00,UCB1105-02-00 STP2004-01-00,18.0,월금,1,0,1,,1+1+2+2
3773,6.69,MR,YCA1006-02-00,UIC1561-01-00 UIC1551-04-00 UIC2151-07-00 UIC1805-01-00,YCI1998-02-00 STP2004-01-00,18.0,월금,1,0,1,,1+2+2+1
3774,6.69,MR,YCA1006-01-00,UIC1561-01-00 UIC1551-04-00 UIC2151-09-00 UIC1805-01-00,YCH1605-01-00 STP2004-01-00,18.0,월금,1,0,1,,1+1+2+2
3775,6.69,MR,YCA1006-01-00,UIC1561-01-00 UIC1251-02-00 UIC2151-14-00 UIC1805-01-00,UCB1105-02-00 STP2004-01-00,18.0,월금,1,0,1,,1+2+2+1
3776,6.69,MR,YCA1006-02-00,UIC1561-01-00 UIC1251-02-00 UIC2151-14-00 UIC1806-01-00,YCK1998-03-00 STP2004-01-00,18.0,월금,1,0,1,,1+2+2+1
3777,6.69,MR,YCA1006-02-00,UIC1561-01-00 UIC1551-04-00 UIC2151-07-00 UIC1806-01-00,YCI1998-02-00 STP2004-01-00,18.0,월금,1,0,1,,1+2+2+1
3778,6.69,MR,YCA1006-02-00,UIC1561-01-00 UIC1251-02-00 UIC2151-12-00 UIC1805-02-00,YCI1901-01-00 YCK1998-03-00,18.0,월금,1,1,1,4,1+3
3779,6.69,MR,YCA1006-01-00,UIC1561-01-00 UIC1551-04-00 UIC2151-07-00 UIC1806-01-00,YCI1998-02-00 STP2004-01-00,18.0,월금,1,0,1,,1+2+2+1
3780,6.69,MR,YCA1006-02-00,UIC1561-01-00 UIC1551-04-00 UIC2151-05-00 UIC1806-02-00,YCI1998-02-00 STP2004-01-00,18.0,월금,1,0,1,,1+2+2+1
3781,6.69,MR,YCA1006-02-00,UIC1561-01-00 UIC1401-02-00 UIC2151-12-00 UIC1806-02-00,UCD1101-01-00 YCK1998-03-00,18.0,월금,1,1,1,4,3+1
3782,6.69,MR,YCA1006-01-00,UIC1561-01-00 UIC1551-04-00 UIC2151-08-00 UIC1806-01-00,YCH1605-01-00 STP2004-01-00,18.0,월금,1,0,1,,1+1+2+2
3783,6.69,MR,YCA1006-01-00,UIC1561-01-00 UIC1551-04-00 UIC2151-09-00 UIC1806-01-00,YCH1605-01-00 STP2004-01-00,18.0,월금,1,0,1,,1+1+2+2
3784,6.69,MR,YCA1006-01-00,UIC1561-01-00 UIC1551-04-00 UIC2151-06-00 UIC1806-01-00,YCI1998-02-00 STP2004-01-00,18.0,월금,1,0,1,,1+2+2+1
3785,6.69,MR,YCA1006-01-00,UIC1561-01-00 UIC1501-04-00 UIC2151-12-00 UIC1805-02-00,YCH1605-01-00 YCK1998-03-00,18.0,월금,2,0,0,,1+3
3786,6.69,MR,YCA1006-02-00,UIC1561-01-00 UIC1401-02-00 UIC2151-12-00 UIC1806-02-00,YCI1901-01-00 YCK1998-03-00,18.0,월금,1,1,1,4,1+3
3787,6.69,MR,YCA1006-02-00,UIC1561-01-00 UIC1251-02-00 UIC2151-12-00 UIC1805-02-00,UCD1101-01-00 YCK1998-03-00,18.0,월금,1,1,1,4,3+1
3788,6.69,WCiv,YCA1006-01-00,QRM1001-01-00 UIC1551-04-00 UIC2151-13-00 UIC1805-01-00,YCE1253-01-00 CTM1001-02-00,18.0,월금,1,2,2,6,2+1+1
3789,6.69,WCiv,YCA1006-01-00,QRM1001-01-00 UIC1551-04-00 UIC2151-13-00 UIC1806-01-00,YCE1253-01-00 CTM1001-02-00,18.0,월금,1,2,2,6,2+1+1
3790,6.69,WCiv,YCA1006-01-00,QRM1001-01-00 UIC1551-04-00 UIC2151-13-00 UIC1806-01-00,YCE1253-01-00 CTM1001-02-00,18.0,월금,1,2,2,6,2+1+1
3791,6.69,WCiv,YCA1006-01-00,QRM1001-01-00 UIC1551-04-00 UIC2151-13-00 UIC1805-01-00,YCE1253-01-00 CTM1001-02-00,18.0,월금,1,2,2,6,2+1+1
3792,6.62,Lang,YCA1006-02-00,QRM1001-01-00 UIC1561-01-00 UIC1551-01-00 UIC2151-12-00,YCE1253-01-00 YCH1605-01-00,18.0,월금,1,1,1,5,3+1
3793,6.62,Lang,YCA1006-02-00,QRM1001-01-00 UIC1561-01-00 UIC1551-01-00 UIC2151-12-00,YCK1998-03-00 CTM1002-02-00,18.0,월금,1,1,1,5,3+1
3794,6.615,MR,YCA1006-01-00,UIC1561-01-00 UIC1551-01-00 UIC2151-08-00 UIC1806-01-00,YCB1101-13-00 YCH1605-01-00,18.0,월수금,1,0,2,6,1+2
3795,6.615,MR,YCA1006-01-00,UIC1561-01-00 UIC1551-04-00 UIC2151-08-00 UIC1806-01-00,YCH1605-01-00 YCJ1305-01-00,18.0,월수금,1,0,2,6,1+2
3796,6.615,MR,YCA1006-01-00,UIC1561-01-00 UIC1551-04-00 UIC2151-05-00 UIC1805-02-00,YCB1101-43-00 YCH1605-01-00,18.0,월수금,1,0,2,6,1+2
3797,6.615,MR,YCA1006-01-00,UIC1561-01-00 UIC1551-01-00 UIC2151-08-00 UIC1805-01-00,YCB1101-13-00 YCH1605-01-00,18.0,월수금,1,0,2,6,1+2
3798,6.615,MR,YCA1006-02-00,UIC1561-01-00 UIC1551-04-00 UIC2151-12-00 UIC1806-02-00,YCB1101-43-00 ECO1002-06-00,18.0,월금,1,0,2,6,2+3
3799,6.615,MR,YCA1006-02-00,UIC1561-01-00 UIC1551-04-00 UIC2151-12-00 UIC1806-02-00,ECO1002-06-00 YCJ1305-01-00,18.0,월금,1,0,2,6,2+3
3800,6.615,MR,YCA1006-01-00,UIC1561-01-00 UIC1551-04-00 UIC2151-09-00 UIC1805-01-00,YCH1605-01-00 YCJ1305-01-00,18.0,월수금,1,0,2,6,1+2
3801,6.615,MR,YCA1006-01-00,UIC1561-01-00 UIC1551-04-00 UIC2151-08-00 UIC1805-01-00,YCH1605-01-00 YCJ1305-01-00,18.0,월수금,1,0,2,6,1+2
3802,6.615,MR,YCA1006-01-00,UIC1561-01-00 UIC1551-04-00 UIC2151-09-00 UIC1805-01-00,YCB1101-43-00 YCH1605-01-00,18.0,월수금,1,0,2,6,1+2
3803,6.615,MR,YCA1006-01-00,UIC1561-01-00 UIC1401-02-00 UIC2151-14-00 UIC1806-01-00,YCH1605-01-00 ISM1001-02-00,18.0,월수금,1,0,2,6,1+2
3804,6.615,MR,YCA1006-01-00,UIC1561-01-00 UIC1551-04-00 UIC2151-08-00 UIC1805-01-00,YCB1101-43-00 YCH1605-01-00,18.0,월수금,1,0,2,6,1+2
3805,6.615,MR,YCA1006-01-00,UIC1561-01-00 UIC1551-01-00 UIC2151-09-00 UIC1805-01-00,YCB1101-13-00 YCH1605-01-00,18.0,월수금,1,0,2,6,1+2
3806,6.615,MR,YCA1006-01-00,UIC1561-01-00 UIC1551-04-00 UIC2151-09-00 UIC1806-01-00,YCH1605-01-00 YCJ1305-01-00,18.0,월수금,1,0,2,6,1+2
3807,6.615,MR,YCA1006-01-00,UIC1561-01-00 UIC1401-02-00 UIC2151-14-00 UIC1806-01-00,YCH1605-01-00 ISM1001-02-00,18.0,월수금,1,0,2,6,1+2
3808,6.615,MR,YCA1006-01-00,UIC1561-01-00 UIC1551-04-00 UIC2151-05-00 UIC1805-02-00,YCH1605-01-00 YCJ1305-01-00,18.0,월수금,1,0,2,6,1+2
3809,6.615,MR,YCA1006-01-00,UIC1561-01-00 UIC1551-01-00 UIC2151-09-00 UIC1805-01-00,YCB1101-13-00 YCH1605-01-00,18.0,월수금,1,0,2,6,1+2
3810,6.615,MR,YCA1006-01-00,UIC1561-01-00 UIC1551-04-00 UIC2151-09-00 UIC1806-01-00,YCB1101-43-00 YCH1605-01-00,18.0,월수금,1,0,2,6,1+2
3811,6.615,MR,YCA1006-01-00,UIC1561-01-00 UIC1551-04-00 UIC2151-05-00 UIC1805-02-00,YCH1605-01-00 YCJ1305-01-00,18.0,월수금,1,0,2,6,1+2
3812,6.615,MR,YCA1006-01-00,UIC1561-01-00 UIC1551-04-00 UIC2151-09-00 UIC1806-01-00,YCH1605-01-00 YCJ1305-01-00,18.0,월수금,1,0,2,6,1+2
3813,6.615,MR,YCA1006-01-00,UIC1561-01-00 UIC1401-02-00 UIC2151-14-00 UIC1805-01-00,YCH1605-01-00 ISM1001-02-00,18.0,월수금,1,0,2,6,1+2
3814,6.615,MR,YCA1006-01-00,UIC1561-01-00 UIC1551-01-00 UIC2151-09-00 UIC1806-01-00,YCB1101-13-00 YCH1605-01-00,18.0,월수금,1,0,2,6,1+2
3815,6.615,MR,YCA1006-01-00,UIC1561-01-00 UIC1551-04-00 UIC2151-09-00 UIC1805-01-00,YCH1605-01-00 YCJ1305-01-00,18.0,월수금,1,0,2,6,1+2
3816,6.615,MR,YCA1006-02-00,UIC1561-01-00 UIC1551-01-00 UIC2151-12-00 UIC1806-02-00,YCB1101-13-00 ECO1002-06-00,18.0,월금,1,0,2,6,2+3
3817,6.615,MR,YCA1006-02-00,UIC1561-01-00 UIC1551-01-00 UIC2151-12-00 UIC1806-02-00,YCB1101-13-00 ECO1002-06-00,18.0,월금,1,0,2,6,2+3
3818,6.615,MR,YCA1006-01-00,UIC1561-01-00 UIC1551-04-00 UIC2151-09-00 UIC1806-01-00,YCB1101-43-00 YCH1605-01-00,18.0,월수금,1,0,2,6,1+2
3819,6.615,MR,YCA1006-01-00,UIC1561-01-00 UIC1501-04-00 UIC2151-14-00 UIC1805-02-00,YCH1605-01-00 ISM1001-02-00,18.0,월수금,1,0,2,6,1+2
3820,6.615,MR,YCA1006-01-00,UIC1561-01-00 UIC1551-04-00 UIC2151-05-00 UIC1805-02-00,YCB1101-43-00 YCH1605-01-00,18.0,월수금,1,0,2,6,1+2
3821,6.615,MR,YCA1006-02-00,UIC1561-01-00 UIC1551-04-00 UIC2151-12-00 UIC1806-02-00,YCB1101-43-00 ECO1002-06-00,18.0,월금,1,0,2,6,2+3
3822,6.615,MR,YCA1006-01-00,UIC1561-01-00 UIC1401-02-00 UIC2151-14-00 UIC1805-01-00,YCH1605-01-00 ISM1001-02-00,18.0,월수금,1,0,2,6,1+2
3823,6.615,MR,YCA1006-01-00,UIC1561-01-00 UIC1501-04-00 UIC2151-14-00 UIC1805-02-00,YCH1605-01-00 ISM1001-02-00,18.0,월수금,1,0,2,6,1+2
3824,6.615,MR,YCA1006-01-00,UIC1561-01-00 UIC1551-04-00 UIC2151-08-00 UIC1805-01-00,YCH1605-01-00 YCJ1305-01-00,18.0,월수금,1,0,2,6,1+2
3825,6.615,MR,YCA1006-01-00,UIC1561-01-00 UIC1551-04-00 UIC2151-08-00 UIC1806-01-00,YCB1101-43-00 YCH1605-01-00,18.0,월수금,1,0,2,6,1+2
3826,6.615,MR,YCA1006-01-00,UIC1561-01-00 UIC1551-01-00 UIC2151-09-00 UIC1806-01-00,YCB1101-13-00 YCH1605-01-00,18.0,월수금,1,0,2,6,1+2
3827,6.615,MR,YCA1006-01-00,UIC1561-01-00 UIC1551-01-00 UIC2151-05-00 UIC1805-02-00,YCB1101-13-00 YCH1605-01-00,18.0,월수금,1,0,2,6,1+2
3828,6.615,MR,YCA1006-01-00,UIC1561-01-00 UIC1551-04-00 UIC2151-08-00 UIC1805-01-00,YCB1101-43-00 YCH1605-01-00,18.0,월수금,1,0,2,6,1+2
3829,6.615,MR,YCA1006-01-00,UIC1561-01-00 UIC1551-01-00 UIC2151-08-00 UIC1805-01-00,YCB1101-13-00 YCH1605-01-00,18.0,월수금,1,0,2,6,1+2
3830,6.615,MR,YCA1006-01-00,UIC1561-01-00 UIC1551-04-00 UIC2151-08-00 UIC1806-01-00,YCH1605-01-00 YCJ1305-01-00,18.0,월수금,1,0,2,6,1+2
3831,6.615,MR,YCA1006-01-00,UIC1561-01-00 UIC1551-01-00 UIC2151-05-00 UIC1805-02-00,YCB1101-13-00 YCH1605-01-00,18.0,월수금,1,0,2,6,1+2
3832,6.615,MR,YCA1006-01-00,UIC1561-01-00 UIC1551-04-00 UIC2151-08-00 UIC1806-01-00,YCB1101-43-00 YCH1605-01-00,18.0,월수금,1,0,2,6,1+2
3833,6.615,MR,YCA1006-01-00,UIC1561-01-00 UIC1551-04-00 UIC2151-09-00 UIC1805-01-00,YCB1101-43-00 YCH1605-01-00,18.0,월수금,1,0,2,6,1+2
3834,6.615,MR,YCA1006-02-00,UIC1561-01-00 UIC1551-04-00 UIC2151-12-00 UIC1806-02-00,ECO1002-06-00 YCJ1305-01-00,18.0,월금,1,0,2,6,2+3
3835,6.615,MR,YCA1006-01-00,UIC1561-01-00 UIC1551-01-00 UIC2151-08-00 UIC1806-01-00,YCB1101-13-00 YCH1605-01-00,18.0,월수금,1,0,2,6,1+2
3836,6.605,MR,YCA1006-01-00,UIC1561-01-00 UIC1551-04-00 UIC2151-12-00 UIC1806-02-00,YCI1998-02-00 STA2102-05-00,18.0,월금,1,0,1,4,1+2+2
3837,6.605,MR,YCA1006-01-00,UIC1561-01-00 UIC1551-04-00 UIC2151-09-00 UIC1806-01-00,YCK1998-03-00 STA2102-05-00,18.0,월금,1,0,1,4,2+1+2
3838,6.605,MR,YCA1006-01-00,UIC1561-01-00 UIC1551-04-00 UIC2151-05-00 UIC1805-02-00,YCK1998-03-00 STA2102-05-00,18.0,월금,1,0,1,4,2+1+2
3839,6.605,MR,YCA1006-01-00,UIC1561-01-00 UIC1551-01-00 UIC2151-12-00 UIC1805-02-00,ECO1002-05-00 STA2102-05-00,18.0,월금,1,0,1,4,2+2+1
3840,6.605,MR,YCA1006-01-00,UIC1561-01-00 UIC1551-04-00 UIC2151-05-00 UIC1805-02-00,YCK1998-03-00 STA2102-05-00,18.0,월금,1,0,1,4,2+1+2
3841,6.605,MR,YCA1006-01-00,UIC1561-01-00 UIC1551-04-00 UIC2151-08-00 UIC1805-01-00,YCK1998-03-00 STA2102-05-00,18.0,월금,1,0,1,4,2+1+2
3842,6.605,MR,YCA1006-01-00,UIC1561-01-00 UIC1551-01-00 UIC2151-12-00 UIC1805-02-00,ECO1002-05-00 STA2102-05-00,18.0,월금,1,0,1,4,2+2+1
3843,6.605,MR,YCA1006-01-00,UIC1561-01-00 UIC1551-04-00 UIC2151-08-00 UIC1805-01-00,YCK1998-03-00 STA2102-05-00,18.0,월금,1,0,1,4,2+1+2
3844,6.605,MR,YCA1006-01-00,UIC1561-01-00 UIC1551-04-00 UIC2151-12-00 UIC1806-02-00,YCI1998-02-00 STA2102-05-00,18.0,월금,1,0,1,4,1+2+2
3845,6.605,MR,YCA1006-01-00,UIC1561-01-00 UIC1551-04-00 UIC2151-09-00 UIC1805-01-00,YCK1998-03-00 STA2102-05-00,18.0,월금,1,0,1,4,2+1+2
3846,6.605,MR,YCA1006-01-00,UIC1561-01-00 UIC1551-04-00 UIC2151-08-00 UIC1806-01-00,YCK1998-03-00 STA2102-05-00,18.0,월금,1,0,1,4,2+1+2
3847,6.605,MR,YCA1006-01-00,UIC1561-01-00 UIC1551-04-00 UIC2151-09-00 UIC1805-01-00,YCK1998-03-00 STA2102-05-00,18.0,월금,1,0,1,4,2+1+2
3848,6.605,MR,YCA1006-01-00,UIC1561-01-00 UIC1551-04-00 UIC2151-08-00 UIC1806-01-00,YCK1998-03-00 STA2102-05-00,18.0,월금,1,0,1,4,2+1+2
3849,6.605,MR,YCA1006-01-00,UIC1561-01-00 UIC1551-04-00 UIC2151-09-00 UIC1806-01-00,YCK1998-03-00 STA2102-05-00,18.0,월금,1,0,1,4,2+1+2
3850,6.587,Lang,YCA1006-02-00,QRM1001-01-00 UIC1561-01-00 UIC1551-01-00 UIC2151-12-00,YCG1853-01-00 YCH1605-01-00,18.0,월금,1,0,2,,2+3+1
3851,6.565,MR,YCA1006-02-00,UIC1561-01-00 UIC1551-01-00 UIC2151-12-00 UIC1806-02-00,YCI1901-01-00 FNS1001-01-00,18.0,월금,2,0,2,,2+3+1+1
3852,6.565,MR,YCA1006-02-00,UIC1561-01-00 UIC1551-01-00 UIC2151-12-00 UIC1806-02-00,YCI1901-01-00 FNS1001-01-00,18.0,월금,2,0,2,,2+3+1+1
3853,6.549,MR,YCA1006-02-00,UIC1561-01-00 UIC1501-04-00 UIC2151-14-00 UIC1806-02-00,ECO1101-06-00 SED2104-01-00,18.0,월금,1,0,4,4,1+2+1+1+1
3854,6.549,MR,YCA1006-01-00,UIC1561-01-00 UIC1251-02-00 UIC2151-14-00 UIC1805-01-00,ECO1101-06-00 SED2104-01-00,18.0,월금,1,0,4,4,1+2+1+1+1
3855,6.549,MR,YCA1006-01-00,UIC1561-01-00 UIC1251-02-00 UIC2151-14-00 UIC1805-01-00,ECO1101-06-00 SED2104-01-00,18.0,월금,1,0,4,4,1+2+1+1+1
3856,6.549,MR,YCA1006-02-00,UIC1561-01-00 UIC1551-04-00 UIC2151-08-00 UIC1806-01-00,ECO1101-06-00 SED2104-01-00,18.0,월금,1,0,4,4,1+1+1+1+2
3857,6.549,MR,YCA1006-02-00,UIC1561-01-00 UIC1251-02-00 UIC2151-14-00 UIC1805-01-00,ECO1101-06-00 SED2104-01-00,18.0,월금,1,0,4,4,1+2+1+1+1
3858,6.549,MR,YCA1006-02-00,UIC1561-01-00 UIC1551-04-00 UIC2151-09-00 UIC1805-01-00,ECO1101-06-00 SED2104-01-00,18.0,월금,1,0,4,4,1+1+1+1+2
3859,6.549,MR,YCA1006-02-00,UIC1561-01-00 UIC1551-04-00 UIC2151-08-00 UIC1805-01-00,ECO1101-06-00 SED2104-01-00,18.0,월금,1,0,4,4,1+1+1+1+2
3860,6.549,MR,YCA1006-02-00,UIC1561-01-00 UIC1551-04-00 UIC2151-12-00 UIC1805-02-00,ECO1101-06-00 SED2104-01-00,18.0,월금,1,0,4,4,1+1+3+1+2
3861,6.549,MR,YCA1006-02-00,UIC1561-01-00 UIC1251-02-00 UIC2151-14-00 UIC1806-01-00,ECO1101-06-00 SED2104-01-00,18.0,월금,1,0,4,4,1+2+1+1+1
3862,6.549,MR,YCA1006-02-00,UIC1561-01-00 UIC1251-02-00 UIC2151-14-00 UIC1805-01-00,ECO1101-06-00 SED2104-01-00,18.0,월금,1,0,4,4,1+2+1+1+1
3863,6.549,MR,YCA1006-01-00,UIC1561-01-00 UIC1251-02-00 UIC2151-14-00 UIC1806-01-00,ECO1101-06-00 SED2104-01-00,18.0,월금,1,0,4,4,1+2+1+1+1
3864,6.549,MR,YCA1006-01-00,UIC1561-01-00 UIC1551-01-00 UIC2151-12-00 UIC1806-02-00,ECO1101-06-00 YCK1998-03-00,18.0,월금,1,0,3,4,1+2+3+1+1
3865,6.549,MR,YCA1006-02-00,UIC1561-01-00 UIC1551-04-00 UIC2151-08-00 UIC1806-01-00,ECO1101-06-00 SED2104-01-00,18.0,월금,1,0,4,4,1+1+1+1+2
3866,6.549,MR,YCA1006-02-00,UIC1561-01-00 UIC1551-04-00 UIC2151-05-00 UIC1805-02-00,ECO1101-06-00 SED2104-01-00,18.0,월금,1,0,4,4,1+1+1+1+2
3867,6.549,MR,YCA1006-02-00,UIC1561-01-00 UIC1551-04-00 UIC2151-09-00 UIC1806-01-00,ECO1101-06-00 SED2104-01-00,18.0,월금,1,0,4,4,1+1+1+1+2
3868,6.549,MR,YCA1006-02-00,UIC1561-01-00 UIC1251-02-00 UIC2151-14-00 UIC1806-01-00,ECO1101-06-00 SED2104-01-00,18.0,월금,1,0,4,4,1+2+1+1+1
3869,6.549,MR,YCA1006-01-00,UIC1561-01-00 UIC1501-04-00 UIC2151-14-00 UIC1806-02-00,ECO1101-06-00 SED2104-01-00,18.0,월금,1,0,4,4,1+2+1+1+1
3870,6.549,MR,YCA1006-02-00,UIC1561-01-00 UIC1551-04-00 UIC2151-05-00 UIC1805-02-00,ECO1101-06-00 SED2104-01-00,18.0,월금,1,0,4,4,1+1+1+1+2
3871,6.549,MR,YCA1006-02-00,UIC1561-01-00 UIC1551-04-00 UIC2151-09-00 UIC1805-01-00,ECO1101-06-00 SED2104-01-00,18.0,월금,1,0,4,4,1+1+1+1+2
3872,6.549,MR,YCA1006-02-00,UIC1561-01-00 UIC1551-04-00 UIC2151-08-00 UIC1805-01-00,ECO1101-06-00 SED2104-01-00,18.0,월금,1,0,4,4,1+1+1+1+2
3873,6.549,MR,YCA1006-02-00,UIC1561-01-00 UIC1551-04-00 UIC2151-12-00 UIC1805-02-00,ECO1101-06-00 SED2104-01-00,18.0,월금,1,0,4,4,1+1+3+1+2
3874,6.549,MR,YCA1006-01-00,UIC1561-01-00 UIC1251-02-00 UIC2151-14-00 UIC1806-01-00,ECO1101-06-00 SED2104-01-00,18.0,월금,1,0,4,4,1+2+1+1+1
3875,6.549,MR,YCA1006-02-00,UIC1561-01-00 UIC1551-04-00 UIC2151-09-00 UIC1806-01-00,ECO1101-06-00 SED2104-01-00,18.0,월금,1,0,4,4,1+1+1+1+2
3876,6.549,MR,YCA1006-02-00,UIC1561-01-00 UIC1501-04-00 UIC2151-14-00 UIC1806-02-00,ECO1101-06-00 SED2104-01-00,18.0,월금,1,0,4,4,1+2+1+1+1
3877,6.549,MR,YCA1006-01-00,UIC1561-01-00 UIC1551-01-00 UIC2151-12-00 UIC1806-02-00,ECO1101-06-00 YCK1998-03-00,18.0,월금,1,0,3,4,1+2+3+1+1
3878,6.549,MR,YCA1006-01-00,UIC1561-01-00 UIC1501-04-00 UIC2151-14-00 UIC1806-02-00,ECO1101-06-00 SED2104-01-00,18.0,월금,1,0,4,4,1+2+1+1+1
3879,6.545,Lang,YCA1006-01-00,QRM1001-01-00 UIC1561-01-00 UIC1551-01-00 UIC2151-12-00,MAT1011-02-00 STA1002-04-00,18.0,월금,1,0,1,4,2+2+2+1
3880,6.545,Lang,YCA1006-01-00,QRM1001-01-00 UIC1561-01-00 UIC1551-01-00 UIC2151-12-00,YCE1253-01-00 STA1002-04-00,18.0,월금,1,0,1,4,2+2+2+1
3881,6.545,Lang,YCA1006-01-00,QRM1001-01-00 UIC1561-01-00 UIC1551-04-00 UIC2151-12-00,YCI1998-02-00 MAT1011-02-00,18.0,월금,1,0,1,4,2+3
3882,6.53,MR,-,UIC1561-01-00 UIC1251-02-00 UIC2151-14-00 UIC1805-02-00,YCK1998-03-00 STA1002-04-00,18.0,월금,0,0,1,6,2+2
3883,6.53,MR,-,UIC1561-01-00 UIC1251-02-00 UIC2151-14-00 UIC1805-02-00,YCK1998-03-00 STA1002-04-00,18.0,월금,0,0,1,6,2+2
3884,6.53,MR,-,UIC1561-01-00 UIC1401-02-00 UIC2151-14-00 UIC1806-02-00,YCK1998-03-00 STA1002-04-00,18.0,월금,0,0,1,6,2+2
3885,6.53,MR,-,UIC1561-01-00 UIC1401-02-00 UIC2151-14-00 UIC1806-02-00,YCK1998-03-00 STA1002-04-00,18.0,월금,0,0,1,6,2+2
3886,6.515,MR,YCA1006-01-00,UIC1561-01-00 ASP2022-01-00 UIC2151-08-00 UIC1806-02-00,YCK1998-03-00 STA1002-04-00,18.0,월금,0,0,0,5+4,2+1+2
3887,6.515,MR,YCA1006-01-00,UIC1561-01-00 ASP2022-01-00 UIC2151-07-00 UIC1805-02-00,YCK1998-03-00 STA1002-04-00,18.0,월금,0,0,0,5+4,2+1+2
3888,6.515,MR,YCA1006-01-00,UIC1561-01-00 ASP2022-01-00 UIC2151-08-00 UIC1806-02-00,YCK1998-03-00 STA1002-04-00,18.0,월금,0,0,0,5+4,2+1+2
3889,6.515,MR,YCA1006-01-00,UIC1561-01-00 ASP2022-01-00 UIC2151-09-00 UIC1806-02-00,YCK1998-03-00 STA1002-04-00,18.0,월금,0,0,0,5+4,2+1+2
3890,6.515,MR,YCA1006-01-00,UIC1561-01-00 ASP2022-01-00 UIC2151-09-00 UIC1806-02-00,YCK1998-03-00 STA1002-04-00,18.0,월금,0,0,0,5+4,2+1+2
3891,6.515,MR,YCA1006-01-00,UIC1561-01-00 ASP2022-01-00 UIC2151-07-00 UIC1805-02-00,YCK1998-03-00 STA1002-04-00,18.0,월금,0,0,0,5+4,2+1+2
3892,6.515,MR,YCA1006-01-00,UIC1561-01-00 ASP2022-01-00 UIC2151-06-00 UIC1805-02-00,YCK1998-03-00 STA1002-04-00,18.0,월금,0,0,0,5+4,2+1+2
3893,6.515,MR,YCA1006-01-00,UIC1561-01-00 ASP2022-01-00 UIC2151-06-00 UIC1805-02-00,YCK1998-03-00 STA1002-04-00,18.0,월금,0,0,0,5+4,2+1+2
3894,6.508,MR,YCA1006-02-00,UIC1561-01-00 UIC1501-02-00 UIC2151-14-00 UIC1806-02-00,UCD1101-01-00 ECO1002-06-00,18.0,금,0,0,2,,2+2+2+1
3895,6.508,MR,YCA1006-02-00,UIC1561-01-00 UIC1551-01-00 UIC2151-04-00 UIC1806-02-00,ECO1002-06-00 YCI1901-01-00,18.0,금,0,0,2,,2+2+2+1
3896,6.508,MR,YCA1006-02-00,UIC1561-01-00 UIC1551-01-00 UIC2151-04-00 UIC1806-02-00,YCI1901-01-00 YCK1998-03-00,18.0,금,0,0,2,,2+2+2+1
3897,6.508,MR,YCA1006-02-00,UIC1561-01-00 UIC1501-02-00 UIC2151-14-00 UIC1806-02-00,UCD1101-01-00 YCK1998-03-00,18.0,금,0,0,2,,2+2+2+1
3898,6.508,MR,YCA1006-02-00,UIC1561-01-00 UIC1551-01-00 UIC2151-10-00 UIC1806-02-00,YCI1901-01-00 YCK1998-03-00,18.0,금,0,0,2,,2+2+2+1
3899,6.508,MR,YCA1006-02-00,UIC1561-01-00 UIC1551-03-00 UIC2151-14-00 UIC1806-02-00,UCD1101-01-00 ECO1002-06-00,18.0,금,0,0,2,,2+2+2+1
3900,6.508,MR,YCA1006-02-00,UIC1561-01-00 UIC1551-03-00 UIC2151-14-00 UIC1806-02-00,UCD1101-01-00 ECO1002-06-00,18.0,금,0,0,2,,2+2+2+1
3901,6.508,MR,YCA1006-02-00,UIC1561-01-00 UIC1551-01-00 UIC2151-10-00 UIC1806-02-00,ECO1002-06-00 YCI1901-01-00,18.0,금,0,0,2,,2+2+2+1
3902,6.508,MR,YCA1006-02-00,UIC1561-01-00 UIC1501-02-00 UIC2151-14-00 UIC1806-02-00,UCD1101-01-00 YCK1998-03-00,18.0,금,0,0,2,,2+2+2+1
3903,6.508,MR,YCA1006-02-00,UIC1561-01-00 UIC1551-01-00 UIC2151-04-00 UIC1806-02-00,YCI1901-01-00 YCK1998-03-00,18.0,금,0,0,2,,2+2+2+1
3904,6.508,MR,YCA1006-02-00,UIC1561-01-00 UIC1551-01-00 UIC2151-10-00 UIC1806-02-00,YCI1901-01-00 YCK1998-03-00,18.0,금,0,0,2,,2+2+2+1
3905,6.508,MR,YCA1006-02-00,UIC1561-01-00 UIC1551-03-00 UIC2151-14-00 UIC1806-02-00,UCD1101-01-00 YCK1998-03-00,18.0,금,0,0,2,,2+2+2+1
3906,6.508,MR,YCA1006-02-00,UIC1561-01-00 UIC1551-01-00 UIC2151-10-00 UIC1806-02-00,ECO1002-06-00 YCI1901-01-00,18.0,금,0,0,2,,2+2+2+1
3907,6.508,MR,YCA1006-02-00,UIC1561-01-00 UIC1501-02-00 UIC2151-14-00 UIC1806-02-00,UCD1101-01-00 ECO1002-06-00,18.0,금,0,0,2,,2+2+2+1
3908,6.508,MR,YCA1006-02-00,UIC1561-01-00 UIC1551-01-00 UIC2151-04-00 UIC1806-02-00,ECO1002-06-00 YCI1901-01-00,18.0,금,0,0,2,,2+2+2+1
3909,6.508,MR,YCA1006-02-00,UIC1561-01-00 UIC1551-03-00 UIC2151-14-00 UIC1806-02-00,UCD1101-01-00 YCK1998-03-00,18.0,금,0,0,2,,2+2+2+1
3910,6.494,MR,YCA1006-02-00,UIC1561-01-00 UIC1551-01-00 UIC2151-12-00 UIC1806-02-00,ANT2105-01-00 YCI1901-01-00,18.0,월금,1,0,3,4,2+3+1
3911,6.494,MR,YCA1006-02-00,UIC1561-01-00 UIC1551-01-00 UIC2151-12-00 UIC1806-02-00,ANT2105-01-00 YCI1901-01-00,18.0,월금,1,0,3,4,2+3+1
3912,6.482,MR,YCA1006-02-00,UIC1561-01-00 UIC1551-04-00 UIC2151-12-00 UIC1806-02-00,YCG1853-01-00 YCI1998-02-00,18.0,월금,1,0,2,,2+3
3913,6.482,MR,YCA1006-02-00,UIC1561-01-00 UIC1551-04-00 UIC2151-12-00 UIC1806-02-00,YCG1853-01-00 YCI1998-02-00,18.0,월금,1,0,2,,2+3
3914,6.48,MR,-,UIC1561-01-00 UIC1251-02-00 UIC2151-12-00 UIC1805-02-00,UCD1101-01-00 YCK1998-03-00,18.0,월금,1,0,1,,3+1
3915,6.48,MR,-,UIC1561-01-00 UIC1251-02-00 UIC2151-12-00 UIC1805-02-00,YCI1901-01-00 YCK1998-03-00,18.0,월금,1,0,1,,1+3
3916,6.48,MR,-,UIC1561-01-00 UIC1251-02-00 UIC2151-12-00 UIC1805-02-00,UCD1101-01-00 YCK1998-03-00,18.0,월금,1,0,1,,3+1
3917,6.48,MR,-,UIC1561-01-00 UIC1401-02-00 UIC2151-12-00 UIC1806-02-00,YCI1901-01-00 YCK1998-03-00,18.0,월금,1,0,1,,1+3
3918,6.48,MR,-,UIC1561-01-00 UIC1401-02-00 UIC2151-12-00 UIC1806-02-00,YCI1901-01-00 YCK1998-03-00,18.0,월금,1,0,1,,1+3
3919,6.48,MR,-,UIC1561-01-00 UIC1401-02-00 UIC2151-12-00 UIC1806-02-00,UCD1101-01-00 YCK1998-03-00,18.0,월금,1,0,1,,3+1
3920,6.48,MR,-,UIC1561-01-00 UIC1251-02-00 UIC2151-12-00 UIC1805-02-00,YCI1901-01-00 YCK1998-03-00,18.0,월금,1,0,1,,1+3
3921,6.48,MR,-,UIC1561-01-00 UIC1551-01-00 UIC2151-12-00 UIC1805-02-00,ECO1002-05-00 YCK1998-03-00,18.0,월금,1,0,1,,3+1
3922,6.48,MR,-,UIC1561-01-00 UIC1401-02-00 UIC2151-12-00 UIC1806-02-00,UCD1101-01-00 YCK1998-03-00,18.0,월금,1,0,1,,3+1
3923,6.48,MR,-,UIC1561-01-00 UIC1551-01-00 UIC2151-12-00 UIC1805-02-00,ECO1002-05-00 YCK1998-03-00,18.0,월금,1,0,1,,3+1
3924,6.44,MR,YCA1006-01-00,UIC1561-01-00 UIC1551-01-00 UIC2151-06-00 UIC1805-02-00,YCG1804-01-00 CTM1001-02-00,18.0,월금,0,1,1,4,1+1+1+1
3925,6.44,MR,YCA1006-02-00,UIC1561-01-00 UIC1551-01-00 UIC2151-12-00 UIC1805-02-00,YCG1804-01-00 BIZ1101-09-00,18.0,월금,1,0,1,,1+1+3+1
3926,6.44,MR,YCA1006-01-00,UIC1561-01-00 UIC1551-01-00 UIC2151-09-00 UIC1806-02-00,YCG1804-01-00 CTM1001-02-00,18.0,월금,0,1,1,4,1+1+1+1
3927,6.44,MR,YCA1006-01-00,UIC1561-01-00 UIC1551-01-00 UIC2151-06-00 UIC1805-02-00,YCG1804-01-00 CTM1001-02-00,18.0,월금,0,1,1,4,1+1+1+1
3928,6.44,MR,YCA1006-01-00,UIC1561-01-00 UIC1551-01-00 UIC2151-07-00 UIC1805-02-00,YCG1804-01-00 CTM1001-02-00,18.0,월금,0,1,1,4,1+1+1+1
3929,6.44,MR,YCA1006-02-00,UIC1561-01-00 UIC1551-01-00 UIC2151-12-00 UIC1805-02-00,YCG1804-01-00 BIZ1101-09-00,18.0,월금,1,0,1,,1+1+3+1
3930,6.44,MR,YCA1006-01-00,UIC1561-01-00 UIC1551-01-00 UIC2151-08-00 UIC1806-02-00,YCG1804-01-00 CTM1001-02-00,18.0,월금,0,1,1,4,1+1+1+1
3931,6.44,MR,YCA1006-01-00,UIC1561-01-00 UIC1551-01-00 UIC2151-07-00 UIC1805-02-00,YCG1804-01-00 CTM1001-02-00,18.0,월금,0,1,1,4,1+1+1+1
3932,6.44,MR,YCA1006-01-00,UIC1561-01-00 UIC1551-01-00 UIC2151-08-00 UIC1806-02-00,YCG1804-01-00 CTM1001-02-00,18.0,월금,0,1,1,4,1+1+1+1
3933,6.44,MR,YCA1006-01-00,UIC1561-01-00 UIC1551-01-00 UIC2151-09-00 UIC1806-02-00,YCG1804-01-00 CTM1001-02-00,18.0,월금,0,1,1,4,1+1+1+1
3934,6.42,Lang,YCA1006-01-00,QRM1001-01-00 UIC1561-01-00 UIC1551-01-00 UIC2151-12-00,YCI1901-01-00 BIZ1101-09-00,18.0,월금,1,0,2,,4+1+1
3935,6.39,WCiv,YCA1006-02-00,QRM1001-01-00 UIC1551-04-00 UIC2151-13-00 UIC1805-01-00,YCE1253-01-00 YCI1998-02-00,18.0,월금,1,1,2,5+6,1+1
3936,6.39,WCiv,YCA1006-02-00,QRM1001-01-00 UIC1551-04-00 UIC2151-13-00 UIC1806-01-00,YCE1253-01-00 YCI1998-02-00,18.0,월금,1,1,2,5+6,1+1
3937,6.39,WCiv,YCA1006-02-00,QRM1001-01-00 UIC1551-04-00 UIC2151-13-00 UIC1805-01-00,YCE1253-01-00 YCI1998-02-00,18.0,월금,1,1,2,5+6,1+1
3938,6.39,WCiv,YCA1006-02-00,QRM1001-01-00 UIC1551-04-00 UIC2151-13-00 UIC1806-01-00,YCE1253-01-00 YCI1998-02-00,18.0,월금,1,1,2,5+6,1+1
3939,6.383,MR,YCA1006-02-00,UIC1561-01-00 UIC1551-01-00 UIC2151-11-00 UIC1805-02-00,ECO1002-05-00 YCK1998-03-00,18.0,금,0,0,1,4,1+1
3940,6.383,MR,YCA1006-02-00,UIC1561-01-00 UIC1551-01-00 UIC2151-11-00 UIC1805-02-00,ECO1002-05-00 YCK1998-03-00,18.0,금,0,0,1,4,1+1
3941,6.357,MR,YCA1006-01-00,UIC1561-01-00 UIC1551-04-00 UIC2151-08-00 UIC1806-02-00,YCG1853-01-00 BIZ1101-09-00,18.0,월금,0,0,2,4,1+1
3942,6.357,MR,YCA1006-01-00,UIC1561-01-00 UIC1551-04-00 UIC2151-09-00 UIC1806-02-00,YCG1853-01-00 BIZ1101-09-00,18.0,월금,0,0,2,4,1+1
3943,6.357,MR,YCA1006-01-00,UIC1561-01-00 UIC1551-01-00 UIC2151-08-00 UIC1806-02-00,YCG1853-01-00 BIZ1101-09-00,18.0,월금,0,0,2,4,1+1
3944,6.357,MR,YCA1006-01-00,UIC1561-01-00 UIC1551-04-00 UIC2151-09-00 UIC1806-02-00,YCG1853-01-00 BIZ1101-09-00,18.0,월금,0,0,2,4,1+1
3945,6.357,MR,YCA1006-01-00,UIC1561-01-00 UIC1551-01-00 UIC2151-07-00 UIC1805-02-00,YCG1853-01-00 BIZ1101-09-00,18.0,월금,0,0,2,4,1+1
3946,6.357,MR,YCA1006-01-00,UIC1561-01-00 UIC1551-01-00 UIC2151-06-00 UIC1805-02-00,YCG1853-01-00 BIZ1101-09-00,18.0,월금,0,0,2,4,1+1
3947,6.357,MR,YCA1006-01-00,UIC1561-01-00 UIC1551-01-00 UIC2151-08-00 UIC1806-02-00,YCG1853-01-00 BIZ1101-09-00,18.0,월금,0,0,2,4,1+1
3948,6.357,MR,YCA1006-01-00,UIC1561-01-00 UIC1551-01-00 UIC2151-09-00 UIC1806-02-00,YCG1853-01-00 BIZ1101-09-00,18.0,월금,0,0,2,4,1+1
3949,6.357,MR,YCA1006-01-00,UIC1561-01-00 UIC1551-01-00 UIC2151-06-00 UIC1805-02-00,YCG1853-01-00 BIZ1101-09-00,18.0,월금,0,0,2,4,1+1
3950,6.357,MR,YCA1006-01-00,UIC1561-01-00 UIC1551-04-00 UIC2151-06-00 UIC1805-02-00,YCG1853-01-00 BIZ1101-09-00,18.0,월금,0,0,2,4,1+1
3951,6.357,MR,YCA1006-01-00,UIC1561-01-00 UIC1551-01-00 UIC2151-09-00 UIC1806-02-00,YCG1853-01-00 BIZ1101-09-00,18.0,월금,0,0,2,4,1+1
3952,6.357,MR,YCA1006-01-00,UIC1561-01-00 UIC1551-04-00 UIC2151-06-00 UIC1805-02-00,YCG1853-01-00 BIZ1101-09-00,18.0,월금,0,0,2,4,1+1
3953,6.357,MR,YCA1006-01-00,UIC1561-01-00 UIC1551-01-00 UIC2151-07-00 UIC1805-02-00,YCG1853-01-00 BIZ1101-09-00,18.0,월금,0,0,2,4,1+1
3954,6.357,MR,YCA1006-01-00,UIC1561-01-00 UIC1551-04-00 UIC2151-07-00 UIC1805-02-00,YCG1853-01-00 BIZ1101-09-00,18.0,월금,0,0,2,4,1+1
3955,6.357,MR,YCA1006-01-00,UIC1561-01-00 UIC1551-04-00 UIC2151-08-00 UIC1806-02-00,YCG1853-01-00 BIZ1101-09-00,18.0,월금,0,0,2,4,1+1
3956,6.357,MR,YCA1006-01-00,UIC1561-01-00 UIC1551-04-00 UIC2151-07-00 UIC1805-02-00,YCG1853-01-00 BIZ1101-09-00,18.0,월금,0,0,2,4,1+1
3957,6.335,Lang,-,QRM1001-01-00 UIC1561-01-00 ASP2033-01-00 UIC2151-14-00,UCD1101-01-00 BIZ1101-09-00,18.0,월금,0,0,2,,2+1
3958,6.315,MR,YCA1006-01-00,UIC1561-01-00 UIC1551-01-00 UIC2151-12-00 UIC1805-02-00,UCB1105-02-00 ECO1002-04-00,18.0,월금,1,0,1,,2+3+2
3959,6.315,MR,YCA1006-01-00,UIC1561-01-00 UIC1551-01-00 UIC2151-12-00 UIC1805-02-00,UCB1105-02-00 ECO1002-04-00,18.0,월금,1,0,1,,2+3+2
3960,6.315,LHP,YCA1006-01-00,QRM1001-01-00 UIC1561-01-00 UIC2151-14-00 UIC1806-01-00,UCB1105-02-00 YCH1605-01-00,18.0,월수금,1,1,1,6,1+2
3961,6.315,LHP,YCA1006-01-00,QRM1001-01-00 UIC1561-01-00 UIC2151-14-00 UIC1805-01-00,UCB1105-02-00 YCH1605-01-00,18.0,월수금,1,1,1,6,1+2
3962,6.315,LHP,YCA1006-02-00,QRM1001-01-00 UIC1561-01-00 UIC2151-14-00 UIC1806-01-00,UCB1105-02-00 YCH1605-01-00,18.0,월수금,1,1,1,6,1+2
3963,6.315,LHP,YCA1006-02-00,QRM1001-01-00 UIC1561-01-00 UIC2151-14-00 UIC1806-01-00,UCB1105-02-00 YCH1605-01-00,18.0,월수금,1,1,1,6,1+2
3964,6.315,LHP,YCA1006-01-00,QRM1001-01-00 UIC1561-01-00 UIC2151-14-00 UIC1805-01-00,UCB1105-02-00 YCH1605-01-00,18.0,월수금,1,1,1,6,1+2
3965,6.315,LHP,YCA1006-01-00,QRM1001-01-00 UIC1561-01-00 UIC2151-14-00 UIC1806-01-00,UCB1105-02-00 YCH1605-01-00,18.0,월수금,1,1,1,6,1+2
3966,6.315,LHP,YCA1006-02-00,QRM1001-01-00 UIC1561-01-00 UIC2151-14-00 UIC1805-01-00,UCB1105-02-00 YCH1605-01-00,18.0,월수금,1,1,1,6,1+2
3967,6.315,LHP,YCA1006-02-00,QRM1001-01-00 UIC1561-01-00 UIC2151-14-00 UIC1805-01-00,UCB1105-02-00 YCH1605-01-00,18.0,월수금,1,1,1,6,1+2
3968,6.299,MR,YCA1006-01-00,UIC1561-01-00 UIC1501-04-00 UIC2151-14-00 UIC1806-02-00,ECO1101-06-00 BIZ1101-09-00,18.0,월금,1,0,3,4,1+2+2+1
3969,6.299,MR,YCA1006-01-00,UIC1561-01-00 UIC1251-02-00 UIC2151-14-00 UIC1805-01-00,ECO1101-06-00 BIZ1101-09-00,18.0,월금,1,0,3,4,1+2+2+1
3970,6.299,MR,YCA1006-01-00,UIC1561-01-00 UIC1251-02-00 UIC2151-14-00 UIC1806-01-00,ECO1101-06-00 BIZ1101-09-00,18.0,월금,1,0,3,4,1+2+2+1
3971,6.299,MR,YCA1006-02-00,UIC1561-01-00 UIC1251-02-00 UIC2151-14-00 UIC1806-01-00,ECO1101-06-00 BIZ1101-09-00,18.0,월금,1,0,3,4,1+2+2+1
3972,6.299,MR,YCA1006-02-00,UIC1561-01-00 UIC1501-04-00 UIC2151-14-00 UIC1806-02-00,ECO1101-06-00 BIZ1101-09-00,18.0,월금,1,0,3,4,1+2+2+1
3973,6.299,MR,YCA1006-01-00,UIC1561-01-00 UIC1251-02-00 UIC2151-14-00 UIC1806-01-00,ECO1101-06-00 BIZ1101-09-00,18.0,월금,1,0,3,4,1+2+2+1
3974,6.299,MR,YCA1006-01-00,UIC1561-01-00 UIC1251-02-00 UIC2151-14-00 UIC1805-01-00,ECO1101-06-00 BIZ1101-09-00,18.0,월금,1,0,3,4,1+2+2+1
3975,6.299,MR,YCA1006-02-00,UIC1561-01-00 UIC1251-02-00 UIC2151-14-00 UIC1805-01-00,ECO1101-06-00 BIZ1101-09-00,18.0,월금,1,0,3,4,1+2+2+1
3976,6.299,MR,YCA1006-02-00,UIC1561-01-00 UIC1251-02-00 UIC2151-14-00 UIC1806-01-00,ECO1101-06-00 BIZ1101-09-00,18.0,월금,1,0,3,4,1+2+2+1
3977,6.299,MR,YCA1006-01-00,UIC1561-01-00 UIC1501-04-00 UIC2151-14-00 UIC1806-02-00,ECO1101-06-00 BIZ1101-09-00,18.0,월금,1,0,3,4,1+2+2+1
3978,6.299,MR,YCA1006-02-00,UIC1561-01-00 UIC1251-02-00 UIC2151-14-00 UIC1805-01-00,ECO1101-06-00 BIZ1101-09-00,18.0,월금,1,0,3,4,1+2+2+1
3979,6.299,MR,YCA1006-02-00,UIC1561-01-00 UIC1501-04-00 UIC2151-14-00 UIC1806-02-00,ECO1101-06-00 BIZ1101-09-00,18.0,월금,1,0,3,4,1+2+2+1
3980,6.265,MR,YCA1006-02-00,UIC1561-01-00 UIC1551-01-00 UIC2151-12-00 UIC1805-02-00,YCI1901-01-00 BIZ1101-09-00,18.0,월금,1,0,2,5,1+1+3
3981,6.265,MR,YCA1006-02-00,UIC1561-01-00 UIC1551-01-00 UIC2151-12-00 UIC1805-02-00,YCI1901-01-00 BIZ1101-09-00,18.0,월금,1,0,2,5,1+1+3
3982,6.244,MR,YCA1006-01-00,UIC1561-01-00 UIC1551-01-00 UIC2151-09-00 UIC1806-01-00,UCB1105-02-00 ANT2105-01-00,18.0,월금,1,0,2,4,2+2
3983,6.244,MR,YCA1006-01-00,UIC1561-01-00 UIC1551-01-00 UIC2151-08-00 UIC1805-01-00,UCB1105-02-00 ANT2105-01-00,18.0,월금,1,0,2,4,2+2
3984,6.244,MR,YCA1006-01-00,UIC1561-01-00 UIC1551-01-00 UIC2151-05-00 UIC1805-02-00,UCB1105-02-00 ANT2105-01-00,18.0,월금,1,0,2,4,2+2
3985,6.244,MR,YCA1006-01-00,UIC1561-01-00 UIC1551-01-00 UIC2151-09-00 UIC1805-01-00,UCB1105-02-00 ANT2105-01-00,18.0,월금,1,0,2,4,2+2
3986,6.244,MR,YCA1006-01-00,UIC1561-01-00 UIC1551-01-00 UIC2151-09-00 UIC1805-01-00,UCB1105-02-00 ANT2105-01-00,18.0,월금,1,0,2,4,2+2
3987,6.244,MR,YCA1006-01-00,UIC1561-01-00 UIC1551-01-00 UIC2151-05-00 UIC1805-02-00,UCB1105-02-00 ANT2105-01-00,18.0,월금,1,0,2,4,2+2
3988,6.244,MR,YCA1006-01-00,UIC1561-01-00 UIC1551-01-00 UIC2151-08-00 UIC1806-01-00,UCB1105-02-00 ANT2105-01-00,18.0,월금,1,0,2,4,2+2
3989,6.244,MR,YCA1006-01-00,UIC1561-01-00 UIC1551-01-00 UIC2151-08-00 UIC1806-01-00,UCB1105-02-00 ANT2105-01-00,18.0,월금,1,0,2,4,2+2
3990,6.244,MR,YCA1006-01-00,UIC1561-01-00 UIC1551-01-00 UIC2151-08-00 UIC1805-01-00,UCB1105-02-00 ANT2105-01-00,18.0,월금,1,0,2,4,2+2
3991,6.244,MR,YCA1006-01-00,UIC1561-01-00 UIC1551-01-00 UIC2151-09-00 UIC1806-01-00,UCB1105-02-00 ANT2105-01-00,18.0,월금,1,0,2,4,2+2
3992,6.24,MR,YCA1006-01-00,UIC1561-01-00 UIC1551-04-00 UIC2151-07-00 UIC1805-02-00,CTM1001-02-00 SED2104-01-00,18.0,월금,0,1,3,6,1+1+1+1
3993,6.24,MR,YCA1006-01-00,UIC1561-01-00 UIC1551-04-00 UIC2151-06-00 UIC1805-02-00,CTM1001-02-00 SED2104-01-00,18.0,월금,0,1,3,6,1+1+1+1
3994,6.24,MR,YCA1006-01-00,UIC1561-01-00 UIC1551-04-00 UIC2151-08-00 UIC1806-02-00,CTM1001-02-00 SED2104-01-00,18.0,월금,0,1,3,6,1+1+1+1
3995,6.24,MR,YCA1006-01-00,UIC1561-01-00 UIC1551-04-00 UIC2151-07-00 UIC1805-02-00,CTM1001-02-00 SED2104-01-00,18.0,월금,0,1,3,6,1+1+1+1
3996,6.24,MR,YCA1006-01-00,UIC1561-01-00 UIC1551-04-00 UIC2151-08-00 UIC1806-02-00,CTM1001-02-00 SED2104-01-00,18.0,월금,0,1,3,6,1+1+1+1
3997,6.24,MR,YCA1006-01-00,UIC1561-01-00 UIC1551-04-00 UIC2151-06-00 UIC1805-02-00,CTM1001-02-00 SED2104-01-00,18.0,월금,0,1,3,6,1+1+1+1
3998,6.24,MR,YCA1006-01-00,UIC1561-01-00 UIC1551-04-00 UIC2151-09-00 UIC1806-02-00,CTM1001-02-00 SED2104-01-00,18.0,월금,0,1,3,6,1+1+1+1
3999,6.24,MR,YCA1006-01-00,UIC1561-01-00 UIC1251-02-00 UIC2151-14-00 UIC1805-02-00,CTM1001-02-00 SED2104-01-00,18.0,월금,0,1,3,6,1+1+1+1
4000,6.24,MR,YCA1006-01-00,UIC1561-01-00 UIC1251-02-00 UIC2151-14-00 UIC1805-02-00,CTM1001-02-00 SED2104-01-00,18.0,월금,0,1,3,6,1+1+1+1
4001,6.24,MR,YCA1006-01-00,UIC1561-01-00 UIC1551-04-00 UIC2151-09-00 UIC1806-02-00,CTM1001-02-00 SED2104-01-00,18.0,월금,0,1,3,6,1+1+1+1
4002,6.24,MR,YCA1006-01-00,UIC1561-01-00 UIC1401-02-00 UIC2151-14-00 UIC1806-02-00,CTM1001-02-00 SED2104-01-00,18.0,월금,0,1,3,6,1+1+1+1
4003,6.24,MR,YCA1006-01-00,UIC1561-01-00 UIC1401-02-00 UIC2151-14-00 UIC1806-02-00,CTM1001-02-00 SED2104-01-00,18.0,월금,0,1,3,6,1+1+1+1
4004,6.232,MR,YCA1006-02-00,UIC1561-01-00 UIC1551-04-00 UIC2151-12-00 UIC1805-02-00,YCG1853-01-00 BIZ1101-09-00,18.0,월금,1,0,2,,1+1+1+2
4005,6.232,MR,YCA1006-02-00,UIC1561-01-00 UIC1551-04-00 UIC2151-12-00 UIC1805-02-00,YCG1853-01-00 BIZ1101-09-00,18.0,월금,1,0,2,,1+1+1+2
4006,6.224,MR,YCA1006-02-00,UIC1561-01-00 UIC1551-01-00 UIC2151-08-00 UIC1806-02-00,ECO1101-06-00 YCI1901-01-00,18.0,월금,0,1,4,4+7,2+1
4007,6.224,MR,YCA1006-02-00,UIC1561-01-00 UIC1551-01-00 UIC2151-06-00 UIC1805-02-00,ECO1101-06-00 YCI1901-01-00,18.0,월금,0,1,4,4+7,2+1
4008,6.224,MR,YCA1006-02-00,UIC1561-01-00 UIC1551-01-00 UIC2151-08-00 UIC1806-02-00,ECO1101-06-00 YCI1901-01-00,18.0,월금,0,1,4,4+7,2+1
4009,6.224,MR,YCA1006-02-00,UIC1561-01-00 UIC1251-02-00 UIC2151-14-00 UIC1805-02-00,ECO1101-06-00 UCD1101-01-00,18.0,월금,0,1,4,4+7,2+1
4010,6.224,MR,YCA1006-02-00,UIC1561-01-00 UIC1551-01-00 UIC2151-07-00 UIC1805-02-00,ECO1101-06-00 YCI1901-01-00,18.0,월금,0,1,4,4+7,2+1
4011,6.224,MR,YCA1006-02-00,UIC1561-01-00 UIC1551-01-00 UIC2151-09-00 UIC1806-02-00,ECO1101-06-00 YCI1901-01-00,18.0,월금,0,1,4,4+7,2+1
4012,6.224,MR,YCA1006-02-00,UIC1561-01-00 UIC1551-01-00 UIC2151-07-00 UIC1805-02-00,ECO1101-06-00 YCI1901-01-00,18.0,월금,0,1,4,4+7,2+1
4013,6.224,MR,YCA1006-02-00,UIC1561-01-00 UIC1251-02-00 UIC2151-14-00 UIC1805-02-00,ECO1101-06-00 UCD1101-01-00,18.0,월금,0,1,4,4+7,2+1
4014,6.224,MR,YCA1006-02-00,UIC1561-01-00 UIC1551-01-00 UIC2151-09-00 UIC1806-02-00,ECO1101-06-00 YCI1901-01-00,18.0,월금,0,1,4,4+7,2+1
4015,6.224,MR,YCA1006-02-00,UIC1561-01-00 UIC1401-02-00 UIC2151-14-00 UIC1806-02-00,ECO1101-06-00 UCD1101-01-00,18.0,월금,0,1,4,4+7,2+1
4016,6.224,MR,YCA1006-02-00,UIC1561-01-00 UIC1401-02-00 UIC2151-14-00 UIC1806-02-00,ECO1101-06-00 UCD1101-01-00,18.0,월금,0,1,4,4+7,2+1
4017,6.224,MR,YCA1006-02-00,UIC1561-01-00 UIC1551-01-00 UIC2151-06-00 UIC1805-02-00,ECO1101-06-00 YCI1901-01-00,18.0,월금,0,1,4,4+7,2+1
4018,6.22,Lang,YCA1006-02-00,QRM1001-01-00 UIC1561-01-00 UIC1551-01-00 UIC2151-12-00,UCB1105-02-00 BIZ1101-09-00,18.0,월금,1,0,1,6,3+1
4019,6.215,WCiv,YCA1006-01-00,QRM1001-01-00 UIC1551-01-00 UIC2151-13-00 UIC1806-01-00,YCE1253-01-00 STA1002-04-00,18.0,월금,1,1,2,5,2+2+1
4020,6.215,WCiv,YCA1006-01-00,QRM1001-01-00 UIC1551-01-00 UIC2151-13-00 UIC1805-01-00,YCE1253-01-00 STA1002-04-00,18.0,월금,1,1,2,5,2+2+1
4021,6.215,WCiv,YCA1006-01-00,QRM1001-01-00 UIC1551-01-00 UIC2151-13-00 UIC1806-01-00,YCE1253-01-00 STA1002-04-00,18.0,월금,1,1,2,5,2+2+1
4022,6.215,WCiv,YCA1006-01-00,QRM1001-01-00 UIC1551-01-00 UIC2151-13-00 UIC1805-01-00,YCE1253-01-00 STA1002-04-00,18.0,월금,1,1,2,5,2+2+1
4023,6.21,Lang,-,QRM1001-01-00 UIC1561-01-00 UIC1551-01-00 UIC2151-12-00,YCI1901-01-00 YCK1998-03-00,18.0,월금,1,0,2,,3+1
4024,6.21,Lang,YCA1006-02-00,QRM1001-01-00 UIC1561-01-00 UIC1551-04-00 UIC2151-12-00,YCE1253-01-00 STA2102-05-00,18.0,월금,1,0,1,4+4,1+1+2
4025,6.2,SciRD,YCA1006-01-00,QRM1001-01-00 UIC1561-01-00 UIC1551-04-00 UIC1806-01-00,YCE1253-01-00 YCH1605-01-00,18.0,월수금,1,1,1,6,1+1
4026,6.2,SciRD,YCA1006-01-00,QRM1001-01-00 UIC1561-01-00 UIC1551-04-00 UIC1805-01-00,YCE1253-01-00 YCH1605-01-00,18.0,월수금,1,1,1,6,1+1
4027,6.2,SciRD,YCA1006-01-00,QRM1001-01-00 UIC1561-01-00 UIC1551-04-00 UIC1805-01-00,YCK1998-03-00 CTM1002-02-00,18.0,월금,1,1,1,6,1+1
4028,6.2,SciRD,YCA1006-01-00,QRM1001-01-00 UIC1561-01-00 UIC1551-04-00 UIC1806-01-00,YCK1998-03-00 CTM1002-02-00,18.0,월금,1,1,1,6,1+1
4029,6.2,SciRD,YCA1006-01-00,QRM1001-01-00 UIC1561-01-00 UIC1551-04-00 UIC1805-01-00,YCE1253-01-00 YCH1605-01-00,18.0,월수금,1,1,1,6,1+1
4030,6.2,SciRD,YCA1006-01-00,QRM1001-01-00 UIC1561-01-00 UIC1551-04-00 UIC1805-01-00,YCK1998-03-00 CTM1002-02-00,18.0,월금,1,1,1,6,1+1
4031,6.2,SciRD,YCA1006-01-00,QRM1001-01-00 UIC1561-01-00 UIC1551-04-00 UIC1806-01-00,YCK1998-03-00 CTM1002-02-00,18.0,월금,1,1,1,6,1+1
4032,6.2,SciRD,YCA1006-01-00,QRM1001-01-00 UIC1561-01-00 UIC1551-04-00 UIC1806-01-00,YCE1253-01-00 YCH1605-01-00,18.0,월수금,1,1,1,6,1+1
4033,6.19,MR,YCA1006-02-00,UIC1561-01-00 ASP2022-01-00 UIC2151-08-00 UIC1806-01-00,UCD1101-01-00 YCK1998-03-00,18.0,월금,1,0,1,4,1+1+2
4034,6.19,MR,YCA1006-02-00,UIC1561-01-00 ASP2022-01-00 UIC2151-12-00 UIC1805-02-00,UCD1101-01-00 YCK1998-03-00,18.0,월금,1,0,1,4,1+3+2
4035,6.19,MR,YCA1006-02-00,UIC1561-01-00 ASP2022-01-00 UIC2151-12-00 UIC1806-02-00,FNS1001-01-00 BIZ1101-09-00,18.0,월금,2,0,0,,2+1+1
4036,6.19,MR,YCA1006-01-00,UIC1561-01-00 UIC1251-02-00 UIC2151-14-00 UIC1806-01-00,YCK1998-03-00 BIZ1101-09-00,18.0,월금,1,0,1,4,1+2+1
4037,6.19,MR,YCA1006-02-00,UIC1561-01-00 ASP2022-01-00 UIC2151-12-00 UIC1805-02-00,UCD1101-01-00 YCK1998-03-00,18.0,월금,1,0,1,4,1+3+2
4038,6.19,MR,YCA1006-02-00,UIC1561-01-00 ASP2022-01-00 UIC2151-05-00 UIC1805-02-00,UCD1101-01-00 YCK1998-03-00,18.0,월금,1,0,1,4,1+1+2
4039,6.19,MR,YCA1006-02-00,UIC1561-01-00 ASP2022-01-00 UIC2151-05-00 UIC1805-02-00,UCD1101-01-00 YCK1998-03-00,18.0,월금,1,0,1,4,1+1+2
4040,6.19,MR,YCA1006-02-00,UIC1561-01-00 UIC1251-02-00 UIC2151-14-00 UIC1805-01-00,YCK1998-03-00 BIZ1101-09-00,18.0,월금,1,0,1,4,1+2+1
4041,6.19,MR,YCA1006-02-00,UIC1561-01-00 ASP2022-01-00 UIC2151-09-00 UIC1805-01-00,UCD1101-01-00 YCK1998-03-00,18.0,월금,1,0,1,4,1+1+2
4042,6.19,MR,YCA1006-01-00,UIC1561-01-00 UIC1551-04-00 UIC2151-12-00 UIC1805-02-00,ECO1002-05-00 BIZ1101-09-00,18.0,월금,1,0,1,4,2+1+1
4043,6.19,MR,YCA1006-02-00,UIC1561-01-00 ASP2022-01-00 UIC2151-08-00 UIC1805-01-00,UCD1101-01-00 YCK1998-03-00,18.0,월금,1,0,1,4,1+1+2
4044,6.19,MR,YCA1006-02-00,UIC1561-01-00 UIC1501-04-00 UIC2151-14-00 UIC1806-02-00,YCK1998-03-00 BIZ1101-09-00,18.0,월금,1,0,1,4,1+2+1
4045,6.19,MR,YCA1006-02-00,UIC1561-01-00 ASP2022-01-00 UIC2151-09-00 UIC1805-01-00,UCD1101-01-00 YCK1998-03-00,18.0,월금,1,0,1,4,1+1+2
4046,6.19,MR,YCA1006-01-00,UIC1561-01-00 UIC1251-02-00 UIC2151-14-00 UIC1806-01-00,YCK1998-03-00 BIZ1101-09-00,18.0,월금,1,0,1,4,1+2+1
4047,6.19,MR,YCA1006-02-00,UIC1561-01-00 UIC1501-04-00 UIC2151-14-00 UIC1806-02-00,YCK1998-03-00 BIZ1101-09-00,18.0,월금,1,0,1,4,1+2+1
4048,6.19,MR,YCA1006-01-00,UIC1561-01-00 UIC1551-04-00 UIC2151-12-00 UIC1805-02-00,ECO1002-05-00 BIZ1101-09-00,18.0,월금,1,0,1,4,2+1+1
4049,6.19,MR,YCA1006-01-00,UIC1561-01-00 UIC1501-04-00 UIC2151-14-00 UIC1806-02-00,YCK1998-03-00 BIZ1101-09-00,18.0,월금,1,0,1,4,1+2+1
4050,6.19,MR,YCA1006-02-00,UIC1561-01-00 UIC1251-02-00 UIC2151-14-00 UIC1806-01-00,YCK1998-03-00 BIZ1101-09-00,18.0,월금,1,0,1,4,1+2+1
4051,6.19,MR,YCA1006-01-00,UIC1561-01-00 UIC1251-02-00 UIC2151-14-00 UIC1805-01-00,YCK1998-03-00 BIZ1101-09-00,18.0,월금,1,0,1,4,1+2+1
4052,6.19,MR,YCA1006-02-00,UIC1561-01-00 ASP2022-01-00 UIC2151-12-00 UIC1806-02-00,FNS1001-01-00 BIZ1101-09-00,18.0,월금,2,0,0,,2+1+1
4053,6.19,MR,YCA1006-01-00,UIC1561-01-00 UIC1251-02-00 UIC2151-14-00 UIC1805-01-00,YCK1998-03-00 BIZ1101-09-00,18.0,월금,1,0,1,4,1+2+1
4054,6.19,MR,YCA1006-02-00,UIC1561-01-00 ASP2022-01-00 UIC2151-08-00 UIC1806-01-00,UCD1101-01-00 YCK1998-03-00,18.0,월금,1,0,1,4,1+1+2
4055,6.19,MR,YCA1006-02-00,UIC1561-01-00 ASP2022-01-00 UIC2151-09-00 UIC1806-01-00,UCD1101-01-00 YCK1998-03-00,18.0,월금,1,0,1,4,1+1+2
4056,6.19,MR,YCA1006-02-00,UIC1561-01-00 ASP2022-01-00 UIC2151-08-00 UIC1805-01-00,UCD1101-01-00 YCK1998-03-00,18.0,월금,1,0,1,4,1+1+2
4057,6.19,MR,YCA1006-02-00,UIC1561-01-00 ASP2022-01-00 UIC2151-09-00 UIC1806-01-00,UCD1101-01-00 YCK1998-03-00,18.0,월금,1,0,1,4,1+1+2
4058,6.19,MR,YCA1006-01-00,UIC1561-01-00 UIC1501-04-00 UIC2151-14-00 UIC1806-02-00,YCK1998-03-00 BIZ1101-09-00,18.0,월금,1,0,1,4,1+2+1
4059,6.19,MR,YCA1006-02-00,UIC1561-01-00 UIC1251-02-00 UIC2151-14-00 UIC1806-01-00,YCK1998-03-00 BIZ1101-09-00,18.0,월금,1,0,1,4,1+2+1
4060,6.19,MR,YCA1006-02-00,UIC1561-01-00 UIC1251-02-00 UIC2151-14-00 UIC1805-01-00,YCK1998-03-00 BIZ1101-09-00,18.0,월금,1,0,1,4,1+2+1
4061,6.19,WCiv,YCA1006-01-00,QRM1001-01-00 UIC1551-04-00 UIC2151-12-00 UIC1806-01-00,YCE1253-01-00 YCH1605-01-00,18.0,월금,2,1,1,6,1+1
4062,6.19,WCiv,YCA1006-01-00,QRM1001-01-00 UIC1551-04-00 UIC2151-12-00 UIC1806-01-00,YCE1253-01-00 YCH1605-01-00,18.0,월금,2,1,1,6,1+1
4063,6.19,WCiv,YCA1006-01-00,QRM1001-01-00 UIC1551-04-00 UIC2151-12-00 UIC1805-01-00,YCE1253-01-00 YCH1605-01-00,18.0,월금,2,1,1,6,1+1
4064,6.19,WCiv,YCA1006-01-00,QRM1001-01-00 UIC1551-04-00 UIC2151-12-00 UIC1805-01-00,YCE1253-01-00 YCH1605-01-00,18.0,월금,2,1,1,6,1+1
4065,6.17,Lang,YCA1006-02-00,QRM1001-01-00 UIC1561-01-00 UIC1551-01-00 UIC2151-12-00,YCG1804-01-00 YCK1998-03-00,18.0,월금,1,0,1,,3+3+1+1
4066,6.169,MR,YCA1006-01-00,UIC1561-01-00 UIC1551-04-00 UIC2151-06-00 UIC1805-01-00,YCE1253-01-00 YCH1202-01-00,18.0,월수금,1,0,2,6,1+1+1
4067,6.169,MR,YCA1006-01-00,UIC1561-01-00 UIC1251-02-00 UIC2151-14-00 UIC1805-01-00,YCE1253-01-00 YCH1202-01-00,18.0,월수금,1,0,2,6,1+1+1
4068,6.169,MR,YCA1006-01-00,UIC1561-01-00 UIC1551-04-00 UIC2151-06-00 UIC1805-01-00,YCE1253-01-00 YCH1202-01-00,18.0,월수금,1,0,2,6,1+1+1
4069,6.169,MR,YCA1006-01-00,UIC1561-01-00 UIC1251-02-00 UIC2151-14-00 UIC1805-01-00,YCE1253-01-00 YCH1202-01-00,18.0,월수금,1,0,2,6,1+1+1
4070,6.169,MR,YCA1006-01-00,UIC1561-01-00 UIC1501-04-00 UIC2151-14-00 UIC1806-02-00,YCE1253-01-00 YCH1202-01-00,18.0,월수금,1,0,2,6,1+1+1
4071,6.169,MR,YCA1006-01-00,UIC1561-01-00 UIC1551-04-00 UIC2151-05-00 UIC1806-02-00,YCE1253-01-00 YCH1202-01-00,18.0,월수금,1,0,2,6,1+1+1
4072,6.169,MR,YCA1006-01-00,UIC1561-01-00 UIC1551-04-00 UIC2151-07-00 UIC1806-01-00,YCE1253-01-00 YCH1202-01-00,18.0,월수금,1,0,2,6,1+1+1
4073,6.169,MR,YCA1006-01-00,UIC1561-01-00 UIC1551-04-00 UIC2151-06-00 UIC1806-01-00,YCE1253-01-00 YCH1202-01-00,18.0,월수금,1,0,2,6,1+1+1
4074,6.169,MR,YCA1006-01-00,UIC1561-01-00 UIC1251-02-00 UIC2151-14-00 UIC1806-01-00,YCE1253-01-00 YCH1202-01-00,18.0,월수금,1,0,2,6,1+1+1
4075,6.169,MR,YCA1006-01-00,UIC1561-01-00 UIC1551-04-00 UIC2151-07-00 UIC1805-01-00,YCE1253-01-00 YCH1202-01-00,18.0,월수금,1,0,2,6,1+1+1
4076,6.169,MR,YCA1006-01-00,UIC1561-01-00 UIC1551-04-00 UIC2151-07-00 UIC1805-01-00,YCE1253-01-00 YCH1202-01-00,18.0,월수금,1,0,2,6,1+1+1
4077,6.169,MR,YCA1006-01-00,UIC1561-01-00 UIC1551-04-00 UIC2151-07-00 UIC1806-01-00,YCE1253-01-00 YCH1202-01-00,18.0,월수금,1,0,2,6,1+1+1
4078,6.169,MR,YCA1006-01-00,UIC1561-01-00 UIC1551-04-00 UIC2151-06-00 UIC1806-01-00,YCE1253-01-00 YCH1202-01-00,18.0,월수금,1,0,2,6,1+1+1
4079,6.169,MR,YCA1006-01-00,UIC1561-01-00 UIC1501-04-00 UIC2151-14-00 UIC1806-02-00,YCE1253-01-00 YCH1202-01-00,18.0,월수금,1,0,2,6,1+1+1
4080,6.169,MR,YCA1006-01-00,UIC1561-01-00 UIC1251-02-00 UIC2151-14-00 UIC1806-01-00,YCE1253-01-00 YCH1202-01-00,18.0,월수금,1,0,2,6,1+1+1
4081,6.169,MR,YCA1006-01-00,UIC1561-01-00 UIC1551-04-00 UIC2151-05-00 UIC1806-02-00,YCE1253-01-00 YCH1202-01-00,18.0,월수금,1,0,2,6,1+1+1
4082,6.169,MR,YCA1006-01-00,UIC1561-01-00 UIC1551-04-00 UIC2151-08-00 UIC1806-02-00,YCH1202-01-00 CTM1001-02-00,18.0,월금,0,1,2,7,1+1+1
4083,6.169,MR,YCA1006-01-00,UIC1561-01-00 UIC1551-04-00 UIC2151-06-00 UIC1805-02-00,YCH1202-01-00 CTM1001-02-00,18.0,월금,0,1,2,7,1+1+1
4084,6.169,MR,YCA1006-01-00,UIC1561-01-00 UIC1551-04-00 UIC2151-06-00 UIC1805-02-00,YCH1202-01-00 CTM1001-02-00,18.0,월금,0,1,2,7,1+1+1
4085,6.169,MR,YCA1006-01-00,UIC1561-01-00 UIC1551-04-00 UIC2151-09-00 UIC1806-02-00,YCH1202-01-00 CTM1001-02-00,18.0,월금,0,1,2,7,1+1+1
4086,6.169,MR,YCA1006-01-00,UIC1561-01-00 UIC1551-04-00 UIC2151-09-00 UIC1806-02-00,YCH1202-01-00 CTM1001-02-00,18.0,월금,0,1,2,7,1+1+1
4087,6.169,MR,YCA1006-01-00,UIC1561-01-00 UIC1551-04-00 UIC2151-07-00 UIC1805-02-00,YCH1202-01-00 CTM1001-02-00,18.0,월금,0,1,2,7,1+1+1
4088,6.169,MR,YCA1006-01-00,UIC1561-01-00 UIC1551-04-00 UIC2151-07-00 UIC1805-02-00,YCH1202-01-00 CTM1001-02-00,18.0,월금,0,1,2,7,1+1+1
4089,6.169,MR,YCA1006-01-00,UIC1561-01-00 UIC1551-04-00 UIC2151-08-00 UIC1806-02-00,YCH1202-01-00 CTM1001-02-00,18.0,월금,0,1,2,7,1+1+1
4090,6.157,MR,YCA1006-01-00,UIC1561-01-00 UIC1551-04-00 UIC2151-06-00 UIC1805-02-00,YCG1853-01-00 UCD1101-01-00,18.0,월수금,0,0,3,6,1+1
4091,6.157,MR,YCA1006-01-00,UIC1561-01-00 UIC1551-04-00 UIC2151-08-00 UIC1806-02-00,YCG1853-01-00 UCD1101-01-00,18.0,월수금,0,0,3,6,1+1
4092,6.157,MR,YCA1006-01-00,UIC1561-01-00 UIC1551-01-00 UIC2151-08-00 UIC1806-02-00,YCG1853-01-00 YCI1901-01-00,18.0,월수금,0,0,3,6,1+1
4093,6.157,MR,YCA1006-01-00,UIC1561-01-00 UIC1551-04-00 UIC2151-07-00 UIC1805-02-00,YCG1853-01-00 UCD1101-01-00,18.0,월수금,0,0,3,6,1+1
4094,6.157,MR,YCA1006-01-00,UIC1561-01-00 UIC1551-04-00 UIC2151-09-00 UIC1806-02-00,YCG1853-01-00 UCD1101-01-00,18.0,월수금,0,0,3,6,1+1
4095,6.157,MR,YCA1006-01-00,UIC1561-01-00 UIC1551-01-00 UIC2151-07-00 UIC1805-02-00,YCG1853-01-00 YCI1901-01-00,18.0,월수금,0,0,3,6,1+1
4096,6.157,MR,YCA1006-01-00,UIC1561-01-00 UIC1551-01-00 UIC2151-09-00 UIC1806-02-00,YCG1853-01-00 YCI1901-01-00,18.0,월수금,0,0,3,6,1+1
4097,6.157,MR,YCA1006-01-00,UIC1561-01-00 UIC1551-04-00 UIC2151-07-00 UIC1805-02-00,YCG1853-01-00 UCD1101-01-00,18.0,월수금,0,0,3,6,1+1
4098,6.157,MR,YCA1006-01-00,UIC1561-01-00 UIC1551-01-00 UIC2151-08-00 UIC1806-02-00,YCG1853-01-00 YCI1901-01-00,18.0,월수금,0,0,3,6,1+1
4099,6.157,MR,YCA1006-01-00,UIC1561-01-00 UIC1551-04-00 UIC2151-08-00 UIC1806-02-00,YCG1853-01-00 UCD1101-01-00,18.0,월수금,0,0,3,6,1+1
4100,6.157,MR,YCA1006-01-00,UIC1561-01-00 UIC1551-01-00 UIC2151-06-00 UIC1805-02-00,YCG1853-01-00 YCI1901-01-00,18.0,월수금,0,0,3,6,1+1
4101,6.157,MR,YCA1006-01-00,UIC1561-01-00 UIC1551-01-00 UIC2151-06-00 UIC1805-02-00,YCG1853-01-00 YCI1901-01-00,18.0,월수금,0,0,3,6,1+1
4102,6.157,MR,YCA1006-01-00,UIC1561-01-00 UIC1551-01-00 UIC2151-07-00 UIC1805-02-00,YCG1853-01-00 YCI1901-01-00,18.0,월수금,0,0,3,6,1+1
4103,6.157,MR,YCA1006-01-00,UIC1561-01-00 UIC1551-04-00 UIC2151-06-00 UIC1805-02-00,YCG1853-01-00 UCD1101-01-00,18.0,월수금,0,0,3,6,1+1
4104,6.157,MR,YCA1006-01-00,UIC1561-01-00 UIC1551-04-00 UIC2151-09-00 UIC1806-02-00,YCG1853-01-00 UCD1101-01-00,18.0,월수금,0,0,3,6,1+1
4105,6.157,MR,YCA1006-01-00,UIC1561-01-00 UIC1551-01-00 UIC2151-09-00 UIC1806-02-00,YCG1853-01-00 YCI1901-01-00,18.0,월수금,0,0,3,6,1+1
4106,6.157,MR,YCA1006-01-00,UIC1561-01-00 UIC1401-02-00 UIC2151-14-00 UIC1806-02-00,YCG1853-01-00 UCD1101-01-00,18.0,월수금,0,0,3,6,1+1
4107,6.157,MR,YCA1006-01-00,UIC1561-01-00 UIC1251-02-00 UIC2151-14-00 UIC1805-02-00,YCG1853-01-00 UCD1101-01-00,18.0,월수금,0,0,3,6,1+1
4108,6.157,MR,YCA1006-01-00,UIC1561-01-00 UIC1401-02-00 UIC2151-14-00 UIC1806-02-00,YCG1853-01-00 UCD1101-01-00,18.0,월수금,0,0,3,6,1+1
4109,6.157,MR,YCA1006-01-00,UIC1561-01-00 UIC1251-02-00 UIC2151-14-00 UIC1805-02-00,YCG1853-01-00 UCD1101-01-00,18.0,월수금,0,0,3,6,1+1
4110,6.155,MR,YCA1006-02-00,UIC1561-01-00 UIC1551-04-00 UIC2151-12-00 UIC1805-02-00,UCD1101-01-00 STA2102-04-00,18.0,월금,1,0,2,6,1+1+3
4111,6.155,MR,YCA1006-02-00,UIC1561-01-00 UIC1551-04-00 UIC2151-12-00 UIC1805-02-00,UCD1101-01-00 STA2102-04-00,18.0,월금,1,0,2,6,1+1+3
4112,6.139,MR,YCA1006-02-00,UIC1561-01-00 ASP2022-01-00 UIC2151-12-00 UIC1806-02-00,ECO1101-06-00 STA2102-05-00,18.0,월금,1,0,2,6,2+2+2
4113,6.139,MR,YCA1006-02-00,UIC1561-01-00 ASP2022-01-00 UIC2151-12-00 UIC1806-02-00,ECO1101-06-00 STA2102-05-00,18.0,월금,1,0,2,6,2+2+2
4114,6.119,Lang,YCA1006-02-00,QRM1001-01-00 UIC1561-01-00 UIC1551-01-00 UIC2151-12-00,ECO1101-06-00 STA2102-05-00,18.0,월금,1,0,3,6,3+2+2+1
4115,6.115,MR,YCA1006-02-00,UIC1561-01-00 UIC1551-04-00 UIC2151-09-00 UIC1806-02-00,UCD1101-01-00 BIZ1101-09-00,18.0,월금,0,1,2,4+6,1
4116,6.115,MR,YCA1006-02-00,UIC1561-01-00 UIC1551-04-00 UIC2151-09-00 UIC1806-02-00,UCD1101-01-00 BIZ1101-09-00,18.0,월금,0,1,2,4+6,1
4117,6.115,MR,YCA1006-02-00,UIC1561-01-00 UIC1551-04-00 UIC2151-08-00 UIC1806-02-00,UCD1101-01-00 BIZ1101-09-00,18.0,월금,0,1,2,4+6,1
4118,6.115,MR,YCA1006-01-00,UIC1561-01-00 UIC1401-02-00 UIC2151-14-00 UIC1806-01-00,YCH1605-01-00 BIZ1101-09-00,18.0,월금,1,0,1,6,1
4119,6.115,MR,YCA1006-01-00,UIC1561-01-00 UIC1501-04-00 UIC2151-14-00 UIC1805-02-00,YCH1605-01-00 BIZ1101-09-00,18.0,월금,1,0,1,6,1
4120,6.115,MR,YCA1006-01-00,UIC1561-01-00 UIC1401-02-00 UIC2151-14-00 UIC1805-01-00,YCH1605-01-00 BIZ1101-09-00,18.0,월금,1,0,1,6,1
4121,6.115,MR,YCA1006-01-00,UIC1561-01-00 UIC1401-02-00 UIC2151-14-00 UIC1806-01-00,YCH1605-01-00 BIZ1101-09-00,18.0,월금,1,0,1,6,1
4122,6.115,MR,YCA1006-02-00,UIC1561-01-00 UIC1551-04-00 UIC2151-06-00 UIC1805-02-00,UCD1101-01-00 BIZ1101-09-00,18.0,월금,0,1,2,4+6,1
4123,6.115,MR,YCA1006-02-00,UIC1561-01-00 UIC1551-04-00 UIC2151-07-00 UIC1805-02-00,UCD1101-01-00 BIZ1101-09-00,18.0,월금,0,1,2,4+6,1
4124,6.115,MR,YCA1006-02-00,UIC1561-01-00 UIC1551-04-00 UIC2151-08-00 UIC1806-02-00,UCD1101-01-00 BIZ1101-09-00,18.0,월금,0,1,2,4+6,1
4125,6.115,MR,YCA1006-02-00,UIC1561-01-00 UIC1551-04-00 UIC2151-06-00 UIC1805-02-00,UCD1101-01-00 BIZ1101-09-00,18.0,월금,0,1,2,4+6,1
4126,6.115,MR,YCA1006-01-00,UIC1561-01-00 UIC1401-02-00 UIC2151-14-00 UIC1805-01-00,YCH1605-01-00 BIZ1101-09-00,18.0,월금,1,0,1,6,1
4127,6.115,MR,YCA1006-01-00,UIC1561-01-00 UIC1501-04-00 UIC2151-14-00 UIC1805-02-00,YCH1605-01-00 BIZ1101-09-00,18.0,월금,1,0,1,6,1
4128,6.115,MR,YCA1006-02-00,UIC1561-01-00 UIC1551-04-00 UIC2151-07-00 UIC1805-02-00,UCD1101-01-00 BIZ1101-09-00,18.0,월금,0,1,2,4+6,1
4129,6.1,SciRD,YCA1006-02-00,QRM1001-01-00 UIC1561-01-00 UIC1551-01-00 UIC1806-01-00,YCH1605-01-00 YCK1998-03-00,18.0,월금,1,1,1,5,1+2+1
4130,6.1,SciRD,YCA1006-01-00,QRM1001-01-00 UIC1561-01-00 UIC1551-01-00 UIC1805-01-00,YCH1605-01-00 YCK1998-03-00,18.0,월금,1,1,1,5,1+2+1
4131,6.1,SciRD,YCA1006-01-00,QRM1001-01-00 UIC1561-01-00 UIC1551-01-00 UIC1806-01-00,YCH1605-01-00 YCK1998-03-00,18.0,월금,1,1,1,5,1+2+1
4132,6.1,SciRD,YCA1006-01-00,QRM1001-01-00 UIC1561-01-00 UIC1551-01-00 UIC1805-01-00,YCH1605-01-00 YCK1998-03-00,18.0,월금,1,1,1,5,1+2+1
4133,6.1,SciRD,YCA1006-02-00,QRM1001-01-00 UIC1561-01-00 UIC1551-01-00 UIC1806-01-00,YCH1605-01-00 YCK1998-03-00,18.0,월금,1,1,1,5,1+2+1
4134,6.1,SciRD,YCA1006-01-00,QRM1001-01-00 UIC1561-01-00 UIC1551-01-00 UIC1806-01-00,YCH1605-01-00 YCK1998-03-00,18.0,월금,1,1,1,5,1+2+1
4135,6.1,SciRD,YCA1006-02-00,QRM1001-01-00 UIC1561-01-00 UIC1551-01-00 UIC1805-01-00,YCH1605-01-00 YCK1998-03-00,18.0,월금,1,1,1,5,1+2+1
4136,6.1,SciRD,YCA1006-02-00,QRM1001-01-00 UIC1561-01-00 UIC1551-01-00 UIC1805-01-00,YCH1605-01-00 YCK1998-03-00,18.0,월금,1,1,1,5,1+2+1
4137,6.099,MR,YCA1006-01-00,UIC1561-01-00 UIC1401-02-00 UIC2151-14-00 UIC1806-02-00,YCH1202-01-00 ANT2105-01-00,18.0,월금,0,0,3,6+4,1+1
4138,6.099,MR,YCA1006-01-00,UIC1561-01-00 UIC1251-02-00 UIC2151-14-00 UIC1805-02-00,YCH1202-01-00 ANT2105-01-00,18.0,월금,0,0,3,6+4,1+1
4139,6.099,MR,YCA1006-01-00,UIC1561-01-00 UIC1251-02-00 UIC2151-14-00 UIC1805-02-00,YCH1202-01-00 ANT2105-01-00,18.0,월금,0,0,3,6+4,1+1
4140,6.099,MR,YCA1006-01-00,UIC1561-01-00 UIC1401-02-00 UIC2151-14-00 UIC1806-02-00,YCH1202-01-00 ANT2105-01-00,18.0,월금,0,0,3,6+4,1+1
4141,6.09,-,YCA1006-01-00,QRM1001-01-00 UIC1561-01-00 UIC1551-01-00 UIC2151-12-00 UIC1806-01-00,YCE1253-01-00,18.0,월금,2,1,1,5,2+3+1
4142,6.09,-,YCA1006-01-00,QRM1001-01-00 UIC1561-01-00 UIC1551-01-00 UIC2151-12-00 UIC1805-01-00,YCE1253-01-00,18.0,월금,2,1,1,5,2+3+1
4143,6.09,-,YCA1006-01-00,QRM1001-01-00 UIC1561-01-00 UIC1551-01-00 UIC2151-12-00 UIC1805-01-00,YCE1253-01-00,18.0,월금,2,1,1,5,2+3+1
4144,6.09,-,YCA1006-01-00,QRM1001-01-00 UIC1561-01-00 UIC1551-01-00 UIC2151-12-00 UIC1806-01-00,YCE1253-01-00,18.0,월금,2,1,1,5,2+3+1
4145,6.09,WCiv,YCA1006-01-00,QRM1001-01-00 UIC1551-01-00 UIC2151-13-00 UIC1806-01-00,YCE1253-01-00 YCG1804-01-00,18.0,월금,1,1,2,5,2+1+1
4146,6.09,WCiv,YCA1006-01-00,QRM1001-01-00 UIC1551-01-00 UIC2151-13-00 UIC1805-01-00,YCE1253-01-00 YCG1804-01-00,18.0,월금,1,1,2,5,2+1+1
4147,6.09,WCiv,YCA1006-01-00,QRM1001-01-00 UIC1551-01-00 UIC2151-13-00 UIC1805-01-00,YCE1253-01-00 YCG1804-01-00,18.0,월금,1,1,2,5,2+1+1
4148,6.09,WCiv,YCA1006-01-00,QRM1001-01-00 UIC1551-01-00 UIC2151-13-00 UIC1806-01-00,YCE1253-01-00 YCG1804-01-00,18.0,월금,1,1,2,5,2+1+1
4149,6.085,Lang,YCA1006-01-00,QRM1001-01-00 UIC1561-01-00 UIC1551-01-00 UIC2151-12-00,YCK1998-03-00 QRM2004-01-00,18.0,월금,1,0,1,4,1+3+1
4150,6.085,Lang,YCA1006-01-00,QRM1001-01-00 UIC1561-01-00 UIC1551-04-00 UIC2151-12-00,YCK1998-03-00 QRM2004-01-00,18.0,월금,1,0,1,4,1+1+3
4151,6.065,MR,YCA1006-02-00,UIC1561-01-00 UIC1551-04-00 UIC2151-08-00 UIC1806-01-00,YCK1998-03-00 STP2004-01-00,18.0,월금,1,0,1,,1+1+1+2+2
4152,6.065,MR,YCA1006-02-00,UIC1561-01-00 UIC1551-04-00 UIC2151-09-00 UIC1806-01-00,YCK1998-03-00 STP2004-01-00,18.0,월금,1,0,1,,1+1+1+2+2
4153,6.065,MR,YCA1006-01-00,UIC1561-01-00 UIC1251-02-00 UIC2151-12-00 UIC1806-01-00,UCB1105-02-00 YCE1253-01-00,18.0,월금,2,0,0,,1+3+1
4154,6.065,MR,YCA1006-01-00,UIC1561-01-00 UIC1501-04-00 UIC2151-12-00 UIC1806-02-00,UCB1105-02-00 YCE1253-01-00,18.0,월금,2,0,0,,1+3+1
4155,6.065,MR,YCA1006-02-00,UIC1561-01-00 UIC1551-01-00 UIC2151-07-00 UIC1806-01-00,YCK1998-03-00 STP2004-01-00,18.0,월금,1,0,1,,1+2+2+1+1
4156,6.065,MR,YCA1006-02-00,UIC1561-01-00 UIC1551-04-00 UIC2151-08-00 UIC1806-01-00,YCK1998-03-00 STP2004-01-00,18.0,월금,1,0,1,,1+1+1+2+2
4157,6.065,MR,YCA1006-01-00,UIC1561-01-00 UIC1501-04-00 UIC2151-12-00 UIC1806-02-00,UCB1105-02-00 YCK1998-03-00,18.0,월금,2,0,0,,1+3+1
4158,6.065,MR,YCA1006-01-00,UIC1561-01-00 UIC1551-01-00 UIC2151-05-00 UIC1806-02-00,YCK1998-03-00 STP2004-01-00,18.0,월금,1,0,1,,1+2+2+1+1
4159,6.065,MR,YCA1006-02-00,UIC1561-01-00 UIC1551-01-00 UIC2151-05-00 UIC1806-02-00,YCK1998-03-00 STP2004-01-00,18.0,월금,1,0,1,,1+2+2+1+1
4160,6.065,MR,YCA1006-02-00,UIC1561-01-00 UIC1551-01-00 UIC2151-06-00 UIC1806-01-00,YCK1998-03-00 STP2004-01-00,18.0,월금,1,0,1,,1+2+2+1+1
4161,6.065,MR,YCA1006-02-00,UIC1561-01-00 UIC1501-04-00 UIC2151-12-00 UIC1805-02-00,YCI1998-02-00 YCK1998-03-00,18.0,월금,2,0,0,,1+1+3
4162,6.065,MR,YCA1006-02-00,UIC1561-01-00 UIC1551-01-00 UIC2151-06-00 UIC1805-01-00,YCK1998-03-00 STP2004-01-00,18.0,월금,1,0,1,,1+2+2+1+1
4163,6.065,MR,YCA1006-02-00,UIC1561-01-00 UIC1551-04-00 UIC2151-09-00 UIC1805-01-00,YCK1998-03-00 STP2004-01-00,18.0,월금,1,0,1,,1+1+1+2+2
4164,6.065,MR,YCA1006-02-00,UIC1561-01-00 UIC1501-04-00 UIC2151-12-00 UIC1806-02-00,UCB1105-02-00 YCK1998-03-00,18.0,월금,2,0,0,,1+3+1
4165,6.065,MR,YCA1006-01-00,UIC1561-01-00 UIC1251-02-00 UIC2151-12-00 UIC1806-01-00,UCB1105-02-00 YCE1253-01-00,18.0,월금,2,0,0,,1+3+1
4166,6.065,MR,YCA1006-01-00,UIC1561-01-00 UIC1551-01-00 UIC2151-07-00 UIC1805-01-00,YCK1998-03-00 STP2004-01-00,18.0,월금,1,0,1,,1+2+2+1+1
4167,6.065,MR,YCA1006-02-00,UIC1561-01-00 UIC1401-02-00 UIC2151-12-00 UIC1805-01-00,YCI1998-02-00 YCK1998-03-00,18.0,월금,2,0,0,,1+1+3
4168,6.065,MR,YCA1006-01-00,UIC1561-01-00 UIC1551-01-00 UIC2151-07-00 UIC1805-01-00,YCK1998-03-00 STP2004-01-00,18.0,월금,1,0,1,,1+2+2+1+1
4169,6.065,MR,YCA1006-02-00,UIC1561-01-00 UIC1551-04-00 UIC2151-12-00 UIC1806-02-00,FNS1001-01-00 BIZ1101-09-00,18.0,월금,2,0,1,,3+1+1
4170,6.065,MR,YCA1006-02-00,UIC1561-01-00 UIC1551-04-00 UIC2151-05-00 UIC1805-02-00,YCK1998-03-00 STP2004-01-00,18.0,월금,1,0,1,,1+1+1+2+2
4171,6.065,MR,YCA1006-01-00,UIC1561-01-00 UIC1551-01-00 UIC2151-06-00 UIC1806-01-00,YCK1998-03-00 STP2004-01-00,18.0,월금,1,0,1,,1+2+2+1+1
4172,6.065,MR,YCA1006-02-00,UIC1561-01-00 UIC1401-02-00 UIC2151-12-00 UIC1806-01-00,YCI1998-02-00 YCK1998-03-00,18.0,월금,2,0,0,,1+1+3
4173,6.065,MR,YCA1006-02-00,UIC1561-01-00 UIC1551-01-00 UIC2151-05-00 UIC1806-02-00,YCK1998-03-00 STP2004-01-00,18.0,월금,1,0,1,,1+2+2+1+1
4174,6.065,MR,YCA1006-01-00,UIC1561-01-00 UIC1551-01-00 UIC2151-06-00 UIC1806-01-00,YCK1998-03-00 STP2004-01-00,18.0,월금,1,0,1,,1+2+2+1+1
4175,6.065,MR,YCA1006-02-00,UIC1561-01-00 UIC1401-02-00 UIC2151-12-00 UIC1805-01-00,YCI1998-02-00 YCK1998-03-00,18.0,월금,2,0,0,,1+1+3
4176,6.065,MR,YCA1006-02-00,UIC1561-01-00 UIC1551-04-00 UIC2151-09-00 UIC1806-01-00,YCK1998-03-00 STP2004-01-00,18.0,월금,1,0,1,,1+1+1+2+2
4177,6.065,MR,YCA1006-01-00,UIC1561-01-00 UIC1251-02-00 UIC2151-12-00 UIC1805-01-00,UCB1105-02-00 YCK1998-03-00,18.0,월금,2,0,0,,1+3+1
4178,6.065,MR,YCA1006-01-00,UIC1561-01-00 UIC1251-02-00 UIC2151-12-00 UIC1806-01-00,UCB1105-02-00 YCK1998-03-00,18.0,월금,2,0,0,,1+3+1
4179,6.065,MR,YCA1006-01-00,UIC1561-01-00 UIC1251-02-00 UIC2151-12-00 UIC1806-01-00,UCB1105-02-00 YCK1998-03-00,18.0,월금,2,0,0,,1+3+1
4180,6.065,MR,YCA1006-01-00,UIC1561-01-00 UIC1551-01-00 UIC2151-07-00 UIC1806-01-00,YCK1998-03-00 STP2004-01-00,18.0,월금,1,0,1,,1+2+2+1+1
4181,6.065,MR,YCA1006-02-00,UIC1561-01-00 UIC1551-04-00 UIC2151-05-00 UIC1805-02-00,YCK1998-03-00 STP2004-01-00,18.0,월금,1,0,1,,1+1+1+2+2
4182,6.065,MR,YCA1006-01-00,UIC1561-01-00 UIC1251-02-00 UIC2151-12-00 UIC1805-01-00,UCB1105-02-00 YCE1253-01-00,18.0,월금,2,0,0,,1+3+1
4183,6.065,MR,YCA1006-01-00,UIC1561-01-00 UIC1551-01-00 UIC2151-05-00 UIC1806-02-00,YCK1998-03-00 STP2004-01-00,18.0,월금,1,0,1,,1+2+2+1+1
4184,6.065,MR,YCA1006-01-00,UIC1561-01-00 UIC1251-02-00 UIC2151-12-00 UIC1805-01-00,UCB1105-02-00 YCK1998-03-00,18.0,월금,2,0,0,,1+3+1
4185,6.065,MR,YCA1006-02-00,UIC1561-01-00 UIC1251-02-00 UIC2151-12-00 UIC1806-01-00,UCB1105-02-00 YCK1998-03-00,18.0,월금,2,0,0,,1+3+1
4186,6.065,MR,YCA1006-02-00,UIC1561-01-00 UIC1551-01-00 UIC2151-07-00 UIC1806-01-00,YCK1998-03-00 STP2004-01-00,18.0,월금,1,0,1,,1+2+2+1+1
4187,6.065,MR,YCA1006-02-00,UIC1561-01-00 UIC1251-02-00 UIC2151-12-00 UIC1806-01-00,UCB1105-02-00 YCK1998-03-00,18.0,월금,2,0,0,,1+3+1
4188,6.065,MR,YCA1006-02-00,UIC1561-01-00 UIC1551-01-00 UIC2151-07-00 UIC1805-01-00,YCK1998-03-00 STP2004-01-00,18.0,월금,1,0,1,,1+2+2+1+1
4189,6.065,MR,YCA1006-02-00,UIC1561-01-00 UIC1551-04-00 UIC2151-12-00 UIC1806-02-00,FNS1001-01-00 BIZ1101-09-00,18.0,월금,2,0,1,,3+1+1
4190,6.065,MR,YCA1006-02-00,UIC1561-01-00 UIC1501-04-00 UIC2151-12-00 UIC1805-02-00,YCI1998-02-00 YCK1998-03-00,18.0,월금,2,0,0,,1+1+3
4191,6.065,MR,YCA1006-01-00,UIC1561-01-00 UIC1551-01-00 UIC2151-07-00 UIC1806-01-00,YCK1998-03-00 STP2004-01-00,18.0,월금,1,0,1,,1+2+2+1+1
4192,6.065,MR,YCA1006-01-00,UIC1561-01-00 UIC1551-01-00 UIC2151-06-00 UIC1805-01-00,YCK1998-03-00 STP2004-01-00,18.0,월금,1,0,1,,1+2+2+1+1
4193,6.065,MR,YCA1006-02-00,UIC1561-01-00 UIC1251-02-00 UIC2151-12-00 UIC1805-01-00,UCB1105-02-00 YCK1998-03-00,18.0,월금,2,0,0,,1+3+1
4194,6.065,MR,YCA1006-01-00,UIC1561-01-00 UIC1501-04-00 UIC2151-12-00 UIC1806-02-00,UCB1105-02-00 YCE1253-01-00,18.0,월금,2,0,0,,1+3+1
4195,6.065,MR,YCA1006-01-00,UIC1561-01-00 UIC1551-01-00 UIC2151-06-00 UIC1805-01-00,YCK1998-03-00 STP2004-01-00,18.0,월금,1,0,1,,1+2+2+1+1
4196,6.065,MR,YCA1006-02-00,UIC1561-01-00 UIC1551-01-00 UIC2151-06-00 UIC1806-01-00,YCK1998-03-00 STP2004-01-00,18.0,월금,1,0,1,,1+2+2+1+1
4197,6.065,MR,YCA1006-02-00,UIC1561-01-00 UIC1551-01-00 UIC2151-07-00 UIC1805-01-00,YCK1998-03-00 STP2004-01-00,18.0,월금,1,0,1,,1+2+2+1+1
4198,6.065,MR,YCA1006-02-00,UIC1561-01-00 UIC1401-02-00 UIC2151-12-00 UIC1806-01-00,YCI1998-02-00 YCK1998-03-00,18.0,월금,2,0,0,,1+1+3
4199,6.065,MR,YCA1006-02-00,UIC1561-01-00 UIC1251-02-00 UIC2151-12-00 UIC1805-01-00,UCB1105-02-00 YCK1998-03-00,18.0,월금,2,0,0,,1+3+1
4200,6.065,MR,YCA1006-02-00,UIC1561-01-00 UIC1501-04-00 UIC2151-12-00 UIC1806-02-00,UCB1105-02-00 YCK1998-03-00,18.0,월금,2,0,0,,1+3+1
4201,6.065,MR,YCA1006-02-00,UIC1561-01-00 UIC1551-04-00 UIC2151-09-00 UIC1805-01-00,YCK1998-03-00 STP2004-01-00,18.0,월금,1,0,1,,1+1+1+2+2
4202,6.065,MR,YCA1006-02-00,UIC1561-01-00 UIC1551-04-00 UIC2151-08-00 UIC1805-01-00,YCK1998-03-00 STP2004-01-00,18.0,월금,1,0,1,,1+1+1+2+2
4203,6.065,MR,YCA1006-02-00,UIC1561-01-00 UIC1551-01-00 UIC2151-06-00 UIC1805-01-00,YCK1998-03-00 STP2004-01-00,18.0,월금,1,0,1,,1+2+2+1+1
4204,6.065,MR,YCA1006-01-00,UIC1561-01-00 UIC1251-02-00 UIC2151-12-00 UIC1805-01-00,UCB1105-02-00 YCE1253-01-00,18.0,월금,2,0,0,,1+3+1
4205,6.065,MR,YCA1006-01-00,UIC1561-01-00 UIC1501-04-00 UIC2151-12-00 UIC1806-02-00,UCB1105-02-00 YCK1998-03-00,18.0,월금,2,0,0,,1+3+1
4206,6.065,MR,YCA1006-02-00,UIC1561-01-00 UIC1551-04-00 UIC2151-08-00 UIC1805-01-00,YCK1998-03-00 STP2004-01-00,18.0,월금,1,0,1,,1+1+1+2+2
4207,6.049,MR,YCA1006-01-00,UIC1561-01-00 UIC1251-02-00 UIC2151-12-00 UIC1805-02-00,YCH1202-01-00 CDM2012-01-00,18.0,월금,1,0,2,,1+1+3+1
4208,6.049,MR,YCA1006-01-00,UIC1561-01-00 UIC1401-02-00 UIC2151-12-00 UIC1806-02-00,YCH1202-01-00 CDM2012-01-00,18.0,월금,1,0,2,,1+1+3+1
4209,6.049,MR,YCA1006-01-00,UIC1561-01-00 UIC1401-02-00 UIC2151-12-00 UIC1806-02-00,YCH1202-01-00 CDM2012-01-00,18.0,월금,1,0,2,,1+1+3+1
4210,6.049,MR,YCA1006-01-00,UIC1561-01-00 UIC1251-02-00 UIC2151-12-00 UIC1805-02-00,YCH1202-01-00 CDM2012-01-00,18.0,월금,1,0,2,,1+1+3+1
4211,6.03,MR,YCA1006-02-00,UIC1561-01-00 UIC1251-02-00 UIC2151-14-00 UIC1805-02-00,YCK1998-03-00 STA2102-05-00,18.0,월금,0,1,1,4+7,
4212,6.03,MR,YCA1006-02-00,UIC1561-01-00 UIC1401-02-00 UIC2151-14-00 UIC1806-02-00,YCK1998-03-00 STA2102-05-00,18.0,월금,0,1,1,4+7,
4213,6.03,MR,YCA1006-02-00,UIC1561-01-00 UIC1251-02-00 UIC2151-14-00 UIC1805-02-00,YCK1998-03-00 STA2102-05-00,18.0,월금,0,1,1,4+7,
4214,6.03,MR,YCA1006-02-00,UIC1561-01-00 UIC1401-02-00 UIC2151-14-00 UIC1806-02-00,YCK1998-03-00 STA2102-05-00,18.0,월금,0,1,1,4+7,
4215,6.029,Lang,YCA1006-01-00,QRM1001-01-00 UIC1561-01-00 UIC1551-01-00 UIC2151-12-00,ECO1101-06-00 YCE1253-01-00,18.0,월금,1,0,3,4,2+3+2+1
4216,6.029,Lang,YCA1006-01-00,QRM1001-01-00 UIC1561-01-00 UIC1551-01-00 UIC2151-12-00,ECO1101-06-00 MAT1011-02-00,18.0,월금,1,0,3,4,2+3+2+1
4217,6.022,MR,YCA1006-02-00,UIC1561-01-00 UIC1551-01-00 UIC2151-12-00 UIC1805-02-00,YCG1853-01-00 STA2102-04-00,18.0,월금,1,0,2,,1+3+1
4218,6.022,MR,YCA1006-02-00,UIC1561-01-00 UIC1551-01-00 UIC2151-12-00 UIC1805-02-00,YCG1853-01-00 STA2102-04-00,18.0,월금,1,0,2,,1+3+1
4219,6.015,MR,YCA1006-01-00,UIC1561-01-00 ASP2022-01-00 UIC2151-08-00 UIC1805-01-00,YCH1605-01-00 UCD1101-01-00,18.0,월수금,1,0,1,5,1+2
4220,6.015,MR,YCA1006-01-00,UIC1561-01-00 ASP2022-01-00 UIC2151-08-00 UIC1805-01-00,YCH1605-01-00 UCD1101-01-00,18.0,월수금,1,0,1,5,1+2
4221,6.015,MR,YCA1006-01-00,UIC1561-01-00 ASP2022-01-00 UIC2151-05-00 UIC1805-02-00,YCH1605-01-00 UCD1101-01-00,18.0,월수금,1,0,1,5,1+2
4222,6.015,MR,YCA1006-02-00,UIC1561-01-00 ASP2022-01-00 UIC2151-12-00 UIC1806-02-00,UCD1101-01-00 YCK1998-03-00,18.0,월금,1,0,1,5,2+3
4223,6.015,MR,YCA1006-01-00,UIC1561-01-00 ASP2022-01-00 UIC2151-09-00 UIC1805-01-00,YCH1605-01-00 UCD1101-01-00,18.0,월수금,1,0,1,5,1+2
4224,6.015,MR,YCA1006-01-00,UIC1561-01-00 ASP2022-01-00 UIC2151-08-00 UIC1806-01-00,YCH1605-01-00 UCD1101-01-00,18.0,월수금,1,0,1,5,1+2
4225,6.015,MR,YCA1006-02-00,UIC1561-01-00 ASP2022-01-00 UIC2151-12-00 UIC1806-02-00,UCD1101-01-00 YCK1998-03-00,18.0,월금,1,0,1,5,2+3
4226,6.015,MR,YCA1006-01-00,UIC1561-01-00 ASP2022-01-00 UIC2151-05-00 UIC1805-02-00,YCH1605-01-00 UCD1101-01-00,18.0,월수금,1,0,1,5,1+2
4227,6.015,MR,YCA1006-01-00,UIC1561-01-00 ASP2022-01-00 UIC2151-09-00 UIC1806-01-00,YCH1605-01-00 UCD1101-01-00,18.0,월수금,1,0,1,5,1+2
4228,6.015,MR,YCA1006-01-00,UIC1561-01-00 ASP2022-01-00 UIC2151-09-00 UIC1806-01-00,YCH1605-01-00 UCD1101-01-00,18.0,월수금,1,0,1,5,1+2
4229,6.015,MR,YCA1006-01-00,UIC1561-01-00 ASP2022-01-00 UIC2151-09-00 UIC1805-01-00,YCH1605-01-00 UCD1101-01-00,18.0,월수금,1,0,1,5,1+2
4230,6.015,MR,YCA1006-01-00,UIC1561-01-00 ASP2022-01-00 UIC2151-08-00 UIC1806-01-00,YCH1605-01-00 UCD1101-01-00,18.0,월수금,1,0,1,5,1+2
4231,6.014,MR,YCA1006-02-00,UIC1561-01-00 UIC1551-04-00 UIC2151-12-00 UIC1806-02-00,ECO1101-06-00 STA2102-05-00,18.0,월금,1,0,3,6,3+2+2
4232,6.014,MR,YCA1006-02-00,UIC1561-01-00 UIC1551-04-00 UIC2151-12-00 UIC1806-02-00,ECO1101-06-00 STA2102-05-00,18.0,월금,1,0,3,6,3+2+2
4233,5.994,MR,YCA1006-01-00,UIC1561-01-00 UIC1401-02-00 UIC2151-12-00 UIC1806-02-00,YCH1202-01-00 STA1002-04-00,18.0,월금,1,0,1,4,2+1+2+1
4234,5.994,MR,YCA1006-02-00,UIC1561-01-00 UIC1401-02-00 UIC2151-12-00 UIC1806-02-00,YCH1202-01-00 BIZ1101-09-00,18.0,월금,1,1,1,4,1+1
4235,5.994,MR,YCA1006-02-00,UIC1561-01-00 UIC1251-02-00 UIC2151-12-00 UIC1805-02-00,YCH1202-01-00 BIZ1101-09-00,18.0,월금,1,1,1,4,1+1
4236,5.994,MR,YCA1006-02-00,UIC1561-01-00 UIC1251-02-00 UIC2151-12-00 UIC1805-02-00,YCH1202-01-00 BIZ1101-09-00,18.0,월금,1,1,1,4,1+1
4237,5.994,MR,YCA1006-02-00,UIC1561-01-00 UIC1401-02-00 UIC2151-12-00 UIC1806-02-00,YCH1202-01-00 BIZ1101-09-00,18.0,월금,1,1,1,4,1+1
4238,5.994,MR,YCA1006-01-00,UIC1561-01-00 UIC1251-02-00 UIC2151-12-00 UIC1805-02-00,YCH1202-01-00 STA1002-04-00,18.0,월금,1,0,1,4,2+1+2+1
4239,5.994,MR,YCA1006-01-00,UIC1561-01-00 UIC1401-02-00 UIC2151-12-00 UIC1806-02-00,YCH1202-01-00 STA1002-04-00,18.0,월금,1,0,1,4,2+1+2+1
4240,5.994,MR,YCA1006-01-00,UIC1561-01-00 UIC1251-02-00 UIC2151-12-00 UIC1805-02-00,YCH1202-01-00 STA1002-04-00,18.0,월금,1,0,1,4,2+1+2+1
4241,5.98,MR,YCA1006-02-00,UIC1561-01-00 UIC1551-01-00 UIC2151-12-00 UIC1806-02-00,ECO1002-04-00 STA2102-05-00,18.0,월금,1,0,1,4,2+2+1+1
4242,5.98,MR,YCA1006-01-00,UIC1561-01-00 UIC1551-01-00 UIC2151-12-00 UIC1806-02-00,YCK1998-03-00 STA2102-05-00,18.0,월금,1,0,1,4,1+2+2+1
4243,5.98,MR,YCA1006-01-00,UIC1561-01-00 UIC1551-04-00 UIC2151-12-00 UIC1805-02-00,YCH1605-01-00 STA2102-05-00,18.0,월금,1,0,1,4,1+1+2+2
4244,5.98,MR,YCA1006-02-00,UIC1561-01-00 UIC1551-04-00 UIC2151-12-00 UIC1805-02-00,ECO1002-04-00 STA2102-05-00,18.0,월금,1,0,1,4,1+1+2+2
4245,5.98,MR,YCA1006-01-00,UIC1561-01-00 UIC1551-01-00 UIC2151-12-00 UIC1806-02-00,ECO1002-06-00 STA2102-05-00,18.0,월금,1,0,1,4,1+2+2+1
4246,5.98,MR,YCA1006-01-00,UIC1561-01-00 UIC1551-01-00 UIC2151-12-00 UIC1806-02-00,YCK1998-03-00 STA2102-05-00,18.0,월금,1,0,1,4,1+2+2+1
4247,5.98,MR,YCA1006-02-00,UIC1561-01-00 UIC1551-01-00 UIC2151-12-00 UIC1806-02-00,ECO1002-04-00 STA2102-05-00,18.0,월금,1,0,1,4,2+2+1+1
4248,5.98,MR,YCA1006-02-00,UIC1561-01-00 UIC1551-04-00 UIC2151-12-00 UIC1805-02-00,ECO1002-04-00 STA2102-05-00,18.0,월금,1,0,1,4,1+1+2+2
4249,5.98,MR,YCA1006-01-00,UIC1561-01-00 UIC1551-01-00 UIC2151-12-00 UIC1806-02-00,ECO1002-06-00 STA2102-05-00,18.0,월금,1,0,1,4,1+2+2+1
4250,5.98,MR,YCA1006-01-00,UIC1561-01-00 UIC1551-04-00 UIC2151-12-00 UIC1805-02-00,YCH1605-01-00 STA2102-05-00,18.0,월금,1,0,1,4,1+1+2+2
4251,5.944,Lang,-,QRM1001-01-00 UIC1561-01-00 ASP2033-01-00 UIC2151-14-00,ECO1101-06-00 YCK1998-03-00,18.0,월금,0,0,3,4,2+1
4252,5.94,MR,YCA1006-02-00,UIC1561-01-00 UIC1251-02-00 UIC2151-14-00 UIC1806-01-00,STA1002-04-00 SED2104-01-00,18.0,월금,1,0,3,,2+1+2+2+1+1+1
4253,5.94,MR,YCA1006-01-00,UIC1561-01-00 UIC1251-02-00 UIC2151-14-00 UIC1806-01-00,STA1002-04-00 SED2104-01-00,18.0,월금,1,0,3,,2+1+2+2+1+1+1
4254,5.94,MR,YCA1006-01-00,UIC1561-01-00 UIC1251-02-00 UIC2151-14-00 UIC1805-01-00,STA1002-04-00 SED2104-01-00,18.0,월금,1,0,3,,2+1+2+2+1+1+1
4255,5.94,MR,YCA1006-02-00,UIC1561-01-00 UIC1251-02-00 UIC2151-14-00 UIC1805-01-00,STA1002-04-00 SED2104-01-00,18.0,월금,1,0,3,,2+1+2+2+1+1+1
4256,5.94,MR,YCA1006-01-00,UIC1561-01-00 UIC1501-04-00 UIC2151-14-00 UIC1806-02-00,STA1002-04-00 SED2104-01-00,18.0,월금,1,0,3,,2+1+2+2+1+1+1
4257,5.94,MR,YCA1006-02-00,UIC1561-01-00 UIC1551-01-00 UIC2151-07-00 UIC1805-02-00,UCB1105-02-00 STA1002-04-00,18.0,월금,0,1,1,5+6,2+2
4258,5.94,MR,YCA1006-02-00,UIC1561-01-00 UIC1551-04-00 UIC2151-08-00 UIC1806-01-00,STA1002-04-00 SED2104-01-00,18.0,월금,1,0,3,,2+1+1+1+2+1+2
4259,5.94,MR,YCA1006-02-00,UIC1561-01-00 UIC1551-04-00 UIC2151-09-00 UIC1806-01-00,STA1002-04-00 SED2104-01-00,18.0,월금,1,0,3,,2+1+1+1+2+1+2
4260,5.94,MR,YCA1006-02-00,UIC1561-01-00 UIC1251-02-00 UIC2151-14-00 UIC1806-01-00,STA1002-04-00 SED2104-01-00,18.0,월금,1,0,3,,2+1+2+2+1+1+1
4261,5.94,MR,YCA1006-01-00,UIC1561-01-00 UIC1551-04-00 UIC2151-12-00 UIC1805-02-00,YCH1605-01-00 SED2104-01-00,18.0,월금,1,0,3,,1+1+3+1+2
4262,5.94,MR,YCA1006-02-00,UIC1561-01-00 UIC1501-04-00 UIC2151-14-00 UIC1806-02-00,STA1002-04-00 SED2104-01-00,18.0,월금,1,0,3,,2+1+2+2+1+1+1
4263,5.94,MR,YCA1006-02-00,UIC1561-01-00 UIC1501-04-00 UIC2151-14-00 UIC1806-02-00,STA1002-04-00 SED2104-01-00,18.0,월금,1,0,3,,2+1+2+2+1+1+1
4264,5.94,MR,YCA1006-02-00,UIC1561-01-00 UIC1551-01-00 UIC2151-06-00 UIC1805-02-00,UCB1105-02-00 STA1002-04-00,18.0,월금,0,1,1,5+6,2+2
4265,5.94,MR,YCA1006-02-00,UIC1561-01-00 UIC1551-04-00 UIC2151-09-00 UIC1805-01-00,STA1002-04-00 SED2104-01-00,18.0,월금,1,0,3,,2+1+1+1+2+1+2
4266,5.94,MR,YCA1006-02-00,UIC1561-01-00 UIC1551-04-00 UIC2151-12-00 UIC1805-02-00,ECO1002-04-00 SED2104-01-00,18.0,월금,1,0,3,,1+1+3+1+2
4267,5.94,MR,YCA1006-01-00,UIC1561-01-00 UIC1551-04-00 UIC2151-12-00 UIC1805-02-00,YCH1605-01-00 SED2104-01-00,18.0,월금,1,0,3,,1+1+3+1+2
4268,5.94,MR,YCA1006-01-00,UIC1561-01-00 UIC1551-01-00 UIC2151-12-00 UIC1806-02-00,ECO1002-04-00 YCI1901-01-00,18.0,월금,1,0,2,,1+2+3+1+1
4269,5.94,MR,YCA1006-02-00,UIC1561-01-00 UIC1551-01-00 UIC2151-06-00 UIC1805-02-00,UCB1105-02-00 STA1002-04-00,18.0,월금,0,1,1,5+6,2+2
4270,5.94,MR,YCA1006-01-00,UIC1561-01-00 UIC1251-02-00 UIC2151-14-00 UIC1806-01-00,STA1002-04-00 SED2104-01-00,18.0,월금,1,0,3,,2+1+2+2+1+1+1
4271,5.94,MR,YCA1006-02-00,UIC1561-01-00 UIC1551-01-00 UIC2151-09-00 UIC1806-02-00,UCB1105-02-00 STA1002-04-00,18.0,월금,0,1,1,5+6,2+2
4272,5.94,MR,YCA1006-02-00,UIC1561-01-00 UIC1551-01-00 UIC2151-08-00 UIC1806-02-00,UCB1105-02-00 STA1002-04-00,18.0,월금,0,1,1,5+6,2+2
4273,5.94,MR,YCA1006-02-00,UIC1561-01-00 UIC1551-04-00 UIC2151-09-00 UIC1805-01-00,STA1002-04-00 SED2104-01-00,18.0,월금,1,0,3,,2+1+1+1+2+1+2
4274,5.94,MR,YCA1006-02-00,UIC1561-01-00 UIC1551-04-00 UIC2151-08-00 UIC1805-01-00,STA1002-04-00 SED2104-01-00,18.0,월금,1,0,3,,2+1+1+1+2+1+2
4275,5.94,MR,YCA1006-02-00,UIC1561-01-00 UIC1251-02-00 UIC2151-14-00 UIC1805-01-00,STA1002-04-00 SED2104-01-00,18.0,월금,1,0,3,,2+1+2+2+1+1+1
4276,5.94,MR,YCA1006-02-00,UIC1561-01-00 UIC1551-01-00 UIC2151-07-00 UIC1805-02-00,UCB1105-02-00 STA1002-04-00,18.0,월금,0,1,1,5+6,2+2
4277,5.94,MR,YCA1006-01-00,UIC1561-01-00 UIC1501-04-00 UIC2151-14-00 UIC1806-02-00,STA1002-04-00 SED2104-01-00,18.0,월금,1,0,3,,2+1+2+2+1+1+1
4278,5.94,MR,YCA1006-01-00,UIC1561-01-00 UIC1251-02-00 UIC2151-14-00 UIC1805-01-00,STA1002-04-00 SED2104-01-00,18.0,월금,1,0,3,,2+1+2+2+1+1+1
4279,5.94,MR,YCA1006-02-00,UIC1561-01-00 UIC1551-04-00 UIC2151-09-00 UIC1806-01-00,STA1002-04-00 SED2104-01-00,18.0,월금,1,0,3,,2+1+1+1+2+1+2
4280,5.94,MR,YCA1006-01-00,UIC1561-01-00 UIC1551-01-00 UIC2151-12-00 UIC1806-02-00,ECO1002-04-00 YCI1901-01-00,18.0,월금,1,0,2,,1+2+3+1+1
4281,5.94,MR,YCA1006-02-00,UIC1561-01-00 UIC1551-04-00 UIC2151-08-00 UIC1806-01-00,STA1002-04-00 SED2104-01-00,18.0,월금,1,0,3,,2+1+1+1+2+1+2
4282,5.94,MR,YCA1006-02-00,UIC1561-01-00 UIC1551-04-00 UIC2151-05-00 UIC1805-02-00,STA1002-04-00 SED2104-01-00,18.0,월금,1,0,3,,2+1+1+1+2+1+2
4283,5.94,MR,YCA1006-02-00,UIC1561-01-00 UIC1551-01-00 UIC2151-08-00 UIC1806-02-00,UCB1105-02-00 STA1002-04-00,18.0,월금,0,1,1,5+6,2+2
4284,5.94,MR,YCA1006-02-00,UIC1561-01-00 UIC1551-01-00 UIC2151-09-00 UIC1806-02-00,UCB1105-02-00 STA1002-04-00,18.0,월금,0,1,1,5+6,2+2
4285,5.94,MR,YCA1006-02-00,UIC1561-01-00 UIC1551-04-00 UIC2151-12-00 UIC1805-02-00,ECO1002-04-00 SED2104-01-00,18.0,월금,1,0,3,,1+1+3+1+2
4286,5.94,MR,YCA1006-02-00,UIC1561-01-00 UIC1551-04-00 UIC2151-05-00 UIC1805-02-00,STA1002-04-00 SED2104-01-00,18.0,월금,1,0,3,,2+1+1+1+2+1+2
4287,5.94,MR,YCA1006-02-00,UIC1561-01-00 UIC1551-04-00 UIC2151-08-00 UIC1805-01-00,STA1002-04-00 SED2104-01-00,18.0,월금,1,0,3,,2+1+1+1+2+1+2
4288,5.94,WCiv,YCA1006-01-00,QRM1001-01-00 UIC1551-04-00 UIC2151-13-00 UIC1806-01-00,YCI1998-02-00 MAT1011-02-00,18.0,월금,1,1,2,4+6,2
4289,5.94,WCiv,YCA1006-01-00,QRM1001-01-00 UIC1551-04-00 UIC2151-13-00 UIC1805-01-00,YCI1998-02-00 MAT1011-02-00,18.0,월금,1,1,2,4+6,2
4290,5.94,WCiv,YCA1006-01-00,QRM1001-01-00 UIC1551-04-00 UIC2151-13-00 UIC1805-01-00,YCI1998-02-00 MAT1011-02-00,18.0,월금,1,1,2,4+6,2
4291,5.94,WCiv,YCA1006-01-00,QRM1001-01-00 UIC1551-04-00 UIC2151-13-00 UIC1806-01-00,YCI1998-02-00 MAT1011-02-00,18.0,월금,1,1,2,4+6,2
4292,5.92,Lang,YCA1006-01-00,QRM1001-01-00 UIC1561-01-00 UIC1551-04-00 UIC2151-12-00,YCH1605-01-00 YCI1998-02-00,18.0,월금,1,0,1,4,1+2+3
4293,5.92,Lang,YCA1006-01-00,QRM1001-01-00 UIC1561-01-00 UIC1551-01-00 UIC2151-12-00,YCH1605-01-00 STA1002-04-00,18.0,월금,1,0,1,4,2+1+2+2+1
4294,5.915,WCiv,YCA1006-01-00,QRM1001-01-00 UIC1551-01-00 UIC2151-13-00 UIC1806-01-00,YCE1253-01-00 YCI1901-01-00,18.0,월금,1,1,3,5+5,2+1
4295,5.915,WCiv,YCA1006-01-00,QRM1001-01-00 UIC1551-01-00 UIC2151-13-00 UIC1806-01-00,YCE1253-01-00 YCI1901-01-00,18.0,월금,1,1,3,5+5,2+1
4296,5.915,WCiv,YCA1006-01-00,QRM1001-01-00 UIC1551-01-00 UIC2151-13-00 UIC1805-01-00,YCE1253-01-00 YCI1901-01-00,18.0,월금,1,1,3,5+5,2+1
4297,5.915,WCiv,YCA1006-01-00,QRM1001-01-00 UIC1551-01-00 UIC2151-13-00 UIC1805-01-00,YCE1253-01-00 YCI1901-01-00,18.0,월금,1,1,3,5+5,2+1
4298,5.91,Lang,YCA1006-02-00,QRM1001-01-00 UIC1561-01-00 UIC1551-01-00 UIC2151-12-00,QRM2004-01-00 BIZ1101-09-00,18.0,월금,1,1,1,5,1+1
4299,5.905,MR,-,UIC1561-01-00 UIC1551-01-00 UIC2151-06-00 UIC1805-02-00,YCI1901-01-00 BIZ1101-09-00,18.0,월금,0,0,2,6,1
4300,5.905,MR,-,UIC1561-01-00 UIC1551-01-00 UIC2151-07-00 UIC1805-02-00,YCI1901-01-00 BIZ1101-09-00,18.0,월금,0,0,2,6,1
4301,5.905,MR,-,UIC1561-01-00 UIC1551-01-00 UIC2151-06-00 UIC1805-02-00,YCI1901-01-00 BIZ1101-09-00,18.0,월금,0,0,2,6,1
4302,5.905,MR,-,UIC1561-01-00 UIC1551-04-00 UIC2151-09-00 UIC1806-02-00,UCD1101-01-00 BIZ1101-09-00,18.0,월금,0,0,2,6,1
4303,5.905,MR,-,UIC1561-01-00 UIC1551-04-00 UIC2151-06-00 UIC1805-02-00,UCD1101-01-00 BIZ1101-09-00,18.0,월금,0,0,2,6,1
4304,5.905,MR,-,UIC1561-01-00 UIC1251-02-00 UIC2151-14-00 UIC1805-02-00,UCD1101-01-00 BIZ1101-09-00,18.0,월금,0,0,2,6,1
4305,5.905,MR,-,UIC1561-01-00 UIC1401-02-00 UIC2151-14-00 UIC1806-02-00,UCD1101-01-00 BIZ1101-09-00,18.0,월금,0,0,2,6,1
4306,5.905,MR,-,UIC1561-01-00 UIC1551-01-00 UIC2151-09-00 UIC1806-02-00,YCI1901-01-00 BIZ1101-09-00,18.0,월금,0,0,2,6,1
4307,5.905,MR,-,UIC1561-01-00 UIC1551-04-00 UIC2151-07-00 UIC1805-02-00,UCD1101-01-00 BIZ1101-09-00,18.0,월금,0,0,2,6,1
4308,5.905,MR,-,UIC1561-01-00 UIC1251-02-00 UIC2151-14-00 UIC1805-02-00,UCD1101-01-00 BIZ1101-09-00,18.0,월금,0,0,2,6,1
4309,5.905,MR,-,UIC1561-01-00 UIC1551-04-00 UIC2151-06-00 UIC1805-02-00,UCD1101-01-00 BIZ1101-09-00,18.0,월금,0,0,2,6,1
4310,5.905,MR,-,UIC1561-01-00 UIC1551-04-00 UIC2151-08-00 UIC1806-02-00,UCD1101-01-00 BIZ1101-09-00,18.0,월금,0,0,2,6,1
4311,5.905,MR,-,UIC1561-01-00 UIC1551-04-00 UIC2151-09-00 UIC1806-02-00,UCD1101-01-00 BIZ1101-09-00,18.0,월금,0,0,2,6,1
4312,5.905,MR,-,UIC1561-01-00 UIC1401-02-00 UIC2151-14-00 UIC1806-02-00,UCD1101-01-00 BIZ1101-09-00,18.0,월금,0,0,2,6,1
4313,5.905,MR,-,UIC1561-01-00 UIC1551-01-00 UIC2151-09-00 UIC1806-02-00,YCI1901-01-00 BIZ1101-09-00,18.0,월금,0,0,2,6,1
4314,5.905,MR,-,UIC1561-01-00 UIC1551-01-00 UIC2151-08-00 UIC1806-02-00,YCI1901-01-00 BIZ1101-09-00,18.0,월금,0,0,2,6,1
4315,5.905,MR,-,UIC1561-01-00 UIC1551-04-00 UIC2151-07-00 UIC1805-02-00,UCD1101-01-00 BIZ1101-09-00,18.0,월금,0,0,2,6,1
4316,5.905,MR,-,UIC1561-01-00 UIC1551-01-00 UIC2151-07-00 UIC1805-02-00,YCI1901-01-00 BIZ1101-09-00,18.0,월금,0,0,2,6,1
4317,5.905,MR,-,UIC1561-01-00 UIC1551-01-00 UIC2151-08-00 UIC1806-02-00,YCI1901-01-00 BIZ1101-09-00,18.0,월금,0,0,2,6,1
4318,5.905,MR,-,UIC1561-01-00 UIC1551-04-00 UIC2151-08-00 UIC1806-02-00,UCD1101-01-00 BIZ1101-09-00,18.0,월금,0,0,2,6,1
4319,5.89,MR,YCA1006-01-00,UIC1561-01-00 UIC1501-04-00 UIC2151-09-00 UIC1806-02-00,YCI1901-01-00 YCK1998-03-00,18.0,월금,1,1,1,5,1+1
4320,5.89,MR,YCA1006-01-00,UIC1561-01-00 UIC1401-02-00 UIC2151-07-00 UIC1806-01-00,YCI1901-01-00 YCK1998-03-00,18.0,월금,1,1,1,5,1+1
4321,5.89,MR,YCA1006-01-00,UIC1561-01-00 UIC1401-02-00 UIC2151-07-00 UIC1805-01-00,UCD1101-01-00 YCK1998-03-00,18.0,월금,1,1,1,5,1+1
4322,5.89,MR,YCA1006-01-00,UIC1561-01-00 UIC1251-02-00 UIC2151-09-00 UIC1806-01-00,YCI1901-01-00 YCK1998-03-00,18.0,월금,1,1,1,5,1+1
4323,5.89,MR,YCA1006-01-00,UIC1561-01-00 UIC1251-02-00 UIC2151-08-00 UIC1805-01-00,UCD1101-01-00 YCK1998-03-00,18.0,월금,1,1,1,5,1+1
4324,5.89,MR,YCA1006-01-00,UIC1561-01-00 UIC1401-02-00 UIC2151-07-00 UIC1806-01-00,UCD1101-01-00 YCK1998-03-00,18.0,월금,1,1,1,5,1+1
4325,5.89,MR,YCA1006-01-00,UIC1561-01-00 UIC1251-02-00 UIC2151-09-00 UIC1806-01-00,YCI1901-01-00 YCK1998-03-00,18.0,월금,1,1,1,5,1+1
4326,5.89,MR,YCA1006-02-00,UIC1561-01-00 UIC1551-01-00 UIC2151-06-00 UIC1805-02-00,YCK1998-03-00 ATM2112-01-00,18.0,월금,1,1,1,5,3+1
4327,5.89,MR,YCA1006-01-00,UIC1561-01-00 UIC1501-04-00 UIC2151-08-00 UIC1806-02-00,UCD1101-01-00 YCK1998-03-00,18.0,월금,1,1,1,5,1+1
4328,5.89,MR,YCA1006-02-00,UIC1561-01-00 UIC1551-04-00 UIC2151-12-00 UIC1806-02-00,UCD1101-01-00 YCK1998-03-00,18.0,월금,1,0,2,5,3+3
4329,5.89,MR,YCA1006-01-00,UIC1561-01-00 UIC1251-02-00 UIC2151-08-00 UIC1806-01-00,UCD1101-01-00 YCK1998-03-00,18.0,월금,1,1,1,5,1+1
4330,5.89,MR,YCA1006-02-00,UIC1561-01-00 UIC1551-01-00 UIC2151-12-00 UIC1805-02-00,YCH1605-01-00 ECO1002-05-00,18.0,월금,1,1,1,5,3+1
4331,5.89,MR,YCA1006-01-00,UIC1561-01-00 UIC1501-04-00 UIC2151-08-00 UIC1806-02-00,YCI1901-01-00 YCK1998-03-00,18.0,월금,1,1,1,5,1+1
4332,5.89,MR,YCA1006-01-00,UIC1561-01-00 UIC1501-04-00 UIC2151-06-00 UIC1805-02-00,UCD1101-01-00 YCK1998-03-00,18.0,월금,1,1,1,5,1+1
4333,5.89,MR,YCA1006-01-00,UIC1561-01-00 UIC1501-04-00 UIC2151-09-00 UIC1806-02-00,UCD1101-01-00 YCK1998-03-00,18.0,월금,1,1,1,5,1+1
4334,5.89,MR,YCA1006-02-00,UIC1561-01-00 UIC1551-01-00 UIC2151-07-00 UIC1805-02-00,YCK1998-03-00 ATM2112-01-00,18.0,월금,1,1,1,5,3+1
4335,5.89,MR,YCA1006-02-00,UIC1561-01-00 UIC1551-01-00 UIC2151-09-00 UIC1806-02-00,YCK1998-03-00 ATM2112-01-00,18.0,월금,1,1,1,5,3+1
4336,5.89,MR,YCA1006-02-00,UIC1561-01-00 UIC1551-01-00 UIC2151-12-00 UIC1805-02-00,YCB1101-09-00 YCK1998-03-00,18.0,월금,1,1,1,5,3+1
4337,5.89,MR,YCA1006-01-00,UIC1561-01-00 UIC1401-02-00 UIC2151-06-00 UIC1806-01-00,UCD1101-01-00 YCK1998-03-00,18.0,월금,1,1,1,5,1+1
4338,5.89,MR,YCA1006-01-00,UIC1561-01-00 UIC1501-04-00 UIC2151-06-00 UIC1805-02-00,YCI1901-01-00 YCK1998-03-00,18.0,월금,1,1,1,5,1+1
4339,5.89,MR,YCA1006-01-00,UIC1561-01-00 UIC1501-04-00 UIC2151-07-00 UIC1805-02-00,YCI1901-01-00 YCK1998-03-00,18.0,월금,1,1,1,5,1+1
4340,5.89,MR,YCA1006-02-00,UIC1561-01-00 UIC1551-01-00 UIC2151-09-00 UIC1806-02-00,YCK1998-03-00 ATM2112-01-00,18.0,월금,1,1,1,5,3+1
4341,5.89,MR,YCA1006-02-00,UIC1561-01-00 UIC1551-01-00 UIC2151-12-00 UIC1805-02-00,YCH1605-01-00 ECO1002-05-00,18.0,월금,1,1,1,5,3+1
4342,5.89,MR,YCA1006-01-00,UIC1561-01-00 UIC1501-04-00 UIC2151-08-00 UIC1806-02-00,UCD1101-01-00 YCK1998-03-00,18.0,월금,1,1,1,5,1+1
4343,5.89,MR,YCA1006-02-00,UIC1561-01-00 UIC1401-02-00 UIC2151-12-00 UIC1806-02-00,UCD1101-01-00 YCI1998-02-00,18.0,월금,1,1,1,5,3+1
4344,5.89,MR,YCA1006-01-00,UIC1561-01-00 UIC1401-02-00 UIC2151-06-00 UIC1805-01-00,YCI1901-01-00 YCK1998-03-00,18.0,월금,1,1,1,5,1+1
4345,5.89,MR,YCA1006-02-00,UIC1561-01-00 UIC1401-02-00 UIC2151-12-00 UIC1806-02-00,YCJ1305-01-00 YCK1998-03-00,18.0,월금,1,1,1,5,3+1
4346,5.89,MR,YCA1006-01-00,UIC1561-01-00 UIC1401-02-00 UIC2151-07-00 UIC1805-01-00,YCI1901-01-00 YCK1998-03-00,18.0,월금,1,1,1,5,1+1
4347,5.89,MR,YCA1006-02-00,UIC1561-01-00 UIC1551-01-00 UIC2151-12-00 UIC1805-02-00,YCB1101-09-00 YCK1998-03-00,18.0,월금,1,1,1,5,3+1
4348,5.89,MR,YCA1006-01-00,UIC1561-01-00 UIC1251-02-00 UIC2151-08-00 UIC1806-01-00,YCI1901-01-00 YCK1998-03-00,18.0,월금,1,1,1,5,1+1
4349,5.89,MR,YCA1006-02-00,UIC1561-01-00 UIC1401-02-00 UIC2151-12-00 UIC1806-02-00,YCJ1305-01-00 YCK1998-03-00,18.0,월금,1,1,1,5,3+1
4350,5.89,MR,YCA1006-02-00,UIC1561-01-00 UIC1251-02-00 UIC2151-12-00 UIC1805-02-00,YCB1101-43-00 YCK1998-03-00,18.0,월금,1,1,1,5,3+1
4351,5.89,MR,YCA1006-02-00,UIC1561-01-00 UIC1551-01-00 UIC2151-12-00 UIC1806-02-00,YCE1253-01-00 ECO1002-06-00,18.0,월금,1,1,1,5,3+1
4352,5.89,MR,YCA1006-01-00,UIC1561-01-00 UIC1401-02-00 UIC2151-07-00 UIC1806-01-00,YCI1901-01-00 YCK1998-03-00,18.0,월금,1,1,1,5,1+1
4353,5.89,MR,YCA1006-02-00,UIC1561-01-00 UIC1251-02-00 UIC2151-12-00 UIC1805-02-00,UCD1101-01-00 YCI1998-02-00,18.0,월금,1,1,1,5,3+1
4354,5.89,MR,YCA1006-01-00,UIC1561-01-00 UIC1501-04-00 UIC2151-08-00 UIC1806-02-00,YCI1901-01-00 YCK1998-03-00,18.0,월금,1,1,1,5,1+1
4355,5.89,MR,YCA1006-02-00,UIC1561-01-00 UIC1401-02-00 UIC2151-12-00 UIC1806-02-00,UCD1101-01-00 YCI1998-02-00,18.0,월금,1,1,1,5,3+1
4356,5.89,MR,YCA1006-02-00,UIC1561-01-00 UIC1401-02-00 UIC2151-12-00 UIC1806-02-00,YCB1101-43-00 YCK1998-03-00,18.0,월금,1,1,1,5,3+1
4357,5.89,MR,YCA1006-02-00,UIC1561-01-00 UIC1551-01-00 UIC2151-08-00 UIC1806-02-00,YCK1998-03-00 ATM2112-01-00,18.0,월금,1,1,1,5,3+1
4358,5.89,MR,YCA1006-02-00,UIC1561-01-00 UIC1251-02-00 UIC2151-12-00 UIC1805-02-00,YCJ1305-01-00 YCK1998-03-00,18.0,월금,1,1,1,5,3+1
4359,5.89,MR,YCA1006-01-00,UIC1561-01-00 UIC1401-02-00 UIC2151-06-00 UIC1806-01-00,YCI1901-01-00 YCK1998-03-00,18.0,월금,1,1,1,5,1+1
4360,5.89,MR,YCA1006-01-00,UIC1561-01-00 UIC1251-02-00 UIC2151-08-00 UIC1806-01-00,YCI1901-01-00 YCK1998-03-00,18.0,월금,1,1,1,5,1+1
4361,5.89,MR,YCA1006-01-00,UIC1561-01-00 UIC1401-02-00 UIC2151-07-00 UIC1805-01-00,UCD1101-01-00 YCK1998-03-00,18.0,월금,1,1,1,5,1+1
4362,5.89,MR,YCA1006-02-00,UIC1561-01-00 UIC1551-01-00 UIC2151-12-00 UIC1806-02-00,YCE1253-01-00 ECO1002-06-00,18.0,월금,1,1,1,5,3+1
4363,5.89,MR,YCA1006-01-00,UIC1561-01-00 UIC1401-02-00 UIC2151-07-00 UIC1806-01-00,UCD1101-01-00 YCK1998-03-00,18.0,월금,1,1,1,5,1+1
4364,5.89,MR,YCA1006-01-00,UIC1561-01-00 UIC1501-04-00 UIC2151-07-00 UIC1805-02-00,UCD1101-01-00 YCK1998-03-00,18.0,월금,1,1,1,5,1+1
4365,5.89,MR,YCA1006-01-00,UIC1561-01-00 UIC1501-04-00 UIC2151-07-00 UIC1805-02-00,UCD1101-01-00 YCK1998-03-00,18.0,월금,1,1,1,5,1+1
4366,5.89,MR,YCA1006-01-00,UIC1561-01-00 UIC1251-02-00 UIC2151-09-00 UIC1805-01-00,YCI1901-01-00 YCK1998-03-00,18.0,월금,1,1,1,5,1+1
4367,5.89,MR,YCA1006-01-00,UIC1561-01-00 UIC1401-02-00 UIC2151-06-00 UIC1805-01-00,UCD1101-01-00 YCK1998-03-00,18.0,월금,1,1,1,5,1+1
4368,5.89,MR,YCA1006-02-00,UIC1561-01-00 UIC1551-01-00 UIC2151-08-00 UIC1806-02-00,YCK1998-03-00 ATM2112-01-00,18.0,월금,1,1,1,5,3+1
4369,5.89,MR,YCA1006-01-00,UIC1561-01-00 UIC1251-02-00 UIC2151-05-00 UIC1805-02-00,YCI1901-01-00 YCK1998-03-00,18.0,월금,1,1,1,5,1+1
4370,5.89,MR,YCA1006-01-00,UIC1561-01-00 UIC1251-02-00 UIC2151-08-00 UIC1805-01-00,UCD1101-01-00 YCK1998-03-00,18.0,월금,1,1,1,5,1+1
4371,5.89,MR,YCA1006-02-00,UIC1561-01-00 UIC1251-02-00 UIC2151-12-00 UIC1805-02-00,YCJ1305-01-00 YCK1998-03-00,18.0,월금,1,1,1,5,3+1
4372,5.89,MR,YCA1006-02-00,UIC1561-01-00 UIC1251-02-00 UIC2151-12-00 UIC1805-02-00,UCD1101-01-00 YCI1998-02-00,18.0,월금,1,1,1,5,3+1
4373,5.89,MR,YCA1006-01-00,UIC1561-01-00 UIC1401-02-00 UIC2151-05-00 UIC1806-02-00,YCI1901-01-00 YCK1998-03-00,18.0,월금,1,1,1,5,1+1
4374,5.89,MR,YCA1006-01-00,UIC1561-01-00 UIC1251-02-00 UIC2151-09-00 UIC1806-01-00,UCD1101-01-00 YCK1998-03-00,18.0,월금,1,1,1,5,1+1
4375,5.89,MR,YCA1006-01-00,UIC1561-01-00 UIC1401-02-00 UIC2151-07-00 UIC1805-01-00,YCI1901-01-00 YCK1998-03-00,18.0,월금,1,1,1,5,1+1
4376,5.89,MR,YCA1006-02-00,UIC1561-01-00 UIC1551-04-00 UIC2151-12-00 UIC1806-02-00,UCD1101-01-00 YCK1998-03-00,18.0,월금,1,0,2,5,3+3
4377,5.89,MR,YCA1006-01-00,UIC1561-01-00 UIC1401-02-00 UIC2151-06-00 UIC1806-01-00,YCI1901-01-00 YCK1998-03-00,18.0,월금,1,1,1,5,1+1
4378,5.89,MR,YCA1006-01-00,UIC1561-01-00 UIC1501-04-00 UIC2151-07-00 UIC1805-02-00,YCI1901-01-00 YCK1998-03-00,18.0,월금,1,1,1,5,1+1
4379,5.89,MR,YCA1006-01-00,UIC1561-01-00 UIC1401-02-00 UIC2151-05-00 UIC1806-02-00,YCI1901-01-00 YCK1998-03-00,18.0,월금,1,1,1,5,1+1
4380,5.89,MR,YCA1006-01-00,UIC1561-01-00 UIC1501-04-00 UIC2151-09-00 UIC1806-02-00,UCD1101-01-00 YCK1998-03-00,18.0,월금,1,1,1,5,1+1
4381,5.89,MR,YCA1006-02-00,UIC1561-01-00 UIC1551-01-00 UIC2151-06-00 UIC1805-02-00,YCK1998-03-00 ATM2112-01-00,18.0,월금,1,1,1,5,3+1
4382,5.89,MR,YCA1006-01-00,UIC1561-01-00 UIC1251-02-00 UIC2151-09-00 UIC1805-01-00,UCD1101-01-00 YCK1998-03-00,18.0,월금,1,1,1,5,1+1
4383,5.89,MR,YCA1006-01-00,UIC1561-01-00 UIC1501-04-00 UIC2151-09-00 UIC1806-02-00,YCI1901-01-00 YCK1998-03-00,18.0,월금,1,1,1,5,1+1
4384,5.89,MR,YCA1006-02-00,UIC1561-01-00 UIC1551-01-00 UIC2151-12-00 UIC1806-02-00,YCB1101-33-00 YCK1998-03-00,18.0,월금,1,1,1,5,3+1
4385,5.89,MR,YCA1006-01-00,UIC1561-01-00 UIC1401-02-00 UIC2151-06-00 UIC1805-01-00,YCI1901-01-00 YCK1998-03-00,18.0,월금,1,1,1,5,1+1
4386,5.89,MR,YCA1006-02-00,UIC1561-01-00 UIC1251-02-00 UIC2151-12-00 UIC1805-02-00,YCB1101-43-00 YCK1998-03-00,18.0,월금,1,1,1,5,3+1
4387,5.89,MR,YCA1006-01-00,UIC1561-01-00 UIC1251-02-00 UIC2151-09-00 UIC1806-01-00,UCD1101-01-00 YCK1998-03-00,18.0,월금,1,1,1,5,1+1
4388,5.89,MR,YCA1006-01-00,UIC1561-01-00 UIC1251-02-00 UIC2151-08-00 UIC1805-01-00,YCI1901-01-00 YCK1998-03-00,18.0,월금,1,1,1,5,1+1
4389,5.89,MR,YCA1006-01-00,UIC1561-01-00 UIC1251-02-00 UIC2151-05-00 UIC1805-02-00,UCD1101-01-00 YCK1998-03-00,18.0,월금,1,1,1,5,1+1
4390,5.89,MR,YCA1006-02-00,UIC1561-01-00 UIC1551-01-00 UIC2151-07-00 UIC1805-02-00,YCK1998-03-00 ATM2112-01-00,18.0,월금,1,1,1,5,3+1
4391,5.89,MR,YCA1006-01-00,UIC1561-01-00 UIC1401-02-00 UIC2151-05-00 UIC1806-02-00,UCD1101-01-00 YCK1998-03-00,18.0,월금,1,1,1,5,1+1
4392,5.89,MR,YCA1006-01-00,UIC1561-01-00 UIC1401-02-00 UIC2151-05-00 UIC1806-02-00,UCD1101-01-00 YCK1998-03-00,18.0,월금,1,1,1,5,1+1
4393,5.89,MR,YCA1006-01-00,UIC1561-01-00 UIC1401-02-00 UIC2151-06-00 UIC1805-01-00,UCD1101-01-00 YCK1998-03-00,18.0,월금,1,1,1,5,1+1
4394,5.89,MR,YCA1006-02-00,UIC1561-01-00 UIC1401-02-00 UIC2151-12-00 UIC1806-02-00,YCB1101-43-00 YCK1998-03-00,18.0,월금,1,1,1,5,3+1
4395,5.89,MR,YCA1006-01-00,UIC1561-01-00 UIC1251-02-00 UIC2151-08-00 UIC1805-01-00,YCI1901-01-00 YCK1998-03-00,18.0,월금,1,1,1,5,1+1
4396,5.89,MR,YCA1006-01-00,UIC1561-01-00 UIC1501-04-00 UIC2151-06-00 UIC1805-02-00,YCI1901-01-00 YCK1998-03-00,18.0,월금,1,1,1,5,1+1
4397,5.89,MR,YCA1006-02-00,UIC1561-01-00 UIC1551-01-00 UIC2151-12-00 UIC1806-02-00,YCB1101-33-00 YCK1998-03-00,18.0,월금,1,1,1,5,3+1
4398,5.89,MR,YCA1006-01-00,UIC1561-01-00 UIC1251-02-00 UIC2151-05-00 UIC1805-02-00,YCI1901-01-00 YCK1998-03-00,18.0,월금,1,1,1,5,1+1
4399,5.89,MR,YCA1006-01-00,UIC1561-01-00 UIC1501-04-00 UIC2151-06-00 UIC1805-02-00,UCD1101-01-00 YCK1998-03-00,18.0,월금,1,1,1,5,1+1
4400,5.89,MR,YCA1006-01-00,UIC1561-01-00 UIC1251-02-00 UIC2151-05-00 UIC1805-02-00,UCD1101-01-00 YCK1998-03-00,18.0,월금,1,1,1,5,1+1
4401,5.89,MR,YCA1006-01-00,UIC1561-01-00 UIC1401-02-00 UIC2151-06-00 UIC1806-01-00,UCD1101-01-00 YCK1998-03-00,18.0,월금,1,1,1,5,1+1
4402,5.89,MR,YCA1006-01-00,UIC1561-01-00 UIC1251-02-00 UIC2151-09-00 UIC1805-01-00,UCD1101-01-00 YCK1998-03-00,18.0,월금,1,1,1,5,1+1
4403,5.89,MR,YCA1006-01-00,UIC1561-01-00 UIC1251-02-00 UIC2151-09-00 UIC1805-01-00,YCI1901-01-00 YCK1998-03-00,18.0,월금,1,1,1,5,1+1
4404,5.89,MR,YCA1006-01-00,UIC1561-01-00 UIC1251-02-00 UIC2151-08-00 UIC1806-01-00,UCD1101-01-00 YCK1998-03-00,18.0,월금,1,1,1,5,1+1
4405,5.883,MR,YCA1006-02-00,UIC1561-01-00 UIC1551-04-00 UIC2151-04-00 UIC1805-02-00,UCD1101-01-00 YCK1998-03-00,18.0,금,0,0,2,,2+1+1+2+2
4406,5.883,MR,YCA1006-02-00,UIC1561-01-00 UIC1551-04-00 UIC2151-10-00 UIC1805-02-00,UCD1101-01-00 YCK1998-03-00,18.0,금,0,0,2,,2+1+1+2+2
4407,5.883,MR,YCA1006-02-00,UIC1561-01-00 UIC1551-04-00 UIC2151-04-00 UIC1805-02-00,UCD1101-01-00 YCK1998-03-00,18.0,금,0,0,2,,2+1+1+2+2
4408,5.883,MR,YCA1006-02-00,UIC1561-01-00 UIC1551-04-00 UIC2151-10-00 UIC1805-02-00,UCD1101-01-00 YCK1998-03-00,18.0,금,0,0,2,,2+1+1+2+2
4409,5.874,MR,YCA1006-02-00,UIC1561-01-00 UIC1501-04-00 UIC2151-14-00 UIC1805-02-00,ECO1101-06-00 YCK1998-03-00,18.0,월금,1,0,3,4+5,1+1+1
4410,5.874,MR,YCA1006-02-00,UIC1561-01-00 UIC1501-04-00 UIC2151-14-00 UIC1805-02-00,ECO1101-06-00 YCK1998-03-00,18.0,월금,1,0,3,4+5,1+1+1
4411,5.874,MR,YCA1006-02-00,UIC1561-01-00 UIC1401-02-00 UIC2151-14-00 UIC1805-01-00,ECO1101-06-00 YCK1998-03-00,18.0,월금,1,0,3,4+5,1+1+1
4412,5.874,MR,YCA1006-02-00,UIC1561-01-00 UIC1401-02-00 UIC2151-14-00 UIC1806-01-00,ECO1101-06-00 YCK1998-03-00,18.0,월금,1,0,3,4+5,1+1+1
4413,5.874,MR,YCA1006-02-00,UIC1561-01-00 UIC1401-02-00 UIC2151-14-00 UIC1806-01-00,ECO1101-06-00 YCK1998-03-00,18.0,월금,1,0,3,4+5,1+1+1
4414,5.874,MR,YCA1006-02-00,UIC1561-01-00 UIC1401-02-00 UIC2151-14-00 UIC1805-01-00,ECO1101-06-00 YCK1998-03-00,18.0,월금,1,0,3,4+5,1+1+1
4415,5.869,MR,YCA1006-02-00,UIC1561-01-00 UIC1551-04-00 UIC2151-09-00 UIC1805-01-00,UCD1101-01-00 ANT2105-01-00,18.0,월금,1,0,3,4,1+1+1+2
4416,5.869,MR,YCA1006-01-00,UIC1561-01-00 UIC1551-01-00 UIC2151-05-00 UIC1806-02-00,ANT2105-01-00 YCI1901-01-00,18.0,월금,1,0,3,4,1+2+1+1
4417,5.869,MR,YCA1006-02-00,UIC1561-01-00 UIC1251-02-00 UIC2151-14-00 UIC1805-01-00,UCD1101-01-00 ANT2105-01-00,18.0,월금,1,0,3,4,1+2+1+1
4418,5.869,MR,YCA1006-02-00,UIC1561-01-00 UIC1551-01-00 UIC2151-06-00 UIC1805-01-00,ANT2105-01-00 YCI1901-01-00,18.0,월금,1,0,3,4,1+2+1+1
4419,5.869,MR,YCA1006-01-00,UIC1561-01-00 UIC1501-04-00 UIC2151-14-00 UIC1806-02-00,UCD1101-01-00 ANT2105-01-00,18.0,월금,1,0,3,4,1+2+1+1
4420,5.869,MR,YCA1006-02-00,UIC1561-01-00 UIC1551-01-00 UIC2151-07-00 UIC1805-01-00,ANT2105-01-00 YCI1901-01-00,18.0,월금,1,0,3,4,1+2+1+1
4421,5.869,MR,YCA1006-02-00,UIC1561-01-00 UIC1551-04-00 UIC2151-08-00 UIC1806-01-00,UCD1101-01-00 ANT2105-01-00,18.0,월금,1,0,3,4,1+1+1+2
4422,5.869,MR,YCA1006-02-00,UIC1561-01-00 UIC1551-04-00 UIC2151-09-00 UIC1805-01-00,UCD1101-01-00 ANT2105-01-00,18.0,월금,1,0,3,4,1+1+1+2
4423,5.869,MR,YCA1006-02-00,UIC1561-01-00 UIC1551-04-00 UIC2151-09-00 UIC1806-01-00,UCD1101-01-00 ANT2105-01-00,18.0,월금,1,0,3,4,1+1+1+2
4424,5.869,MR,YCA1006-01-00,UIC1561-01-00 UIC1251-02-00 UIC2151-14-00 UIC1806-01-00,UCD1101-01-00 ANT2105-01-00,18.0,월금,1,0,3,4,1+2+1+1
4425,5.869,MR,YCA1006-02-00,UIC1561-01-00 UIC1551-04-00 UIC2151-08-00 UIC1806-01-00,UCD1101-01-00 ANT2105-01-00,18.0,월금,1,0,3,4,1+1+1+2
4426,5.869,MR,YCA1006-01-00,UIC1561-01-00 UIC1251-02-00 UIC2151-14-00 UIC1805-01-00,UCD1101-01-00 ANT2105-01-00,18.0,월금,1,0,3,4,1+2+1+1
4427,5.869,MR,YCA1006-02-00,UIC1561-01-00 UIC1551-04-00 UIC2151-05-00 UIC1805-02-00,UCD1101-01-00 ANT2105-01-00,18.0,월금,1,0,3,4,1+1+1+2
4428,5.869,MR,YCA1006-01-00,UIC1561-01-00 UIC1551-01-00 UIC2151-07-00 UIC1805-01-00,ANT2105-01-00 YCI1901-01-00,18.0,월금,1,0,3,4,1+2+1+1
4429,5.869,MR,YCA1006-02-00,UIC1561-01-00 UIC1551-01-00 UIC2151-05-00 UIC1806-02-00,ANT2105-01-00 YCI1901-01-00,18.0,월금,1,0,3,4,1+2+1+1
4430,5.869,MR,YCA1006-02-00,UIC1561-01-00 UIC1501-04-00 UIC2151-14-00 UIC1806-02-00,UCD1101-01-00 ANT2105-01-00,18.0,월금,1,0,3,4,1+2+1+1
4431,5.869,MR,YCA1006-02-00,UIC1561-01-00 UIC1551-04-00 UIC2151-05-00 UIC1805-02-00,UCD1101-01-00 ANT2105-01-00,18.0,월금,1,0,3,4,1+1+1+2
4432,5.869,MR,YCA1006-02-00,UIC1561-01-00 UIC1551-01-00 UIC2151-07-00 UIC1806-01-00,ANT2105-01-00 YCI1901-01-00,18.0,월금,1,0,3,4,1+2+1+1
4433,5.869,MR,YCA1006-02-00,UIC1561-01-00 UIC1551-01-00 UIC2151-06-00 UIC1805-01-00,ANT2105-01-00 YCI1901-01-00,18.0,월금,1,0,3,4,1+2+1+1
4434,5.869,MR,YCA1006-02-00,UIC1561-01-00 UIC1551-04-00 UIC2151-12-00 UIC1805-02-00,UCD1101-01-00 ANT2105-01-00,18.0,월금,1,0,3,4,1+1+3+2
4435,5.869,MR,YCA1006-02-00,UIC1561-01-00 UIC1501-04-00 UIC2151-14-00 UIC1806-02-00,UCD1101-01-00 ANT2105-01-00,18.0,월금,1,0,3,4,1+2+1+1
4436,5.869,MR,YCA1006-02-00,UIC1561-01-00 UIC1251-02-00 UIC2151-14-00 UIC1806-01-00,UCD1101-01-00 ANT2105-01-00,18.0,월금,1,0,3,4,1+2+1+1
4437,5.869,MR,YCA1006-02-00,UIC1561-01-00 UIC1251-02-00 UIC2151-14-00 UIC1805-01-00,UCD1101-01-00 ANT2105-01-00,18.0,월금,1,0,3,4,1+2+1+1
4438,5.869,MR,YCA1006-01-00,UIC1561-01-00 UIC1551-01-00 UIC2151-06-00 UIC1806-01-00,ANT2105-01-00 YCI1901-01-00,18.0,월금,1,0,3,4,1+2+1+1
4439,5.869,MR,YCA1006-01-00,UIC1561-01-00 UIC1551-01-00 UIC2151-06-00 UIC1805-01-00,ANT2105-01-00 YCI1901-01-00,18.0,월금,1,0,3,4,1+2+1+1
4440,5.869,MR,YCA1006-01-00,UIC1561-01-00 UIC1551-01-00 UIC2151-07-00 UIC1806-01-00,ANT2105-01-00 YCI1901-01-00,18.0,월금,1,0,3,4,1+2+1+1
4441,5.869,MR,YCA1006-02-00,UIC1561-01-00 UIC1551-01-00 UIC2151-06-00 UIC1806-01-00,ANT2105-01-00 YCI1901-01-00,18.0,월금,1,0,3,4,1+2+1+1
4442,5.869,MR,YCA1006-02-00,UIC1561-01-00 UIC1551-01-00 UIC2151-05-00 UIC1806-02-00,ANT2105-01-00 YCI1901-01-00,18.0,월금,1,0,3,4,1+2+1+1
4443,5.869,MR,YCA1006-01-00,UIC1561-01-00 UIC1551-01-00 UIC2151-07-00 UIC1805-01-00,ANT2105-01-00 YCI1901-01-00,18.0,월금,1,0,3,4,1+2+1+1
4444,5.869,MR,YCA1006-01-00,UIC1561-01-00 UIC1551-01-00 UIC2151-06-00 UIC1806-01-00,ANT2105-01-00 YCI1901-01-00,18.0,월금,1,0,3,4,1+2+1+1
4445,5.869,MR,YCA1006-01-00,UIC1561-01-00 UIC1551-01-00 UIC2151-05-00 UIC1806-02-00,ANT2105-01-00 YCI1901-01-00,18.0,월금,1,0,3,4,1+2+1+1
4446,5.869,MR,YCA1006-02-00,UIC1561-01-00 UIC1551-04-00 UIC2151-08-00 UIC1805-01-00,UCD1101-01-00 ANT2105-01-00,18.0,월금,1,0,3,4,1+1+1+2
4447,5.869,MR,YCA1006-01-00,UIC1561-01-00 UIC1251-02-00 UIC2151-14-00 UIC1805-01-00,UCD1101-01-00 ANT2105-01-00,18.0,월금,1,0,3,4,1+2+1+1
4448,5.869,MR,YCA1006-01-00,UIC1561-01-00 UIC1551-01-00 UIC2151-07-00 UIC1806-01-00,ANT2105-01-00 YCI1901-01-00,18.0,월금,1,0,3,4,1+2+1+1
4449,5.869,MR,YCA1006-01-00,UIC1561-01-00 UIC1501-04-00 UIC2151-14-00 UIC1806-02-00,UCD1101-01-00 ANT2105-01-00,18.0,월금,1,0,3,4,1+2+1+1
4450,5.869,MR,YCA1006-01-00,UIC1561-01-00 UIC1551-01-00 UIC2151-06-00 UIC1805-01-00,ANT2105-01-00 YCI1901-01-00,18.0,월금,1,0,3,4,1+2+1+1
4451,5.869,MR,YCA1006-02-00,UIC1561-01-00 UIC1551-01-00 UIC2151-07-00 UIC1806-01-00,ANT2105-01-00 YCI1901-01-00,18.0,월금,1,0,3,4,1+2+1+1
4452,5.869,MR,YCA1006-02-00,UIC1561-01-00 UIC1551-04-00 UIC2151-09-00 UIC1806-01-00,UCD1101-01-00 ANT2105-01-00,18.0,월금,1,0,3,4,1+1+1+2
4453,5.869,MR,YCA1006-02-00,UIC1561-01-00 UIC1251-02-00 UIC2151-14-00 UIC1806-01-00,UCD1101-01-00 ANT2105-01-00,18.0,월금,1,0,3,4,1+2+1+1
4454,5.869,MR,YCA1006-01-00,UIC1561-01-00 UIC1251-02-00 UIC2151-14-00 UIC1806-01-00,UCD1101-01-00 ANT2105-01-00,18.0,월금,1,0,3,4,1+2+1+1
4455,5.869,MR,YCA1006-02-00,UIC1561-01-00 UIC1551-01-00 UIC2151-07-00 UIC1805-01-00,ANT2105-01-00 YCI1901-01-00,18.0,월금,1,0,3,4,1+2+1+1
4456,5.869,MR,YCA1006-02-00,UIC1561-01-00 UIC1551-01-00 UIC2151-06-00 UIC1806-01-00,ANT2105-01-00 YCI1901-01-00,18.0,월금,1,0,3,4,1+2+1+1
4457,5.869,MR,YCA1006-02-00,UIC1561-01-00 UIC1551-04-00 UIC2151-08-00 UIC1805-01-00,UCD1101-01-00 ANT2105-01-00,18.0,월금,1,0,3,4,1+1+1+2
4458,5.869,MR,YCA1006-02-00,UIC1561-01-00 UIC1551-04-00 UIC2151-12-00 UIC1805-02-00,UCD1101-01-00 ANT2105-01-00,18.0,월금,1,0,3,4,1+1+3+2
4459,5.863,Lang,YCA1006-02-00,QRM1001-01-00 UIC1561-01-00 UIC1501-03-00 UIC2151-14-00,YCH1605-01-00 YCK1998-03-00,18.0,금,0,0,1,4,2
4460,5.857,MR,YCA1006-02-00,UIC1561-01-00 UIC1551-04-00 UIC2151-06-00 UIC1806-01-00,YCG1853-01-00 YCI1998-02-00,18.0,월수금,1,0,2,,1+2+1
4461,5.857,MR,YCA1006-02-00,UIC1561-01-00 UIC1551-04-00 UIC2151-06-00 UIC1805-01-00,YCG1853-01-00 YCI1998-02-00,18.0,월수금,1,0,2,,1+2+1
4462,5.857,MR,YCA1006-01-00,UIC1561-01-00 UIC1551-04-00 UIC2151-07-00 UIC1806-01-00,YCG1853-01-00 YCI1998-02-00,18.0,월수금,1,0,2,,1+2+1
4463,5.857,MR,YCA1006-02-00,UIC1561-01-00 UIC1551-04-00 UIC2151-05-00 UIC1806-02-00,YCG1853-01-00 YCI1998-02-00,18.0,월수금,1,0,2,,1+2+1
4464,5.857,MR,YCA1006-01-00,UIC1561-01-00 UIC1551-04-00 UIC2151-07-00 UIC1805-01-00,YCG1853-01-00 YCI1998-02-00,18.0,월수금,1,0,2,,1+2+1
4465,5.857,MR,YCA1006-02-00,UIC1561-01-00 UIC1251-02-00 UIC2151-14-00 UIC1806-01-00,UCB1105-02-00 YCG1853-01-00,18.0,월수금,1,0,2,,1+2+1
4466,5.857,MR,YCA1006-02-00,UIC1561-01-00 UIC1551-04-00 UIC2151-06-00 UIC1805-01-00,YCG1853-01-00 YCI1998-02-00,18.0,월수금,1,0,2,,1+2+1
4467,5.857,MR,YCA1006-01-00,UIC1561-01-00 UIC1551-04-00 UIC2151-05-00 UIC1806-02-00,YCG1853-01-00 YCI1998-02-00,18.0,월수금,1,0,2,,1+2+1
4468,5.857,MR,YCA1006-01-00,UIC1561-01-00 UIC1551-04-00 UIC2151-08-00 UIC1805-01-00,YCG1853-01-00 YCH1605-01-00,18.0,월수금,1,0,2,,1+1+2
4469,5.857,MR,YCA1006-02-00,UIC1561-01-00 UIC1551-04-00 UIC2151-06-00 UIC1806-01-00,YCG1853-01-00 YCI1998-02-00,18.0,월수금,1,0,2,,1+2+1
4470,5.857,MR,YCA1006-02-00,UIC1561-01-00 UIC1551-04-00 UIC2151-05-00 UIC1806-02-00,YCG1853-01-00 YCI1998-02-00,18.0,월수금,1,0,2,,1+2+1
4471,5.857,MR,YCA1006-01-00,UIC1561-01-00 UIC1551-04-00 UIC2151-09-00 UIC1806-01-00,YCG1853-01-00 YCH1605-01-00,18.0,월수금,1,0,2,,1+1+2
4472,5.857,MR,YCA1006-01-00,UIC1561-01-00 UIC1551-04-00 UIC2151-09-00 UIC1806-01-00,YCG1853-01-00 YCH1605-01-00,18.0,월수금,1,0,2,,1+1+2
4473,5.857,MR,YCA1006-02-00,UIC1561-01-00 UIC1251-02-00 UIC2151-14-00 UIC1806-01-00,YCG1853-01-00 YCK1998-03-00,18.0,월금,1,0,2,,1+2+1
4474,5.857,MR,YCA1006-01-00,UIC1561-01-00 UIC1501-04-00 UIC2151-14-00 UIC1806-02-00,YCG1853-01-00 YCK1998-03-00,18.0,월금,1,0,2,,1+2+1
4475,5.857,MR,YCA1006-01-00,UIC1561-01-00 UIC1551-04-00 UIC2151-09-00 UIC1805-01-00,YCG1853-01-00 YCH1605-01-00,18.0,월수금,1,0,2,,1+1+2
4476,5.857,MR,YCA1006-01-00,UIC1561-01-00 UIC1551-04-00 UIC2151-08-00 UIC1805-01-00,YCG1853-01-00 YCH1605-01-00,18.0,월수금,1,0,2,,1+1+2
4477,5.857,MR,YCA1006-02-00,UIC1561-01-00 UIC1501-04-00 UIC2151-14-00 UIC1806-02-00,YCG1853-01-00 YCK1998-03-00,18.0,월금,1,0,2,,1+2+1
4478,5.857,MR,YCA1006-01-00,UIC1561-01-00 UIC1551-04-00 UIC2151-06-00 UIC1805-01-00,YCG1853-01-00 YCI1998-02-00,18.0,월수금,1,0,2,,1+2+1
4479,5.857,MR,YCA1006-02-00,UIC1561-01-00 UIC1551-01-00 UIC2151-09-00 UIC1805-01-00,UCB1105-02-00 YCG1853-01-00,18.0,월수금,1,0,2,,1+1+2
4480,5.857,MR,YCA1006-02-00,UIC1561-01-00 UIC1251-02-00 UIC2151-14-00 UIC1805-01-00,YCG1853-01-00 YCK1998-03-00,18.0,월금,1,0,2,,1+2+1
4481,5.857,MR,YCA1006-01-00,UIC1561-01-00 UIC1551-04-00 UIC2151-06-00 UIC1805-01-00,YCG1853-01-00 YCI1998-02-00,18.0,월수금,1,0,2,,1+2+1
4482,5.857,MR,YCA1006-02-00,UIC1561-01-00 UIC1551-01-00 UIC2151-12-00 UIC1806-02-00,YCG1853-01-00 YCK1998-03-00,18.0,월금,1,0,2,,2+3+1
4483,5.857,MR,YCA1006-01-00,UIC1561-01-00 UIC1501-04-00 UIC2151-14-00 UIC1806-02-00,UCB1105-02-00 YCG1853-01-00,18.0,월수금,1,0,2,,1+2+1
4484,5.857,MR,YCA1006-01-00,UIC1561-01-00 UIC1551-04-00 UIC2151-06-00 UIC1806-01-00,YCG1853-01-00 YCI1998-02-00,18.0,월수금,1,0,2,,1+2+1
4485,5.857,MR,YCA1006-01-00,UIC1561-01-00 UIC1251-02-00 UIC2151-14-00 UIC1805-01-00,UCB1105-02-00 YCG1853-01-00,18.0,월수금,1,0,2,,1+2+1
4486,5.857,MR,YCA1006-02-00,UIC1561-01-00 UIC1551-01-00 UIC2151-08-00 UIC1805-01-00,UCB1105-02-00 YCG1853-01-00,18.0,월수금,1,0,2,,1+1+2
4487,5.857,MR,YCA1006-02-00,UIC1561-01-00 UIC1501-04-00 UIC2151-14-00 UIC1806-02-00,UCB1105-02-00 YCG1853-01-00,18.0,월수금,1,0,2,,1+2+1
4488,5.857,MR,YCA1006-02-00,UIC1561-01-00 UIC1551-01-00 UIC2151-09-00 UIC1805-01-00,UCB1105-02-00 YCG1853-01-00,18.0,월수금,1,0,2,,1+1+2
4489,5.857,MR,YCA1006-02-00,UIC1561-01-00 UIC1551-01-00 UIC2151-08-00 UIC1805-01-00,UCB1105-02-00 YCG1853-01-00,18.0,월수금,1,0,2,,1+1+2
4490,5.857,MR,YCA1006-02-00,UIC1561-01-00 UIC1551-01-00 UIC2151-12-00 UIC1805-02-00,UCB1105-02-00 YCG1853-01-00,18.0,월금,1,0,2,,1+3+2
4491,5.857,MR,YCA1006-02-00,UIC1561-01-00 UIC1551-01-00 UIC2151-09-00 UIC1806-01-00,UCB1105-02-00 YCG1853-01-00,18.0,월수금,1,0,2,,1+1+2
4492,5.857,MR,YCA1006-02-00,UIC1561-01-00 UIC1251-02-00 UIC2151-14-00 UIC1806-01-00,UCB1105-02-00 YCG1853-01-00,18.0,월수금,1,0,2,,1+2+1
4493,5.857,MR,YCA1006-01-00,UIC1561-01-00 UIC1251-02-00 UIC2151-14-00 UIC1806-01-00,UCB1105-02-00 YCG1853-01-00,18.0,월수금,1,0,2,,1+2+1
4494,5.857,MR,YCA1006-02-00,UIC1561-01-00 UIC1251-02-00 UIC2151-14-00 UIC1805-01-00,UCB1105-02-00 YCG1853-01-00,18.0,월수금,1,0,2,,1+2+1
4495,5.857,MR,YCA1006-02-00,UIC1561-01-00 UIC1551-01-00 UIC2151-12-00 UIC1806-02-00,YCG1853-01-00 YCK1998-03-00,18.0,월금,1,0,2,,2+3+1
4496,5.857,MR,YCA1006-01-00,UIC1561-01-00 UIC1551-04-00 UIC2151-08-00 UIC1806-01-00,YCG1853-01-00 YCH1605-01-00,18.0,월수금,1,0,2,,1+1+2
4497,5.857,MR,YCA1006-02-00,UIC1561-01-00 UIC1551-01-00 UIC2151-12-00 UIC1806-02-00,YCG1853-01-00 ECO1002-06-00,18.0,월금,1,0,2,,2+3+1
4498,5.857,MR,YCA1006-01-00,UIC1561-01-00 UIC1501-04-00 UIC2151-14-00 UIC1806-02-00,UCB1105-02-00 YCG1853-01-00,18.0,월수금,1,0,2,,1+2+1
4499,5.857,MR,YCA1006-01-00,UIC1561-01-00 UIC1551-04-00 UIC2151-08-00 UIC1806-01-00,YCG1853-01-00 YCH1605-01-00,18.0,월수금,1,0,2,,1+1+2
4500,5.857,MR,YCA1006-02-00,UIC1561-01-00 UIC1551-01-00 UIC2151-12-00 UIC1805-02-00,UCB1105-02-00 YCG1853-01-00,18.0,월금,1,0,2,,1+3+2
4501,5.857,MR,YCA1006-02-00,UIC1561-01-00 UIC1551-04-00 UIC2151-07-00 UIC1805-01-00,YCG1853-01-00 YCI1998-02-00,18.0,월수금,1,0,2,,1+2+1
4502,5.857,MR,YCA1006-01-00,UIC1561-01-00 UIC1251-02-00 UIC2151-14-00 UIC1806-01-00,YCG1853-01-00 YCK1998-03-00,18.0,월금,1,0,2,,1+2+1
4503,5.857,MR,YCA1006-02-00,UIC1561-01-00 UIC1501-04-00 UIC2151-14-00 UIC1806-02-00,YCG1853-01-00 YCK1998-03-00,18.0,월금,1,0,2,,1+2+1
4504,5.857,MR,YCA1006-02-00,UIC1561-01-00 UIC1501-04-00 UIC2151-14-00 UIC1806-02-00,UCB1105-02-00 YCG1853-01-00,18.0,월수금,1,0,2,,1+2+1
4505,5.857,MR,YCA1006-01-00,UIC1561-01-00 UIC1551-04-00 UIC2151-05-00 UIC1805-02-00,YCG1853-01-00 YCH1605-01-00,18.0,월수금,1,0,2,,1+1+2
4506,5.857,MR,YCA1006-01-00,UIC1561-01-00 UIC1251-02-00 UIC2151-14-00 UIC1806-01-00,YCG1853-01-00 YCK1998-03-00,18.0,월금,1,0,2,,1+2+1
4507,5.857,MR,YCA1006-01-00,UIC1561-01-00 UIC1551-04-00 UIC2151-05-00 UIC1805-02-00,YCG1853-01-00 YCH1605-01-00,18.0,월수금,1,0,2,,1+1+2
4508,5.857,MR,YCA1006-01-00,UIC1561-01-00 UIC1551-04-00 UIC2151-07-00 UIC1806-01-00,YCG1853-01-00 YCI1998-02-00,18.0,월수금,1,0,2,,1+2+1
4509,5.857,MR,YCA1006-02-00,UIC1561-01-00 UIC1251-02-00 UIC2151-14-00 UIC1805-01-00,UCB1105-02-00 YCG1853-01-00,18.0,월수금,1,0,2,,1+2+1
4510,5.857,MR,YCA1006-01-00,UIC1561-01-00 UIC1551-04-00 UIC2151-07-00 UIC1805-01-00,YCG1853-01-00 YCI1998-02-00,18.0,월수금,1,0,2,,1+2+1
4511,5.857,MR,YCA1006-02-00,UIC1561-01-00 UIC1251-02-00 UIC2151-14-00 UIC1805-01-00,YCG1853-01-00 YCK1998-03-00,18.0,월금,1,0,2,,1+2+1
4512,5.857,MR,YCA1006-01-00,UIC1561-01-00 UIC1551-04-00 UIC2151-05-00 UIC1806-02-00,YCG1853-01-00 YCI1998-02-00,18.0,월수금,1,0,2,,1+2+1
4513,5.857,MR,YCA1006-01-00,UIC1561-01-00 UIC1551-04-00 UIC2151-06-00 UIC1806-01-00,YCG1853-01-00 YCI1998-02-00,18.0,월수금,1,0,2,,1+2+1
4514,5.857,MR,YCA1006-02-00,UIC1561-01-00 UIC1551-04-00 UIC2151-07-00 UIC1806-01-00,YCG1853-01-00 YCI1998-02-00,18.0,월수금,1,0,2,,1+2+1
4515,5.857,MR,YCA1006-02-00,UIC1561-01-00 UIC1551-01-00 UIC2151-05-00 UIC1805-02-00,UCB1105-02-00 YCG1853-01-00,18.0,월수금,1,0,2,,1+1+2
4516,5.857,MR,YCA1006-02-00,UIC1561-01-00 UIC1551-01-00 UIC2151-08-00 UIC1806-01-00,UCB1105-02-00 YCG1853-01-00,18.0,월수금,1,0,2,,1+1+2
4517,5.857,MR,YCA1006-02-00,UIC1561-01-00 UIC1551-01-00 UIC2151-08-00 UIC1806-01-00,UCB1105-02-00 YCG1853-01-00,18.0,월수금,1,0,2,,1+1+2
4518,5.857,MR,YCA1006-02-00,UIC1561-01-00 UIC1551-01-00 UIC2151-09-00 UIC1806-01-00,UCB1105-02-00 YCG1853-01-00,18.0,월수금,1,0,2,,1+1+2
4519,5.857,MR,YCA1006-02-00,UIC1561-01-00 UIC1551-01-00 UIC2151-12-00 UIC1806-02-00,YCG1853-01-00 ECO1002-06-00,18.0,월금,1,0,2,,2+3+1
4520,5.857,MR,YCA1006-02-00,UIC1561-01-00 UIC1251-02-00 UIC2151-14-00 UIC1806-01-00,YCG1853-01-00 YCK1998-03-00,18.0,월금,1,0,2,,1+2+1
4521,5.857,MR,YCA1006-01-00,UIC1561-01-00 UIC1251-02-00 UIC2151-14-00 UIC1806-01-00,UCB1105-02-00 YCG1853-01-00,18.0,월수금,1,0,2,,1+2+1
4522,5.857,MR,YCA1006-02-00,UIC1561-01-00 UIC1551-04-00 UIC2151-07-00 UIC1805-01-00,YCG1853-01-00 YCI1998-02-00,18.0,월수금,1,0,2,,1+2+1
4523,5.857,MR,YCA1006-01-00,UIC1561-01-00 UIC1501-04-00 UIC2151-14-00 UIC1806-02-00,YCG1853-01-00 YCK1998-03-00,18.0,월금,1,0,2,,1+2+1
4524,5.857,MR,YCA1006-01-00,UIC1561-01-00 UIC1251-02-00 UIC2151-14-00 UIC1805-01-00,YCG1853-01-00 YCK1998-03-00,18.0,월금,1,0,2,,1+2+1
4525,5.857,MR,YCA1006-02-00,UIC1561-01-00 UIC1551-04-00 UIC2151-07-00 UIC1806-01-00,YCG1853-01-00 YCI1998-02-00,18.0,월수금,1,0,2,,1+2+1
4526,5.857,MR,YCA1006-01-00,UIC1561-01-00 UIC1251-02-00 UIC2151-14-00 UIC1805-01-00,YCG1853-01-00 YCK1998-03-00,18.0,월금,1,0,2,,1+2+1
4527,5.857,MR,YCA1006-02-00,UIC1561-01-00 UIC1551-01-00 UIC2151-05-00 UIC1805-02-00,UCB1105-02-00 YCG1853-01-00,18.0,월수금,1,0,2,,1+1+2
4528,5.857,MR,YCA1006-01-00,UIC1561-01-00 UIC1551-04-00 UIC2151-09-00 UIC1805-01-00,YCG1853-01-00 YCH1605-01-00,18.0,월수금,1,0,2,,1+1+2
4529,5.857,MR,YCA1006-01-00,UIC1561-01-00 UIC1251-02-00 UIC2151-14-00 UIC1805-01-00,UCB1105-02-00 YCG1853-01-00,18.0,월수금,1,0,2,,1+2+1
4530,5.819,MR,YCA1006-02-00,UIC1561-01-00 UIC1551-01-00 UIC2151-08-00 UIC1806-02-00,ANT2105-01-00 STA1002-04-00,18.0,월금,0,1,2,5+4,2+2+1
4531,5.819,MR,YCA1006-02-00,UIC1561-01-00 UIC1551-01-00 UIC2151-09-00 UIC1806-02-00,ANT2105-01-00 STA1002-04-00,18.0,월금,0,1,2,5+4,2+2+1
4532,5.819,MR,YCA1006-02-00,UIC1561-01-00 UIC1551-01-00 UIC2151-06-00 UIC1805-02-00,ANT2105-01-00 STA1002-04-00,18.0,월금,0,1,2,5+4,2+2+1
4533,5.819,MR,YCA1006-02-00,UIC1561-01-00 UIC1551-01-00 UIC2151-08-00 UIC1806-02-00,ANT2105-01-00 STA1002-04-00,18.0,월금,0,1,2,5+4,2+2+1
4534,5.819,MR,YCA1006-02-00,UIC1561-01-00 UIC1551-01-00 UIC2151-07-00 UIC1805-02-00,ANT2105-01-00 STA1002-04-00,18.0,월금,0,1,2,5+4,2+2+1
4535,5.819,MR,YCA1006-02-00,UIC1561-01-00 UIC1551-01-00 UIC2151-09-00 UIC1806-02-00,ANT2105-01-00 STA1002-04-00,18.0,월금,0,1,2,5+4,2+2+1
4536,5.819,MR,YCA1006-02-00,UIC1561-01-00 UIC1551-01-00 UIC2151-07-00 UIC1805-02-00,ANT2105-01-00 STA1002-04-00,18.0,월금,0,1,2,5+4,2+2+1
4537,5.819,MR,YCA1006-02-00,UIC1561-01-00 UIC1551-01-00 UIC2151-06-00 UIC1805-02-00,ANT2105-01-00 STA1002-04-00,18.0,월금,0,1,2,5+4,2+2+1
4538,5.815,MR,YCA1006-01-00,UIC1561-01-00 UIC1551-01-00 UIC2151-12-00 UIC1806-02-00,BIZ1101-09-00 ASP2102-01-00,18.0,월금,1,0,1,,1+1+1+1+1
4539,5.815,MR,YCA1006-01-00,UIC1561-01-00 UIC1501-04-00 UIC2151-12-00 UIC1805-02-00,YCI1998-02-00 BIZ1101-09-00,18.0,월금,2,0,0,,2+1
4540,5.815,MR,YCA1006-01-00,UIC1561-01-00 UIC1551-04-00 UIC2151-12-00 UIC1806-02-00,YCI1998-02-00 STA1002-04-00,18.0,월금,1,0,1,4,2+1+2+2
4541,5.815,MR,YCA1006-01-00,UIC1561-01-00 UIC1551-04-00 UIC2151-12-00 UIC1806-02-00,YCI1998-02-00 STA1002-04-00,18.0,월금,1,0,1,4,2+1+2+2
4542,5.815,MR,YCA1006-01-00,UIC1561-01-00 UIC1501-04-00 UIC2151-12-00 UIC1805-02-00,YCI1998-02-00 BIZ1101-09-00,18.0,월금,2,0,0,,2+1
4543,5.815,MR,YCA1006-01-00,UIC1561-01-00 UIC1401-02-00 UIC2151-12-00 UIC1806-01-00,YCI1998-02-00 BIZ1101-09-00,18.0,월금,2,0,0,,2+1
4544,5.815,MR,YCA1006-01-00,UIC1561-01-00 UIC1551-01-00 UIC2151-12-00 UIC1805-02-00,ECO1002-05-00 STA1002-04-00,18.0,월금,1,0,1,4,2+2+2+1
4545,5.815,MR,YCA1006-01-00,UIC1561-01-00 UIC1551-01-00 UIC2151-12-00 UIC1806-02-00,BIZ1101-09-00 ASP2102-01-00,18.0,월금,1,0,1,,1+1+1+1+1
4546,5.815,MR,YCA1006-01-00,UIC1561-01-00 UIC1551-01-00 UIC2151-12-00 UIC1805-02-00,ECO1002-05-00 STA1002-04-00,18.0,월금,1,0,1,4,2+2+2+1
4547,5.815,MR,YCA1006-01-00,UIC1561-01-00 UIC1401-02-00 UIC2151-12-00 UIC1806-01-00,YCI1998-02-00 BIZ1101-09-00,18.0,월금,2,0,0,,2+1
4548,5.815,MR,YCA1006-01-00,UIC1561-01-00 UIC1401-02-00 UIC2151-12-00 UIC1805-01-00,YCI1998-02-00 BIZ1101-09-00,18.0,월금,2,0,0,,2+1
4549,5.815,MR,YCA1006-01-00,UIC1561-01-00 UIC1401-02-00 UIC2151-12-00 UIC1805-01-00,YCI1998-02-00 BIZ1101-09-00,18.0,월금,2,0,0,,2+1
4550,5.794,MR,YCA1006-02-00,UIC1561-01-00 UIC1251-02-00 UIC2151-14-00 UIC1805-02-00,YCH1202-01-00 CTM1001-02-00,18.0,월금,0,2,2,7,1+1
4551,5.794,MR,YCA1006-02-00,UIC1561-01-00 UIC1251-02-00 UIC2151-14-00 UIC1805-02-00,YCH1202-01-00 CTM1001-02-00,18.0,월금,0,2,2,7,1+1
4552,5.794,MR,YCA1006-02-00,UIC1561-01-00 UIC1401-02-00 UIC2151-14-00 UIC1806-02-00,YCH1202-01-00 CTM1001-02-00,18.0,월금,0,2,2,7,1+1
4553,5.794,MR,YCA1006-02-00,UIC1561-01-00 UIC1401-02-00 UIC2151-14-00 UIC1806-02-00,YCH1202-01-00 CTM1001-02-00,18.0,월금,0,2,2,7,1+1
4554,5.784,MR,-,UIC1561-01-00 UIC1251-02-00 UIC2151-12-00 UIC1805-02-00,YCH1202-01-00 BIZ1101-09-00,18.0,월금,1,0,1,,1+1
4555,5.784,MR,-,UIC1561-01-00 UIC1401-02-00 UIC2151-12-00 UIC1806-02-00,YCH1202-01-00 BIZ1101-09-00,18.0,월금,1,0,1,,1+1
4556,5.784,MR,-,UIC1561-01-00 UIC1251-02-00 UIC2151-12-00 UIC1805-02-00,YCH1202-01-00 BIZ1101-09-00,18.0,월금,1,0,1,,1+1
4557,5.784,MR,-,UIC1561-01-00 UIC1401-02-00 UIC2151-12-00 UIC1806-02-00,YCH1202-01-00 BIZ1101-09-00,18.0,월금,1,0,1,,1+1
4558,5.78,MR,YCA1006-01-00,UIC1561-01-00 UIC1551-04-00 UIC2151-08-00 UIC1805-01-00,ECO1104-06-00 YCK1998-03-00,18.0,월금,1,1,1,6,1+1
4559,5.78,MR,YCA1006-01-00,UIC1561-01-00 UIC1551-04-00 UIC2151-05-00 UIC1805-02-00,ECO1104-06-00 YCK1998-03-00,18.0,월금,1,1,1,6,1+1
4560,5.78,MR,YCA1006-01-00,UIC1561-01-00 UIC1551-04-00 UIC2151-09-00 UIC1806-01-00,ECO1104-06-00 YCK1998-03-00,18.0,월금,1,1,1,6,1+1
4561,5.78,MR,YCA1006-01-00,UIC1561-01-00 UIC1551-04-00 UIC2151-09-00 UIC1806-01-00,ECO1104-06-00 YCK1998-03-00,18.0,월금,1,1,1,6,1+1
4562,5.78,MR,YCA1006-01-00,UIC1561-01-00 UIC1551-04-00 UIC2151-09-00 UIC1805-01-00,ECO1104-06-00 YCK1998-03-00,18.0,월금,1,1,1,6,1+1
4563,5.78,MR,YCA1006-01-00,UIC1561-01-00 UIC1551-04-00 UIC2151-08-00 UIC1806-01-00,ECO1104-06-00 YCK1998-03-00,18.0,월금,1,1,1,6,1+1
4564,5.78,MR,YCA1006-01-00,UIC1561-01-00 UIC1551-04-00 UIC2151-05-00 UIC1805-02-00,ECO1104-06-00 YCK1998-03-00,18.0,월금,1,1,1,6,1+1
4565,5.78,MR,YCA1006-01-00,UIC1561-01-00 UIC1551-04-00 UIC2151-08-00 UIC1806-01-00,ECO1104-06-00 YCK1998-03-00,18.0,월금,1,1,1,6,1+1
4566,5.78,MR,YCA1006-01-00,UIC1561-01-00 UIC1551-04-00 UIC2151-08-00 UIC1805-01-00,ECO1104-06-00 YCK1998-03-00,18.0,월금,1,1,1,6,1+1
4567,5.78,MR,YCA1006-01-00,UIC1561-01-00 UIC1551-04-00 UIC2151-09-00 UIC1805-01-00,ECO1104-06-00 YCK1998-03-00,18.0,월금,1,1,1,6,1+1
4568,5.77,MR,-,UIC1561-01-00 UIC1551-01-00 UIC2151-12-00 UIC1805-02-00,STA2102-04-00 BIZ1101-09-00,18.0,월금,1,0,1,,1+1
4569,5.77,MR,-,UIC1561-01-00 UIC1551-01-00 UIC2151-12-00 UIC1805-02-00,STA2102-04-00 BIZ1101-09-00,18.0,월금,1,0,1,,1+1
4570,5.71,Lang,-,QRM1001-01-00 UIC1561-01-00 UIC1551-01-00 UIC2151-12-00,MAT1011-02-00 BIZ1101-09-00,18.0,월금,1,0,1,,2+1+1
4571,5.71,Lang,-,QRM1001-01-00 UIC1561-01-00 UIC1551-01-00 UIC2151-12-00,YCH1605-01-00 BIZ1101-09-00,18.0,월금,1,0,1,,2+1+1
4572,5.69,MR,YCA1006-01-00,UIC1561-01-00 UIC1551-04-00 UIC2151-08-00 UIC1806-01-00,BIZ1101-09-00 SED2104-01-00,18.0,월금,1,0,3,,2+1+1+2
4573,5.69,MR,YCA1006-01-00,UIC1561-01-00 UIC1551-04-00 UIC2151-12-00 UIC1805-02-00,ECO1002-04-00 YCK1998-03-00,18.0,월금,1,0,1,,2+1+3+2
4574,5.69,MR,YCA1006-01-00,UIC1561-01-00 UIC1551-04-00 UIC2151-09-00 UIC1806-01-00,BIZ1101-09-00 SED2104-01-00,18.0,월금,1,0,3,,2+1+1+2
4575,5.69,MR,YCA1006-01-00,UIC1561-01-00 UIC1551-04-00 UIC2151-09-00 UIC1805-01-00,BIZ1101-09-00 SED2104-01-00,18.0,월금,1,0,3,,2+1+1+2
4576,5.69,MR,YCA1006-01-00,UIC1561-01-00 UIC1551-04-00 UIC2151-12-00 UIC1805-02-00,ECO1002-04-00 YCK1998-03-00,18.0,월금,1,0,1,,2+1+3+2
4577,5.69,MR,YCA1006-01-00,UIC1561-01-00 UIC1551-04-00 UIC2151-09-00 UIC1805-01-00,BIZ1101-09-00 SED2104-01-00,18.0,월금,1,0,3,,2+1+1+2
4578,5.69,MR,YCA1006-01-00,UIC1561-01-00 UIC1551-04-00 UIC2151-05-00 UIC1805-02-00,BIZ1101-09-00 SED2104-01-00,18.0,월금,1,0,3,,2+1+1+2
4579,5.69,MR,YCA1006-01-00,UIC1561-01-00 UIC1551-04-00 UIC2151-09-00 UIC1806-01-00,BIZ1101-09-00 SED2104-01-00,18.0,월금,1,0,3,,2+1+1+2
4580,5.69,MR,YCA1006-01-00,UIC1561-01-00 UIC1551-04-00 UIC2151-08-00 UIC1805-01-00,BIZ1101-09-00 SED2104-01-00,18.0,월금,1,0,3,,2+1+1+2
4581,5.69,MR,YCA1006-01-00,UIC1561-01-00 UIC1551-04-00 UIC2151-05-00 UIC1805-02-00,BIZ1101-09-00 SED2104-01-00,18.0,월금,1,0,3,,2+1+1+2
4582,5.69,MR,YCA1006-01-00,UIC1561-01-00 UIC1551-04-00 UIC2151-08-00 UIC1805-01-00,BIZ1101-09-00 SED2104-01-00,18.0,월금,1,0,3,,2+1+1+2
4583,5.69,MR,YCA1006-01-00,UIC1561-01-00 UIC1551-04-00 UIC2151-08-00 UIC1806-01-00,BIZ1101-09-00 SED2104-01-00,18.0,월금,1,0,3,,2+1+1+2
4584,5.69,WCiv,YCA1006-01-00,QRM1001-01-00 UIC1551-04-00 UIC2151-13-00 UIC1805-01-00,CTM1002-02-00 STA1002-04-00,18.0,월금,1,1,2,6,1+1+2
4585,5.69,WCiv,YCA1006-01-00,QRM1001-01-00 UIC1551-04-00 UIC2151-13-00 UIC1805-01-00,CTM1002-02-00 STA1002-04-00,18.0,월금,1,1,2,6,1+1+2
4586,5.69,WCiv,YCA1006-01-00,QRM1001-01-00 UIC1551-04-00 UIC2151-13-00 UIC1806-01-00,CTM1002-02-00 STA1002-04-00,18.0,월금,1,1,2,6,1+1+2
4587,5.69,WCiv,YCA1006-01-00,QRM1001-01-00 UIC1551-04-00 UIC2151-13-00 UIC1806-01-00,CTM1002-02-00 STA1002-04-00,18.0,월금,1,1,2,6,1+1+2
4588,5.69,MR,YCA1006-01-00,UIC1561-01-00 UIC1551-04-00 UIC2151-08-00 UIC1806-01-00,YCG1804-01-00 UCD1101-01-00,18.0,월수금,1,0,2,,2+1+2+1
4589,5.69,MR,YCA1006-01-00,UIC1561-01-00 UIC1551-04-00 UIC2151-09-00 UIC1805-01-00,YCG1804-01-00 UCD1101-01-00,18.0,월수금,1,0,2,,2+1+2+1
4590,5.69,MR,YCA1006-01-00,UIC1561-01-00 UIC1551-04-00 UIC2151-05-00 UIC1805-02-00,YCG1804-01-00 UCD1101-01-00,18.0,월수금,1,0,2,,2+1+2+1
4591,5.69,MR,YCA1006-01-00,UIC1561-01-00 UIC1551-04-00 UIC2151-09-00 UIC1805-01-00,YCG1804-01-00 UCD1101-01-00,18.0,월수금,1,0,2,,2+1+2+1
4592,5.69,MR,YCA1006-01-00,UIC1561-01-00 UIC1551-04-00 UIC2151-09-00 UIC1806-01-00,YCG1804-01-00 UCD1101-01-00,18.0,월수금,1,0,2,,2+1+2+1
4593,5.69,MR,YCA1006-01-00,UIC1561-01-00 UIC1551-04-00 UIC2151-08-00 UIC1805-01-00,YCG1804-01-00 UCD1101-01-00,18.0,월수금,1,0,2,,2+1+2+1
4594,5.69,MR,YCA1006-01-00,UIC1561-01-00 UIC1551-04-00 UIC2151-09-00 UIC1806-01-00,YCG1804-01-00 UCD1101-01-00,18.0,월수금,1,0,2,,2+1+2+1
4595,5.69,MR,YCA1006-01-00,UIC1561-01-00 UIC1551-04-00 UIC2151-08-00 UIC1806-01-00,YCG1804-01-00 UCD1101-01-00,18.0,월수금,1,0,2,,2+1+2+1
4596,5.69,MR,YCA1006-01-00,UIC1561-01-00 UIC1551-04-00 UIC2151-08-00 UIC1805-01-00,YCG1804-01-00 UCD1101-01-00,18.0,월수금,1,0,2,,2+1+2+1
4597,5.69,MR,YCA1006-01-00,UIC1561-01-00 UIC1551-04-00 UIC2151-05-00 UIC1805-02-00,YCG1804-01-00 UCD1101-01-00,18.0,월수금,1,0,2,,2+1+2+1
4598,5.674,MR,YCA1006-01-00,UIC1561-01-00 UIC1551-01-00 UIC2151-05-00 UIC1806-02-00,ECO1101-06-00 BIZ1101-09-00,18.0,월금,1,0,3,4,1+2+2+1+1
4599,5.674,MR,YCA1006-02-00,UIC1561-01-00 UIC1551-04-00 UIC2151-05-00 UIC1805-02-00,ECO1101-06-00 BIZ1101-09-00,18.0,월금,1,0,3,4,1+1+1+2+2
4600,5.674,MR,YCA1006-02-00,UIC1561-01-00 UIC1551-01-00 UIC2151-07-00 UIC1805-01-00,ECO1101-06-00 BIZ1101-09-00,18.0,월금,1,0,3,4,1+2+2+1+1
4601,5.674,MR,YCA1006-02-00,UIC1561-01-00 UIC1551-04-00 UIC2151-08-00 UIC1805-01-00,ECO1101-06-00 BIZ1101-09-00,18.0,월금,1,0,3,4,1+1+1+2+2
4602,5.674,MR,YCA1006-02-00,UIC1561-01-00 UIC1551-01-00 UIC2151-07-00 UIC1806-01-00,ECO1101-06-00 BIZ1101-09-00,18.0,월금,1,0,3,4,1+2+2+1+1
4603,5.674,MR,YCA1006-01-00,UIC1561-01-00 UIC1551-01-00 UIC2151-06-00 UIC1805-01-00,ECO1101-06-00 BIZ1101-09-00,18.0,월금,1,0,3,4,1+2+2+1+1
4604,5.674,MR,YCA1006-01-00,UIC1561-01-00 UIC1551-01-00 UIC2151-06-00 UIC1806-01-00,ECO1101-06-00 BIZ1101-09-00,18.0,월금,1,0,3,4,1+2+2+1+1
4605,5.674,MR,YCA1006-01-00,UIC1561-01-00 UIC1551-01-00 UIC2151-07-00 UIC1805-01-00,ECO1101-06-00 BIZ1101-09-00,18.0,월금,1,0,3,4,1+2+2+1+1
4606,5.674,MR,YCA1006-02-00,UIC1561-01-00 UIC1551-01-00 UIC2151-05-00 UIC1806-02-00,ECO1101-06-00 BIZ1101-09-00,18.0,월금,1,0,3,4,1+2+2+1+1
4607,5.674,MR,YCA1006-01-00,UIC1561-01-00 UIC1551-01-00 UIC2151-12-00 UIC1806-02-00,ECO1101-06-00 BIZ1101-09-00,18.0,월금,1,0,3,4,1+2+1+2+1
4608,5.674,MR,YCA1006-02-00,UIC1561-01-00 UIC1551-04-00 UIC2151-08-00 UIC1806-01-00,ECO1101-06-00 BIZ1101-09-00,18.0,월금,1,0,3,4,1+1+1+2+2
4609,5.674,MR,YCA1006-02-00,UIC1561-01-00 UIC1551-04-00 UIC2151-09-00 UIC1806-01-00,ECO1101-06-00 BIZ1101-09-00,18.0,월금,1,0,3,4,1+1+1+2+2
4610,5.674,MR,YCA1006-01-00,UIC1561-01-00 UIC1551-01-00 UIC2151-12-00 UIC1806-02-00,ECO1101-06-00 BIZ1101-09-00,18.0,월금,1,0,3,4,1+2+1+2+1
4611,5.674,MR,YCA1006-02-00,UIC1561-01-00 UIC1551-04-00 UIC2151-08-00 UIC1805-01-00,ECO1101-06-00 BIZ1101-09-00,18.0,월금,1,0,3,4,1+1+1+2+2
4612,5.674,MR,YCA1006-01-00,UIC1561-01-00 UIC1551-01-00 UIC2151-06-00 UIC1806-01-00,ECO1101-06-00 BIZ1101-09-00,18.0,월금,1,0,3,4,1+2+2+1+1
4613,5.674,MR,YCA1006-02-00,UIC1561-01-00 UIC1551-01-00 UIC2151-06-00 UIC1806-01-00,ECO1101-06-00 BIZ1101-09-00,18.0,월금,1,0,3,4,1+2+2+1+1
4614,5.674,MR,YCA1006-01-00,UIC1561-01-00 UIC1551-01-00 UIC2151-05-00 UIC1806-02-00,ECO1101-06-00 BIZ1101-09-00,18.0,월금,1,0,3,4,1+2+2+1+1
4615,5.674,MR,YCA1006-02-00,UIC1561-01-00 UIC1551-04-00 UIC2151-09-00 UIC1805-01-00,ECO1101-06-00 BIZ1101-09-00,18.0,월금,1,0,3,4,1+1+1+2+2
4616,5.674,MR,YCA1006-02-00,UIC1561-01-00 UIC1551-04-00 UIC2151-09-00 UIC1805-01-00,ECO1101-06-00 BIZ1101-09-00,18.0,월금,1,0,3,4,1+1+1+2+2
4617,5.674,MR,YCA1006-01-00,UIC1561-01-00 UIC1551-01-00 UIC2151-06-00 UIC1805-01-00,ECO1101-06-00 BIZ1101-09-00,18.0,월금,1,0,3,4,1+2+2+1+1
4618,5.674,MR,YCA1006-02-00,UIC1561-01-00 UIC1551-01-00 UIC2151-07-00 UIC1806-01-00,ECO1101-06-00 BIZ1101-09-00,18.0,월금,1,0,3,4,1+2+2+1+1
4619,5.674,MR,YCA1006-02-00,UIC1561-01-00 UIC1551-01-00 UIC2151-06-00 UIC1805-01-00,ECO1101-06-00 BIZ1101-09-00,18.0,월금,1,0,3,4,1+2+2+1+1
4620,5.674,MR,YCA1006-02-00,UIC1561-01-00 UIC1551-01-00 UIC2151-06-00 UIC1805-01-00,ECO1101-06-00 BIZ1101-09-00,18.0,월금,1,0,3,4,1+2+2+1+1
4621,5.674,MR,YCA1006-02-00,UIC1561-01-00 UIC1551-04-00 UIC2151-08-00 UIC1806-01-00,ECO1101-06-00 BIZ1101-09-00,18.0,월금,1,0,3,4,1+1+1+2+2
4622,5.674,MR,YCA1006-02-00,UIC1561-01-00 UIC1551-04-00 UIC2151-09-00 UIC1806-01-00,ECO1101-06-00 BIZ1101-09-00,18.0,월금,1,0,3,4,1+1+1+2+2
4623,5.674,MR,YCA1006-01-00,UIC1561-01-00 UIC1551-01-00 UIC2151-07-00 UIC1806-01-00,ECO1101-06-00 BIZ1101-09-00,18.0,월금,1,0,3,4,1+2+2+1+1
4624,5.674,MR,YCA1006-02-00,UIC1561-01-00 UIC1551-01-00 UIC2151-07-00 UIC1805-01-00,ECO1101-06-00 BIZ1101-09-00,18.0,월금,1,0,3,4,1+2+2+1+1
4625,5.674,MR,YCA1006-02-00,UIC1561-01-00 UIC1551-01-00 UIC2151-06-00 UIC1806-01-00,ECO1101-06-00 BIZ1101-09-00,18.0,월금,1,0,3,4,1+2+2+1+1
4626,5.674,MR,YCA1006-01-00,UIC1561-01-00 UIC1551-01-00 UIC2151-07-00 UIC1805-01-00,ECO1101-06-00 BIZ1101-09-00,18.0,월금,1,0,3,4,1+2+2+1+1
4627,5.674,MR,YCA1006-02-00,UIC1561-01-00 UIC1551-01-00 UIC2151-05-00 UIC1806-02-00,ECO1101-06-00 BIZ1101-09-00,18.0,월금,1,0,3,4,1+2+2+1+1
4628,5.674,MR,YCA1006-01-00,UIC1561-01-00 UIC1551-01-00 UIC2151-07-00 UIC1806-01-00,ECO1101-06-00 BIZ1101-09-00,18.0,월금,1,0,3,4,1+2+2+1+1
4629,5.674,MR,YCA1006-02-00,UIC1561-01-00 UIC1551-04-00 UIC2151-05-00 UIC1805-02-00,ECO1101-06-00 BIZ1101-09-00,18.0,월금,1,0,3,4,1+1+1+2+2
4630,5.64,MR,YCA1006-01-00,UIC1561-01-00 UIC1501-04-00 UIC2151-14-00 UIC1805-02-00,YCK1998-03-00 STA1002-04-00,18.0,월금,1,0,1,5,2+2+2
4631,5.64,MR,YCA1006-01-00,UIC1561-01-00 UIC1401-02-00 UIC2151-14-00 UIC1806-01-00,YCK1998-03-00 STA1002-04-00,18.0,월금,1,0,1,5,2+2+2
4632,5.64,MR,YCA1006-01-00,UIC1561-01-00 UIC1401-02-00 UIC2151-14-00 UIC1805-01-00,YCK1998-03-00 STA1002-04-00,18.0,월금,1,0,1,5,2+2+2
4633,5.64,MR,YCA1006-01-00,UIC1561-01-00 UIC1401-02-00 UIC2151-14-00 UIC1806-01-00,YCK1998-03-00 STA1002-04-00,18.0,월금,1,0,1,5,2+2+2
4634,5.64,MR,YCA1006-01-00,UIC1561-01-00 UIC1501-04-00 UIC2151-14-00 UIC1805-02-00,YCK1998-03-00 STA1002-04-00,18.0,월금,1,0,1,5,2+2+2
4635,5.64,MR,YCA1006-01-00,UIC1561-01-00 UIC1401-02-00 UIC2151-14-00 UIC1805-01-00,YCK1998-03-00 STA1002-04-00,18.0,월금,1,0,1,5,2+2+2
4636,5.62,Lang,YCA1006-02-00,QRM1001-01-00 UIC1561-01-00 UIC1551-04-00 UIC2151-12-00,AST1003-01-00 BIZ1101-09-00,18.0,월금,1,0,1,5+4,1+1
4637,5.619,MR,YCA1006-01-00,UIC1561-01-00 UIC1551-04-00 UIC2151-09-00 UIC1805-01-00,YCH1202-01-00 YCK1998-03-00,18.0,월금,1,0,2,4,2+1+2
4638,5.619,MR,YCA1006-01-00,UIC1561-01-00 UIC1551-04-00 UIC2151-09-00 UIC1806-01-00,YCH1202-01-00 YCK1998-03-00,18.0,월금,1,0,2,4,2+1+2
4639,5.619,MR,YCA1006-01-00,UIC1561-01-00 UIC1551-04-00 UIC2151-09-00 UIC1806-01-00,YCH1202-01-00 YCK1998-03-00,18.0,월금,1,0,2,4,2+1+2
4640,5.619,MR,YCA1006-01-00,UIC1561-01-00 UIC1551-04-00 UIC2151-05-00 UIC1805-02-00,YCH1202-01-00 YCK1998-03-00,18.0,월금,1,0,2,4,2+1+2
4641,5.619,MR,YCA1006-01-00,UIC1561-01-00 UIC1551-04-00 UIC2151-08-00 UIC1806-01-00,YCH1202-01-00 YCK1998-03-00,18.0,월금,1,0,2,4,2+1+2
4642,5.619,MR,YCA1006-01-00,UIC1561-01-00 UIC1551-04-00 UIC2151-08-00 UIC1806-01-00,YCH1202-01-00 YCK1998-03-00,18.0,월금,1,0,2,4,2+1+2
4643,5.619,MR,YCA1006-01-00,UIC1561-01-00 UIC1551-04-00 UIC2151-08-00 UIC1805-01-00,YCH1202-01-00 YCK1998-03-00,18.0,월금,1,0,2,4,2+1+2
4644,5.619,MR,YCA1006-01-00,UIC1561-01-00 UIC1551-04-00 UIC2151-09-00 UIC1805-01-00,YCH1202-01-00 YCK1998-03-00,18.0,월금,1,0,2,4,2+1+2
4645,5.619,MR,YCA1006-01-00,UIC1561-01-00 UIC1551-04-00 UIC2151-08-00 UIC1805-01-00,YCH1202-01-00 YCK1998-03-00,18.0,월금,1,0,2,4,2+1+2
4646,5.619,MR,YCA1006-01-00,UIC1561-01-00 UIC1551-04-00 UIC2151-05-00 UIC1805-02-00,YCH1202-01-00 YCK1998-03-00,18.0,월금,1,0,2,4,2+1+2
4647,5.615,MR,YCA1006-01-00,UIC1561-01-00 UIC1251-02-00 UIC2151-14-00 UIC1805-02-00,STA1002-04-00 BIZ1101-09-00,18.0,월금,0,0,1,6+4,2+1
4648,5.615,MR,YCA1006-01-00,UIC1561-01-00 UIC1401-02-00 UIC2151-14-00 UIC1806-02-00,STA1002-04-00 BIZ1101-09-00,18.0,월금,0,0,1,6+4,2+1
4649,5.615,MR,YCA1006-01-00,UIC1561-01-00 UIC1401-02-00 UIC2151-14-00 UIC1806-02-00,STA1002-04-00 BIZ1101-09-00,18.0,월금,0,0,1,6+4,2+1
4650,5.615,MR,YCA1006-01-00,UIC1561-01-00 UIC1251-02-00 UIC2151-14-00 UIC1805-02-00,STA1002-04-00 BIZ1101-09-00,18.0,월금,0,0,1,6+4,2+1
4651,5.605,MR,YCA1006-01-00,UIC1561-01-00 UIC1551-04-00 UIC2151-05-00 UIC1805-02-00,UCD1101-01-00 STA2102-05-00,18.0,월금,1,0,2,4,2+1+2
4652,5.605,MR,YCA1006-01-00,UIC1561-01-00 UIC1551-04-00 UIC2151-08-00 UIC1806-01-00,UCD1101-01-00 STA2102-05-00,18.0,월금,1,0,2,4,2+1+2
4653,5.605,MR,YCA1006-01-00,UIC1561-01-00 UIC1551-04-00 UIC2151-09-00 UIC1805-01-00,UCD1101-01-00 STA2102-05-00,18.0,월금,1,0,2,4,2+1+2
4654,5.605,MR,-,UIC1561-01-00 UIC1551-01-00 UIC2151-12-00 UIC1805-02-00,UCB1105-02-00 BIZ1101-09-00,18.0,월금,1,0,1,,1+2
4655,5.605,MR,-,UIC1561-01-00 UIC1551-04-00 UIC2151-12-00 UIC1806-02-00,YCI1998-02-00 BIZ1101-09-00,18.0,월금,1,0,1,,2+1
4656,5.605,MR,-,UIC1561-01-00 UIC1551-04-00 UIC2151-12-00 UIC1806-02-00,YCI1998-02-00 BIZ1101-09-00,18.0,월금,1,0,1,,2+1
4657,5.605,MR,YCA1006-01-00,UIC1561-01-00 UIC1551-04-00 UIC2151-09-00 UIC1805-01-00,UCD1101-01-00 STA2102-05-00,18.0,월금,1,0,2,4,2+1+2
4658,5.605,MR,YCA1006-01-00,UIC1561-01-00 UIC1551-04-00 UIC2151-09-00 UIC1806-01-00,UCD1101-01-00 STA2102-05-00,18.0,월금,1,0,2,4,2+1+2
4659,5.605,MR,YCA1006-01-00,UIC1561-01-00 UIC1551-04-00 UIC2151-08-00 UIC1805-01-00,UCD1101-01-00 STA2102-05-00,18.0,월금,1,0,2,4,2+1+2
4660,5.605,MR,-,UIC1561-01-00 UIC1551-01-00 UIC2151-12-00 UIC1805-02-00,UCB1105-02-00 BIZ1101-09-00,18.0,월금,1,0,1,,1+2
4661,5.605,MR,YCA1006-01-00,UIC1561-01-00 UIC1551-04-00 UIC2151-08-00 UIC1805-01-00,UCD1101-01-00 STA2102-05-00,18.0,월금,1,0,2,4,2+1+2
4662,5.605,MR,YCA1006-01-00,UIC1561-01-00 UIC1551-04-00 UIC2151-05-00 UIC1805-02-00,UCD1101-01-00 STA2102-05-00,18.0,월금,1,0,2,4,2+1+2
4663,5.605,MR,YCA1006-01-00,UIC1561-01-00 UIC1551-04-00 UIC2151-08-00 UIC1806-01-00,UCD1101-01-00 STA2102-05-00,18.0,월금,1,0,2,4,2+1+2
4664,5.605,MR,YCA1006-01-00,UIC1561-01-00 UIC1551-04-00 UIC2151-09-00 UIC1806-01-00,UCD1101-01-00 STA2102-05-00,18.0,월금,1,0,2,4,2+1+2
4665,5.599,MR,YCA1006-01-00,UIC1561-01-00 UIC1251-02-00 UIC2151-14-00 UIC1805-02-00,ECO1101-06-00 CTM1001-02-00,18.0,월금,0,1,3,4+6,1+1+2
4666,5.599,MR,YCA1006-01-00,UIC1561-01-00 UIC1251-02-00 UIC2151-14-00 UIC1805-02-00,ECO1101-06-00 CTM1001-02-00,18.0,월금,0,1,3,4+6,1+1+2
4667,5.599,MR,YCA1006-01-00,UIC1561-01-00 UIC1401-02-00 UIC2151-14-00 UIC1806-02-00,ECO1101-06-00 CTM1001-02-00,18.0,월금,0,1,3,4+6,1+1+2
4668,5.599,MR,YCA1006-01-00,UIC1561-01-00 UIC1401-02-00 UIC2151-14-00 UIC1806-02-00,ECO1101-06-00 CTM1001-02-00,18.0,월금,0,1,3,4+6,1+1+2
4669,5.59,WCiv,YCA1006-02-00,QRM1001-01-00 UIC1551-01-00 UIC2151-13-00 UIC1805-01-00,UCB1105-02-00 YCE1253-01-00,18.0,월금,1,1,2,8,1+1
4670,5.59,WCiv,YCA1006-01-00,QRM1001-01-00 UIC1551-01-00 UIC2151-13-00 UIC1805-01-00,YCH1605-01-00 STA1002-04-00,18.0,월금,1,1,2,5,1+2+2+1
4671,5.59,WCiv,YCA1006-02-00,QRM1001-01-00 UIC1551-01-00 UIC2151-13-00 UIC1805-01-00,YCH1605-01-00 STA1002-04-00,18.0,월금,1,1,2,5,1+2+2+1
4672,5.59,WCiv,YCA1006-02-00,QRM1001-01-00 UIC1551-01-00 UIC2151-13-00 UIC1806-01-00,UCB1105-02-00 YCE1253-01-00,18.0,월금,1,1,2,8,1+1
4673,5.59,WCiv,YCA1006-02-00,QRM1001-01-00 UIC1551-01-00 UIC2151-13-00 UIC1805-01-00,YCH1605-01-00 STA1002-04-00,18.0,월금,1,1,2,5,1+2+2+1
4674,5.59,WCiv,YCA1006-02-00,QRM1001-01-00 UIC1551-01-00 UIC2151-13-00 UIC1805-01-00,UCB1105-02-00 YCE1253-01-00,18.0,월금,1,1,2,8,1+1
4675,5.59,WCiv,YCA1006-01-00,QRM1001-01-00 UIC1551-01-00 UIC2151-13-00 UIC1805-01-00,YCH1605-01-00 STA1002-04-00,18.0,월금,1,1,2,5,1+2+2+1
4676,5.59,WCiv,YCA1006-02-00,QRM1001-01-00 UIC1551-01-00 UIC2151-13-00 UIC1806-01-00,UCB1105-02-00 YCE1253-01-00,18.0,월금,1,1,2,8,1+1
4677,5.59,WCiv,YCA1006-02-00,QRM1001-01-00 UIC1551-01-00 UIC2151-13-00 UIC1806-01-00,YCH1605-01-00 STA1002-04-00,18.0,월금,1,1,2,5,1+2+2+1
4678,5.59,WCiv,YCA1006-02-00,QRM1001-01-00 UIC1551-01-00 UIC2151-13-00 UIC1806-01-00,YCH1605-01-00 STA1002-04-00,18.0,월금,1,1,2,5,1+2+2+1
4679,5.59,WCiv,YCA1006-01-00,QRM1001-01-00 UIC1551-01-00 UIC2151-13-00 UIC1806-01-00,YCH1605-01-00 STA1002-04-00,18.0,월금,1,1,2,5,1+2+2+1
4680,5.59,WCiv,YCA1006-01-00,QRM1001-01-00 UIC1551-01-00 UIC2151-13-00 UIC1806-01-00,YCH1605-01-00 STA1002-04-00,18.0,월금,1,1,2,5,1+2+2+1
4681,5.574,WCiv,YCA1006-02-00,QRM1001-01-00 UIC1551-01-00 UIC2151-13-00 UIC1805-01-00,ECO1101-06-00 YCE1253-01-00,18.0,월금,1,1,3,4+5,1+1+1
4682,5.574,WCiv,YCA1006-02-00,QRM1001-01-00 UIC1551-01-00 UIC2151-13-00 UIC1805-01-00,ECO1101-06-00 YCE1253-01-00,18.0,월금,1,1,3,4+5,1+1+1
4683,5.574,WCiv,YCA1006-02-00,QRM1001-01-00 UIC1551-01-00 UIC2151-13-00 UIC1806-01-00,ECO1101-06-00 YCE1253-01-00,18.0,월금,1,1,3,4+5,1+1+1
4684,5.574,WCiv,YCA1006-02-00,QRM1001-01-00 UIC1551-01-00 UIC2151-13-00 UIC1806-01-00,ECO1101-06-00 YCE1253-01-00,18.0,월금,1,1,3,4+5,1+1+1
4685,5.565,MR,YCA1006-02-00,UIC1561-01-00 UIC1551-04-00 UIC2151-09-00 UIC1806-01-00,YCK1998-03-00 BIZ1101-09-00,18.0,월금,1,0,1,4,1+1+1+2
4686,5.565,MR,YCA1006-01-00,UIC1561-01-00 UIC1551-01-00 UIC2151-06-00 UIC1806-01-00,YCK1998-03-00 BIZ1101-09-00,18.0,월금,1,0,1,4,1+2+1+1
4687,5.565,MR,YCA1006-02-00,UIC1561-01-00 UIC1551-01-00 UIC2151-06-00 UIC1805-01-00,YCK1998-03-00 BIZ1101-09-00,18.0,월금,1,0,1,4,1+2+1+1
4688,5.565,MR,YCA1006-01-00,UIC1561-01-00 UIC1551-01-00 UIC2151-07-00 UIC1806-01-00,YCK1998-03-00 BIZ1101-09-00,18.0,월금,1,0,1,4,1+2+1+1
4689,5.565,MR,YCA1006-01-00,UIC1561-01-00 UIC1551-01-00 UIC2151-12-00 UIC1806-02-00,YCK1998-03-00 BIZ1101-09-00,18.0,월금,1,0,1,4,1+2+1+1
4690,5.565,MR,YCA1006-02-00,UIC1561-01-00 UIC1551-01-00 UIC2151-06-00 UIC1806-01-00,YCK1998-03-00 BIZ1101-09-00,18.0,월금,1,0,1,4,1+2+1+1
4691,5.565,MR,YCA1006-01-00,UIC1561-01-00 UIC1551-01-00 UIC2151-06-00 UIC1805-01-00,YCK1998-03-00 BIZ1101-09-00,18.0,월금,1,0,1,4,1+2+1+1
4692,5.565,MR,YCA1006-01-00,UIC1561-01-00 UIC1551-01-00 UIC2151-07-00 UIC1806-01-00,YCK1998-03-00 BIZ1101-09-00,18.0,월금,1,0,1,4,1+2+1+1
4693,5.565,MR,YCA1006-01-00,UIC1561-01-00 ASP2022-01-00 UIC2151-12-00 UIC1806-02-00,ECO1002-04-00 BIZ1101-09-00,18.0,월금,1,0,0,,1+2+1+1
4694,5.565,MR,YCA1006-02-00,UIC1561-01-00 UIC1551-01-00 UIC2151-07-00 UIC1805-01-00,YCK1998-03-00 BIZ1101-09-00,18.0,월금,1,0,1,4,1+2+1+1
4695,5.565,MR,YCA1006-02-00,UIC1561-01-00 UIC1551-04-00 UIC2151-08-00 UIC1805-01-00,YCK1998-03-00 BIZ1101-09-00,18.0,월금,1,0,1,4,1+1+1+2
4696,5.565,MR,YCA1006-02-00,UIC1561-01-00 UIC1551-04-00 UIC2151-08-00 UIC1806-01-00,YCK1998-03-00 BIZ1101-09-00,18.0,월금,1,0,1,4,1+1+1+2
4697,5.565,MR,YCA1006-01-00,UIC1561-01-00 UIC1551-01-00 UIC2151-06-00 UIC1805-01-00,YCK1998-03-00 BIZ1101-09-00,18.0,월금,1,0,1,4,1+2+1+1
4698,5.565,MR,YCA1006-02-00,UIC1561-01-00 UIC1551-01-00 UIC2151-07-00 UIC1806-01-00,YCK1998-03-00 BIZ1101-09-00,18.0,월금,1,0,1,4,1+2+1+1
4699,5.565,MR,YCA1006-02-00,UIC1561-01-00 UIC1551-04-00 UIC2151-08-00 UIC1805-01-00,YCK1998-03-00 BIZ1101-09-00,18.0,월금,1,0,1,4,1+1+1+2
4700,5.565,MR,YCA1006-02-00,UIC1561-01-00 UIC1551-01-00 UIC2151-05-00 UIC1806-02-00,YCK1998-03-00 BIZ1101-09-00,18.0,월금,1,0,1,4,1+2+1+1
4701,5.565,MR,YCA1006-02-00,UIC1561-01-00 UIC1551-04-00 UIC2151-09-00 UIC1806-01-00,YCK1998-03-00 BIZ1101-09-00,18.0,월금,1,0,1,4,1+1+1+2
4702,5.565,MR,YCA1006-01-00,UIC1561-01-00 ASP2022-01-00 UIC2151-12-00 UIC1806-02-00,ECO1002-04-00 BIZ1101-09-00,18.0,월금,1,0,0,,1+2+1+1
4703,5.565,MR,YCA1006-02-00,UIC1561-01-00 UIC1551-01-00 UIC2151-07-00 UIC1805-01-00,YCK1998-03-00 BIZ1101-09-00,18.0,월금,1,0,1,4,1+2+1+1
4704,5.565,MR,YCA1006-01-00,UIC1561-01-00 UIC1551-01-00 UIC2151-07-00 UIC1805-01-00,YCK1998-03-00 BIZ1101-09-00,18.0,월금,1,0,1,4,1+2+1+1
4705,5.565,MR,YCA1006-02-00,UIC1561-01-00 UIC1551-01-00 UIC2151-06-00 UIC1806-01-00,YCK1998-03-00 BIZ1101-09-00,18.0,월금,1,0,1,4,1+2+1+1
4706,5.565,MR,YCA1006-01-00,UIC1561-01-00 UIC1551-01-00 UIC2151-05-00 UIC1806-02-00,YCK1998-03-00 BIZ1101-09-00,18.0,월금,1,0,1,4,1+2+1+1
4707,5.565,MR,YCA1006-01-00,UIC1561-01-00 UIC1551-01-00 UIC2151-12-00 UIC1806-02-00,YCK1998-03-00 BIZ1101-09-00,18.0,월금,1,0,1,4,1+2+1+1
4708,5.565,MR,YCA1006-01-00,UIC1561-01-00 UIC1551-01-00 UIC2151-07-00 UIC1805-01-00,YCK1998-03-00 BIZ1101-09-00,18.0,월금,1,0,1,4,1+2+1+1
4709,5.565,MR,YCA1006-02-00,UIC1561-01-00 UIC1551-04-00 UIC2151-08-00 UIC1806-01-00,YCK1998-03-00 BIZ1101-09-00,18.0,월금,1,0,1,4,1+1+1+2
4710,5.565,MR,YCA1006-02-00,UIC1561-01-00 UIC1551-04-00 UIC2151-09-00 UIC1805-01-00,YCK1998-03-00 BIZ1101-09-00,18.0,월금,1,0,1,4,1+1+1+2
4711,5.565,MR,YCA1006-02-00,UIC1561-01-00 UIC1551-04-00 UIC2151-05-00 UIC1805-02-00,YCK1998-03-00 BIZ1101-09-00,18.0,월금,1,0,1,4,1+1+1+2
4712,5.565,MR,YCA1006-01-00,UIC1561-01-00 UIC1551-01-00 UIC2151-06-00 UIC1806-01-00,YCK1998-03-00 BIZ1101-09-00,18.0,월금,1,0,1,4,1+2+1+1
4713,5.565,MR,YCA1006-02-00,UIC1561-01-00 UIC1551-01-00 UIC2151-05-00 UIC1806-02-00,YCK1998-03-00 BIZ1101-09-00,18.0,월금,1,0,1,4,1+2+1+1
4714,5.565,MR,YCA1006-02-00,UIC1561-01-00 UIC1551-04-00 UIC2151-05-00 UIC1805-02-00,YCK1998-03-00 BIZ1101-09-00,18.0,월금,1,0,1,4,1+1+1+2
4715,5.565,MR,YCA1006-02-00,UIC1561-01-00 UIC1551-01-00 UIC2151-06-00 UIC1805-01-00,YCK1998-03-00 BIZ1101-09-00,18.0,월금,1,0,1,4,1+2+1+1
4716,5.565,MR,YCA1006-02-00,UIC1561-01-00 UIC1551-01-00 UIC2151-07-00 UIC1806-01-00,YCK1998-03-00 BIZ1101-09-00,18.0,월금,1,0,1,4,1+2+1+1
4717,5.565,MR,YCA1006-02-00,UIC1561-01-00 UIC1551-04-00 UIC2151-09-00 UIC1805-01-00,YCK1998-03-00 BIZ1101-09-00,18.0,월금,1,0,1,4,1+1+1+2
4718,5.565,MR,YCA1006-01-00,UIC1561-01-00 UIC1551-01-00 UIC2151-05-00 UIC1806-02-00,YCK1998-03-00 BIZ1101-09-00,18.0,월금,1,0,1,4,1+2+1+1
4719,5.565,-,YCA1006-01-00,QRM1001-01-00 UIC1561-01-00 UIC1551-04-00 UIC2151-12-00 UIC1806-01-00,CTM1002-02-00,18.0,월금,2,1,1,6,1+1+3
4720,5.565,-,YCA1006-01-00,QRM1001-01-00 UIC1561-01-00 UIC1551-04-00 UIC2151-12-00 UIC1805-01-00,CTM1002-02-00,18.0,월금,2,1,1,6,1+1+3
4721,5.565,-,YCA1006-01-00,QRM1001-01-00 UIC1561-01-00 UIC1551-04-00 UIC2151-12-00 UIC1806-01-00,CTM1002-02-00,18.0,월금,2,1,1,6,1+1+3
4722,5.565,-,YCA1006-01-00,QRM1001-01-00 UIC1561-01-00 UIC1551-04-00 UIC2151-12-00 UIC1805-01-00,CTM1002-02-00,18.0,월금,2,1,1,6,1+1+3
4723,5.556,Lang,-,QRM1001-01-00 UIC1561-01-00 UIC1401-03-00 UIC2151-12-00,YCH1202-01-00 YCK1998-03-00,18.0,월화,1,0,1,,1+1+1
4724,5.542,Lang,YCA1006-02-00,QRM1001-01-00 UIC1561-01-00 UIC1501-02-00 UIC2151-14-00,YCH1605-01-00 YCH1202-01-00,18.0,금,0,0,2,,2+2+2+1
4725,5.542,Lang,YCA1006-02-00,QRM1001-01-00 UIC1561-01-00 UIC1551-03-00 UIC2151-14-00,YCH1605-01-00 YCH1202-01-00,18.0,금,0,0,2,,2+2+2+1
4726,5.514,MR,-,UIC1561-01-00 UIC1251-02-00 UIC2151-14-00 UIC1805-02-00,ECO1101-06-00 YCK1998-03-00,18.0,월금,0,0,3,4+6,1
4727,5.514,MR,-,UIC1561-01-00 UIC1401-02-00 UIC2151-14-00 UIC1806-02-00,ECO1101-06-00 YCK1998-03-00,18.0,월금,0,0,3,4+6,1
4728,5.514,MR,-,UIC1561-01-00 UIC1251-02-00 UIC2151-14-00 UIC1805-02-00,ECO1101-06-00 YCK1998-03-00,18.0,월금,0,0,3,4+6,1
4729,5.514,MR,-,UIC1561-01-00 UIC1401-02-00 UIC2151-14-00 UIC1806-02-00,ECO1101-06-00 YCK1998-03-00,18.0,월금,0,0,3,4+6,1
4730,5.499,MR,YCA1006-01-00,UIC1561-01-00 ASP2022-01-00 UIC2151-07-00 UIC1805-02-00,ECO1101-06-00 YCK1998-03-00,18.0,월금,0,0,2,4+5+4,1+1
4731,5.499,MR,YCA1006-01-00,UIC1561-01-00 ASP2022-01-00 UIC2151-06-00 UIC1805-02-00,ECO1101-06-00 YCK1998-03-00,18.0,월금,0,0,2,4+5+4,1+1
4732,5.499,MR,YCA1006-01-00,UIC1561-01-00 ASP2022-01-00 UIC2151-09-00 UIC1806-02-00,ECO1101-06-00 YCK1998-03-00,18.0,월금,0,0,2,4+5+4,1+1
4733,5.499,MR,YCA1006-01-00,UIC1561-01-00 ASP2022-01-00 UIC2151-08-00 UIC1806-02-00,ECO1101-06-00 YCK1998-03-00,18.0,월금,0,0,2,4+5+4,1+1
4734,5.499,MR,YCA1006-01-00,UIC1561-01-00 ASP2022-01-00 UIC2151-09-00 UIC1806-02-00,ECO1101-06-00 YCK1998-03-00,18.0,월금,0,0,2,4+5+4,1+1
4735,5.499,MR,YCA1006-01-00,UIC1561-01-00 ASP2022-01-00 UIC2151-07-00 UIC1805-02-00,ECO1101-06-00 YCK1998-03-00,18.0,월금,0,0,2,4+5+4,1+1
4736,5.499,MR,YCA1006-01-00,UIC1561-01-00 ASP2022-01-00 UIC2151-06-00 UIC1805-02-00,ECO1101-06-00 YCK1998-03-00,18.0,월금,0,0,2,4+5+4,1+1
4737,5.499,MR,YCA1006-01-00,UIC1561-01-00 ASP2022-01-00 UIC2151-08-00 UIC1806-02-00,ECO1101-06-00 YCK1998-03-00,18.0,월금,0,0,2,4+5+4,1+1
4738,5.49,MR,YCA1006-01-00,UIC1561-01-00 UIC1551-04-00 UIC2151-05-00 UIC1806-02-00,AST1003-01-00 BIZ1101-09-00,18.0,월금,1,0,1,6,1+1
4739,5.49,MR,YCA1006-01-00,UIC1561-01-00 UIC1251-02-00 UIC2151-14-00 UIC1806-01-00,YCE1253-01-00 BIZ1101-09-00,18.0,월금,1,0,1,6,1+1
4740,5.49,MR,YCA1006-01-00,UIC1561-01-00 UIC1551-04-00 UIC2151-06-00 UIC1806-01-00,AST1003-01-00 BIZ1101-09-00,18.0,월금,1,0,1,6,1+1
4741,5.49,MR,YCA1006-01-00,UIC1561-01-00 UIC1401-02-00 UIC2151-14-00 UIC1806-02-00,ATM2112-01-00 BIZ1101-09-00,18.0,월금,1,0,1,6,1+1
4742,5.49,MR,YCA1006-01-00,UIC1561-01-00 UIC1401-02-00 UIC2151-12-00 UIC1806-02-00,ISM1001-02-00 BIZ1101-09-00,18.0,월금,1,0,1,6,1+1
4743,5.49,MR,YCA1006-01-00,UIC1561-01-00 UIC1551-04-00 UIC2151-07-00 UIC1805-01-00,AST1003-01-00 BIZ1101-09-00,18.0,월금,1,0,1,6,1+1
4744,5.49,MR,YCA1006-01-00,UIC1561-01-00 UIC1501-04-00 UIC2151-14-00 UIC1806-02-00,YCE1253-01-00 BIZ1101-09-00,18.0,월금,1,0,1,6,1+1
4745,5.49,MR,YCA1006-01-00,UIC1561-01-00 UIC1551-04-00 UIC2151-06-00 UIC1805-01-00,AST1003-01-00 BIZ1101-09-00,18.0,월금,1,0,1,6,1+1
4746,5.49,MR,YCA1006-01-00,UIC1561-01-00 UIC1251-02-00 UIC2151-12-00 UIC1805-02-00,CTM1004-02-00 BIZ1101-09-00,18.0,월금,1,0,1,6,1+1
4747,5.49,MR,YCA1006-01-00,UIC1561-01-00 UIC1251-02-00 UIC2151-14-00 UIC1805-02-00,ATM2112-01-00 BIZ1101-09-00,18.0,월금,1,0,1,6,1+1
4748,5.49,MR,YCA1006-01-00,UIC1561-01-00 UIC1501-04-00 UIC2151-14-00 UIC1806-02-00,YCE1253-01-00 BIZ1101-09-00,18.0,월금,1,0,1,6,1+1
4749,5.49,MR,YCA1006-01-00,UIC1561-01-00 UIC1551-04-00 UIC2151-12-00 UIC1806-02-00,AST1003-01-00 BIZ1101-09-00,18.0,월금,1,0,1,6,1+1
4750,5.49,MR,YCA1006-01-00,UIC1561-01-00 UIC1551-04-00 UIC2151-07-00 UIC1806-01-00,AST1003-01-00 BIZ1101-09-00,18.0,월금,1,0,1,6,1+1
4751,5.49,MR,YCA1006-01-00,UIC1561-01-00 UIC1401-02-00 UIC2151-14-00 UIC1806-02-00,ATM2112-01-00 BIZ1101-09-00,18.0,월금,1,0,1,6,1+1
4752,5.49,MR,YCA1006-01-00,UIC1561-01-00 UIC1251-02-00 UIC2151-12-00 UIC1805-02-00,CTM1004-02-00 BIZ1101-09-00,18.0,월금,1,0,1,6,1+1
4753,5.49,MR,YCA1006-01-00,UIC1561-01-00 UIC1251-02-00 UIC2151-14-00 UIC1805-01-00,YCE1253-01-00 BIZ1101-09-00,18.0,월금,1,0,1,6,1+1
4754,5.49,MR,YCA1006-01-00,UIC1561-01-00 UIC1551-04-00 UIC2151-07-00 UIC1806-01-00,AST1003-01-00 BIZ1101-09-00,18.0,월금,1,0,1,6,1+1
4755,5.49,MR,YCA1006-01-00,UIC1561-01-00 UIC1551-04-00 UIC2151-12-00 UIC1806-02-00,AST1003-01-00 BIZ1101-09-00,18.0,월금,1,0,1,6,1+1
4756,5.49,MR,YCA1006-01-00,UIC1561-01-00 UIC1551-04-00 UIC2151-05-00 UIC1806-02-00,AST1003-01-00 BIZ1101-09-00,18.0,월금,1,0,1,6,1+1
4757,5.49,MR,YCA1006-01-00,UIC1561-01-00 UIC1401-02-00 UIC2151-12-00 UIC1806-02-00,CTM1004-02-00 BIZ1101-09-00,18.0,월금,1,0,1,6,1+1
4758,5.49,MR,YCA1006-01-00,UIC1561-01-00 UIC1251-02-00 UIC2151-14-00 UIC1806-01-00,YCE1253-01-00 BIZ1101-09-00,18.0,월금,1,0,1,6,1+1
4759,5.49,MR,YCA1006-01-00,UIC1561-01-00 UIC1251-02-00 UIC2151-12-00 UIC1805-02-00,ISM1001-02-00 BIZ1101-09-00,18.0,월금,1,0,1,6,1+1
4760,5.49,MR,YCA1006-01-00,UIC1561-01-00 UIC1551-04-00 UIC2151-06-00 UIC1805-01-00,AST1003-01-00 BIZ1101-09-00,18.0,월금,1,0,1,6,1+1
4761,5.49,MR,YCA1006-01-00,UIC1561-01-00 UIC1551-04-00 UIC2151-07-00 UIC1805-01-00,AST1003-01-00 BIZ1101-09-00,18.0,월금,1,0,1,6,1+1
4762,5.49,MR,YCA1006-01-00,UIC1561-01-00 UIC1251-02-00 UIC2151-14-00 UIC1805-02-00,ATM2112-01-00 BIZ1101-09-00,18.0,월금,1,0,1,6,1+1
4763,5.49,MR,YCA1006-01-00,UIC1561-01-00 UIC1401-02-00 UIC2151-12-00 UIC1806-02-00,CTM1004-02-00 BIZ1101-09-00,18.0,월금,1,0,1,6,1+1
4764,5.49,MR,YCA1006-01-00,UIC1561-01-00 UIC1401-02-00 UIC2151-12-00 UIC1806-02-00,ISM1001-02-00 BIZ1101-09-00,18.0,월금,1,0,1,6,1+1
4765,5.49,MR,YCA1006-01-00,UIC1561-01-00 UIC1251-02-00 UIC2151-14-00 UIC1805-01-00,YCE1253-01-00 BIZ1101-09-00,18.0,월금,1,0,1,6,1+1
4766,5.49,MR,YCA1006-01-00,UIC1561-01-00 UIC1251-02-00 UIC2151-12-00 UIC1805-02-00,ISM1001-02-00 BIZ1101-09-00,18.0,월금,1,0,1,6,1+1
4767,5.49,MR,YCA1006-01-00,UIC1561-01-00 UIC1551-04-00 UIC2151-06-00 UIC1806-01-00,AST1003-01-00 BIZ1101-09-00,18.0,월금,1,0,1,6,1+1
4768,5.49,MR,YCA1006-01-00,UIC1561-01-00 UIC1551-01-00 UIC2151-08-00 UIC1806-02-00,UCB1105-02-00 CTM1001-02-00,18.0,월금,0,1,1,4+6,1+1
4769,5.49,MR,YCA1006-01-00,UIC1561-01-00 UIC1551-04-00 UIC2151-06-00 UIC1805-02-00,YCI1998-02-00 CTM1001-02-00,18.0,월금,0,1,1,6+4,1+1
4770,5.49,MR,YCA1006-01-00,UIC1561-01-00 UIC1551-04-00 UIC2151-06-00 UIC1805-02-00,YCI1998-02-00 CTM1001-02-00,18.0,월금,0,1,1,6+4,1+1
4771,5.49,MR,YCA1006-01-00,UIC1561-01-00 UIC1551-01-00 UIC2151-08-00 UIC1806-02-00,UCB1105-02-00 CTM1001-02-00,18.0,월금,0,1,1,4+6,1+1
4772,5.49,MR,YCA1006-01-00,UIC1561-01-00 UIC1551-01-00 UIC2151-06-00 UIC1805-02-00,UCB1105-02-00 CTM1001-02-00,18.0,월금,0,1,1,4+6,1+1
4773,5.49,MR,YCA1006-01-00,UIC1561-01-00 UIC1551-04-00 UIC2151-07-00 UIC1805-02-00,YCI1998-02-00 CTM1001-02-00,18.0,월금,0,1,1,6+4,1+1
4774,5.49,MR,YCA1006-01-00,UIC1561-01-00 UIC1251-02-00 UIC2151-14-00 UIC1805-02-00,UCB1105-02-00 CTM1001-02-00,18.0,월금,0,1,1,6+4,1+1
4775,5.49,MR,YCA1006-01-00,UIC1561-01-00 UIC1551-04-00 UIC2151-08-00 UIC1806-02-00,YCI1998-02-00 CTM1001-02-00,18.0,월금,0,1,1,6+4,1+1
4776,5.49,MR,YCA1006-01-00,UIC1561-01-00 UIC1551-01-00 UIC2151-09-00 UIC1806-02-00,UCB1105-02-00 CTM1001-02-00,18.0,월금,0,1,1,4+6,1+1
4777,5.49,MR,YCA1006-01-00,UIC1561-01-00 UIC1401-02-00 UIC2151-14-00 UIC1806-02-00,UCB1105-02-00 CTM1001-02-00,18.0,월금,0,1,1,6+4,1+1
4778,5.49,MR,YCA1006-01-00,UIC1561-01-00 UIC1251-02-00 UIC2151-14-00 UIC1805-02-00,UCB1105-02-00 CTM1001-02-00,18.0,월금,0,1,1,6+4,1+1
4779,5.49,MR,YCA1006-01-00,UIC1561-01-00 UIC1551-01-00 UIC2151-07-00 UIC1805-02-00,UCB1105-02-00 CTM1001-02-00,18.0,월금,0,1,1,4+6,1+1
4780,5.49,MR,YCA1006-01-00,UIC1561-01-00 UIC1401-02-00 UIC2151-14-00 UIC1806-02-00,UCB1105-02-00 CTM1001-02-00,18.0,월금,0,1,1,6+4,1+1
4781,5.49,MR,YCA1006-01-00,UIC1561-01-00 UIC1551-04-00 UIC2151-08-00 UIC1806-02-00,YCI1998-02-00 CTM1001-02-00,18.0,월금,0,1,1,6+4,1+1
4782,5.49,MR,YCA1006-01-00,UIC1561-01-00 UIC1551-01-00 UIC2151-09-00 UIC1806-02-00,UCB1105-02-00 CTM1001-02-00,18.0,월금,0,1,1,4+6,1+1
4783,5.49,MR,YCA1006-01-00,UIC1561-01-00 UIC1551-04-00 UIC2151-07-00 UIC1805-02-00,YCI1998-02-00 CTM1001-02-00,18.0,월금,0,1,1,6+4,1+1
4784,5.49,MR,YCA1006-01-00,UIC1561-01-00 UIC1551-01-00 UIC2151-07-00 UIC1805-02-00,UCB1105-02-00 CTM1001-02-00,18.0,월금,0,1,1,4+6,1+1
4785,5.49,MR,YCA1006-01-00,UIC1561-01-00 UIC1551-04-00 UIC2151-09-00 UIC1806-02-00,YCI1998-02-00 CTM1001-02-00,18.0,월금,0,1,1,6+4,1+1
4786,5.49,MR,YCA1006-01-00,UIC1561-01-00 UIC1551-04-00 UIC2151-09-00 UIC1806-02-00,YCI1998-02-00 CTM1001-02-00,18.0,월금,0,1,1,6+4,1+1
4787,5.49,MR,YCA1006-01-00,UIC1561-01-00 UIC1551-01-00 UIC2151-06-00 UIC1805-02-00,UCB1105-02-00 CTM1001-02-00,18.0,월금,0,1,1,4+6,1+1
4788,5.48,MR,YCA1006-02-00,UIC1561-01-00 ASP2022-01-00 UIC2151-06-00 UIC1806-01-00,YCK1998-03-00 STA2102-05-00,18.0,월금,1,0,0,4,1+2+1
4789,5.48,MR,YCA1006-01-00,UIC1561-01-00 ASP2022-01-00 UIC2151-06-00 UIC1806-01-00,YCK1998-03-00 STA2102-05-00,18.0,월금,1,0,0,4,1+2+1
4790,5.48,MR,YCA1006-02-00,UIC1561-01-00 UIC1551-04-00 UIC2151-12-00 UIC1805-02-00,ECO1002-05-00 STA2102-05-00,18.0,월금,1,0,1,4+4,1+1+2
4791,5.48,MR,YCA1006-01-00,UIC1561-01-00 ASP2022-01-00 UIC2151-06-00 UIC1805-01-00,YCK1998-03-00 STA2102-05-00,18.0,월금,1,0,0,4,1+2+1
4792,5.48,MR,YCA1006-02-00,UIC1561-01-00 ASP2022-01-00 UIC2151-07-00 UIC1805-01-00,YCK1998-03-00 STA2102-05-00,18.0,월금,1,0,0,4,1+2+1
4793,5.48,MR,YCA1006-02-00,UIC1561-01-00 ASP2022-01-00 UIC2151-05-00 UIC1806-02-00,YCK1998-03-00 STA2102-05-00,18.0,월금,1,0,0,4,1+2+1
4794,5.48,MR,YCA1006-02-00,UIC1561-01-00 ASP2022-01-00 UIC2151-06-00 UIC1805-01-00,YCK1998-03-00 STA2102-05-00,18.0,월금,1,0,0,4,1+2+1
4795,5.48,MR,YCA1006-01-00,UIC1561-01-00 ASP2022-01-00 UIC2151-07-00 UIC1806-01-00,YCK1998-03-00 STA2102-05-00,18.0,월금,1,0,0,4,1+2+1
4796,5.48,MR,YCA1006-02-00,UIC1561-01-00 ASP2022-01-00 UIC2151-07-00 UIC1806-01-00,YCK1998-03-00 STA2102-05-00,18.0,월금,1,0,0,4,1+2+1
4797,5.48,MR,YCA1006-01-00,UIC1561-01-00 ASP2022-01-00 UIC2151-07-00 UIC1805-01-00,YCK1998-03-00 STA2102-05-00,18.0,월금,1,0,0,4,1+2+1
4798,5.48,MR,YCA1006-02-00,UIC1561-01-00 UIC1551-04-00 UIC2151-12-00 UIC1805-02-00,ECO1002-05-00 STA2102-05-00,18.0,월금,1,0,1,4+4,1+1+2
4799,5.48,MR,YCA1006-02-00,UIC1561-01-00 ASP2022-01-00 UIC2151-06-00 UIC1805-01-00,YCK1998-03-00 STA2102-05-00,18.0,월금,1,0,0,4,1+2+1
4800,5.48,MR,YCA1006-01-00,UIC1561-01-00 ASP2022-01-00 UIC2151-05-00 UIC1806-02-00,YCK1998-03-00 STA2102-05-00,18.0,월금,1,0,0,4,1+2+1
4801,5.48,MR,YCA1006-01-00,UIC1561-01-00 ASP2022-01-00 UIC2151-07-00 UIC1805-01-00,YCK1998-03-00 STA2102-05-00,18.0,월금,1,0,0,4,1+2+1
4802,5.48,MR,YCA1006-01-00,UIC1561-01-00 ASP2022-01-00 UIC2151-07-00 UIC1806-01-00,YCK1998-03-00 STA2102-05-00,18.0,월금,1,0,0,4,1+2+1
4803,5.48,MR,YCA1006-02-00,UIC1561-01-00 ASP2022-01-00 UIC2151-05-00 UIC1806-02-00,YCK1998-03-00 STA2102-05-00,18.0,월금,1,0,0,4,1+2+1
4804,5.48,MR,YCA1006-01-00,UIC1561-01-00 ASP2022-01-00 UIC2151-05-00 UIC1806-02-00,YCK1998-03-00 STA2102-05-00,18.0,월금,1,0,0,4,1+2+1
4805,5.48,MR,YCA1006-02-00,UIC1561-01-00 ASP2022-01-00 UIC2151-07-00 UIC1805-01-00,YCK1998-03-00 STA2102-05-00,18.0,월금,1,0,0,4,1+2+1
4806,5.48,MR,YCA1006-01-00,UIC1561-01-00 ASP2022-01-00 UIC2151-06-00 UIC1805-01-00,YCK1998-03-00 STA2102-05-00,18.0,월금,1,0,0,4,1+2+1
4807,5.48,MR,YCA1006-02-00,UIC1561-01-00 ASP2022-01-00 UIC2151-07-00 UIC1806-01-00,YCK1998-03-00 STA2102-05-00,18.0,월금,1,0,0,4,1+2+1
4808,5.48,MR,YCA1006-02-00,UIC1561-01-00 ASP2022-01-00 UIC2151-06-00 UIC1806-01-00,YCK1998-03-00 STA2102-05-00,18.0,월금,1,0,0,4,1+2+1
4809,5.48,MR,YCA1006-01-00,UIC1561-01-00 ASP2022-01-00 UIC2151-06-00 UIC1806-01-00,YCK1998-03-00 STA2102-05-00,18.0,월금,1,0,0,4,1+2+1
4810,5.478,MR,YCA1006-01-00,UIC1561-01-00 UIC1251-02-00 UIC2151-12-00 UIC1805-02-00,ECO1101-06-00 YCH1202-01-00,18.0,월금,1,0,3,4,1+3+2+1
4811,5.478,MR,YCA1006-01-00,UIC1561-01-00 UIC1401-02-00 UIC2151-12-00 UIC1806-02-00,ECO1101-06-00 YCH1202-01-00,18.0,월금,1,0,3,4,1+3+2+1
4812,5.478,MR,YCA1006-01-00,UIC1561-01-00 UIC1401-02-00 UIC2151-12-00 UIC1806-02-00,ECO1101-06-00 YCH1202-01-00,18.0,월금,1,0,3,4,1+3+2+1
4813,5.478,MR,YCA1006-01-00,UIC1561-01-00 UIC1251-02-00 UIC2151-12-00 UIC1805-02-00,ECO1101-06-00 YCH1202-01-00,18.0,월금,1,0,3,4,1+3+2+1
4814,5.465,WCiv,YCA1006-02-00,QRM1001-01-00 UIC1551-01-00 UIC2151-13-00 UIC1805-01-00,YCE1253-01-00 STP2004-01-00,18.0,월금,1,1,2,5,1+1+2+1
4815,5.465,-,YCA1006-01-00,QRM1001-01-00 UIC1561-01-00 UIC1551-01-00 UIC2151-12-00 UIC1806-01-00,YCH1605-01-00,18.0,월금,2,1,1,5,1+2+3+1
4816,5.465,-,YCA1006-02-00,QRM1001-01-00 UIC1561-01-00 UIC1551-01-00 UIC2151-12-00 UIC1805-01-00,YCH1605-01-00,18.0,월금,2,1,1,5,1+2+3+1
4817,5.465,-,YCA1006-01-00,QRM1001-01-00 UIC1561-01-00 UIC1551-01-00 UIC2151-12-00 UIC1806-01-00,YCH1605-01-00,18.0,월금,2,1,1,5,1+2+3+1
4818,5.465,-,YCA1006-01-00,QRM1001-01-00 UIC1561-01-00 UIC1551-01-00 UIC2151-12-00 UIC1805-01-00,YCH1605-01-00,18.0,월금,2,1,1,5,1+2+3+1
4819,5.465,WCiv,YCA1006-02-00,QRM1001-01-00 UIC1551-01-00 UIC2151-13-00 UIC1806-01-00,YCE1253-01-00 STP2004-01-00,18.0,월금,1,1,2,5,1+1+2+1
4820,5.465,-,YCA1006-02-00,QRM1001-01-00 UIC1561-01-00 UIC1551-01-00 UIC2151-12-00 UIC1806-01-00,YCH1605-01-00,18.0,월금,2,1,1,5,1+2+3+1
4821,5.465,-,YCA1006-01-00,QRM1001-01-00 UIC1561-01-00 UIC1551-01-00 UIC2151-12-00 UIC1805-01-00,YCH1605-01-00,18.0,월금,2,1,1,5,1+2+3+1
4822,5.465,-,YCA1006-02-00,QRM1001-01-00 UIC1561-01-00 UIC1551-01-00 UIC2151-12-00 UIC1806-01-00,YCH1605-01-00,18.0,월금,2,1,1,5,1+2+3+1
4823,5.465,-,YCA1006-02-00,QRM1001-01-00 UIC1561-01-00 UIC1551-01-00 UIC2151-12-00 UIC1805-01-00,YCH1605-01-00,18.0,월금,2,1,1,5,1+2+3+1
4824,5.465,WCiv,YCA1006-02-00,QRM1001-01-00 UIC1551-01-00 UIC2151-13-00 UIC1806-01-00,YCE1253-01-00 STP2004-01-00,18.0,월금,1,1,2,5,1+1+2+1
4825,5.465,WCiv,YCA1006-02-00,QRM1001-01-00 UIC1551-01-00 UIC2151-13-00 UIC1805-01-00,YCE1253-01-00 STP2004-01-00,18.0,월금,1,1,2,5,1+1+2+1
4826,5.465,WCiv,YCA1006-02-00,QRM1001-01-00 UIC1551-01-00 UIC2151-13-00 UIC1805-01-00,YCG1804-01-00 YCH1605-01-00,18.0,월금,1,1,2,5,1+2+1+1
4827,5.465,WCiv,YCA1006-02-00,QRM1001-01-00 UIC1551-01-00 UIC2151-13-00 UIC1806-01-00,YCG1804-01-00 YCH1605-01-00,18.0,월금,1,1,2,5,1+2+1+1
4828,5.465,WCiv,YCA1006-01-00,QRM1001-01-00 UIC1551-01-00 UIC2151-13-00 UIC1805-01-00,YCG1804-01-00 YCH1605-01-00,18.0,월금,1,1,2,5,1+2+1+1
4829,5.465,WCiv,YCA1006-01-00,QRM1001-01-00 UIC1551-01-00 UIC2151-13-00 UIC1805-01-00,YCG1804-01-00 YCH1605-01-00,18.0,월금,1,1,2,5,1+2+1+1
4830,5.465,WCiv,YCA1006-02-00,QRM1001-01-00 UIC1551-01-00 UIC2151-13-00 UIC1805-01-00,YCG1804-01-00 YCH1605-01-00,18.0,월금,1,1,2,5,1+2+1+1
4831,5.465,WCiv,YCA1006-02-00,QRM1001-01-00 UIC1551-01-00 UIC2151-13-00 UIC1806-01-00,YCG1804-01-00 YCH1605-01-00,18.0,월금,1,1,2,5,1+2+1+1
4832,5.465,WCiv,YCA1006-01-00,QRM1001-01-00 UIC1551-01-00 UIC2151-13-00 UIC1806-01-00,YCG1804-01-00 YCH1605-01-00,18.0,월금,1,1,2,5,1+2+1+1
4833,5.465,WCiv,YCA1006-01-00,QRM1001-01-00 UIC1551-01-00 UIC2151-13-00 UIC1806-01-00,YCG1804-01-00 YCH1605-01-00,18.0,월금,1,1,2,5,1+2+1+1
4834,5.44,MR,YCA1006-02-00,UIC1561-01-00 UIC1251-02-00 UIC2151-12-00 UIC1805-01-00,UCD1101-01-00 BIZ1101-09-00,18.0,월금,2,0,1,,1+1+1+1
4835,5.44,MR,YCA1006-01-00,UIC1561-01-00 UIC1551-04-00 UIC2151-12-00 UIC1806-02-00,YCI1998-02-00 ASP2102-01-00,18.0,월금,1,0,1,,1+1+3+1
4836,5.44,MR,YCA1006-01-00,UIC1561-01-00 UIC1551-01-00 UIC2151-06-00 UIC1805-01-00,YCE1253-01-00 CTM1001-02-00,18.0,월금,1,1,1,4,1+1+1+1
4837,5.44,MR,YCA1006-01-00,UIC1561-01-00 UIC1551-04-00 UIC2151-12-00 UIC1806-02-00,ECO1002-04-00 BIZ1101-09-00,18.0,월금,1,0,1,,1+3+1+1
4838,5.44,MR,YCA1006-01-00,UIC1561-01-00 UIC1551-01-00 UIC2151-09-00 UIC1805-01-00,UCB1105-02-00 STP2004-01-00,18.0,월금,1,0,1,,2+2+2
4839,5.44,MR,YCA1006-01-00,UIC1561-01-00 UIC1251-02-00 UIC2151-12-00 UIC1805-01-00,UCD1101-01-00 BIZ1101-09-00,18.0,월금,2,0,1,,1+1+1+1
4840,5.44,MR,YCA1006-01-00,UIC1561-01-00 UIC1551-01-00 UIC2151-08-00 UIC1805-01-00,UCB1105-02-00 STP2004-01-00,18.0,월금,1,0,1,,2+2+2
4841,5.44,MR,YCA1006-02-00,UIC1561-01-00 UIC1251-02-00 UIC2151-12-00 UIC1806-01-00,UCD1101-01-00 BIZ1101-09-00,18.0,월금,2,0,1,,1+1+1+1
4842,5.44,MR,YCA1006-01-00,UIC1561-01-00 UIC1251-02-00 UIC2151-12-00 UIC1806-01-00,UCD1101-01-00 BIZ1101-09-00,18.0,월금,2,0,1,,1+1+1+1
4843,5.44,MR,YCA1006-01-00,UIC1561-01-00 UIC1551-01-00 UIC2151-06-00 UIC1805-01-00,YCE1253-01-00 CTM1001-02-00,18.0,월금,1,1,1,4,1+1+1+1
4844,5.44,MR,YCA1006-01-00,UIC1561-01-00 UIC1501-04-00 UIC2151-12-00 UIC1806-02-00,UCD1101-01-00 BIZ1101-09-00,18.0,월금,2,0,1,,1+1+1+1
4845,5.44,MR,YCA1006-01-00,UIC1561-01-00 UIC1551-01-00 UIC2151-08-00 UIC1805-01-00,UCB1105-02-00 STP2004-01-00,18.0,월금,1,0,1,,2+2+2
4846,5.44,MR,YCA1006-02-00,UIC1561-01-00 UIC1551-01-00 UIC2151-12-00 UIC1806-02-00,BIZ1101-09-00 ASP2102-01-00,18.0,월금,1,1,1,,1+1+1+1
4847,5.44,MR,YCA1006-02-00,UIC1561-01-00 UIC1401-02-00 UIC2151-12-00 UIC1806-01-00,YCI1901-01-00 BIZ1101-09-00,18.0,월금,2,0,1,,1+1+1+1
4848,5.44,MR,YCA1006-02-00,UIC1561-01-00 UIC1401-02-00 UIC2151-12-00 UIC1805-01-00,YCI1901-01-00 BIZ1101-09-00,18.0,월금,2,0,1,,1+1+1+1
4849,5.44,MR,YCA1006-01-00,UIC1561-01-00 UIC1551-01-00 UIC2151-05-00 UIC1806-02-00,YCE1253-01-00 CTM1001-02-00,18.0,월금,1,1,1,4,1+1+1+1
4850,5.44,MR,YCA1006-02-00,UIC1561-01-00 UIC1501-04-00 UIC2151-12-00 UIC1805-02-00,YCI1901-01-00 BIZ1101-09-00,18.0,월금,2,0,1,,1+1+1+1
4851,5.44,MR,YCA1006-02-00,UIC1561-01-00 UIC1251-02-00 UIC2151-12-00 UIC1805-01-00,UCD1101-01-00 BIZ1101-09-00,18.0,월금,2,0,1,,1+1+1+1
4852,5.44,MR,YCA1006-01-00,UIC1561-01-00 UIC1501-04-00 UIC2151-12-00 UIC1806-02-00,UCD1101-01-00 BIZ1101-09-00,18.0,월금,2,0,1,,1+1+1+1
4853,5.44,MR,YCA1006-02-00,UIC1561-01-00 UIC1251-02-00 UIC2151-12-00 UIC1806-01-00,UCD1101-01-00 BIZ1101-09-00,18.0,월금,2,0,1,,1+1+1+1
4854,5.44,MR,YCA1006-01-00,UIC1561-01-00 UIC1551-01-00 UIC2151-05-00 UIC1805-02-00,UCB1105-02-00 STP2004-01-00,18.0,월금,1,0,1,,2+2+2
4855,5.44,MR,YCA1006-01-00,UIC1561-01-00 UIC1551-04-00 UIC2151-12-00 UIC1806-02-00,ECO1002-04-00 BIZ1101-09-00,18.0,월금,1,0,1,,1+3+1+1
4856,5.44,MR,YCA1006-01-00,UIC1561-01-00 UIC1551-01-00 UIC2151-07-00 UIC1806-01-00,YCE1253-01-00 CTM1001-02-00,18.0,월금,1,1,1,4,1+1+1+1
4857,5.44,MR,YCA1006-01-00,UIC1561-01-00 UIC1551-01-00 UIC2151-07-00 UIC1806-01-00,YCE1253-01-00 CTM1001-02-00,18.0,월금,1,1,1,4,1+1+1+1
4858,5.44,MR,YCA1006-02-00,UIC1561-01-00 UIC1501-04-00 UIC2151-12-00 UIC1806-02-00,UCD1101-01-00 BIZ1101-09-00,18.0,월금,2,0,1,,1+1+1+1
4859,5.44,MR,YCA1006-02-00,UIC1561-01-00 UIC1401-02-00 UIC2151-12-00 UIC1806-01-00,YCI1901-01-00 BIZ1101-09-00,18.0,월금,2,0,1,,1+1+1+1
4860,5.44,MR,YCA1006-02-00,UIC1561-01-00 UIC1551-01-00 UIC2151-12-00 UIC1806-02-00,BIZ1101-09-00 ASP2102-01-00,18.0,월금,1,1,1,,1+1+1+1
4861,5.44,MR,YCA1006-01-00,UIC1561-01-00 UIC1551-01-00 UIC2151-06-00 UIC1806-01-00,YCE1253-01-00 CTM1001-02-00,18.0,월금,1,1,1,4,1+1+1+1
4862,5.44,MR,YCA1006-01-00,UIC1561-01-00 UIC1251-02-00 UIC2151-12-00 UIC1805-01-00,UCD1101-01-00 BIZ1101-09-00,18.0,월금,2,0,1,,1+1+1+1
4863,5.44,MR,YCA1006-01-00,UIC1561-01-00 UIC1551-01-00 UIC2151-05-00 UIC1805-02-00,UCB1105-02-00 STP2004-01-00,18.0,월금,1,0,1,,2+2+2
4864,5.44,MR,YCA1006-01-00,UIC1561-01-00 UIC1551-01-00 UIC2151-05-00 UIC1806-02-00,YCE1253-01-00 CTM1001-02-00,18.0,월금,1,1,1,4,1+1+1+1
4865,5.44,MR,YCA1006-01-00,UIC1561-01-00 UIC1551-01-00 UIC2151-08-00 UIC1806-01-00,UCB1105-02-00 STP2004-01-00,18.0,월금,1,0,1,,2+2+2
4866,5.44,MR,YCA1006-01-00,UIC1561-01-00 UIC1551-01-00 UIC2151-07-00 UIC1805-01-00,YCE1253-01-00 CTM1001-02-00,18.0,월금,1,1,1,4,1+1+1+1
4867,5.44,MR,YCA1006-01-00,UIC1561-01-00 UIC1551-01-00 UIC2151-09-00 UIC1806-01-00,UCB1105-02-00 STP2004-01-00,18.0,월금,1,0,1,,2+2+2
4868,5.44,MR,YCA1006-01-00,UIC1561-01-00 UIC1551-01-00 UIC2151-06-00 UIC1806-01-00,YCE1253-01-00 CTM1001-02-00,18.0,월금,1,1,1,4,1+1+1+1
4869,5.44,MR,YCA1006-01-00,UIC1561-01-00 UIC1251-02-00 UIC2151-12-00 UIC1806-01-00,UCD1101-01-00 BIZ1101-09-00,18.0,월금,2,0,1,,1+1+1+1
4870,5.44,MR,YCA1006-02-00,UIC1561-01-00 UIC1501-04-00 UIC2151-12-00 UIC1806-02-00,UCD1101-01-00 BIZ1101-09-00,18.0,월금,2,0,1,,1+1+1+1
4871,5.44,MR,YCA1006-01-00,UIC1561-01-00 UIC1551-01-00 UIC2151-07-00 UIC1805-01-00,YCE1253-01-00 CTM1001-02-00,18.0,월금,1,1,1,4,1+1+1+1
4872,5.44,MR,YCA1006-01-00,UIC1561-01-00 UIC1551-01-00 UIC2151-09-00 UIC1806-01-00,UCB1105-02-00 STP2004-01-00,18.0,월금,1,0,1,,2+2+2
4873,5.44,MR,YCA1006-01-00,UIC1561-01-00 UIC1551-01-00 UIC2151-08-00 UIC1806-01-00,UCB1105-02-00 STP2004-01-00,18.0,월금,1,0,1,,2+2+2
4874,5.44,MR,YCA1006-02-00,UIC1561-01-00 UIC1501-04-00 UIC2151-12-00 UIC1805-02-00,YCI1901-01-00 BIZ1101-09-00,18.0,월금,2,0,1,,1+1+1+1
4875,5.44,MR,YCA1006-01-00,UIC1561-01-00 UIC1551-01-00 UIC2151-09-00 UIC1805-01-00,UCB1105-02-00 STP2004-01-00,18.0,월금,1,0,1,,2+2+2
4876,5.44,MR,YCA1006-02-00,UIC1561-01-00 UIC1401-02-00 UIC2151-12-00 UIC1805-01-00,YCI1901-01-00 BIZ1101-09-00,18.0,월금,2,0,1,,1+1+1+1
4877,5.44,MR,YCA1006-01-00,UIC1561-01-00 UIC1551-04-00 UIC2151-12-00 UIC1806-02-00,YCI1998-02-00 ASP2102-01-00,18.0,월금,1,0,1,,1+1+3+1
4878,5.44,MR,YCA1006-02-00,UIC1561-01-00 UIC1551-01-00 UIC2151-09-00 UIC1805-01-00,YCG1804-01-00 YCK1998-03-00,18.0,월금,1,0,1,,1+1+3+1
4879,5.44,MR,YCA1006-02-00,UIC1561-01-00 UIC1551-01-00 UIC2151-08-00 UIC1806-01-00,YCG1804-01-00 YCK1998-03-00,18.0,월금,1,0,1,,1+1+3+1
4880,5.44,MR,YCA1006-02-00,UIC1561-01-00 UIC1551-01-00 UIC2151-08-00 UIC1806-01-00,YCG1804-01-00 YCK1998-03-00,18.0,월금,1,0,1,,1+1+3+1
4881,5.44,MR,YCA1006-02-00,UIC1561-01-00 UIC1551-01-00 UIC2151-09-00 UIC1806-01-00,YCG1804-01-00 YCK1998-03-00,18.0,월금,1,0,1,,1+1+3+1
4882,5.44,MR,YCA1006-02-00,UIC1561-01-00 UIC1551-01-00 UIC2151-09-00 UIC1805-01-00,YCG1804-01-00 YCK1998-03-00,18.0,월금,1,0,1,,1+1+3+1
4883,5.44,MR,YCA1006-01-00,UIC1561-01-00 UIC1401-02-00 UIC2151-12-00 UIC1806-02-00,YCG1804-01-00 UCD1101-01-00,18.0,월금,1,0,1,,1+3+1+1
4884,5.44,MR,YCA1006-02-00,UIC1561-01-00 UIC1551-01-00 UIC2151-12-00 UIC1805-02-00,YCG1804-01-00 YCK1998-03-00,18.0,월금,1,0,1,,1+3+3+1
4885,5.44,MR,YCA1006-01-00,UIC1561-01-00 UIC1251-02-00 UIC2151-12-00 UIC1805-02-00,YCG1804-01-00 UCD1101-01-00,18.0,월금,1,0,1,,1+3+1+1
4886,5.44,MR,YCA1006-02-00,UIC1561-01-00 UIC1551-01-00 UIC2151-05-00 UIC1805-02-00,YCG1804-01-00 YCK1998-03-00,18.0,월금,1,0,1,,1+1+3+1
4887,5.44,MR,YCA1006-02-00,UIC1561-01-00 UIC1551-01-00 UIC2151-12-00 UIC1805-02-00,YCG1804-01-00 YCK1998-03-00,18.0,월금,1,0,1,,1+3+3+1
4888,5.44,MR,YCA1006-02-00,UIC1561-01-00 UIC1551-01-00 UIC2151-09-00 UIC1806-01-00,YCG1804-01-00 YCK1998-03-00,18.0,월금,1,0,1,,1+1+3+1
4889,5.44,MR,YCA1006-02-00,UIC1561-01-00 UIC1551-01-00 UIC2151-08-00 UIC1805-01-00,YCG1804-01-00 YCK1998-03-00,18.0,월금,1,0,1,,1+1+3+1
4890,5.44,MR,YCA1006-02-00,UIC1561-01-00 UIC1551-01-00 UIC2151-05-00 UIC1805-02-00,YCG1804-01-00 YCK1998-03-00,18.0,월금,1,0,1,,1+1+3+1
4891,5.44,MR,YCA1006-01-00,UIC1561-01-00 UIC1251-02-00 UIC2151-12-00 UIC1805-02-00,YCG1804-01-00 UCD1101-01-00,18.0,월금,1,0,1,,1+3+1+1
4892,5.44,MR,YCA1006-01-00,UIC1561-01-00 UIC1401-02-00 UIC2151-12-00 UIC1806-02-00,YCG1804-01-00 UCD1101-01-00,18.0,월금,1,0,1,,1+3+1+1
4893,5.44,MR,YCA1006-02-00,UIC1561-01-00 UIC1551-01-00 UIC2151-08-00 UIC1805-01-00,YCG1804-01-00 YCK1998-03-00,18.0,월금,1,0,1,,1+1+3+1
4894,5.42,Lang,YCA1006-02-00,QRM1001-01-00 UIC1561-01-00 UIC1551-04-00 UIC2151-12-00,YCE1253-01-00 STA1002-04-00,18.0,월금,1,0,1,4+4,2+1+1+2
4895,5.42,Lang,YCA1006-01-00,QRM1001-01-00 UIC1561-01-00 UIC1551-01-00 UIC2151-12-00,YCI1901-01-00 YCK1998-03-00,18.0,월금,1,0,2,,4+3+1
4896,5.404,Lang,YCA1006-01-00,QRM1001-01-00 UIC1561-01-00 UIC1551-01-00 UIC2151-12-00,ECO1101-06-00 YCH1605-01-00,18.0,월금,1,0,3,4,1+2+3+2+1
4897,5.394,LHP,YCA1006-02-00,QRM1001-01-00 UIC1561-01-00 UIC2151-14-00 UIC1806-01-00,YCH1605-01-00 YCH1202-01-00,18.0,월수금,1,1,2,5,1+2+1
4898,5.394,LHP,YCA1006-02-00,QRM1001-01-00 UIC1561-01-00 UIC2151-14-00 UIC1806-01-00,YCH1605-01-00 YCH1202-01-00,18.0,월수금,1,1,2,5,1+2+1
4899,5.394,LHP,YCA1006-01-00,QRM1001-01-00 UIC1561-01-00 UIC2151-14-00 UIC1806-01-00,YCH1605-01-00 YCH1202-01-00,18.0,월수금,1,1,2,5,1+2+1
4900,5.394,LHP,YCA1006-02-00,QRM1001-01-00 UIC1561-01-00 UIC2151-14-00 UIC1805-01-00,YCH1605-01-00 YCH1202-01-00,18.0,월수금,1,1,2,5,1+2+1
4901,5.394,LHP,YCA1006-01-00,QRM1001-01-00 UIC1561-01-00 UIC2151-14-00 UIC1805-01-00,YCH1605-01-00 YCH1202-01-00,18.0,월수금,1,1,2,5,1+2+1
4902,5.394,LHP,YCA1006-01-00,QRM1001-01-00 UIC1561-01-00 UIC2151-14-00 UIC1805-01-00,YCH1605-01-00 YCH1202-01-00,18.0,월수금,1,1,2,5,1+2+1
4903,5.394,LHP,YCA1006-01-00,QRM1001-01-00 UIC1561-01-00 UIC2151-14-00 UIC1806-01-00,YCH1605-01-00 YCH1202-01-00,18.0,월수금,1,1,2,5,1+2+1
4904,5.394,LHP,YCA1006-02-00,QRM1001-01-00 UIC1561-01-00 UIC2151-14-00 UIC1805-01-00,YCH1605-01-00 YCH1202-01-00,18.0,월수금,1,1,2,5,1+2+1
4905,5.39,MR,YCA1006-02-00,UIC1561-01-00 UIC1551-04-00 UIC2151-09-00 UIC1806-01-00,YCI1998-02-00 BIZ1101-09-00,18.0,월금,1,0,1,5,1+1+2
4906,5.39,MR,YCA1006-02-00,UIC1561-01-00 UIC1551-04-00 UIC2151-08-00 UIC1806-01-00,YCI1998-02-00 BIZ1101-09-00,18.0,월금,1,0,1,5,1+1+2
4907,5.39,MR,YCA1006-02-00,UIC1561-01-00 UIC1501-04-00 UIC2151-14-00 UIC1805-02-00,UCB1105-02-00 BIZ1101-09-00,18.0,월금,1,0,1,5,1+1+2
4908,5.39,MR,YCA1006-02-00,UIC1561-01-00 UIC1551-04-00 UIC2151-09-00 UIC1805-01-00,YCI1998-02-00 BIZ1101-09-00,18.0,월금,1,0,1,5,1+1+2
4909,5.39,MR,YCA1006-02-00,UIC1561-01-00 UIC1551-04-00 UIC2151-08-00 UIC1805-01-00,YCI1998-02-00 BIZ1101-09-00,18.0,월금,1,0,1,5,1+1+2
4910,5.39,MR,YCA1006-02-00,UIC1561-01-00 UIC1551-04-00 UIC2151-08-00 UIC1806-01-00,YCI1998-02-00 BIZ1101-09-00,18.0,월금,1,0,1,5,1+1+2
4911,5.39,MR,YCA1006-01-00,UIC1561-01-00 ASP2022-01-00 UIC2151-06-00 UIC1805-01-00,UCD1101-01-00 YCK1998-03-00,18.0,월금,1,0,1,5,1+2+1
4912,5.39,MR,YCA1006-02-00,UIC1561-01-00 ASP2022-01-00 UIC2151-06-00 UIC1805-01-00,UCD1101-01-00 YCK1998-03-00,18.0,월금,1,0,1,5,1+2+1
4913,5.39,MR,YCA1006-02-00,UIC1561-01-00 UIC1401-02-00 UIC2151-14-00 UIC1806-01-00,UCB1105-02-00 BIZ1101-09-00,18.0,월금,1,0,1,5,1+1+2
4914,5.39,MR,YCA1006-01-00,UIC1561-01-00 UIC1551-01-00 UIC2151-07-00 UIC1805-01-00,UCB1105-02-00 BIZ1101-09-00,18.0,월금,1,0,1,5,1+2+1
4915,5.39,MR,YCA1006-02-00,UIC1561-01-00 UIC1551-04-00 UIC2151-09-00 UIC1806-01-00,YCI1998-02-00 BIZ1101-09-00,18.0,월금,1,0,1,5,1+1+2
4916,5.39,MR,YCA1006-01-00,UIC1561-01-00 UIC1551-01-00 UIC2151-06-00 UIC1806-01-00,UCB1105-02-00 BIZ1101-09-00,18.0,월금,1,0,1,5,1+2+1
4917,5.39,MR,YCA1006-02-00,UIC1561-01-00 UIC1551-04-00 UIC2151-05-00 UIC1805-02-00,YCI1998-02-00 BIZ1101-09-00,18.0,월금,1,0,1,5,1+1+2
4918,5.39,MR,YCA1006-02-00,UIC1561-01-00 UIC1551-01-00 UIC2151-06-00 UIC1805-01-00,UCB1105-02-00 BIZ1101-09-00,18.0,월금,1,0,1,5,1+2+1
4919,5.39,MR,YCA1006-02-00,UIC1561-01-00 UIC1551-01-00 UIC2151-07-00 UIC1806-01-00,UCB1105-02-00 BIZ1101-09-00,18.0,월금,1,0,1,5,1+2+1
4920,5.39,MR,YCA1006-02-00,UIC1561-01-00 UIC1551-01-00 UIC2151-07-00 UIC1805-01-00,UCB1105-02-00 BIZ1101-09-00,18.0,월금,1,0,1,5,1+2+1
4921,5.39,WCiv,YCA1006-01-00,QRM1001-01-00 UIC1551-01-00 UIC2151-13-00 UIC1805-01-00,YCI1901-01-00 CTM1002-02-00,18.0,월금,1,1,3,6+5,1+1
4922,5.39,MR,YCA1006-02-00,UIC1561-01-00 ASP2022-01-00 UIC2151-07-00 UIC1805-01-00,UCD1101-01-00 YCK1998-03-00,18.0,월금,1,0,1,5,1+2+1
4923,5.39,MR,YCA1006-01-00,UIC1561-01-00 UIC1551-01-00 UIC2151-12-00 UIC1806-02-00,UCB1105-02-00 BIZ1101-09-00,18.0,월금,1,0,1,5,1+2+1
4924,5.39,MR,YCA1006-01-00,UIC1561-01-00 UIC1551-01-00 UIC2151-05-00 UIC1806-02-00,UCB1105-02-00 BIZ1101-09-00,18.0,월금,1,0,1,5,1+2+1
4925,5.39,MR,YCA1006-02-00,UIC1561-01-00 UIC1551-01-00 UIC2151-06-00 UIC1805-01-00,UCB1105-02-00 BIZ1101-09-00,18.0,월금,1,0,1,5,1+2+1
4926,5.39,MR,YCA1006-02-00,UIC1561-01-00 UIC1551-04-00 UIC2151-09-00 UIC1805-01-00,YCI1998-02-00 BIZ1101-09-00,18.0,월금,1,0,1,5,1+1+2
4927,5.39,MR,YCA1006-02-00,UIC1561-01-00 UIC1551-01-00 UIC2151-05-00 UIC1806-02-00,UCB1105-02-00 BIZ1101-09-00,18.0,월금,1,0,1,5,1+2+1
4928,5.39,MR,YCA1006-01-00,UIC1561-01-00 ASP2022-01-00 UIC2151-07-00 UIC1805-01-00,UCD1101-01-00 YCK1998-03-00,18.0,월금,1,0,1,5,1+2+1
4929,5.39,MR,YCA1006-02-00,UIC1561-01-00 UIC1551-01-00 UIC2151-07-00 UIC1805-01-00,UCB1105-02-00 BIZ1101-09-00,18.0,월금,1,0,1,5,1+2+1
4930,5.39,MR,YCA1006-01-00,UIC1561-01-00 ASP2022-01-00 UIC2151-06-00 UIC1806-01-00,UCD1101-01-00 YCK1998-03-00,18.0,월금,1,0,1,5,1+2+1
4931,5.39,MR,YCA1006-01-00,UIC1561-01-00 ASP2022-01-00 UIC2151-07-00 UIC1806-01-00,UCD1101-01-00 YCK1998-03-00,18.0,월금,1,0,1,5,1+2+1
4932,5.39,MR,YCA1006-02-00,UIC1561-01-00 ASP2022-01-00 UIC2151-07-00 UIC1805-01-00,UCD1101-01-00 YCK1998-03-00,18.0,월금,1,0,1,5,1+2+1
4933,5.39,MR,YCA1006-02-00,UIC1561-01-00 ASP2022-01-00 UIC2151-06-00 UIC1805-01-00,UCD1101-01-00 YCK1998-03-00,18.0,월금,1,0,1,5,1+2+1
4934,5.39,MR,YCA1006-02-00,UIC1561-01-00 UIC1401-02-00 UIC2151-14-00 UIC1805-01-00,UCB1105-02-00 BIZ1101-09-00,18.0,월금,1,0,1,5,1+1+2
4935,5.39,MR,YCA1006-02-00,UIC1561-01-00 UIC1501-04-00 UIC2151-14-00 UIC1805-02-00,UCB1105-02-00 BIZ1101-09-00,18.0,월금,1,0,1,5,1+1+2
4936,5.39,MR,YCA1006-02-00,UIC1561-01-00 UIC1551-01-00 UIC2151-06-00 UIC1806-01-00,UCB1105-02-00 BIZ1101-09-00,18.0,월금,1,0,1,5,1+2+1
4937,5.39,MR,YCA1006-02-00,UIC1561-01-00 UIC1401-02-00 UIC2151-14-00 UIC1805-01-00,UCB1105-02-00 BIZ1101-09-00,18.0,월금,1,0,1,5,1+1+2
4938,5.39,MR,YCA1006-02-00,UIC1561-01-00 ASP2022-01-00 UIC2151-06-00 UIC1806-01-00,UCD1101-01-00 YCK1998-03-00,18.0,월금,1,0,1,5,1+2+1
4939,5.39,MR,YCA1006-02-00,UIC1561-01-00 UIC1551-01-00 UIC2151-05-00 UIC1806-02-00,UCB1105-02-00 BIZ1101-09-00,18.0,월금,1,0,1,5,1+2+1
4940,5.39,MR,YCA1006-02-00,UIC1561-01-00 ASP2022-01-00 UIC2151-07-00 UIC1806-01-00,UCD1101-01-00 YCK1998-03-00,18.0,월금,1,0,1,5,1+2+1
4941,5.39,MR,YCA1006-02-00,UIC1561-01-00 ASP2022-01-00 UIC2151-05-00 UIC1806-02-00,UCD1101-01-00 YCK1998-03-00,18.0,월금,1,0,1,5,1+2+1
4942,5.39,MR,YCA1006-02-00,UIC1561-01-00 UIC1551-04-00 UIC2151-05-00 UIC1805-02-00,YCI1998-02-00 BIZ1101-09-00,18.0,월금,1,0,1,5,1+1+2
4943,5.39,MR,YCA1006-01-00,UIC1561-01-00 UIC1551-01-00 UIC2151-07-00 UIC1805-01-00,UCB1105-02-00 BIZ1101-09-00,18.0,월금,1,0,1,5,1+2+1
4944,5.39,WCiv,YCA1006-01-00,QRM1001-01-00 UIC1551-01-00 UIC2151-13-00 UIC1806-01-00,YCI1901-01-00 CTM1002-02-00,18.0,월금,1,1,3,6+5,1+1
4945,5.39,MR,YCA1006-01-00,UIC1561-01-00 ASP2022-01-00 UIC2151-06-00 UIC1805-01-00,UCD1101-01-00 YCK1998-03-00,18.0,월금,1,0,1,5,1+2+1
4946,5.39,MR,YCA1006-01-00,UIC1561-01-00 UIC1551-01-00 UIC2151-12-00 UIC1806-02-00,UCB1105-02-00 BIZ1101-09-00,18.0,월금,1,0,1,5,1+2+1
4947,5.39,MR,YCA1006-02-00,UIC1561-01-00 UIC1551-01-00 UIC2151-07-00 UIC1806-01-00,UCB1105-02-00 BIZ1101-09-00,18.0,월금,1,0,1,5,1+2+1
4948,5.39,MR,YCA1006-01-00,UIC1561-01-00 UIC1551-01-00 UIC2151-07-00 UIC1806-01-00,UCB1105-02-00 BIZ1101-09-00,18.0,월금,1,0,1,5,1+2+1
4949,5.39,MR,YCA1006-02-00,UIC1561-01-00 UIC1551-01-00 UIC2151-06-00 UIC1806-01-00,UCB1105-02-00 BIZ1101-09-00,18.0,월금,1,0,1,5,1+2+1
4950,5.39,MR,YCA1006-02-00,UIC1561-01-00 UIC1551-04-00 UIC2151-08-00 UIC1805-01-00,YCI1998-02-00 BIZ1101-09-00,18.0,월금,1,0,1,5,1+1+2
4951,5.39,MR,YCA1006-02-00,UIC1561-01-00 ASP2022-01-00 UIC2151-06-00 UIC1806-01-00,UCD1101-01-00 YCK1998-03-00,18.0,월금,1,0,1,5,1+2+1
4952,5.39,MR,YCA1006-01-00,UIC1561-01-00 UIC1551-01-00 UIC2151-06-00 UIC1805-01-00,UCB1105-02-00 BIZ1101-09-00,18.0,월금,1,0,1,5,1+2+1
4953,5.39,MR,YCA1006-01-00,UIC1561-01-00 ASP2022-01-00 UIC2151-05-00 UIC1806-02-00,UCD1101-01-00 YCK1998-03-00,18.0,월금,1,0,1,5,1+2+1
4954,5.39,MR,YCA1006-01-00,UIC1561-01-00 UIC1551-01-00 UIC2151-06-00 UIC1806-01-00,UCB1105-02-00 BIZ1101-09-00,18.0,월금,1,0,1,5,1+2+1
4955,5.39,MR,YCA1006-01-00,UIC1561-01-00 ASP2022-01-00 UIC2151-06-00 UIC1806-01-00,UCD1101-01-00 YCK1998-03-00,18.0,월금,1,0,1,5,1+2+1
4956,5.39,MR,YCA1006-01-00,UIC1561-01-00 UIC1551-01-00 UIC2151-06-00 UIC1805-01-00,UCB1105-02-00 BIZ1101-09-00,18.0,월금,1,0,1,5,1+2+1
4957,5.39,MR,YCA1006-02-00,UIC1561-01-00 UIC1401-02-00 UIC2151-14-00 UIC1806-01-00,UCB1105-02-00 BIZ1101-09-00,18.0,월금,1,0,1,5,1+1+2
4958,5.39,MR,YCA1006-02-00,UIC1561-01-00 ASP2022-01-00 UIC2151-07-00 UIC1806-01-00,UCD1101-01-00 YCK1998-03-00,18.0,월금,1,0,1,5,1+2+1
4959,5.39,MR,YCA1006-02-00,UIC1561-01-00 ASP2022-01-00 UIC2151-05-00 UIC1806-02-00,UCD1101-01-00 YCK1998-03-00,18.0,월금,1,0,1,5,1+2+1
4960,5.39,WCiv,YCA1006-01-00,QRM1001-01-00 UIC1551-01-00 UIC2151-13-00 UIC1805-01-00,YCI1901-01-00 CTM1002-02-00,18.0,월금,1,1,3,6+5,1+1
4961,5.39,WCiv,YCA1006-01-00,QRM1001-01-00 UIC1551-01-00 UIC2151-13-00 UIC1806-01-00,YCI1901-01-00 CTM1002-02-00,18.0,월금,1,1,3,6+5,1+1
4962,5.39,MR,YCA1006-01-00,UIC1561-01-00 ASP2022-01-00 UIC2151-07-00 UIC1805-01-00,UCD1101-01-00 YCK1998-03-00,18.0,월금,1,0,1,5,1+2+1
4963,5.39,MR,YCA1006-01-00,UIC1561-01-00 UIC1551-01-00 UIC2151-05-00 UIC1806-02-00,UCB1105-02-00 BIZ1101-09-00,18.0,월금,1,0,1,5,1+2+1
4964,5.39,MR,YCA1006-01-00,UIC1561-01-00 UIC1551-01-00 UIC2151-07-00 UIC1806-01-00,UCB1105-02-00 BIZ1101-09-00,18.0,월금,1,0,1,5,1+2+1
4965,5.39,MR,YCA1006-01-00,UIC1561-01-00 ASP2022-01-00 UIC2151-07-00 UIC1806-01-00,UCD1101-01-00 YCK1998-03-00,18.0,월금,1,0,1,5,1+2+1
4966,5.39,MR,YCA1006-01-00,UIC1561-01-00 ASP2022-01-00 UIC2151-05-00 UIC1806-02-00,UCD1101-01-00 YCK1998-03-00,18.0,월금,1,0,1,5,1+2+1
4967,5.389,MR,YCA1006-01-00,UIC1561-01-00 UIC1501-04-00 UIC2151-14-00 UIC1806-02-00,ECO1101-06-00 STA2102-05-00,18.0,월금,1,0,3,6,1+2+2+1
4968,5.389,MR,YCA1006-02-00,UIC1561-01-00 UIC1551-01-00 UIC2151-12-00 UIC1805-02-00,ECO1101-06-00 STA2102-05-00,18.0,월금,1,0,3,6,1+2+2+3
4969,5.389,MR,YCA1006-02-00,UIC1561-01-00 UIC1251-02-00 UIC2151-14-00 UIC1806-01-00,ECO1101-06-00 STA2102-05-00,18.0,월금,1,0,3,6,1+2+2+1
4970,5.389,MR,YCA1006-01-00,UIC1561-01-00 UIC1501-04-00 UIC2151-14-00 UIC1806-02-00,ECO1101-06-00 STA2102-05-00,18.0,월금,1,0,3,6,1+2+2+1
4971,5.389,MR,YCA1006-02-00,UIC1561-01-00 UIC1501-04-00 UIC2151-14-00 UIC1806-02-00,ECO1101-06-00 STA2102-05-00,18.0,월금,1,0,3,6,1+2+2+1
4972,5.389,MR,YCA1006-02-00,UIC1561-01-00 UIC1251-02-00 UIC2151-14-00 UIC1806-01-00,ECO1101-06-00 STA2102-05-00,18.0,월금,1,0,3,6,1+2+2+1
4973,5.389,MR,YCA1006-02-00,UIC1561-01-00 UIC1551-01-00 UIC2151-12-00 UIC1805-02-00,ECO1101-06-00 STA2102-05-00,18.0,월금,1,0,3,6,1+2+2+3
4974,5.389,MR,YCA1006-01-00,UIC1561-01-00 UIC1251-02-00 UIC2151-14-00 UIC1805-01-00,ECO1101-06-00 STA2102-05-00,18.0,월금,1,0,3,6,1+2+2+1
4975,5.389,MR,YCA1006-02-00,UIC1561-01-00 UIC1501-04-00 UIC2151-14-00 UIC1806-02-00,ECO1101-06-00 STA2102-05-00,18.0,월금,1,0,3,6,1+2+2+1
4976,5.389,MR,YCA1006-01-00,UIC1561-01-00 UIC1251-02-00 UIC2151-14-00 UIC1805-01-00,ECO1101-06-00 STA2102-05-00,18.0,월금,1,0,3,6,1+2+2+1
4977,5.389,MR,YCA1006-01-00,UIC1561-01-00 UIC1251-02-00 UIC2151-14-00 UIC1806-01-00,ECO1101-06-00 STA2102-05-00,18.0,월금,1,0,3,6,1+2+2+1
4978,5.389,MR,YCA1006-02-00,UIC1561-01-00 UIC1251-02-00 UIC2151-14-00 UIC1805-01-00,ECO1101-06-00 STA2102-05-00,18.0,월금,1,0,3,6,1+2+2+1
4979,5.389,MR,YCA1006-01-00,UIC1561-01-00 UIC1251-02-00 UIC2151-14-00 UIC1806-01-00,ECO1101-06-00 STA2102-05-00,18.0,월금,1,0,3,6,1+2+2+1
4980,5.389,MR,YCA1006-02-00,UIC1561-01-00 UIC1251-02-00 UIC2151-14-00 UIC1805-01-00,ECO1101-06-00 STA2102-05-00,18.0,월금,1,0,3,6,1+2+2+1
4981,5.369,MR,YCA1006-01-00,UIC1561-01-00 UIC1551-04-00 UIC2151-08-00 UIC1806-02-00,ANT2105-01-00 CTM1001-02-00,18.0,월금,0,1,2,4+4,1+1+1
4982,5.369,MR,YCA1006-01-00,UIC1561-01-00 UIC1551-04-00 UIC2151-06-00 UIC1805-02-00,ANT2105-01-00 CTM1001-02-00,18.0,월금,0,1,2,4+4,1+1+1
4983,5.369,MR,YCA1006-01-00,UIC1561-01-00 UIC1551-04-00 UIC2151-08-00 UIC1806-02-00,ANT2105-01-00 CTM1001-02-00,18.0,월금,0,1,2,4+4,1+1+1
4984,5.369,MR,YCA1006-01-00,UIC1561-01-00 UIC1551-04-00 UIC2151-07-00 UIC1805-02-00,ANT2105-01-00 CTM1001-02-00,18.0,월금,0,1,2,4+4,1+1+1
4985,5.369,MR,YCA1006-01-00,UIC1561-01-00 UIC1551-04-00 UIC2151-07-00 UIC1805-02-00,ANT2105-01-00 CTM1001-02-00,18.0,월금,0,1,2,4+4,1+1+1
4986,5.369,MR,YCA1006-01-00,UIC1561-01-00 UIC1251-02-00 UIC2151-12-00 UIC1805-02-00,YCH1202-01-00 YCI1998-02-00,18.0,월금,1,0,1,4,1+3+1
4987,5.369,MR,YCA1006-01-00,UIC1561-01-00 UIC1551-04-00 UIC2151-06-00 UIC1805-02-00,ANT2105-01-00 CTM1001-02-00,18.0,월금,0,1,2,4+4,1+1+1
4988,5.369,MR,YCA1006-01-00,UIC1561-01-00 UIC1401-02-00 UIC2151-12-00 UIC1806-02-00,YCH1202-01-00 YCI1998-02-00,18.0,월금,1,0,1,4,1+3+1
4989,5.369,MR,YCA1006-01-00,UIC1561-01-00 UIC1551-01-00 UIC2151-08-00 UIC1806-02-00,ANT2105-01-00 CTM1001-02-00,18.0,월금,0,1,2,4+4,1+1+1
4990,5.369,MR,YCA1006-01-00,UIC1561-01-00 UIC1251-02-00 UIC2151-12-00 UIC1805-02-00,YCH1202-01-00 YCI1998-02-00,18.0,월금,1,0,1,4,1+3+1
4991,5.369,MR,YCA1006-01-00,UIC1561-01-00 UIC1551-01-00 UIC2151-06-00 UIC1805-02-00,ANT2105-01-00 CTM1001-02-00,18.0,월금,0,1,2,4+4,1+1+1
4992,5.369,MR,YCA1006-01-00,UIC1561-01-00 UIC1551-04-00 UIC2151-09-00 UIC1806-02-00,ANT2105-01-00 CTM1001-02-00,18.0,월금,0,1,2,4+4,1+1+1
4993,5.369,MR,YCA1006-01-00,UIC1561-01-00 UIC1401-02-00 UIC2151-12-00 UIC1806-02-00,YCH1202-01-00 YCI1998-02-00,18.0,월금,1,0,1,4,1+3+1
4994,5.369,MR,YCA1006-01-00,UIC1561-01-00 UIC1551-01-00 UIC2151-07-00 UIC1805-02-00,ANT2105-01-00 CTM1001-02-00,18.0,월금,0,1,2,4+4,1+1+1
4995,5.369,MR,YCA1006-01-00,UIC1561-01-00 UIC1551-01-00 UIC2151-07-00 UIC1805-02-00,ANT2105-01-00 CTM1001-02-00,18.0,월금,0,1,2,4+4,1+1+1
4996,5.369,MR,YCA1006-01-00,UIC1561-01-00 UIC1551-01-00 UIC2151-08-00 UIC1806-02-00,ANT2105-01-00 CTM1001-02-00,18.0,월금,0,1,2,4+4,1+1+1
4997,5.369,MR,YCA1006-01-00,UIC1561-01-00 UIC1551-04-00 UIC2151-09-00 UIC1806-02-00,ANT2105-01-00 CTM1001-02-00,18.0,월금,0,1,2,4+4,1+1+1
4998,5.369,MR,YCA1006-01-00,UIC1561-01-00 UIC1551-01-00 UIC2151-09-00 UIC1806-02-00,ANT2105-01-00 CTM1001-02-00,18.0,월금,0,1,2,4+4,1+1+1
4999,5.369,MR,YCA1006-01-00,UIC1561-01-00 UIC1551-01-00 UIC2151-09-00 UIC1806-02-00,ANT2105-01-00 CTM1001-02-00,18.0,월금,0,1,2,4+4,1+1+1
5000,5.369,MR,YCA1006-01-00,UIC1561-01-00 UIC1551-01-00 UIC2151-06-00 UIC1805-02-00,ANT2105-01-00 CTM1001-02-00,18.0,월금,0,1,2,4+4,1+1+1
