rank,score,deferred,chapel,requirements,electives,elective_items,credits,free_days,early1,lunch_fail,late,runs,holes
1,46.64,Lang,YCA1006-02-00,QRM1001-01-00 UIC1561-01-00 UIC1551-01-00 UIC2151-12-00,ECO1101-06-00 STA2102-05-00,ECO1101 ME,18.0,월금,1,0,3,6,3+2+2+1
2,45.732,Lang,YCA1006-01-00,QRM1001-01-00 UIC1561-01-00 UIC1551-01-00 UIC2151-12-00,QRM2004-01-00 STA2102-05-00,ME ME,18.0,월금,1,0,1,4+4,1+2+1
3,45.732,Lang,YCA1006-01-00,QRM1001-01-00 UIC1561-01-00 UIC1551-04-00 UIC2151-12-00,QRM2004-01-00 STA2102-05-00,ME ME,18.0,월금,1,0,1,4+4,1+1+2
4,44.557,Lang,YCA1006-02-00,QRM1001-01-00 UIC1561-01-00 UIC1551-01-00 UIC2151-12-00,QRM2004-01-00 STA2102-05-00,ME ME,18.0,월금,1,1,1,4+5,2+1
5,39.715,MR,YCA1006-02-00,UIC1561-01-00 UIC1551-01-00 UIC2151-12-00 UIC1805-02-00,ECO1101-06-00 STA2102-04-00,ECO1101 ME,18.0,월금,1,0,3,4,1+3+2+1
6,39.715,MR,YCA1006-02-00,UIC1561-01-00 UIC1551-01-00 UIC2151-12-00 UIC1805-02-00,ECO1101-06-00 STA2102-04-00,ECO1101 ME,18.0,월금,1,0,3,4,1+3+2+1
7,39.69,Lang,-,QRM1001-01-00 UIC1561-01-00 ASP2033-01-00 UIC2151-14-00,ECO1101-06-00 STA2102-05-00,ECO1101 ME,18.0,월금,0,0,3,6,2+2
8,39.14,MR,YCA1006-01-00,UIC1561-01-00 UIC1551-04-00 UIC2151-07-00 UIC1805-02-00,ECO1101-06-00 STA2102-05-00,ECO1101 ME,18.0,월금,0,0,3,6+4,1+1+2
9,39.14,MR,YCA1006-01-00,UIC1561-01-00 UIC1551-01-00 UIC2151-09-00 UIC1806-02-00,ECO1101-06-00 STA2102-05-00,ECO1101 ME,18.0,월금,0,0,3,6+4,1+2+1
10,39.14,MR,YCA1006-01-00,UIC1561-01-00 UIC1551-01-00 UIC2151-08-00 UIC1806-02-00,ECO1101-06-00 STA2102-05-00,ECO1101 ME,18.0,월금,0,0,3,6+4,1+2+1
11,39.14,MR,YCA1006-01-00,UIC1561-01-00 UIC1551-01-00 UIC2151-07-00 UIC1805-02-00,ECO1101-06-00 STA2102-05-00,ECO1101 ME,18.0,월금,0,0,3,6+4,1+2+1
12,39.14,MR,YCA1006-01-00,UIC1561-01-00 UIC1551-04-00 UIC2151-09-00 UIC1806-02-00,ECO1101-06-00 STA2102-05-00,ECO1101 ME,18.0,월금,0,0,3,6+4,1+1+2
13,39.14,MR,YCA1006-01-00,UIC1561-01-00 UIC1551-04-00 UIC2151-07-00 UIC1805-02-00,ECO1101-06-00 STA2102-05-00,ECO1101 ME,18.0,월금,0,0,3,6+4,1+1+2
14,39.14,MR,YCA1006-01-00,UIC1561-01-00 UIC1551-01-00 UIC2151-09-00 UIC1806-02-00,ECO1101-06-00 STA2102-05-00,ECO1101 ME,18.0,월금,0,0,3,6+4,1+2+1
15,39.14,MR,YCA1006-01-00,UIC1561-01-00 UIC1551-04-00 UIC2151-09-00 UIC1806-02-00,ECO1101-06-00 STA2102-05-00,ECO1101 ME,18.0,월금,0,0,3,6+4,1+1+2
16,39.14,MR,YCA1006-01-00,UIC1561-01-00 UIC1551-01-00 UIC2151-06-00 UIC1805-02-00,ECO1101-06-00 STA2102-05-00,ECO1101 ME,18.0,월금,0,0,3,6+4,1+2+1
17,39.14,MR,YCA1006-01-00,UIC1561-01-00 UIC1551-04-00 UIC2151-08-00 UIC1806-02-00,ECO1101-06-00 STA2102-05-00,ECO1101 ME,18.0,월금,0,0,3,6+4,1+1+2
18,39.14,MR,YCA1006-01-00,UIC1561-01-00 UIC1551-04-00 UIC2151-08-00 UIC1806-02-00,ECO1101-06-00 STA2102-05-00,ECO1101 ME,18.0,월금,0,0,3,6+4,1+1+2
19,39.14,MR,YCA1006-01-00,UIC1561-01-00 UIC1551-01-00 UIC2151-08-00 UIC1806-02-00,ECO1101-06-00 STA2102-05-00,ECO1101 ME,18.0,월금,0,0,3,6+4,1+2+1
20,39.14,MR,YCA1006-01-00,UIC1561-01-00 UIC1551-01-00 UIC2151-06-00 UIC1805-02-00,ECO1101-06-00 STA2102-05-00,ECO1101 ME,18.0,월금,0,0,3,6+4,1+2+1
21,39.14,MR,YCA1006-01-00,UIC1561-01-00 UIC1551-04-00 UIC2151-06-00 UIC1805-02-00,ECO1101-06-00 STA2102-05-00,ECO1101 ME,18.0,월금,0,0,3,6+4,1+1+2
22,39.14,MR,YCA1006-01-00,UIC1561-01-00 UIC1551-04-00 UIC2151-06-00 UIC1805-02-00,ECO1101-06-00 STA2102-05-00,ECO1101 ME,18.0,월금,0,0,3,6+4,1+1+2
23,39.14,MR,YCA1006-01-00,UIC1561-01-00 UIC1551-01-00 UIC2151-07-00 UIC1805-02-00,ECO1101-06-00 STA2102-05-00,ECO1101 ME,18.0,월금,0,0,3,6+4,1+2+1
24,39.065,MR,YCA1006-01-00,UIC1561-01-00 UIC1551-04-00 UIC2151-12-00 UIC1805-02-00,ECO1104-06-00 STA2102-05-00,ME ME,18.0,월금,1,0,1,4+4,1+1+2
25,39.065,MR,YCA1006-01-00,UIC1561-01-00 UIC1551-04-00 UIC2151-12-00 UIC1805-02-00,ECO1104-06-00 STA2102-05-00,ME ME,18.0,월금,1,0,1,4+4,1+1+2
26,39.065,MR,YCA1006-01-00,UIC1561-01-00 UIC1551-01-00 UIC2151-12-00 UIC1805-02-00,ECO1104-06-00 STA2102-05-00,ME ME,18.0,월금,1,0,1,4+4,1+2+1
27,39.065,MR,YCA1006-01-00,UIC1561-01-00 UIC1551-01-00 UIC2151-12-00 UIC1805-02-00,ECO1104-06-00 STA2102-05-00,ME ME,18.0,월금,1,0,1,4+4,1+2+1
28,39.032,SciRD,YCA1006-01-00,QRM1001-01-00 UIC1561-01-00 UIC1551-04-00 UIC1805-01-00,QRM2004-01-00 STA2102-05-00,ME ME,18.0,월금,1,1,1,4+6,1+1
29,39.032,SciRD,YCA1006-01-00,QRM1001-01-00 UIC1561-01-00 UIC1551-04-00 UIC1806-01-00,QRM2004-01-00 STA2102-05-00,ME ME,18.0,월금,1,1,1,4+6,1+1
30,39.032,SciRD,YCA1006-01-00,QRM1001-01-00 UIC1561-01-00 UIC1551-04-00 UIC1806-01-00,QRM2004-01-00 STA2102-05-00,ME ME,18.0,월금,1,1,1,4+6,1+1
31,39.032,Lang,YCA1006-01-00,QRM1001-01-00 UIC1561-01-00 UIC1551-04-00 UIC2151-05-00,QRM2004-01-00 STA2102-05-00,ME ME,18.0,월금,1,1,1,4+6,1+1
32,39.032,SciRD,YCA1006-01-00,QRM1001-01-00 UIC1561-01-00 UIC1551-04-00 UIC1805-01-00,QRM2004-01-00 STA2102-05-00,ME ME,18.0,월금,1,1,1,4+6,1+1
33,38.715,Lang,YCA1006-01-00,QRM1001-01-00 UIC1561-01-00 UIC1551-01-00 UIC2151-12-00,ECO1101-06-00 QRM2004-01-00,ECO1101 ME,18.0,월금,1,0,3,4+4,1+3+2+1
34,38.715,Lang,YCA1006-01-00,QRM1001-01-00 UIC1561-01-00 UIC1551-04-00 UIC2151-12-00,ECO1101-06-00 QRM2004-01-00,ECO1101 ME,18.0,월금,1,0,3,4+4,1+1+3+2
35,38.065,Lang,-,QRM1001-01-00 UIC1561-01-00 UIC1551-01-00 UIC2151-12-00,ECO1101-06-00 STA2102-05-00,ECO1101 ME,18.0,월금,1,0,3,6,2+2+1
36,37.965,MR,YCA1006-02-00,UIC1561-01-00 UIC1551-01-00 UIC2151-09-00 UIC1806-02-00,ECO1101-06-00 STA2102-05-00,ECO1101 ME,18.0,월금,0,1,3,6+5,2+1
37,37.965,MR,YCA1006-02-00,UIC1561-01-00 UIC1551-01-00 UIC2151-08-00 UIC1806-02-00,ECO1101-06-00 STA2102-05-00,ECO1101 ME,18.0,월금,0,1,3,6+5,2+1
38,37.965,MR,YCA1006-02-00,UIC1561-01-00 UIC1551-01-00 UIC2151-09-00 UIC1806-02-00,ECO1101-06-00 STA2102-05-00,ECO1101 ME,18.0,월금,0,1,3,6+5,2+1
39,37.965,MR,YCA1006-02-00,UIC1561-01-00 UIC1551-01-00 UIC2151-06-00 UIC1805-02-00,ECO1101-06-00 STA2102-05-00,ECO1101 ME,18.0,월금,0,1,3,6+5,2+1
40,37.965,MR,YCA1006-02-00,UIC1561-01-00 UIC1551-01-00 UIC2151-07-00 UIC1805-02-00,ECO1101-06-00 STA2102-05-00,ECO1101 ME,18.0,월금,0,1,3,6+5,2+1
41,37.965,MR,YCA1006-02-00,UIC1561-01-00 UIC1551-01-00 UIC2151-06-00 UIC1805-02-00,ECO1101-06-00 STA2102-05-00,ECO1101 ME,18.0,월금,0,1,3,6+5,2+1
42,37.965,MR,YCA1006-02-00,UIC1561-01-00 UIC1551-01-00 UIC2151-07-00 UIC1805-02-00,ECO1101-06-00 STA2102-05-00,ECO1101 ME,18.0,월금,0,1,3,6+5,2+1
43,37.965,MR,YCA1006-02-00,UIC1561-01-00 UIC1551-01-00 UIC2151-08-00 UIC1806-02-00,ECO1101-06-00 STA2102-05-00,ECO1101 ME,18.0,월금,0,1,3,6+5,2+1
44,37.89,MR,YCA1006-02-00,UIC1561-01-00 UIC1551-01-00 UIC2151-12-00 UIC1805-02-00,ECO1104-06-00 STA2102-05-00,ME ME,18.0,월금,1,1,1,4+5,2+1
45,37.89,MR,YCA1006-02-00,UIC1561-01-00 UIC1551-01-00 UIC2151-12-00 UIC1805-02-00,ECO1104-06-00 STA2102-05-00,ME ME,18.0,월금,1,1,1,4+5,2+1
46,37.765,MR,YCA1006-02-00,UIC1561-01-00 UIC1551-01-00 UIC2151-12-00 UIC1806-02-00,ECO1101-06-00 STA2102-05-00,ECO1101 ME,18.0,월금,1,0,3,6,2+2+2+1
47,37.765,MR,YCA1006-02-00,UIC1561-01-00 UIC1551-01-00 UIC2151-12-00 UIC1806-02-00,ECO1101-06-00 STA2102-05-00,ECO1101 ME,18.0,월금,1,0,3,6,2+2+2+1
48,37.54,Lang,YCA1006-02-00,QRM1001-01-00 UIC1561-01-00 UIC1551-01-00 UIC2151-12-00,ECO1101-06-00 QRM2004-01-00,ECO1101 ME,18.0,월금,1,1,3,4+5,3+2+1
49,37.357,Lang,YCA1006-02-00,QRM1001-01-00 UIC1561-01-00 UIC1551-04-00 UIC2151-12-00,QRM2004-01-00 STA2102-05-00,ME ME,18.0,월금,1,1,1,4+4+4,1+2
50,37.315,MR,YCA1006-01-00,UIC1561-01-00 UIC1551-04-00 UIC2151-12-00 UIC1806-01-00,STA2102-04-00 QRM2004-01-00,ME ME,18.0,월금,2,0,1,,1+1+3+1
51,37.315,MR,YCA1006-01-00,UIC1561-01-00 UIC1551-04-00 UIC2151-12-00 UIC1806-01-00,STA2102-04-00 QRM2004-01-00,ME ME,18.0,월금,2,0,1,,1+1+3+1
52,37.315,MR,YCA1006-01-00,UIC1561-01-00 UIC1551-04-00 UIC2151-12-00 UIC1805-01-00,STA2102-04-00 QRM2004-01-00,ME ME,18.0,월금,2,0,1,,1+1+3+1
53,37.315,MR,YCA1006-01-00,UIC1561-01-00 UIC1551-04-00 UIC2151-12-00 UIC1805-01-00,STA2102-04-00 QRM2004-01-00,ME ME,18.0,월금,2,0,1,,1+1+3+1
54,37.265,Lang,YCA1006-01-00,QRM1001-01-00 UIC1561-01-00 UIC1551-01-00 UIC2151-12-00,ECO1101-06-00 STA2102-05-00,ECO1101 ME,18.0,월금,1,0,3,6,4+2+2+1
55,37.232,Lang,-,QRM1001-01-00 UIC1561-01-00 UIC1401-03-00 UIC2151-12-00,ECO1101-06-00 STA2102-05-00,ECO1101 ME,18.0,월화,1,0,2,6,1+2
56,37.157,Lang,-,QRM1001-01-00 UIC1561-01-00 UIC1551-01-00 UIC2151-12-00,QRM2004-01-00 STA2102-05-00,ME ME,18.0,월금,1,0,1,4+4,2+1
57,37.157,Lang,-,QRM1001-01-00 UIC1561-01-00 UIC1551-04-00 UIC2151-12-00,QRM2004-01-00 STA2102-05-00,ME ME,18.0,월금,1,0,1,4+4,1+2
58,37.14,MR,YCA1006-02-00,UIC1561-01-00 UIC1551-04-00 UIC2151-12-00 UIC1805-02-00,ECO1101-06-00 STA2102-05-00,ECO1101 ME,18.0,월금,1,0,3,6,1+1+2+2+2
59,37.14,MR,YCA1006-02-00,UIC1561-01-00 UIC1551-04-00 UIC2151-12-00 UIC1805-02-00,ECO1101-06-00 STA2102-05-00,ECO1101 ME,18.0,월금,1,0,3,6,1+1+2+2+2
60,36.565,MR,YCA1006-01-00,UIC1561-01-00 UIC1251-02-00 UIC2151-14-00 UIC1805-02-00,ECO1101-06-00 STA2102-05-00,ECO1101 ME,18.0,월금,0,0,3,6+6,1+2
61,36.565,MR,YCA1006-01-00,UIC1561-01-00 UIC1251-02-00 UIC2151-14-00 UIC1805-02-00,ECO1101-06-00 STA2102-05-00,ECO1101 ME,18.0,월금,0,0,3,6+6,1+2
62,36.565,MR,YCA1006-01-00,UIC1561-01-00 UIC1401-02-00 UIC2151-14-00 UIC1806-02-00,ECO1101-06-00 STA2102-05-00,ECO1101 ME,18.0,월금,0,0,3,6+6,1+2
63,36.565,MR,YCA1006-01-00,UIC1561-01-00 UIC1401-02-00 UIC2151-14-00 UIC1806-02-00,ECO1101-06-00 STA2102-05-00,ECO1101 ME,18.0,월금,0,0,3,6+6,1+2
64,36.265,MR,YCA1006-01-00,UIC1561-01-00 UIC1401-02-00 UIC2151-12-00 UIC1806-02-00,ECO1101-06-00 STA2102-05-00,ECO1101 ME,18.0,월금,1,0,2,6,1+2+2
65,36.265,MR,YCA1006-01-00,UIC1561-01-00 UIC1251-02-00 UIC2151-12-00 UIC1805-02-00,ECO1101-06-00 STA2102-05-00,ECO1101 ME,18.0,월금,1,0,2,6,1+2+2
66,36.265,MR,YCA1006-01-00,UIC1561-01-00 UIC1401-02-00 UIC2151-12-00 UIC1806-02-00,ECO1101-06-00 STA2102-05-00,ECO1101 ME,18.0,월금,1,0,2,6,1+2+2
67,36.265,Lang,YCA1006-02-00,QRM1001-01-00 UIC1561-01-00 ASP2022-01-00 UIC2151-12-00,ECO1101-06-00 STA2102-05-00,ECO1101 ME,18.0,월금,1,0,2,6+4,3+2+2
68,36.265,MR,YCA1006-01-00,UIC1561-01-00 UIC1251-02-00 UIC2151-12-00 UIC1805-02-00,ECO1101-06-00 STA2102-05-00,ECO1101 ME,18.0,월금,1,0,2,6,1+2+2
69,35.39,MR,YCA1006-02-00,UIC1561-01-00 ASP2022-01-00 UIC2151-12-00 UIC1806-02-00,ECO1101-06-00 STA2102-05-00,ECO1101 ME,18.0,월금,1,0,2,6,2+2+2
70,35.39,MR,YCA1006-02-00,UIC1561-01-00 ASP2022-01-00 UIC2151-12-00 UIC1806-02-00,ECO1101-06-00 STA2102-05-00,ECO1101 ME,18.0,월금,1,0,2,6,2+2+2
71,35.365,WCiv,YCA1006-01-00,QRM1001-01-00 UIC1551-04-00 UIC2151-13-00 UIC1806-01-00,QRM2004-01-00 STA2102-05-00,ME ME,18.0,월금,1,1,2,4+6,1+1
72,35.365,WCiv,YCA1006-01-00,QRM1001-01-00 UIC1551-04-00 UIC2151-13-00 UIC1806-01-00,QRM2004-01-00 STA2102-05-00,ME ME,18.0,월금,1,1,2,4+6,1+1
73,35.365,WCiv,YCA1006-01-00,QRM1001-01-00 UIC1551-04-00 UIC2151-13-00 UIC1805-01-00,QRM2004-01-00 STA2102-05-00,ME ME,18.0,월금,1,1,2,4+6,1+1
74,35.365,WCiv,YCA1006-01-00,QRM1001-01-00 UIC1551-04-00 UIC2151-13-00 UIC1805-01-00,QRM2004-01-00 STA2102-05-00,ME ME,18.0,월금,1,1,2,4+6,1+1
75,35.265,MR,YCA1006-02-00,UIC1561-01-00 UIC1551-04-00 UIC2151-12-00 UIC1806-02-00,ECO1101-06-00 STA2102-05-00,ECO1101 ME,18.0,월금,1,0,3,6,3+2+2
76,35.265,MR,YCA1006-02-00,UIC1561-01-00 UIC1551-04-00 UIC2151-12-00 UIC1806-02-00,ECO1101-06-00 STA2102-05-00,ECO1101 ME,18.0,월금,1,0,3,6,3+2+2
77,35.14,Lang,YCA1006-01-00,QRM1001-01-00 UIC1561-01-00 UIC1551-04-00 UIC2151-05-00,ECO1101-06-00 QRM2004-01-00,ECO1101 ME,18.0,월금,1,1,3,4+6,1+1+2
78,35.14,SciRD,YCA1006-01-00,QRM1001-01-00 UIC1561-01-00 UIC1551-04-00 UIC1805-01-00,ECO1101-06-00 QRM2004-01-00,ECO1101 ME,18.0,월금,1,1,3,4+6,1+1+2
79,35.14,SciRD,YCA1006-01-00,QRM1001-01-00 UIC1561-01-00 UIC1551-04-00 UIC1805-01-00,ECO1101-06-00 QRM2004-01-00,ECO1101 ME,18.0,월금,1,1,3,4+6,1+1+2
80,35.14,SciRD,YCA1006-01-00,QRM1001-01-00 UIC1561-01-00 UIC1551-04-00 UIC1806-01-00,ECO1101-06-00 QRM2004-01-00,ECO1101 ME,18.0,월금,1,1,3,4+6,1+1+2
81,35.14,SciRD,YCA1006-01-00,QRM1001-01-00 UIC1561-01-00 UIC1551-04-00 UIC1806-01-00,ECO1101-06-00 QRM2004-01-00,ECO1101 ME,18.0,월금,1,1,3,4+6,1+1+2
82,34.974,WCiv,YCA1006-01-00,QRM1001-01-00 UIC1551-04-00 UIC2151-13-00 UIC1806-01-00,ECO1101-06-00 QRM2004-01-00,ECO1101 ME,18.0,월금,1,1,3,4+6,1+1
83,34.974,WCiv,YCA1006-01-00,QRM1001-01-00 UIC1551-04-00 UIC2151-13-00 UIC1805-01-00,ECO1101-06-00 QRM2004-01-00,ECO1101 ME,18.0,월금,1,1,3,4+6,1+1
84,34.974,WCiv,YCA1006-01-00,QRM1001-01-00 UIC1551-04-00 UIC2151-13-00 UIC1805-01-00,ECO1101-06-00 QRM2004-01-00,ECO1101 ME,18.0,월금,1,1,3,4+6,1+1
85,34.974,WCiv,YCA1006-01-00,QRM1001-01-00 UIC1551-04-00 UIC2151-13-00 UIC1806-01-00,ECO1101-06-00 QRM2004-01-00,ECO1101 ME,18.0,월금,1,1,3,4+6,1+1
86,34.89,Lang,YCA1006-02-00,QRM1001-01-00 UIC1561-01-00 UIC1551-04-00 UIC2151-12-00,ECO1101-06-00 STA2102-05-00,ECO1101 ME,18.0,월금,1,0,3,6+4,4+2+2
87,34.64,MR,YCA1006-02-00,UIC1561-01-00 UIC1251-02-00 UIC2151-14-00 UIC1806-01-00,ECO1101-06-00 STA2102-05-00,ECO1101 ME,18.0,월금,1,0,3,6,1+2+2+1
88,34.64,MR,YCA1006-01-00,UIC1561-01-00 UIC1251-02-00 UIC2151-14-00 UIC1805-01-00,ECO1101-06-00 STA2102-05-00,ECO1101 ME,18.0,월금,1,0,3,6,1+2+2+1
89,34.64,MR,YCA1006-02-00,UIC1561-01-00 UIC1251-02-00 UIC2151-14-00 UIC1805-01-00,ECO1101-06-00 STA2102-05-00,ECO1101 ME,18.0,월금,1,0,3,6,1+2+2+1
90,34.64,MR,YCA1006-01-00,UIC1561-01-00 UIC1251-02-00 UIC2151-14-00 UIC1806-01-00,ECO1101-06-00 STA2102-05-00,ECO1101 ME,18.0,월금,1,0,3,6,1+2+2+1
91,34.64,MR,YCA1006-01-00,UIC1561-01-00 UIC1251-02-00 UIC2151-14-00 UIC1805-01-00,ECO1101-06-00 STA2102-05-00,ECO1101 ME,18.0,월금,1,0,3,6,1+2+2+1
92,34.64,MR,YCA1006-01-00,UIC1561-01-00 UIC1501-04-00 UIC2151-14-00 UIC1806-02-00,ECO1101-06-00 STA2102-05-00,ECO1101 ME,18.0,월금,1,0,3,6,1+2+2+1
93,34.64,MR,YCA1006-02-00,UIC1561-01-00 UIC1551-01-00 UIC2151-12-00 UIC1805-02-00,ECO1101-06-00 STA2102-05-00,ECO1101 ME,18.0,월금,1,0,3,6,1+2+2+3
94,34.64,MR,YCA1006-01-00,UIC1561-01-00 UIC1251-02-00 UIC2151-14-00 UIC1806-01-00,ECO1101-06-00 STA2102-05-00,ECO1101 ME,18.0,월금,1,0,3,6,1+2+2+1
95,34.64,MR,YCA1006-02-00,UIC1561-01-00 UIC1251-02-00 UIC2151-14-00 UIC1805-01-00,ECO1101-06-00 STA2102-05-00,ECO1101 ME,18.0,월금,1,0,3,6,1+2+2+1
96,34.64,MR,YCA1006-02-00,UIC1561-01-00 UIC1551-01-00 UIC2151-12-00 UIC1805-02-00,ECO1101-06-00 STA2102-05-00,ECO1101 ME,18.0,월금,1,0,3,6,1+2+2+3
97,34.64,MR,YCA1006-02-00,UIC1561-01-00 UIC1251-02-00 UIC2151-14-00 UIC1806-01-00,ECO1101-06-00 STA2102-05-00,ECO1101 ME,18.0,월금,1,0,3,6,1+2+2+1
98,34.64,MR,YCA1006-01-00,UIC1561-01-00 UIC1501-04-00 UIC2151-14-00 UIC1806-02-00,ECO1101-06-00 STA2102-05-00,ECO1101 ME,18.0,월금,1,0,3,6,1+2+2+1
99,34.64,MR,YCA1006-02-00,UIC1561-01-00 UIC1501-04-00 UIC2151-14-00 UIC1806-02-00,ECO1101-06-00 STA2102-05-00,ECO1101 ME,18.0,월금,1,0,3,6,1+2+2+1
100,34.64,MR,YCA1006-02-00,UIC1561-01-00 UIC1501-04-00 UIC2151-14-00 UIC1806-02-00,ECO1101-06-00 STA2102-05-00,ECO1101 ME,18.0,월금,1,0,3,6,1+2+2+1
101,34.557,Lang,YCA1006-01-00,QRM1001-01-00 UIC1561-01-00 ASP2022-01-00 UIC2151-12-00,QRM2004-01-00 STA2102-05-00,ME ME,18.0,월금,1,0,0,4+5+4,1+2
102,34.015,MR,YCA1006-01-00,UIC1561-01-00 UIC1551-01-00 UIC2151-07-00 UIC1806-01-00,ECO1101-06-00 STA2102-05-00,ECO1101 ME,18.0,월금,1,0,3,6,1+2+2+1+1
103,34.015,MR,YCA1006-02-00,UIC1561-01-00 UIC1551-04-00 UIC2151-08-00 UIC1805-01-00,ECO1101-06-00 STA2102-05-00,ECO1101 ME,18.0,월금,1,0,3,6,1+1+1+2+2
104,34.015,MR,YCA1006-01-00,UIC1561-01-00 UIC1551-01-00 UIC2151-06-00 UIC1806-01-00,ECO1101-06-00 STA2102-05-00,ECO1101 ME,18.0,월금,1,0,3,6,1+2+2+1+1
105,34.015,MR,YCA1006-01-00,UIC1561-01-00 UIC1551-01-00 UIC2151-06-00 UIC1806-01-00,ECO1101-06-00 STA2102-05-00,ECO1101 ME,18.0,월금,1,0,3,6,1+2+2+1+1
106,34.015,MR,YCA1006-02-00,UIC1561-01-00 UIC1551-01-00 UIC2151-07-00 UIC1805-01-00,ECO1101-06-00 STA2102-05-00,ECO1101 ME,18.0,월금,1,0,3,6,1+2+2+1+1
107,34.015,MR,YCA1006-02-00,UIC1561-01-00 UIC1551-01-00 UIC2151-07-00 UIC1806-01-00,ECO1101-06-00 STA2102-05-00,ECO1101 ME,18.0,월금,1,0,3,6,1+2+2+1+1
108,34.015,MR,YCA1006-02-00,UIC1561-01-00 UIC1551-01-00 UIC2151-06-00 UIC1805-01-00,ECO1101-06-00 STA2102-05-00,ECO1101 ME,18.0,월금,1,0,3,6,1+2+2+1+1
109,34.015,MR,YCA1006-02-00,UIC1561-01-00 UIC1551-04-00 UIC2151-09-00 UIC1805-01-00,ECO1101-06-00 STA2102-05-00,ECO1101 ME,18.0,월금,1,0,3,6,1+1+1+2+2
110,34.015,MR,YCA1006-02-00,UIC1561-01-00 UIC1551-04-00 UIC2151-09-00 UIC1806-01-00,ECO1101-06-00 STA2102-05-00,ECO1101 ME,18.0,월금,1,0,3,6,1+1+1+2+2
111,34.015,MR,YCA1006-01-00,UIC1561-01-00 UIC1551-01-00 UIC2151-07-00 UIC1805-01-00,ECO1101-06-00 STA2102-05-00,ECO1101 ME,18.0,월금,1,0,3,6,1+2+2+1+1
112,34.015,MR,YCA1006-01-00,UIC1561-01-00 UIC1551-01-00 UIC2151-06-00 UIC1805-01-00,ECO1101-06-00 STA2102-05-00,ECO1101 ME,18.0,월금,1,0,3,6,1+2+2+1+1
113,34.015,MR,YCA1006-02-00,UIC1561-01-00 UIC1551-01-00 UIC2151-06-00 UIC1805-01-00,ECO1101-06-00 STA2102-05-00,ECO1101 ME,18.0,월금,1,0,3,6,1+2+2+1+1
114,34.015,MR,YCA1006-02-00,UIC1561-01-00 UIC1551-01-00 UIC2151-06-00 UIC1806-01-00,ECO1101-06-00 STA2102-05-00,ECO1101 ME,18.0,월금,1,0,3,6,1+2+2+1+1
115,34.015,MR,YCA1006-02-00,UIC1561-01-00 UIC1551-01-00 UIC2151-05-00 UIC1806-02-00,ECO1101-06-00 STA2102-05-00,ECO1101 ME,18.0,월금,1,0,3,6,1+2+2+1+1
116,34.015,MR,YCA1006-01-00,UIC1561-01-00 UIC1551-01-00 UIC2151-05-00 UIC1806-02-00,ECO1101-06-00 STA2102-05-00,ECO1101 ME,18.0,월금,1,0,3,6,1+2+2+1+1
117,34.015,MR,YCA1006-02-00,UIC1561-01-00 UIC1551-01-00 UIC2151-07-00 UIC1806-01-00,ECO1101-06-00 STA2102-05-00,ECO1101 ME,18.0,월금,1,0,3,6,1+2+2+1+1
118,34.015,MR,YCA1006-01-00,UIC1561-01-00 UIC1551-01-00 UIC2151-07-00 UIC1805-01-00,ECO1101-06-00 STA2102-05-00,ECO1101 ME,18.0,월금,1,0,3,6,1+2+2+1+1
119,34.015,MR,YCA1006-01-00,UIC1561-01-00 UIC1551-01-00 UIC2151-06-00 UIC1805-01-00,ECO1101-06-00 STA2102-05-00,ECO1101 ME,18.0,월금,1,0,3,6,1+2+2+1+1
120,34.015,MR,YCA1006-02-00,UIC1561-01-00 UIC1551-01-00 UIC2151-07-00 UIC1805-01-00,ECO1101-06-00 STA2102-05-00,ECO1101 ME,18.0,월금,1,0,3,6,1+2+2+1+1
121,34.015,MR,YCA1006-02-00,UIC1561-01-00 UIC1551-04-00 UIC2151-05-00 UIC1805-02-00,ECO1101-06-00 STA2102-05-00,ECO1101 ME,18.0,월금,1,0,3,6,1+1+1+2+2
122,34.015,MR,YCA1006-02-00,UIC1561-01-00 UIC1551-04-00 UIC2151-08-00 UIC1806-01-00,ECO1101-06-00 STA2102-05-00,ECO1101 ME,18.0,월금,1,0,3,6,1+1+1+2+2
123,34.015,MR,YCA1006-02-00,UIC1561-01-00 UIC1551-04-00 UIC2151-05-00 UIC1805-02-00,ECO1101-06-00 STA2102-05-00,ECO1101 ME,18.0,월금,1,0,3,6,1+1+1+2+2
124,34.015,MR,YCA1006-01-00,UIC1561-01-00 UIC1551-01-00 UIC2151-07-00 UIC1806-01-00,ECO1101-06-00 STA2102-05-00,ECO1101 ME,18.0,월금,1,0,3,6,1+2+2+1+1
125,34.015,MR,YCA1006-02-00,UIC1561-01-00 UIC1551-04-00 UIC2151-08-00 UIC1806-01-00,ECO1101-06-00 STA2102-05-00,ECO1101 ME,18.0,월금,1,0,3,6,1+1+1+2+2
126,34.015,MR,YCA1006-01-00,UIC1561-01-00 UIC1551-01-00 UIC2151-05-00 UIC1806-02-00,ECO1101-06-00 STA2102-05-00,ECO1101 ME,18.0,월금,1,0,3,6,1+2+2+1+1
127,34.015,MR,YCA1006-02-00,UIC1561-01-00 UIC1551-01-00 UIC2151-06-00 UIC1806-01-00,ECO1101-06-00 STA2102-05-00,ECO1101 ME,18.0,월금,1,0,3,6,1+2+2+1+1
128,34.015,MR,YCA1006-02-00,UIC1561-01-00 UIC1551-04-00 UIC2151-09-00 UIC1805-01-00,ECO1101-06-00 STA2102-05-00,ECO1101 ME,18.0,월금,1,0,3,6,1+1+1+2+2
129,34.015,MR,YCA1006-02-00,UIC1561-01-00 UIC1551-04-00 UIC2151-09-00 UIC1806-01-00,ECO1101-06-00 STA2102-05-00,ECO1101 ME,18.0,월금,1,0,3,6,1+1+1+2+2
130,34.015,MR,YCA1006-02-00,UIC1561-01-00 UIC1551-01-00 UIC2151-05-00 UIC1806-02-00,ECO1101-06-00 STA2102-05-00,ECO1101 ME,18.0,월금,1,0,3,6,1+2+2+1+1
131,34.015,MR,YCA1006-02-00,UIC1561-01-00 UIC1551-04-00 UIC2151-08-00 UIC1805-01-00,ECO1101-06-00 STA2102-05-00,ECO1101 ME,18.0,월금,1,0,3,6,1+1+1+2+2
132,33.94,MR,YCA1006-02-00,UIC1561-01-00 UIC1551-01-00 UIC2151-12-00 UIC1806-01-00,ECO1104-06-00 STA2102-05-00,ME ME,18.0,월금,2,0,1,4,1+2+2+1+1
133,33.94,MR,YCA1006-02-00,UIC1561-01-00 UIC1551-01-00 UIC2151-12-00 UIC1805-01-00,ECO1104-06-00 STA2102-05-00,ME ME,18.0,월금,2,0,1,4,1+2+2+1+1
134,33.94,MR,YCA1006-01-00,UIC1561-01-00 UIC1551-01-00 UIC2151-12-00 UIC1805-01-00,ECO1104-06-00 STA2102-05-00,ME ME,18.0,월금,2,0,1,4,1+2+2+1+1
135,33.94,MR,YCA1006-02-00,UIC1561-01-00 UIC1551-01-00 UIC2151-12-00 UIC1805-01-00,ECO1104-06-00 STA2102-05-00,ME ME,18.0,월금,2,0,1,4,1+2+2+1+1
136,33.94,MR,YCA1006-01-00,UIC1561-01-00 UIC1551-01-00 UIC2151-12-00 UIC1806-01-00,ECO1104-06-00 STA2102-05-00,ME ME,18.0,월금,2,0,1,4,1+2+2+1+1
137,33.94,MR,YCA1006-02-00,UIC1561-01-00 UIC1551-01-00 UIC2151-12-00 UIC1806-01-00,ECO1104-06-00 STA2102-05-00,ME ME,18.0,월금,2,0,1,4,1+2+2+1+1
138,33.94,MR,YCA1006-01-00,UIC1561-01-00 UIC1551-01-00 UIC2151-12-00 UIC1806-01-00,ECO1104-06-00 STA2102-05-00,ME ME,18.0,월금,2,0,1,4,1+2+2+1+1
139,33.94,MR,YCA1006-01-00,UIC1561-01-00 UIC1551-01-00 UIC2151-12-00 UIC1805-01-00,ECO1104-06-00 STA2102-05-00,ME ME,18.0,월금,2,0,1,4,1+2+2+1+1
140,33.699,Lang,-,QRM1001-01-00 UIC1561-01-00 UIC1401-03-00 UIC2151-12-00,QRM2002-01-00 STA2102-05-00,ME ME,18.0,월화,2,0,0,4,1+1
141,33.432,Lang,YCA1006-01-00,QRM1001-01-00 UIC1561-01-00 UIC1551-01-00 UIC2151-05-00,QRM2004-01-00 STA2102-05-00,ME ME,18.0,월금,1,1,1,4+4+5,1+1
142,33.432,SciRD,YCA1006-01-00,QRM1001-01-00 UIC1561-01-00 UIC1551-01-00 UIC1806-01-00,QRM2004-01-00 STA2102-05-00,ME ME,18.0,월금,1,1,1,4+4+5,1+1
143,33.432,SciRD,YCA1006-01-00,QRM1001-01-00 UIC1561-01-00 UIC1551-01-00 UIC1805-01-00,QRM2004-01-00 STA2102-05-00,ME ME,18.0,월금,1,1,1,4+4+5,1+1
144,33.432,SciRD,YCA1006-01-00,QRM1001-01-00 UIC1561-01-00 UIC1551-01-00 UIC1806-01-00,QRM2004-01-00 STA2102-05-00,ME ME,18.0,월금,1,1,1,4+4+5,1+1
145,33.432,SciRD,YCA1006-01-00,QRM1001-01-00 UIC1561-01-00 UIC1551-01-00 UIC1805-01-00,QRM2004-01-00 STA2102-05-00,ME ME,18.0,월금,1,1,1,4+4+5,1+1
146,33.232,Lang,-,QRM1001-01-00 UIC1561-01-00 UIC1401-03-00 UIC1751-01-00,ECO1101-06-00 STA2102-05-00,ECO1101 ME,18.0,월화,0,1,2,6+4,1+2
147,32.84,MR,YCA1006-01-00,UIC1561-01-00 UIC1551-01-00 UIC2151-12-00 UIC1805-02-00,ECO1101-06-00 STA2102-04-00,ECO1101 ME,18.0,월금,1,0,3,4,2+3+2+1
148,32.84,MR,YCA1006-01-00,UIC1561-01-00 UIC1551-01-00 UIC2151-12-00 UIC1805-02-00,ECO1101-06-00 STA2102-04-00,ECO1101 ME,18.0,월금,1,0,3,4,2+3+2+1
149,32.765,MR,YCA1006-01-00,UIC1561-01-00 UIC1551-04-00 UIC2151-08-00 UIC1805-01-00,ECO1101-06-00 STA2102-05-00,ECO1101 ME,18.0,월금,1,0,3,6,2+1+2+2
150,32.765,MR,YCA1006-01-00,UIC1561-01-00 UIC1551-04-00 UIC2151-09-00 UIC1805-01-00,ECO1101-06-00 STA2102-05-00,ECO1101 ME,18.0,월금,1,0,3,6,2+1+2+2
151,32.765,MR,YCA1006-01-00,UIC1561-01-00 UIC1551-04-00 UIC2151-09-00 UIC1805-01-00,ECO1101-06-00 STA2102-05-00,ECO1101 ME,18.0,월금,1,0,3,6,2+1+2+2
152,32.765,MR,YCA1006-01-00,UIC1561-01-00 UIC1551-04-00 UIC2151-08-00 UIC1806-01-00,ECO1101-06-00 STA2102-05-00,ECO1101 ME,18.0,월금,1,0,3,6,2+1+2+2
153,32.765,MR,YCA1006-01-00,UIC1561-01-00 UIC1551-04-00 UIC2151-05-00 UIC1805-02-00,ECO1101-06-00 STA2102-05-00,ECO1101 ME,18.0,월금,1,0,3,6,2+1+2+2
154,32.765,MR,YCA1006-01-00,UIC1561-01-00 UIC1551-04-00 UIC2151-05-00 UIC1805-02-00,ECO1101-06-00 STA2102-05-00,ECO1101 ME,18.0,월금,1,0,3,6,2+1+2+2
155,32.765,MR,YCA1006-01-00,UIC1561-01-00 UIC1551-04-00 UIC2151-08-00 UIC1806-01-00,ECO1101-06-00 STA2102-05-00,ECO1101 ME,18.0,월금,1,0,3,6,2+1+2+2
156,32.765,MR,YCA1006-01-00,UIC1561-01-00 UIC1551-04-00 UIC2151-09-00 UIC1806-01-00,ECO1101-06-00 STA2102-05-00,ECO1101 ME,18.0,월금,1,0,3,6,2+1+2+2
157,32.765,MR,YCA1006-01-00,UIC1561-01-00 UIC1551-04-00 UIC2151-09-00 UIC1806-01-00,ECO1101-06-00 STA2102-05-00,ECO1101 ME,18.0,월금,1,0,3,6,2+1+2+2
158,32.765,MR,YCA1006-01-00,UIC1561-01-00 UIC1551-04-00 UIC2151-08-00 UIC1805-01-00,ECO1101-06-00 STA2102-05-00,ECO1101 ME,18.0,월금,1,0,3,6,2+1+2+2
159,32.74,-,YCA1006-01-00,QRM1001-01-00 UIC1561-01-00 UIC1551-04-00 UIC2151-12-00 UIC1805-01-00,QRM2004-01-00,ME,18.0,월금,2,1,1,6,1+1+3
160,32.74,-,YCA1006-01-00,QRM1001-01-00 UIC1561-01-00 UIC1551-04-00 UIC2151-12-00 UIC1806-01-00,QRM2004-01-00,ME,18.0,월금,2,1,1,6,1+1+3
161,32.74,-,YCA1006-01-00,QRM1001-01-00 UIC1561-01-00 UIC1551-04-00 UIC2151-12-00 UIC1806-01-00,QRM2004-01-00,ME,18.0,월금,2,1,1,6,1+1+3
162,32.74,-,YCA1006-01-00,QRM1001-01-00 UIC1561-01-00 UIC1551-04-00 UIC2151-12-00 UIC1805-01-00,QRM2004-01-00,ME,18.0,월금,2,1,1,6,1+1+3
163,32.365,MR,YCA1006-01-00,UIC1561-01-00 UIC1551-04-00 UIC2151-09-00 UIC1805-01-00,ECO1104-06-00 STA2102-05-00,ME ME,18.0,월금,1,1,1,4+6,1+1
164,32.365,MR,YCA1006-01-00,UIC1561-01-00 UIC1551-04-00 UIC2151-08-00 UIC1805-01-00,ECO1104-06-00 STA2102-05-00,ME ME,18.0,월금,1,1,1,4+6,1+1
165,32.365,MR,YCA1006-01-00,UIC1561-01-00 UIC1551-04-00 UIC2151-09-00 UIC1806-01-00,ECO1104-06-00 STA2102-05-00,ME ME,18.0,월금,1,1,1,4+6,1+1
166,32.365,MR,YCA1006-01-00,UIC1561-01-00 UIC1551-04-00 UIC2151-08-00 UIC1805-01-00,ECO1104-06-00 STA2102-05-00,ME ME,18.0,월금,1,1,1,4+6,1+1
167,32.365,MR,YCA1006-01-00,UIC1561-01-00 UIC1551-04-00 UIC2151-09-00 UIC1805-01-00,ECO1104-06-00 STA2102-05-00,ME ME,18.0,월금,1,1,1,4+6,1+1
168,32.365,MR,YCA1006-01-00,UIC1561-01-00 UIC1551-04-00 UIC2151-05-00 UIC1805-02-00,ECO1104-06-00 STA2102-05-00,ME ME,18.0,월금,1,1,1,4+6,1+1
169,32.365,MR,YCA1006-01-00,UIC1561-01-00 UIC1551-04-00 UIC2151-05-00 UIC1805-02-00,ECO1104-06-00 STA2102-05-00,ME ME,18.0,월금,1,1,1,4+6,1+1
170,32.365,MR,YCA1006-01-00,UIC1561-01-00 UIC1551-04-00 UIC2151-08-00 UIC1806-01-00,ECO1104-06-00 STA2102-05-00,ME ME,18.0,월금,1,1,1,4+6,1+1
171,32.365,MR,YCA1006-01-00,UIC1561-01-00 UIC1551-04-00 UIC2151-09-00 UIC1806-01-00,ECO1104-06-00 STA2102-05-00,ME ME,18.0,월금,1,1,1,4+6,1+1
172,32.365,MR,YCA1006-01-00,UIC1561-01-00 UIC1551-04-00 UIC2151-08-00 UIC1806-01-00,ECO1104-06-00 STA2102-05-00,ME ME,18.0,월금,1,1,1,4+6,1+1
173,32.19,MR,YCA1006-02-00,UIC1561-01-00 UIC1401-02-00 UIC2151-14-00 UIC1806-02-00,ECO1101-06-00 STA2102-05-00,ECO1101 ME,18.0,월금,0,1,3,6+7,2
174,32.19,MR,YCA1006-02-00,UIC1561-01-00 UIC1251-02-00 UIC2151-14-00 UIC1805-02-00,ECO1101-06-00 STA2102-05-00,ECO1101 ME,18.0,월금,0,1,3,6+7,2
175,32.19,MR,YCA1006-02-00,UIC1561-01-00 UIC1401-02-00 UIC2151-14-00 UIC1806-02-00,ECO1101-06-00 STA2102-05-00,ECO1101 ME,18.0,월금,0,1,3,6+7,2
176,32.19,MR,YCA1006-02-00,UIC1561-01-00 UIC1251-02-00 UIC2151-14-00 UIC1805-02-00,ECO1101-06-00 STA2102-05-00,ECO1101 ME,18.0,월금,0,1,3,6+7,2
177,32.14,MR,YCA1006-01-00,UIC1561-01-00 UIC1551-01-00 UIC2151-12-00 UIC1806-02-00,ECO1101-06-00 STA2102-05-00,ECO1101 ME,18.0,월금,1,0,3,6,1+2+2+2+1
178,32.14,MR,YCA1006-01-00,UIC1561-01-00 UIC1551-01-00 UIC2151-12-00 UIC1806-02-00,ECO1101-06-00 STA2102-05-00,ECO1101 ME,18.0,월금,1,0,3,6,1+2+2+2+1
179,31.865,WCiv,YCA1006-01-00,QRM1001-01-00 UIC1551-04-00 UIC2151-12-00 UIC1806-01-00,QRM2004-01-00 STA2102-05-00,ME ME,18.0,월금,2,1,1,6,1+1+2
180,31.865,WCiv,YCA1006-01-00,QRM1001-01-00 UIC1551-04-00 UIC2151-12-00 UIC1806-01-00,QRM2004-01-00 STA2102-05-00,ME ME,18.0,월금,2,1,1,6,1+1+2
181,31.865,WCiv,YCA1006-01-00,QRM1001-01-00 UIC1551-04-00 UIC2151-12-00 UIC1805-01-00,QRM2004-01-00 STA2102-05-00,ME ME,18.0,월금,2,1,1,6,1+1+2
182,31.865,WCiv,YCA1006-01-00,QRM1001-01-00 UIC1551-04-00 UIC2151-12-00 UIC1805-01-00,QRM2004-01-00 STA2102-05-00,ME ME,18.0,월금,2,1,1,6,1+1+2
183,31.782,Lang,YCA1006-02-00,QRM1001-01-00 UIC1561-01-00 ASP2022-01-00 UIC2151-12-00,QRM2004-01-00 STA2102-05-00,ME ME,18.0,월금,1,1,0,4+6+4,2
184,31.715,MR,YCA1006-02-00,UIC1561-01-00 UIC1551-04-00 UIC2151-12-00 UIC1805-02-00,ECO1101-06-00 STA2102-04-00,ECO1101 ME,18.0,월금,1,0,3,4+4,1+1+3+2
185,31.715,MR,YCA1006-02-00,UIC1561-01-00 UIC1551-04-00 UIC2151-12-00 UIC1805-02-00,ECO1101-06-00 STA2102-04-00,ECO1101 ME,18.0,월금,1,0,3,4+4,1+1+3+2
186,31.64,MR,YCA1006-02-00,UIC1561-01-00 ASP2022-01-00 UIC2151-06-00 UIC1806-01-00,ECO1101-06-00 STA2102-05-00,ECO1101 ME,18.0,월금,1,0,2,6,1+2+2+1
187,31.64,MR,YCA1006-01-00,UIC1561-01-00 ASP2022-01-00 UIC2151-05-00 UIC1806-02-00,ECO1101-06-00 STA2102-05-00,ECO1101 ME,18.0,월금,1,0,2,6,1+2+2+1
188,31.64,MR,YCA1006-01-00,UIC1561-01-00 ASP2022-01-00 UIC2151-07-00 UIC1806-01-00,ECO1101-06-00 STA2102-05-00,ECO1101 ME,18.0,월금,1,0,2,6,1+2+2+1
189,31.64,MR,YCA1006-02-00,UIC1561-01-00 ASP2022-01-00 UIC2151-05-00 UIC1806-02-00,ECO1101-06-00 STA2102-05-00,ECO1101 ME,18.0,월금,1,0,2,6,1+2+2+1
190,31.64,MR,YCA1006-01-00,UIC1561-01-00 ASP2022-01-00 UIC2151-05-00 UIC1806-02-00,ECO1101-06-00 STA2102-05-00,ECO1101 ME,18.0,월금,1,0,2,6,1+2+2+1
191,31.64,MR,YCA1006-01-00,UIC1561-01-00 ASP2022-01-00 UIC2151-06-00 UIC1805-01-00,ECO1101-06-00 STA2102-05-00,ECO1101 ME,18.0,월금,1,0,2,6,1+2+2+1
192,31.64,MR,YCA1006-02-00,UIC1561-01-00 ASP2022-01-00 UIC2151-06-00 UIC1806-01-00,ECO1101-06-00 STA2102-05-00,ECO1101 ME,18.0,월금,1,0,2,6,1+2+2+1
193,31.64,MR,YCA1006-02-00,UIC1561-01-00 ASP2022-01-00 UIC2151-07-00 UIC1805-01-00,ECO1101-06-00 STA2102-05-00,ECO1101 ME,18.0,월금,1,0,2,6,1+2+2+1
194,31.64,MR,YCA1006-01-00,UIC1561-01-00 ASP2022-01-00 UIC2151-06-00 UIC1806-01-00,ECO1101-06-00 STA2102-05-00,ECO1101 ME,18.0,월금,1,0,2,6,1+2+2+1
195,31.64,MR,YCA1006-02-00,UIC1561-01-00 ASP2022-01-00 UIC2151-07-00 UIC1805-01-00,ECO1101-06-00 STA2102-05-00,ECO1101 ME,18.0,월금,1,0,2,6,1+2+2+1
196,31.64,MR,YCA1006-02-00,UIC1561-01-00 ASP2022-01-00 UIC2151-05-00 UIC1806-02-00,ECO1101-06-00 STA2102-05-00,ECO1101 ME,18.0,월금,1,0,2,6,1+2+2+1
197,31.64,MR,YCA1006-01-00,UIC1561-01-00 ASP2022-01-00 UIC2151-07-00 UIC1805-01-00,ECO1101-06-00 STA2102-05-00,ECO1101 ME,18.0,월금,1,0,2,6,1+2+2+1
198,31.64,MR,YCA1006-02-00,UIC1561-01-00 ASP2022-01-00 UIC2151-07-00 UIC1806-01-00,ECO1101-06-00 STA2102-05-00,ECO1101 ME,18.0,월금,1,0,2,6,1+2+2+1
199,31.64,MR,YCA1006-02-00,UIC1561-01-00 ASP2022-01-00 UIC2151-06-00 UIC1805-01-00,ECO1101-06-00 STA2102-05-00,ECO1101 ME,18.0,월금,1,0,2,6,1+2+2+1
200,31.64,MR,YCA1006-01-00,UIC1561-01-00 ASP2022-01-00 UIC2151-06-00 UIC1805-01-00,ECO1101-06-00 STA2102-05-00,ECO1101 ME,18.0,월금,1,0,2,6,1+2+2+1
201,31.64,MR,YCA1006-01-00,UIC1561-01-00 ASP2022-01-00 UIC2151-07-00 UIC1806-01-00,ECO1101-06-00 STA2102-05-00,ECO1101 ME,18.0,월금,1,0,2,6,1+2+2+1
202,31.64,MR,YCA1006-02-00,UIC1561-01-00 ASP2022-01-00 UIC2151-06-00 UIC1805-01-00,ECO1101-06-00 STA2102-05-00,ECO1101 ME,18.0,월금,1,0,2,6,1+2+2+1
203,31.64,MR,YCA1006-01-00,UIC1561-01-00 ASP2022-01-00 UIC2151-07-00 UIC1805-01-00,ECO1101-06-00 STA2102-05-00,ECO1101 ME,18.0,월금,1,0,2,6,1+2+2+1
204,31.64,MR,YCA1006-01-00,UIC1561-01-00 ASP2022-01-00 UIC2151-06-00 UIC1806-01-00,ECO1101-06-00 STA2102-05-00,ECO1101 ME,18.0,월금,1,0,2,6,1+2+2+1
205,31.64,MR,YCA1006-02-00,UIC1561-01-00 ASP2022-01-00 UIC2151-07-00 UIC1806-01-00,ECO1101-06-00 STA2102-05-00,ECO1101 ME,18.0,월금,1,0,2,6,1+2+2+1
206,31.565,MR,YCA1006-02-00,UIC1561-01-00 ASP2022-01-00 UIC2151-12-00 UIC1805-01-00,ECO1104-06-00 STA2102-05-00,ME ME,18.0,월금,2,0,0,4,1+2+2+1
207,31.565,MR,YCA1006-01-00,UIC1561-01-00 ASP2022-01-00 UIC2151-12-00 UIC1806-01-00,ECO1104-06-00 STA2102-05-00,ME ME,18.0,월금,2,0,0,4,1+2+2+1
208,31.565,MR,YCA1006-01-00,UIC1561-01-00 ASP2022-01-00 UIC2151-12-00 UIC1805-01-00,ECO1104-06-00 STA2102-05-00,ME ME,18.0,월금,2,0,0,4,1+2+2+1
209,31.565,MR,YCA1006-02-00,UIC1561-01-00 ASP2022-01-00 UIC2151-12-00 UIC1806-01-00,ECO1104-06-00 STA2102-05-00,ME ME,18.0,월금,2,0,0,4,1+2+2+1
210,31.565,MR,YCA1006-01-00,UIC1561-01-00 ASP2022-01-00 UIC2151-12-00 UIC1805-01-00,ECO1104-06-00 STA2102-05-00,ME ME,18.0,월금,2,0,0,4,1+2+2+1
211,31.565,MR,YCA1006-01-00,UIC1561-01-00 ASP2022-01-00 UIC2151-12-00 UIC1806-01-00,ECO1104-06-00 STA2102-05-00,ME ME,18.0,월금,2,0,0,4,1+2+2+1
212,31.565,MR,YCA1006-02-00,UIC1561-01-00 ASP2022-01-00 UIC2151-12-00 UIC1806-01-00,ECO1104-06-00 STA2102-05-00,ME ME,18.0,월금,2,0,0,4,1+2+2+1
213,31.565,MR,YCA1006-02-00,UIC1561-01-00 ASP2022-01-00 UIC2151-12-00 UIC1805-01-00,ECO1104-06-00 STA2102-05-00,ME ME,18.0,월금,2,0,0,4,1+2+2+1
214,31.557,Lang,YCA1006-02-00,QRM1001-01-00 UIC1561-01-00 UIC1551-01-00 UIC2151-12-00,STA2102-05-00 YCE1253-01-00,ME FREE,18.0,월금,1,0,1,4,1+2+1
215,31.515,MR,YCA1006-02-00,UIC1561-01-00 UIC1551-04-00 UIC2151-06-00 UIC1806-01-00,ECO1101-06-00 STA2102-05-00,ECO1101 ME,18.0,월금,1,0,3,6,1+3+2+1
216,31.515,MR,YCA1006-02-00,UIC1561-01-00 UIC1551-04-00 UIC2151-07-00 UIC1806-01-00,ECO1101-06-00 STA2102-05-00,ECO1101 ME,18.0,월금,1,0,3,6,1+3+2+1
217,31.515,MR,YCA1006-01-00,UIC1561-01-00 UIC1551-04-00 UIC2151-06-00 UIC1805-01-00,ECO1101-06-00 STA2102-05-00,ECO1101 ME,18.0,월금,1,0,3,6,1+3+2+1
218,31.515,MR,YCA1006-02-00,UIC1561-01-00 UIC1551-01-00 UIC2151-05-00 UIC1805-02-00,ECO1101-06-00 STA2102-05-00,ECO1101 ME,18.0,월금,1,0,3,6,1+1+2+3
219,31.515,MR,YCA1006-02-00,UIC1561-01-00 UIC1551-04-00 UIC2151-06-00 UIC1805-01-00,ECO1101-06-00 STA2102-05-00,ECO1101 ME,18.0,월금,1,0,3,6,1+3+2+1
220,31.515,MR,YCA1006-02-00,UIC1561-01-00 UIC1551-04-00 UIC2151-06-00 UIC1806-01-00,ECO1101-06-00 STA2102-05-00,ECO1101 ME,18.0,월금,1,0,3,6,1+3+2+1
221,31.515,MR,YCA1006-02-00,UIC1561-01-00 UIC1551-01-00 UIC2151-09-00 UIC1806-01-00,ECO1101-06-00 STA2102-05-00,ECO1101 ME,18.0,월금,1,0,3,6,1+1+2+3
222,31.515,MR,YCA1006-02-00,UIC1561-01-00 UIC1551-04-00 UIC2151-06-00 UIC1805-01-00,ECO1101-06-00 STA2102-05-00,ECO1101 ME,18.0,월금,1,0,3,6,1+3+2+1
223,31.515,MR,YCA1006-02-00,UIC1561-01-00 UIC1551-01-00 UIC2151-09-00 UIC1805-01-00,ECO1101-06-00 STA2102-05-00,ECO1101 ME,18.0,월금,1,0,3,6,1+1+2+3
224,31.515,MR,YCA1006-01-00,UIC1561-01-00 UIC1551-04-00 UIC2151-07-00 UIC1806-01-00,ECO1101-06-00 STA2102-05-00,ECO1101 ME,18.0,월금,1,0,3,6,1+3+2+1
225,31.515,MR,YCA1006-02-00,UIC1561-01-00 UIC1551-04-00 UIC2151-07-00 UIC1805-01-00,ECO1101-06-00 STA2102-05-00,ECO1101 ME,18.0,월금,1,0,3,6,1+3+2+1
226,31.515,MR,YCA1006-02-00,UIC1561-01-00 UIC1551-01-00 UIC2151-08-00 UIC1806-01-00,ECO1101-06-00 STA2102-05-00,ECO1101 ME,18.0,월금,1,0,3,6,1+1+2+3
227,31.515,MR,YCA1006-02-00,UIC1561-01-00 UIC1551-04-00 UIC2151-05-00 UIC1806-02-00,ECO1101-06-00 STA2102-05-00,ECO1101 ME,18.0,월금,1,0,3,6,1+3+2+1
228,31.515,MR,YCA1006-01-00,UIC1561-01-00 UIC1551-04-00 UIC2151-05-00 UIC1806-02-00,ECO1101-06-00 STA2102-05-00,ECO1101 ME,18.0,월금,1,0,3,6,1+3+2+1
229,31.515,MR,YCA1006-02-00,UIC1561-01-00 UIC1551-01-00 UIC2151-05-00 UIC1805-02-00,ECO1101-06-00 STA2102-05-00,ECO1101 ME,18.0,월금,1,0,3,6,1+1+2+3
230,31.515,MR,YCA1006-02-00,UIC1561-01-00 UIC1551-01-00 UIC2151-08-00 UIC1805-01-00,ECO1101-06-00 STA2102-05-00,ECO1101 ME,18.0,월금,1,0,3,6,1+1+2+3
231,31.515,MR,YCA1006-01-00,UIC1561-01-00 UIC1551-04-00 UIC2151-06-00 UIC1806-01-00,ECO1101-06-00 STA2102-05-00,ECO1101 ME,18.0,월금,1,0,3,6,1+3+2+1
232,31.515,MR,YCA1006-02-00,UIC1561-01-00 UIC1551-01-00 UIC2151-08-00 UIC1806-01-00,ECO1101-06-00 STA2102-05-00,ECO1101 ME,18.0,월금,1,0,3,6,1+1+2+3
233,31.515,MR,YCA1006-01-00,UIC1561-01-00 UIC1551-04-00 UIC2151-06-00 UIC1805-01-00,ECO1101-06-00 STA2102-05-00,ECO1101 ME,18.0,월금,1,0,3,6,1+3+2+1
234,31.515,MR,YCA1006-02-00,UIC1561-01-00 UIC1551-01-00 UIC2151-08-00 UIC1805-01-00,ECO1101-06-00 STA2102-05-00,ECO1101 ME,18.0,월금,1,0,3,6,1+1+2+3
235,31.515,MR,YCA1006-01-00,UIC1561-01-00 UIC1551-04-00 UIC2151-07-00 UIC1806-01-00,ECO1101-06-00 STA2102-05-00,ECO1101 ME,18.0,월금,1,0,3,6,1+3+2+1
236,31.515,MR,YCA1006-02-00,UIC1561-01-00 UIC1551-04-00 UIC2151-07-00 UIC1806-01-00,ECO1101-06-00 STA2102-05-00,ECO1101 ME,18.0,월금,1,0,3,6,1+3+2+1
237,31.515,MR,YCA1006-01-00,UIC1561-01-00 UIC1551-04-00 UIC2151-05-00 UIC1806-02-00,ECO1101-06-00 STA2102-05-00,ECO1101 ME,18.0,월금,1,0,3,6,1+3+2+1
238,31.515,MR,YCA1006-02-00,UIC1561-01-00 UIC1551-04-00 UIC2151-05-00 UIC1806-02-00,ECO1101-06-00 STA2102-05-00,ECO1101 ME,18.0,월금,1,0,3,6,1+3+2+1
239,31.515,MR,YCA1006-02-00,UIC1561-01-00 UIC1551-01-00 UIC2151-09-00 UIC1806-01-00,ECO1101-06-00 STA2102-05-00,ECO1101 ME,18.0,월금,1,0,3,6,1+1+2+3
240,31.515,MR,YCA1006-01-00,UIC1561-01-00 UIC1551-04-00 UIC2151-07-00 UIC1805-01-00,ECO1101-06-00 STA2102-05-00,ECO1101 ME,18.0,월금,1,0,3,6,1+3+2+1
241,31.515,MR,YCA1006-01-00,UIC1561-01-00 UIC1551-04-00 UIC2151-07-00 UIC1805-01-00,ECO1101-06-00 STA2102-05-00,ECO1101 ME,18.0,월금,1,0,3,6,1+3+2+1
242,31.515,MR,YCA1006-02-00,UIC1561-01-00 UIC1551-04-00 UIC2151-07-00 UIC1805-01-00,ECO1101-06-00 STA2102-05-00,ECO1101 ME,18.0,월금,1,0,3,6,1+3+2+1
243,31.515,MR,YCA1006-02-00,UIC1561-01-00 UIC1551-01-00 UIC2151-09-00 UIC1805-01-00,ECO1101-06-00 STA2102-05-00,ECO1101 ME,18.0,월금,1,0,3,6,1+1+2+3
244,31.515,MR,YCA1006-01-00,UIC1561-01-00 UIC1551-04-00 UIC2151-06-00 UIC1806-01-00,ECO1101-06-00 STA2102-05-00,ECO1101 ME,18.0,월금,1,0,3,6,1+3+2+1
245,31.44,MR,YCA1006-01-00,UIC1561-01-00 UIC1551-04-00 UIC2151-12-00 UIC1805-01-00,ECO1104-06-00 STA2102-05-00,ME ME,18.0,월금,2,0,1,4,1+3+2+1
246,31.44,MR,YCA1006-02-00,UIC1561-01-00 UIC1551-04-00 UIC2151-12-00 UIC1806-01-00,ECO1104-06-00 STA2102-05-00,ME ME,18.0,월금,2,0,1,4,1+3+2+1
247,31.44,MR,YCA1006-02-00,UIC1561-01-00 UIC1551-04-00 UIC2151-12-00 UIC1806-01-00,ECO1104-06-00 STA2102-05-00,ME ME,18.0,월금,2,0,1,4,1+3+2+1
248,31.44,MR,YCA1006-01-00,UIC1561-01-00 UIC1551-04-00 UIC2151-12-00 UIC1806-01-00,ECO1104-06-00 STA2102-05-00,ME ME,18.0,월금,2,0,1,4,1+3+2+1
249,31.44,MR,YCA1006-01-00,UIC1561-01-00 UIC1551-04-00 UIC2151-12-00 UIC1806-01-00,ECO1104-06-00 STA2102-05-00,ME ME,18.0,월금,2,0,1,4,1+3+2+1
250,31.44,MR,YCA1006-02-00,UIC1561-01-00 UIC1551-04-00 UIC2151-12-00 UIC1805-01-00,ECO1104-06-00 STA2102-05-00,ME ME,18.0,월금,2,0,1,4,1+3+2+1
251,31.44,MR,YCA1006-02-00,UIC1561-01-00 UIC1551-04-00 UIC2151-12-00 UIC1805-01-00,ECO1104-06-00 STA2102-05-00,ME ME,18.0,월금,2,0,1,4,1+3+2+1
252,31.44,MR,YCA1006-01-00,UIC1561-01-00 UIC1551-04-00 UIC2151-12-00 UIC1805-01-00,ECO1104-06-00 STA2102-05-00,ME ME,18.0,월금,2,0,1,4,1+3+2+1
253,31.407,Lang,YCA1006-01-00,QRM1001-01-00 UIC1561-01-00 UIC1551-04-00 UIC2151-12-00,QRM2004-01-00 QRM2001-01-00,ME ME,18.0,월금,2,1,1,6,1+1+3
254,30.857,Lang,YCA1006-01-00,QRM1001-01-00 UIC1561-01-00 UIC1501-04-00 UIC2151-14-00,QRM2004-01-00 STA2102-05-00,ME ME,18.0,월금,1,1,1,4+6+5,1
255,30.857,LHP,YCA1006-01-00,QRM1001-01-00 UIC1561-01-00 UIC2151-14-00 UIC1806-01-00,QRM2004-01-00 STA2102-05-00,ME ME,18.0,월금,1,1,1,4+6+5,1
256,30.857,LHP,YCA1006-01-00,QRM1001-01-00 UIC1561-01-00 UIC2151-14-00 UIC1805-01-00,QRM2004-01-00 STA2102-05-00,ME ME,18.0,월금,1,1,1,4+6+5,1
257,30.857,LHP,YCA1006-01-00,QRM1001-01-00 UIC1561-01-00 UIC2151-14-00 UIC1805-01-00,QRM2004-01-00 STA2102-05-00,ME ME,18.0,월금,1,1,1,4+6+5,1
258,30.857,LHP,YCA1006-01-00,QRM1001-01-00 UIC1561-01-00 UIC2151-14-00 UIC1806-01-00,QRM2004-01-00 STA2102-05-00,ME ME,18.0,월금,1,1,1,4+6+5,1
259,30.833,MR,YCA1006-02-00,UIC1561-01-00 UIC1551-01-00 UIC2151-11-00 UIC1805-02-00,ECO1101-06-00 STA2102-04-00,ECO1101 ME,18.0,금,0,0,3,6,1+2+1
260,30.833,MR,YCA1006-02-00,UIC1561-01-00 UIC1551-01-00 UIC2151-11-00 UIC1805-02-00,ECO1101-06-00 STA2102-04-00,ECO1101 ME,18.0,금,0,0,3,6,1+2+1
261,30.765,MR,YCA1006-02-00,UIC1561-01-00 UIC1551-04-00 UIC2151-08-00 UIC1806-02-00,ECO1101-06-00 STA2102-05-00,ECO1101 ME,18.0,월금,0,1,3,6+4+4,1+2
262,30.765,MR,YCA1006-02-00,UIC1561-01-00 UIC1551-04-00 UIC2151-07-00 UIC1805-02-00,ECO1101-06-00 STA2102-05-00,ECO1101 ME,18.0,월금,0,1,3,6+4+4,1+2
263,30.765,MR,YCA1006-02-00,UIC1561-01-00 UIC1551-04-00 UIC2151-06-00 UIC1805-02-00,ECO1101-06-00 STA2102-05-00,ECO1101 ME,18.0,월금,0,1,3,6+4+4,1+2
264,30.765,MR,YCA1006-02-00,UIC1561-01-00 UIC1551-04-00 UIC2151-06-00 UIC1805-02-00,ECO1101-06-00 STA2102-05-00,ECO1101 ME,18.0,월금,0,1,3,6+4+4,1+2
265,30.765,MR,YCA1006-02-00,UIC1561-01-00 UIC1551-04-00 UIC2151-07-00 UIC1805-02-00,ECO1101-06-00 STA2102-05-00,ECO1101 ME,18.0,월금,0,1,3,6+4+4,1+2
266,30.765,MR,YCA1006-02-00,UIC1561-01-00 UIC1551-04-00 UIC2151-09-00 UIC1806-02-00,ECO1101-06-00 STA2102-05-00,ECO1101 ME,18.0,월금,0,1,3,6+4+4,1+2
267,30.765,MR,YCA1006-02-00,UIC1561-01-00 UIC1551-04-00 UIC2151-09-00 UIC1806-02-00,ECO1101-06-00 STA2102-05-00,ECO1101 ME,18.0,월금,0,1,3,6+4+4,1+2
268,30.765,MR,YCA1006-02-00,UIC1561-01-00 UIC1551-04-00 UIC2151-08-00 UIC1806-02-00,ECO1101-06-00 STA2102-05-00,ECO1101 ME,18.0,월금,0,1,3,6+4+4,1+2
269,30.715,MR,YCA1006-01-00,UIC1561-01-00 UIC1551-04-00 UIC2151-12-00 UIC1805-02-00,ECO1104-06-00 ECO1101-06-00,ME ECO1101,18.0,월금,1,0,3,4+4,1+1+3+2
270,30.715,MR,YCA1006-01-00,UIC1561-01-00 UIC1551-01-00 UIC2151-12-00 UIC1805-02-00,ECO1104-06-00 ECO1101-06-00,ME ECO1101,18.0,월금,1,0,3,4+4,1+3+2+1
271,30.715,MR,YCA1006-01-00,UIC1561-01-00 UIC1551-04-00 UIC2151-12-00 UIC1805-02-00,ECO1104-06-00 ECO1101-06-00,ME ECO1101,18.0,월금,1,0,3,4+4,1+1+3+2
272,30.715,MR,YCA1006-01-00,UIC1561-01-00 UIC1551-01-00 UIC2151-12-00 UIC1805-02-00,ECO1104-06-00 ECO1101-06-00,ME ECO1101,18.0,월금,1,0,3,4+4,1+3+2+1
273,30.69,Lang,-,QRM1001-01-00 UIC1561-01-00 ASP2033-01-00 UIC2151-12-00,ECO1101-06-00 STA2102-05-00,ECO1101 ME,18.0,월금,1,0,2,6,2+2
274,30.69,Lang,-,QRM1001-01-00 UIC1561-01-00 UIC1551-04-00 UIC2151-12-00,ECO1101-06-00 STA2102-05-00,ECO1101 ME,18.0,월금,1,0,3,6+4,2+2
275,30.69,MR,YCA1006-02-00,UIC1561-01-00 UIC1551-04-00 UIC2151-12-00 UIC1805-02-00,ECO1104-06-00 STA2102-05-00,ME ME,18.0,월금,1,1,1,4+4+4,1+2
276,30.69,MR,YCA1006-02-00,UIC1561-01-00 UIC1551-04-00 UIC2151-12-00 UIC1805-02-00,ECO1104-06-00 STA2102-05-00,ME ME,18.0,월금,1,1,1,4+4+4,1+2
277,30.565,MR,-,UIC1561-01-00 UIC1551-04-00 UIC2151-07-00 UIC1805-02-00,ECO1101-06-00 STA2102-05-00,ECO1101 ME,18.0,월금,0,0,3,6+4,1+2
278,30.565,MR,-,UIC1561-01-00 UIC1551-04-00 UIC2151-08-00 UIC1806-02-00,ECO1101-06-00 STA2102-05-00,ECO1101 ME,18.0,월금,0,0,3,6+4,1+2
279,30.565,MR,-,UIC1561-01-00 UIC1551-04-00 UIC2151-09-00 UIC1806-02-00,ECO1101-06-00 STA2102-05-00,ECO1101 ME,18.0,월금,0,0,3,6+4,1+2
280,30.565,MR,-,UIC1561-01-00 UIC1551-01-00 UIC2151-09-00 UIC1806-02-00,ECO1101-06-00 STA2102-05-00,ECO1101 ME,18.0,월금,0,0,3,6+4,2+1
281,30.565,MR,-,UIC1561-01-00 UIC1551-01-00 UIC2151-09-00 UIC1806-02-00,ECO1101-06-00 STA2102-05-00,ECO1101 ME,18.0,월금,0,0,3,6+4,2+1
282,30.565,MR,-,UIC1561-01-00 UIC1551-04-00 UIC2151-09-00 UIC1806-02-00,ECO1101-06-00 STA2102-05-00,ECO1101 ME,18.0,월금,0,0,3,6+4,1+2
283,30.565,MR,-,UIC1561-01-00 UIC1551-04-00 UIC2151-06-00 UIC1805-02-00,ECO1101-06-00 STA2102-05-00,ECO1101 ME,18.0,월금,0,0,3,6+4,1+2
284,30.565,MR,-,UIC1561-01-00 UIC1551-01-00 UIC2151-06-00 UIC1805-02-00,ECO1101-06-00 STA2102-05-00,ECO1101 ME,18.0,월금,0,0,3,6+4,2+1
285,30.565,MR,-,UIC1561-01-00 UIC1551-01-00 UIC2151-07-00 UIC1805-02-00,ECO1101-06-00 STA2102-05-00,ECO1101 ME,18.0,월금,0,0,3,6+4,2+1
286,30.565,MR,-,UIC1561-01-00 UIC1551-01-00 UIC2151-07-00 UIC1805-02-00,ECO1101-06-00 STA2102-05-00,ECO1101 ME,18.0,월금,0,0,3,6+4,2+1
287,30.565,MR,-,UIC1561-01-00 UIC1551-04-00 UIC2151-08-00 UIC1806-02-00,ECO1101-06-00 STA2102-05-00,ECO1101 ME,18.0,월금,0,0,3,6+4,1+2
288,30.565,MR,-,UIC1561-01-00 UIC1551-01-00 UIC2151-08-00 UIC1806-02-00,ECO1101-06-00 STA2102-05-00,ECO1101 ME,18.0,월금,0,0,3,6+4,2+1
289,30.565,MR,-,UIC1561-01-00 UIC1551-04-00 UIC2151-07-00 UIC1805-02-00,ECO1101-06-00 STA2102-05-00,ECO1101 ME,18.0,월금,0,0,3,6+4,1+2
290,30.565,MR,-,UIC1561-01-00 UIC1551-01-00 UIC2151-06-00 UIC1805-02-00,ECO1101-06-00 STA2102-05-00,ECO1101 ME,18.0,월금,0,0,3,6+4,2+1
291,30.565,MR,-,UIC1561-01-00 UIC1551-04-00 UIC2151-06-00 UIC1805-02-00,ECO1101-06-00 STA2102-05-00,ECO1101 ME,18.0,월금,0,0,3,6+4,1+2
292,30.565,MR,-,UIC1561-01-00 UIC1551-01-00 UIC2151-08-00 UIC1806-02-00,ECO1101-06-00 STA2102-05-00,ECO1101 ME,18.0,월금,0,0,3,6+4,2+1
293,30.557,LHP,YCA1006-01-00,QRM1001-01-00 UIC1561-01-00 UIC2151-12-00 UIC1805-01-00,QRM2004-01-00 STA2102-05-00,ME ME,18.0,월금,2,1,0,4+5,1+2
294,30.557,LHP,YCA1006-01-00,QRM1001-01-00 UIC1561-01-00 UIC2151-12-00 UIC1805-01-00,QRM2004-01-00 STA2102-05-00,ME ME,18.0,월금,2,1,0,4+5,1+2
295,30.557,LHP,YCA1006-01-00,QRM1001-01-00 UIC1561-01-00 UIC2151-12-00 UIC1806-01-00,QRM2004-01-00 STA2102-05-00,ME ME,18.0,월금,2,1,0,4+5,1+2
296,30.557,Lang,YCA1006-01-00,QRM1001-01-00 UIC1561-01-00 UIC1501-04-00 UIC2151-12-00,QRM2004-01-00 STA2102-05-00,ME ME,18.0,월금,2,1,0,4+5,1+2
297,30.557,LHP,YCA1006-01-00,QRM1001-01-00 UIC1561-01-00 UIC2151-12-00 UIC1806-01-00,QRM2004-01-00 STA2102-05-00,ME ME,18.0,월금,2,1,0,4+5,1+2
298,30.49,MR,-,UIC1561-01-00 UIC1551-01-00 UIC2151-12-00 UIC1805-02-00,ECO1104-06-00 STA2102-05-00,ME ME,18.0,월금,1,0,1,4+4,2+1
299,30.49,MR,-,UIC1561-01-00 UIC1551-04-00 UIC2151-12-00 UIC1805-02-00,ECO1104-06-00 STA2102-05-00,ME ME,18.0,월금,1,0,1,4+4,1+2
300,30.49,MR,-,UIC1561-01-00 UIC1551-01-00 UIC2151-12-00 UIC1805-02-00,ECO1104-06-00 STA2102-05-00,ME ME,18.0,월금,1,0,1,4+4,2+1
301,30.49,MR,-,UIC1561-01-00 UIC1551-04-00 UIC2151-12-00 UIC1805-02-00,ECO1104-06-00 STA2102-05-00,ME ME,18.0,월금,1,0,1,4+4,1+2
302,30.34,Lang,YCA1006-02-00,QRM1001-01-00 UIC1561-01-00 UIC1551-04-00 UIC2151-12-00,ECO1101-06-00 QRM2004-01-00,ECO1101 ME,18.0,월금,1,1,3,4+4+4,1+3+2
303,30.265,MR,YCA1006-01-00,UIC1561-01-00 UIC1551-01-00 UIC2151-05-00 UIC1805-02-00,ECO1101-06-00 STA2102-05-00,ECO1101 ME,18.0,월금,1,0,3,6,2+2+3
304,30.265,MR,YCA1006-01-00,UIC1561-01-00 UIC1551-01-00 UIC2151-09-00 UIC1805-01-00,ECO1101-06-00 STA2102-05-00,ECO1101 ME,18.0,월금,1,0,3,6,2+2+3
305,30.265,MR,YCA1006-01-00,UIC1561-01-00 UIC1551-01-00 UIC2151-08-00 UIC1806-01-00,ECO1101-06-00 STA2102-05-00,ECO1101 ME,18.0,월금,1,0,3,6,2+2+3
306,30.265,MR,YCA1006-01-00,UIC1561-01-00 UIC1551-04-00 UIC2151-12-00 UIC1805-02-00,ECO1101-06-00 STA2102-05-00,ECO1101 ME,18.0,월금,1,0,3,6,2+1+2+2+2
307,30.265,MR,YCA1006-01-00,UIC1561-01-00 UIC1551-01-00 UIC2151-08-00 UIC1806-01-00,ECO1101-06-00 STA2102-05-00,ECO1101 ME,18.0,월금,1,0,3,6,2+2+3
308,30.265,MR,YCA1006-01-00,UIC1561-01-00 UIC1551-01-00 UIC2151-08-00 UIC1805-01-00,ECO1101-06-00 STA2102-05-00,ECO1101 ME,18.0,월금,1,0,3,6,2+2+3
309,30.265,MR,YCA1006-01-00,UIC1561-01-00 UIC1551-01-00 UIC2151-09-00 UIC1806-01-00,ECO1101-06-00 STA2102-05-00,ECO1101 ME,18.0,월금,1,0,3,6,2+2+3
310,30.265,MR,YCA1006-01-00,UIC1561-01-00 UIC1551-04-00 UIC2151-12-00 UIC1805-02-00,ECO1101-06-00 STA2102-05-00,ECO1101 ME,18.0,월금,1,0,3,6,2+1+2+2+2
311,30.265,MR,YCA1006-01-00,UIC1561-01-00 UIC1551-01-00 UIC2151-09-00 UIC1805-01-00,ECO1101-06-00 STA2102-05-00,ECO1101 ME,18.0,월금,1,0,3,6,2+2+3
312,30.265,MR,YCA1006-01-00,UIC1561-01-00 UIC1551-01-00 UIC2151-08-00 UIC1805-01-00,ECO1101-06-00 STA2102-05-00,ECO1101 ME,18.0,월금,1,0,3,6,2+2+3
313,30.265,MR,YCA1006-01-00,UIC1561-01-00 UIC1551-01-00 UIC2151-09-00 UIC1806-01-00,ECO1101-06-00 STA2102-05-00,ECO1101 ME,18.0,월금,1,0,3,6,2+2+3
314,30.265,MR,YCA1006-01-00,UIC1561-01-00 UIC1551-01-00 UIC2151-05-00 UIC1805-02-00,ECO1101-06-00 STA2102-05-00,ECO1101 ME,18.0,월금,1,0,3,6,2+2+3
315,30.14,Lang,-,QRM1001-01-00 UIC1561-01-00 UIC1551-04-00 UIC2151-12-00,ECO1101-06-00 QRM2004-01-00,ECO1101 ME,18.0,월금,1,0,3,4+4,1+3+2
316,30.14,Lang,-,QRM1001-01-00 UIC1561-01-00 UIC1551-01-00 UIC2151-12-00,ECO1101-06-00 QRM2004-01-00,ECO1101 ME,18.0,월금,1,0,3,4+4,3+2+1
317,29.94,MR,YCA1006-02-00,UIC1561-01-00 UIC1551-01-00 UIC2151-12-00 UIC1806-02-00,STA2102-05-00 QRM2001-01-00,ME ME,18.0,월금,2,0,1,4,1+2+2+1+1
318,29.94,MR,YCA1006-01-00,UIC1561-01-00 UIC1551-01-00 UIC2151-12-00 UIC1806-02-00,STA2102-05-00 QRM2001-01-00,ME ME,18.0,월금,2,0,1,4,1+2+2+1+1
319,29.94,MR,YCA1006-01-00,UIC1561-01-00 UIC1551-01-00 UIC2151-12-00 UIC1806-02-00,STA2102-05-00 QRM2001-01-00,ME ME,18.0,월금,2,0,1,4,1+2+2+1+1
320,29.94,MR,YCA1006-02-00,UIC1561-01-00 UIC1551-04-00 UIC2151-12-00 UIC1805-02-00,STA2102-05-00 QRM2001-01-00,ME ME,18.0,월금,2,0,1,4,1+1+1+2+2
321,29.94,MR,YCA1006-02-00,UIC1561-01-00 UIC1551-04-00 UIC2151-12-00 UIC1805-02-00,STA2102-05-00 QRM2001-01-00,ME ME,18.0,월금,2,0,1,4,1+1+1+2+2
322,29.94,MR,YCA1006-02-00,UIC1561-01-00 UIC1551-01-00 UIC2151-12-00 UIC1806-02-00,STA2102-05-00 QRM2001-01-00,ME ME,18.0,월금,2,0,1,4,1+2+2+1+1
323,29.833,Lang,YCA1006-01-00,QRM1001-01-00 UIC1561-01-00 UIC1551-01-00 UIC2151-11-00,ECO1101-06-00 QRM2004-01-00,ECO1101 ME,18.0,금,0,0,3,6+4,1+2+1
324,29.833,Lang,YCA1006-01-00,QRM1001-01-00 UIC1561-01-00 UIC1551-04-00 UIC2151-11-00,ECO1101-06-00 QRM2004-01-00,ECO1101 ME,18.0,금,0,0,3,6+4,1+1+2
325,29.765,MR,YCA1006-01-00,UIC1561-01-00 ASP2022-01-00 UIC2151-12-00 UIC1806-02-00,ECO1101-06-00 STA2102-05-00,ECO1101 ME,18.0,월금,1,0,2,6,1+2+2+2
326,29.765,MR,YCA1006-01-00,UIC1561-01-00 ASP2022-01-00 UIC2151-12-00 UIC1806-02-00,ECO1101-06-00 STA2102-05-00,ECO1101 ME,18.0,월금,1,0,2,6,1+2+2+2
327,29.765,WCiv,YCA1006-01-00,QRM1001-01-00 UIC1551-01-00 UIC2151-13-00 UIC1806-01-00,QRM2004-01-00 STA2102-05-00,ME ME,18.0,월금,1,1,2,4+4+5,1+1
328,29.765,WCiv,YCA1006-01-00,QRM1001-01-00 UIC1551-01-00 UIC2151-13-00 UIC1805-01-00,QRM2004-01-00 STA2102-05-00,ME ME,18.0,월금,1,1,2,4+4+5,1+1
329,29.765,WCiv,YCA1006-01-00,QRM1001-01-00 UIC1551-01-00 UIC2151-13-00 UIC1805-01-00,QRM2004-01-00 STA2102-05-00,ME ME,18.0,월금,1,1,2,4+4+5,1+1
330,29.765,WCiv,YCA1006-01-00,QRM1001-01-00 UIC1551-01-00 UIC2151-13-00 UIC1806-01-00,QRM2004-01-00 STA2102-05-00,ME ME,18.0,월금,1,1,2,4+4+5,1+1
331,29.682,Lang,YCA1006-02-00,QRM1001-01-00 UIC1561-01-00 UIC1551-01-00 UIC2151-12-00,STA2102-05-00 YCH1605-01-00,ME FREE,18.0,월금,1,0,1,4,2+2+1
332,29.64,MR,YCA1006-01-00,UIC1561-01-00 UIC1551-04-00 UIC2151-12-00 UIC1806-02-00,ECO1101-06-00 STA2102-05-00,ECO1101 ME,18.0,월금,1,0,3,6,1+3+2+2
333,29.64,MR,YCA1006-01-00,UIC1561-01-00 UIC1551-04-00 UIC2151-12-00 UIC1806-02-00,ECO1101-06-00 STA2102-05-00,ECO1101 ME,18.0,월금,1,0,3,6,1+3+2+2
334,29.54,MR,YCA1006-02-00,UIC1561-01-00 UIC1551-01-00 UIC2151-12-00 UIC1805-02-00,ECO1104-06-00 ECO1101-06-00,ME ECO1101,18.0,월금,1,1,3,4+5,3+2+1
335,29.54,SciRD,YCA1006-01-00,QRM1001-01-00 UIC1561-01-00 UIC1551-01-00 UIC1806-01-00,ECO1101-06-00 QRM2004-01-00,ECO1101 ME,18.0,월금,1,1,3,4+4+5,1+2+1
336,29.54,SciRD,YCA1006-01-00,QRM1001-01-00 UIC1561-01-00 UIC1551-01-00 UIC1806-01-00,ECO1101-06-00 QRM2004-01-00,ECO1101 ME,18.0,월금,1,1,3,4+4+5,1+2+1
337,29.54,SciRD,YCA1006-01-00,QRM1001-01-00 UIC1561-01-00 UIC1551-01-00 UIC1805-01-00,ECO1101-06-00 QRM2004-01-00,ECO1101 ME,18.0,월금,1,1,3,4+4+5,1+2+1
338,29.54,MR,YCA1006-02-00,UIC1561-01-00 UIC1551-01-00 UIC2151-12-00 UIC1805-02-00,ECO1104-06-00 ECO1101-06-00,ME ECO1101,18.0,월금,1,1,3,4+5,3+2+1
339,29.54,Lang,YCA1006-01-00,QRM1001-01-00 UIC1561-01-00 UIC1551-01-00 UIC2151-05-00,ECO1101-06-00 QRM2004-01-00,ECO1101 ME,18.0,월금,1,1,3,4+4+5,1+2+1
340,29.54,SciRD,YCA1006-01-00,QRM1001-01-00 UIC1561-01-00 UIC1551-01-00 UIC1805-01-00,ECO1101-06-00 QRM2004-01-00,ECO1101 ME,18.0,월금,1,1,3,4+4+5,1+2+1
341,29.374,WCiv,YCA1006-01-00,QRM1001-01-00 UIC1551-01-00 UIC2151-13-00 UIC1805-01-00,ECO1101-06-00 QRM2004-01-00,ECO1101 ME,18.0,월금,1,1,3,4+4+5,1+1
342,29.374,WCiv,YCA1006-01-00,QRM1001-01-00 UIC1551-01-00 UIC2151-13-00 UIC1806-01-00,ECO1101-06-00 QRM2004-01-00,ECO1101 ME,18.0,월금,1,1,3,4+4+5,1+1
343,29.374,WCiv,YCA1006-01-00,QRM1001-01-00 UIC1551-01-00 UIC2151-13-00 UIC1805-01-00,ECO1101-06-00 QRM2004-01-00,ECO1101 ME,18.0,월금,1,1,3,4+4+5,1+1
344,29.374,WCiv,YCA1006-01-00,QRM1001-01-00 UIC1551-01-00 UIC2151-13-00 UIC1806-01-00,ECO1101-06-00 QRM2004-01-00,ECO1101 ME,18.0,월금,1,1,3,4+4+5,1+1
345,29.34,LHP,YCA1006-02-00,QRM1001-01-00 UIC1561-01-00 UIC2151-14-00 UIC1806-01-00,ECO1101-06-00 STA2102-05-00,ECO1101 ME,18.0,월금,1,1,3,6+5,1+3+2
346,29.34,LHP,YCA1006-02-00,QRM1001-01-00 UIC1561-01-00 UIC2151-14-00 UIC1805-01-00,ECO1101-06-00 STA2102-05-00,ECO1101 ME,18.0,월금,1,1,3,6+5,1+3+2
347,29.34,LHP,YCA1006-02-00,QRM1001-01-00 UIC1561-01-00 UIC2151-14-00 UIC1805-01-00,ECO1101-06-00 STA2102-05-00,ECO1101 ME,18.0,월금,1,1,3,6+5,1+3+2
348,29.34,LHP,YCA1006-02-00,QRM1001-01-00 UIC1561-01-00 UIC2151-14-00 UIC1806-01-00,ECO1101-06-00 STA2102-05-00,ECO1101 ME,18.0,월금,1,1,3,6+5,1+3+2
349,29.34,Lang,YCA1006-02-00,QRM1001-01-00 UIC1561-01-00 UIC1501-04-00 UIC2151-14-00,ECO1101-06-00 STA2102-05-00,ECO1101 ME,18.0,월금,1,1,3,6+5,1+3+2
350,29.315,MR,YCA1006-01-00,UIC1561-01-00 UIC1551-01-00 UIC2151-12-00 UIC1806-01-00,STA2102-04-00 QRM2004-01-00,ME ME,18.0,월금,2,0,1,4,1+3+1+1
351,29.315,MR,YCA1006-01-00,UIC1561-01-00 UIC1551-01-00 UIC2151-12-00 UIC1806-01-00,STA2102-04-00 QRM2004-01-00,ME ME,18.0,월금,2,0,1,4,1+3+1+1
352,29.315,MR,YCA1006-01-00,UIC1561-01-00 UIC1551-01-00 UIC2151-12-00 UIC1805-01-00,STA2102-04-00 QRM2004-01-00,ME ME,18.0,월금,2,0,1,4,1+3+1+1
353,29.315,MR,YCA1006-01-00,UIC1561-01-00 UIC1551-01-00 UIC2151-12-00 UIC1805-01-00,STA2102-04-00 QRM2004-01-00,ME ME,18.0,월금,2,0,1,4,1+3+1+1
354,29.182,Lang,-,QRM1001-01-00 UIC1561-01-00 UIC1401-03-00 UIC2151-12-00,ECO1101-06-00 QRM2002-01-00,ECO1101 ME,18.0,월화,2,0,2,4,1+1+2+1
355,29.033,MR,YCA1006-02-00,UIC1561-01-00 UIC1551-01-00 UIC2151-10-00 UIC1805-02-00,ECO1101-06-00 STA2102-04-00,ECO1101 ME,18.0,금,0,0,3,4,2+1+2+2+1
356,29.033,MR,YCA1006-02-00,UIC1561-01-00 UIC1551-01-00 UIC2151-10-00 UIC1805-02-00,ECO1101-06-00 STA2102-04-00,ECO1101 ME,18.0,금,0,0,3,4,2+1+2+2+1
357,29.033,MR,YCA1006-02-00,UIC1561-01-00 UIC1551-01-00 UIC2151-04-00 UIC1805-02-00,ECO1101-06-00 STA2102-04-00,ECO1101 ME,18.0,금,0,0,3,4,2+1+2+2+1
358,29.033,MR,YCA1006-02-00,UIC1561-01-00 UIC1551-01-00 UIC2151-04-00 UIC1805-02-00,ECO1101-06-00 STA2102-04-00,ECO1101 ME,18.0,금,0,0,3,4,2+1+2+2+1
359,28.715,SciRD,YCA1006-02-00,QRM1001-01-00 UIC1561-01-00 UIC1551-01-00 UIC1805-01-00,ECO1101-06-00 STA2102-05-00,ECO1101 ME,18.0,월금,1,1,3,6+5,1+3+2+1
360,28.715,SciRD,YCA1006-02-00,QRM1001-01-00 UIC1561-01-00 UIC1551-01-00 UIC1806-01-00,ECO1101-06-00 STA2102-05-00,ECO1101 ME,18.0,월금,1,1,3,6+5,1+3+2+1
361,28.715,Lang,YCA1006-02-00,QRM1001-01-00 UIC1561-01-00 UIC1551-01-00 UIC2151-05-00,ECO1101-06-00 STA2102-05-00,ECO1101 ME,18.0,월금,1,1,3,6+5,1+3+2+1
362,28.715,SciRD,YCA1006-02-00,QRM1001-01-00 UIC1561-01-00 UIC1551-01-00 UIC1805-01-00,ECO1101-06-00 STA2102-05-00,ECO1101 ME,18.0,월금,1,1,3,6+5,1+3+2+1
363,28.715,SciRD,YCA1006-02-00,QRM1001-01-00 UIC1561-01-00 UIC1551-01-00 UIC1806-01-00,ECO1101-06-00 STA2102-05-00,ECO1101 ME,18.0,월금,1,1,3,6+5,1+3+2+1
364,28.69,MR,YCA1006-01-00,UIC1561-01-00 UIC1551-04-00 UIC2151-12-00 UIC1805-02-00,STA2102-05-00 QRM2001-01-00,ME ME,18.0,월금,2,0,1,4,2+1+2+2
365,28.69,MR,YCA1006-01-00,UIC1561-01-00 UIC1551-04-00 UIC2151-12-00 UIC1805-02-00,STA2102-05-00 QRM2001-01-00,ME ME,18.0,월금,2,0,1,4,2+1+2+2
366,28.658,Lang,YCA1006-02-00,QRM1001-01-00 UIC1561-01-00 UIC1551-01-00 UIC2151-11-00,ECO1101-06-00 QRM2004-01-00,ECO1101 ME,18.0,금,0,1,3,6+5,2+1
367,28.449,WCiv,YCA1006-02-00,QRM1001-01-00 UIC1551-01-00 UIC2151-13-00 UIC1805-01-00,ECO1101-06-00 STA2102-05-00,ECO1101 ME,18.0,월금,1,1,3,5+5,2+1+3+1
368,28.449,WCiv,YCA1006-02-00,QRM1001-01-00 UIC1551-01-00 UIC2151-13-00 UIC1806-01-00,ECO1101-06-00 STA2102-05-00,ECO1101 ME,18.0,월금,1,1,3,5+5,2+1+3+1
369,28.449,WCiv,YCA1006-02-00,QRM1001-01-00 UIC1551-01-00 UIC2151-13-00 UIC1805-01-00,ECO1101-06-00 STA2102-05-00,ECO1101 ME,18.0,월금,1,1,3,5+5,2+1+3+1
370,28.449,WCiv,YCA1006-02-00,QRM1001-01-00 UIC1551-01-00 UIC2151-13-00 UIC1806-01-00,ECO1101-06-00 STA2102-05-00,ECO1101 ME,18.0,월금,1,1,3,5+5,2+1+3+1
371,28.365,WCiv,YCA1006-01-00,QRM1001-01-00 UIC1551-04-00 UIC2151-12-00 UIC1805-01-00,ECO1101-05-00 QRM2004-01-00,ECO1101 ME,18.0,월금,2,1,1,6,1+1+4
372,28.365,MR,YCA1006-01-00,UIC1561-01-00 UIC1551-04-00 UIC2151-08-00 UIC1806-02-00,STA2102-05-00 QRM2001-01-00,ME ME,18.0,월금,1,1,1,4+6,1+1
373,28.365,MR,YCA1006-01-00,UIC1561-01-00 UIC1551-04-00 UIC2151-06-00 UIC1805-02-00,STA2102-05-00 QRM2001-01-00,ME ME,18.0,월금,1,1,1,4+6,1+1
374,28.365,MR,YCA1006-01-00,UIC1561-01-00 UIC1551-04-00 UIC2151-06-00 UIC1805-02-00,STA2102-05-00 QRM2001-01-00,ME ME,18.0,월금,1,1,1,4+6,1+1
375,28.365,WCiv,YCA1006-01-00,QRM1001-01-00 UIC1551-04-00 UIC2151-12-00 UIC1805-01-00,ECO1101-05-00 QRM2004-01-00,ECO1101 ME,18.0,월금,2,1,1,6,1+1+4
376,28.365,WCiv,YCA1006-01-00,QRM1001-01-00 UIC1551-04-00 UIC2151-12-00 UIC1806-01-00,ECO1101-05-00 QRM2004-01-00,ECO1101 ME,18.0,월금,2,1,1,6,1+1+4
377,28.365,MR,YCA1006-01-00,UIC1561-01-00 UIC1551-04-00 UIC2151-09-00 UIC1806-02-00,STA2102-05-00 QRM2001-01-00,ME ME,18.0,월금,1,1,1,4+6,1+1
378,28.365,WCiv,YCA1006-01-00,QRM1001-01-00 UIC1551-04-00 UIC2151-12-00 UIC1806-01-00,ECO1101-05-00 QRM2004-01-00,ECO1101 ME,18.0,월금,2,1,1,6,1+1+4
379,28.365,MR,YCA1006-01-00,UIC1561-01-00 UIC1551-04-00 UIC2151-08-00 UIC1806-02-00,STA2102-05-00 QRM2001-01-00,ME ME,18.0,월금,1,1,1,4+6,1+1
380,28.365,MR,YCA1006-01-00,UIC1561-01-00 UIC1551-04-00 UIC2151-07-00 UIC1805-02-00,STA2102-05-00 QRM2001-01-00,ME ME,18.0,월금,1,1,1,4+6,1+1
381,28.365,MR,YCA1006-01-00,UIC1561-01-00 UIC1551-04-00 UIC2151-09-00 UIC1806-02-00,STA2102-05-00 QRM2001-01-00,ME ME,18.0,월금,1,1,1,4+6,1+1
382,28.365,MR,YCA1006-01-00,UIC1561-01-00 UIC1551-04-00 UIC2151-07-00 UIC1805-02-00,STA2102-05-00 QRM2001-01-00,ME ME,18.0,월금,1,1,1,4+6,1+1
383,28.34,MR,YCA1006-02-00,UIC1561-01-00 UIC1401-02-00 UIC2151-14-00 UIC1806-01-00,ECO1101-06-00 STA2102-05-00,ECO1101 ME,18.0,월금,1,0,3,6+5,1+1+2
384,28.34,MR,YCA1006-02-00,UIC1561-01-00 UIC1401-02-00 UIC2151-14-00 UIC1805-01-00,ECO1101-06-00 STA2102-05-00,ECO1101 ME,18.0,월금,1,0,3,6+5,1+1+2
385,28.34,MR,YCA1006-02-00,UIC1561-01-00 UIC1401-02-00 UIC2151-14-00 UIC1806-01-00,ECO1101-06-00 STA2102-05-00,ECO1101 ME,18.0,월금,1,0,3,6+5,1+1+2
386,28.34,MR,YCA1006-02-00,UIC1561-01-00 UIC1501-04-00 UIC2151-14-00 UIC1805-02-00,ECO1101-06-00 STA2102-05-00,ECO1101 ME,18.0,월금,1,0,3,6+5,1+1+2
387,28.34,MR,YCA1006-02-00,UIC1561-01-00 UIC1401-02-00 UIC2151-14-00 UIC1805-01-00,ECO1101-06-00 STA2102-05-00,ECO1101 ME,18.0,월금,1,0,3,6+5,1+1+2
388,28.34,MR,YCA1006-02-00,UIC1561-01-00 UIC1501-04-00 UIC2151-14-00 UIC1805-02-00,ECO1101-06-00 STA2102-05-00,ECO1101 ME,18.0,월금,1,0,3,6+5,1+1+2
389,28.065,Lang,-,QRM1001-01-00 UIC1561-01-00 UIC1501-05-00 UIC2151-14-00,ECO1101-06-00 STA2102-05-00,ECO1101 ME,18.0,월금,1,0,3,6,3+2+2
390,28.033,Lang,YCA1006-01-00,QRM1001-01-00 UIC1561-01-00 UIC1551-01-00 UIC2151-04-00,ECO1101-06-00 QRM2004-01-00,ECO1101 ME,18.0,금,0,0,3,4+4,2+1+2+2+1
391,28.033,Lang,YCA1006-01-00,QRM1001-01-00 UIC1561-01-00 UIC1551-04-00 UIC2151-04-00,ECO1101-06-00 QRM2004-01-00,ECO1101 ME,18.0,금,0,0,3,4+4,2+1+1+2+2
392,28.033,Lang,YCA1006-01-00,QRM1001-01-00 UIC1561-01-00 UIC1551-04-00 UIC2151-10-00,ECO1101-06-00 QRM2004-01-00,ECO1101 ME,18.0,금,0,0,3,4+4,2+1+1+2+2
393,28.033,Lang,YCA1006-01-00,QRM1001-01-00 UIC1561-01-00 UIC1551-01-00 UIC2151-10-00,ECO1101-06-00 QRM2004-01-00,ECO1101 ME,18.0,금,0,0,3,4+4,2+1+2+2+1
394,27.99,MR,-,UIC1561-01-00 UIC1401-02-00 UIC2151-14-00 UIC1806-02-00,ECO1101-06-00 STA2102-05-00,ECO1101 ME,18.0,월금,0,0,3,6+6,2
395,27.99,MR,-,UIC1561-01-00 UIC1251-02-00 UIC2151-14-00 UIC1805-02-00,ECO1101-06-00 STA2102-05-00,ECO1101 ME,18.0,월금,0,0,3,6+6,2
396,27.99,MR,-,UIC1561-01-00 UIC1251-02-00 UIC2151-14-00 UIC1805-02-00,ECO1101-06-00 STA2102-05-00,ECO1101 ME,18.0,월금,0,0,3,6+6,2
397,27.99,MR,-,UIC1561-01-00 UIC1401-02-00 UIC2151-14-00 UIC1806-02-00,ECO1101-06-00 STA2102-05-00,ECO1101 ME,18.0,월금,0,0,3,6+6,2
398,27.965,MR,YCA1006-01-00,UIC1561-01-00 ASP2022-01-00 UIC2151-06-00 UIC1805-02-00,ECO1101-06-00 STA2102-05-00,ECO1101 ME,18.0,월금,0,0,2,6+5+4,1+2
399,27.965,MR,YCA1006-01-00,UIC1561-01-00 ASP2022-01-00 UIC2151-09-00 UIC1806-02-00,ECO1101-06-00 STA2102-05-00,ECO1101 ME,18.0,월금,0,0,2,6+5+4,1+2
400,27.965,MR,YCA1006-01-00,UIC1561-01-00 ASP2022-01-00 UIC2151-08-00 UIC1806-02-00,ECO1101-06-00 STA2102-05-00,ECO1101 ME,18.0,월금,0,0,2,6+5+4,1+2
401,27.965,MR,YCA1006-01-00,UIC1561-01-00 ASP2022-01-00 UIC2151-08-00 UIC1806-02-00,ECO1101-06-00 STA2102-05-00,ECO1101 ME,18.0,월금,0,0,2,6+5+4,1+2
402,27.965,MR,YCA1006-01-00,UIC1561-01-00 ASP2022-01-00 UIC2151-07-00 UIC1805-02-00,ECO1101-06-00 STA2102-05-00,ECO1101 ME,18.0,월금,0,0,2,6+5+4,1+2
403,27.965,MR,YCA1006-01-00,UIC1561-01-00 ASP2022-01-00 UIC2151-09-00 UIC1806-02-00,ECO1101-06-00 STA2102-05-00,ECO1101 ME,18.0,월금,0,0,2,6+5+4,1+2
404,27.965,MR,YCA1006-01-00,UIC1561-01-00 ASP2022-01-00 UIC2151-07-00 UIC1805-02-00,ECO1101-06-00 STA2102-05-00,ECO1101 ME,18.0,월금,0,0,2,6+5+4,1+2
405,27.965,MR,YCA1006-01-00,UIC1561-01-00 ASP2022-01-00 UIC2151-06-00 UIC1805-02-00,ECO1101-06-00 STA2102-05-00,ECO1101 ME,18.0,월금,0,0,2,6+5+4,1+2
406,27.89,MR,YCA1006-02-00,UIC1561-01-00 UIC1401-02-00 UIC2151-12-00 UIC1806-02-00,ECO1101-06-00 STA2102-05-00,ECO1101 ME,18.0,월금,1,1,2,6+4,2+2
407,27.89,MR,YCA1006-02-00,UIC1561-01-00 UIC1251-02-00 UIC2151-12-00 UIC1805-02-00,ECO1101-06-00 STA2102-05-00,ECO1101 ME,18.0,월금,1,1,2,6+4,2+2
408,27.89,MR,YCA1006-02-00,UIC1561-01-00 UIC1401-02-00 UIC2151-12-00 UIC1806-02-00,ECO1101-06-00 STA2102-05-00,ECO1101 ME,18.0,월금,1,1,2,6+4,2+2
409,27.89,MR,YCA1006-02-00,UIC1561-01-00 UIC1251-02-00 UIC2151-12-00 UIC1805-02-00,ECO1101-06-00 STA2102-05-00,ECO1101 ME,18.0,월금,1,1,2,6+4,2+2
410,27.89,MR,YCA1006-01-00,UIC1561-01-00 ASP2022-01-00 UIC2151-12-00 UIC1805-02-00,ECO1104-06-00 STA2102-05-00,ME ME,18.0,월금,1,0,0,4+5+4,1+2
411,27.89,MR,YCA1006-01-00,UIC1561-01-00 ASP2022-01-00 UIC2151-12-00 UIC1805-02-00,ECO1104-06-00 STA2102-05-00,ME ME,18.0,월금,1,0,0,4+5+4,1+2
412,27.857,Lang,YCA1006-01-00,QRM1001-01-00 UIC1561-01-00 ASP2022-01-00 UIC2151-05-00,QRM2004-01-00 STA2102-05-00,ME ME,18.0,월금,1,1,0,4+5+6,1
413,27.857,SciRD,YCA1006-01-00,QRM1001-01-00 UIC1561-01-00 ASP2022-01-00 UIC1806-01-00,QRM2004-01-00 STA2102-05-00,ME ME,18.0,월금,1,1,0,4+5+6,1
414,27.857,SciRD,YCA1006-01-00,QRM1001-01-00 UIC1561-01-00 ASP2022-01-00 UIC1805-01-00,QRM2004-01-00 STA2102-05-00,ME ME,18.0,월금,1,1,0,4+5+6,1
415,27.857,SciRD,YCA1006-01-00,QRM1001-01-00 UIC1561-01-00 ASP2022-01-00 UIC1806-01-00,QRM2004-01-00 STA2102-05-00,ME ME,18.0,월금,1,1,0,4+5+6,1
416,27.857,SciRD,YCA1006-01-00,QRM1001-01-00 UIC1561-01-00 ASP2022-01-00 UIC1805-01-00,QRM2004-01-00 STA2102-05-00,ME ME,18.0,월금,1,1,0,4+5+6,1
417,27.765,MR,YCA1006-01-00,UIC1561-01-00 UIC1551-01-00 UIC2151-12-00 UIC1805-02-00,ECO1101-06-00 STA2102-05-00,ECO1101 ME,18.0,월금,1,0,3,6,2+2+2+3
418,27.765,MR,YCA1006-01-00,UIC1561-01-00 UIC1551-01-00 UIC2151-12-00 UIC1805-02-00,ECO1101-06-00 STA2102-05-00,ECO1101 ME,18.0,월금,1,0,3,6,2+2+2+3
419,27.69,MR,-,UIC1561-01-00 UIC1401-02-00 UIC2151-12-00 UIC1806-02-00,ECO1101-06-00 STA2102-05-00,ECO1101 ME,18.0,월금,1,0,2,6,2+2
420,27.69,MR,-,UIC1561-01-00 UIC1401-02-00 UIC2151-12-00 UIC1806-02-00,ECO1101-06-00 STA2102-05-00,ECO1101 ME,18.0,월금,1,0,2,6,2+2
421,27.69,Lang,-,QRM1001-01-00 UIC1561-01-00 ASP2022-01-00 UIC2151-12-00,ECO1101-06-00 STA2102-05-00,ECO1101 ME,18.0,월금,1,0,2,6+4,2+2
422,27.69,MR,-,UIC1561-01-00 UIC1251-02-00 UIC2151-12-00 UIC1805-02-00,ECO1101-06-00 STA2102-05-00,ECO1101 ME,18.0,월금,1,0,2,6,2+2
423,27.69,MR,-,UIC1561-01-00 UIC1251-02-00 UIC2151-12-00 UIC1805-02-00,ECO1101-06-00 STA2102-05-00,ECO1101 ME,18.0,월금,1,0,2,6,2+2
424,27.565,MR,YCA1006-02-00,UIC1561-01-00 ASP2022-01-00 UIC2151-12-00 UIC1806-02-00,STA2102-05-00 QRM2001-01-00,ME ME,18.0,월금,2,0,0,4,1+2+2+1
425,27.565,MR,YCA1006-02-00,UIC1561-01-00 ASP2022-01-00 UIC2151-12-00 UIC1806-02-00,STA2102-05-00 QRM2001-01-00,ME ME,18.0,월금,2,0,0,4,1+2+2+1
426,27.565,MR,YCA1006-01-00,UIC1561-01-00 ASP2022-01-00 UIC2151-12-00 UIC1806-02-00,STA2102-05-00 QRM2001-01-00,ME ME,18.0,월금,2,0,0,4,1+2+2+1
427,27.565,MR,YCA1006-01-00,UIC1561-01-00 ASP2022-01-00 UIC2151-12-00 UIC1806-02-00,STA2102-05-00 QRM2001-01-00,ME ME,18.0,월금,2,0,0,4,1+2+2+1
428,27.54,Lang,YCA1006-01-00,QRM1001-01-00 UIC1561-01-00 ASP2022-01-00 UIC2151-12-00,ECO1101-06-00 QRM2004-01-00,ECO1101 ME,18.0,월금,1,0,2,4+5+4,1+3+2
429,27.44,MR,YCA1006-01-00,UIC1561-01-00 UIC1551-04-00 UIC2151-12-00 UIC1805-01-00,QRM2004-01-00 STA2102-05-00,ME ME,18.0,월금,2,0,1,4,1+1+2+3
430,27.44,MR,YCA1006-01-00,UIC1561-01-00 UIC1551-04-00 UIC2151-12-00 UIC1806-02-00,STA2102-05-00 QRM2001-01-00,ME ME,18.0,월금,2,0,1,4,1+3+2+1
431,27.44,MR,YCA1006-01-00,UIC1561-01-00 UIC1551-04-00 UIC2151-12-00 UIC1805-01-00,QRM2004-01-00 STA2102-05-00,ME ME,18.0,월금,2,0,1,4,1+1+2+3
432,27.44,MR,YCA1006-01-00,UIC1561-01-00 UIC1551-04-00 UIC2151-12-00 UIC1806-01-00,QRM2004-01-00 STA2102-05-00,ME ME,18.0,월금,2,0,1,4,1+1+2+3
433,27.44,MR,YCA1006-01-00,UIC1561-01-00 UIC1551-04-00 UIC2151-12-00 UIC1806-02-00,STA2102-05-00 QRM2001-01-00,ME ME,18.0,월금,2,0,1,4,1+3+2+1
434,27.44,MR,YCA1006-02-00,UIC1561-01-00 UIC1551-01-00 UIC2151-12-00 UIC1805-02-00,STA2102-05-00 QRM2001-01-00,ME ME,18.0,월금,2,0,1,4,1+1+2+3
435,27.44,MR,YCA1006-01-00,UIC1561-01-00 UIC1551-04-00 UIC2151-12-00 UIC1806-01-00,QRM2004-01-00 STA2102-05-00,ME ME,18.0,월금,2,0,1,4,1+1+2+3
436,27.44,MR,YCA1006-02-00,UIC1561-01-00 UIC1551-04-00 UIC2151-12-00 UIC1806-02-00,STA2102-05-00 QRM2001-01-00,ME ME,18.0,월금,2,0,1,4,1+3+2+1
437,27.44,MR,YCA1006-02-00,UIC1561-01-00 UIC1551-01-00 UIC2151-12-00 UIC1805-02-00,STA2102-05-00 QRM2001-01-00,ME ME,18.0,월금,2,0,1,4,1+1+2+3
438,27.44,MR,YCA1006-02-00,UIC1561-01-00 UIC1551-04-00 UIC2151-12-00 UIC1806-02-00,STA2102-05-00 QRM2001-01-00,ME ME,18.0,월금,2,0,1,4,1+3+2+1
439,27.258,Lang,YCA1006-01-00,QRM1001-01-00 UIC1561-01-00 UIC1501-03-00 UIC2151-14-00,ECO1101-06-00 QRM2004-01-00,ECO1101 ME,18.0,금,0,0,3,6+6,1+2
440,27.14,MR,YCA1006-01-00,UIC1561-01-00 UIC1551-04-00 UIC2151-09-00 UIC1806-01-00,ECO1104-06-00 ECO1101-06-00,ME ECO1101,18.0,월금,1,1,3,4+6,1+1+2
441,27.14,MR,YCA1006-01-00,UIC1561-01-00 UIC1551-04-00 UIC2151-09-00 UIC1805-01-00,ECO1104-06-00 ECO1101-06-00,ME ECO1101,18.0,월금,1,1,3,4+6,1+1+2
442,27.14,MR,YCA1006-01-00,UIC1561-01-00 UIC1551-04-00 UIC2151-09-00 UIC1806-01-00,ECO1104-06-00 ECO1101-06-00,ME ECO1101,18.0,월금,1,1,3,4+6,1+1+2
443,27.14,MR,YCA1006-01-00,UIC1561-01-00 UIC1551-04-00 UIC2151-08-00 UIC1805-01-00,ECO1104-06-00 ECO1101-06-00,ME ECO1101,18.0,월금,1,1,3,4+6,1+1+2
444,27.14,MR,YCA1006-01-00,UIC1561-01-00 UIC1551-04-00 UIC2151-05-00 UIC1805-02-00,ECO1104-06-00 ECO1101-06-00,ME ECO1101,18.0,월금,1,1,3,4+6,1+1+2
445,27.14,MR,YCA1006-01-00,UIC1561-01-00 UIC1551-04-00 UIC2151-08-00 UIC1806-01-00,ECO1104-06-00 ECO1101-06-00,ME ECO1101,18.0,월금,1,1,3,4+6,1+1+2
446,27.14,MR,YCA1006-01-00,UIC1561-01-00 UIC1551-04-00 UIC2151-09-00 UIC1805-01-00,ECO1104-06-00 ECO1101-06-00,ME ECO1101,18.0,월금,1,1,3,4+6,1+1+2
447,27.14,MR,YCA1006-01-00,UIC1561-01-00 UIC1551-04-00 UIC2151-08-00 UIC1806-01-00,ECO1104-06-00 ECO1101-06-00,ME ECO1101,18.0,월금,1,1,3,4+6,1+1+2
448,27.14,MR,YCA1006-01-00,UIC1561-01-00 UIC1551-04-00 UIC2151-08-00 UIC1805-01-00,ECO1104-06-00 ECO1101-06-00,ME ECO1101,18.0,월금,1,1,3,4+6,1+1+2
449,27.14,MR,YCA1006-01-00,UIC1561-01-00 UIC1551-04-00 UIC2151-05-00 UIC1805-02-00,ECO1104-06-00 ECO1101-06-00,ME ECO1101,18.0,월금,1,1,3,4+6,1+1+2
450,27.14,-,YCA1006-01-00,QRM1001-01-00 UIC1561-01-00 UIC1551-01-00 UIC2151-12-00 UIC1806-01-00,QRM2004-01-00,ME,18.0,월금,2,1,1,4+5,1+3+1
451,27.14,-,YCA1006-01-00,QRM1001-01-00 UIC1561-01-00 UIC1551-01-00 UIC2151-12-00 UIC1806-01-00,QRM2004-01-00,ME,18.0,월금,2,1,1,4+5,1+3+1
452,27.14,-,YCA1006-01-00,QRM1001-01-00 UIC1561-01-00 UIC1551-01-00 UIC2151-12-00 UIC1805-01-00,QRM2004-01-00,ME,18.0,월금,2,1,1,4+5,1+3+1
453,27.14,-,YCA1006-01-00,QRM1001-01-00 UIC1561-01-00 UIC1551-01-00 UIC2151-12-00 UIC1805-01-00,QRM2004-01-00,ME,18.0,월금,2,1,1,4+5,1+3+1
454,27.125,Lang,YCA1006-02-00,QRM1001-01-00 UIC1561-01-00 UIC1401-03-00 UIC2151-14-00,ECO1101-06-00 STA2102-05-00,ECO1101 ME,18.0,월,0,0,3,6,3+2
455,27.1,Lang,YCA1006-01-00,QRM1001-01-00 UIC1561-01-00 UIC1551-04-00 UIC2151-10-00,QRM2004-01-00 STA2102-05-00,ME ME,18.0,금,0,1,1,6+4,1+1+1
456,27.1,Lang,YCA1006-01-00,QRM1001-01-00 UIC1561-01-00 UIC1551-04-00 UIC2151-04-00,QRM2004-01-00 STA2102-05-00,ME ME,18.0,금,0,1,1,6+4,1+1+1
457,27.1,Lang,YCA1006-01-00,QRM1001-01-00 UIC1561-01-00 UIC1551-01-00 UIC2151-04-00,QRM2004-01-00 STA2102-05-00,ME ME,18.0,금,0,1,1,6+4,1+1+1
458,27.1,Lang,YCA1006-01-00,QRM1001-01-00 UIC1561-01-00 UIC1551-01-00 UIC2151-10-00,QRM2004-01-00 STA2102-05-00,ME ME,18.0,금,0,1,1,6+4,1+1+1
459,27.09,MR,YCA1006-01-00,UIC1561-01-00 UIC1501-04-00 UIC2151-14-00 UIC1805-02-00,ECO1101-06-00 STA2102-05-00,ECO1101 ME,18.0,월금,1,0,3,6+5,2+2
460,27.09,MR,YCA1006-01-00,UIC1561-01-00 UIC1401-02-00 UIC2151-14-00 UIC1806-01-00,ECO1101-06-00 STA2102-05-00,ECO1101 ME,18.0,월금,1,0,3,6+5,2+2
461,27.09,MR,YCA1006-01-00,UIC1561-01-00 UIC1401-02-00 UIC2151-14-00 UIC1805-01-00,ECO1101-06-00 STA2102-05-00,ECO1101 ME,18.0,월금,1,0,3,6+5,2+2
462,27.09,MR,YCA1006-01-00,UIC1561-01-00 UIC1401-02-00 UIC2151-14-00 UIC1805-01-00,ECO1101-06-00 STA2102-05-00,ECO1101 ME,18.0,월금,1,0,3,6+5,2+2
463,27.09,MR,YCA1006-01-00,UIC1561-01-00 UIC1401-02-00 UIC2151-14-00 UIC1806-01-00,ECO1101-06-00 STA2102-05-00,ECO1101 ME,18.0,월금,1,0,3,6+5,2+2
464,27.09,MR,YCA1006-01-00,UIC1561-01-00 UIC1501-04-00 UIC2151-14-00 UIC1805-02-00,ECO1101-06-00 STA2102-05-00,ECO1101 ME,18.0,월금,1,0,3,6+5,2+2
465,26.965,LHP,YCA1006-01-00,QRM1001-01-00 UIC1561-01-00 UIC2151-14-00 UIC1806-01-00,ECO1101-06-00 QRM2004-01-00,ECO1101 ME,18.0,월금,1,1,3,4+6+5,1+2
466,26.965,Lang,YCA1006-01-00,QRM1001-01-00 UIC1561-01-00 UIC1501-04-00 UIC2151-14-00,ECO1101-06-00 QRM2004-01-00,ECO1101 ME,18.0,월금,1,1,3,4+6+5,1+2
467,26.965,LHP,YCA1006-01-00,QRM1001-01-00 UIC1561-01-00 UIC2151-14-00 UIC1805-01-00,ECO1101-06-00 QRM2004-01-00,ECO1101 ME,18.0,월금,1,1,3,4+6+5,1+2
468,26.965,LHP,YCA1006-01-00,QRM1001-01-00 UIC1561-01-00 UIC2151-14-00 UIC1805-01-00,ECO1101-06-00 QRM2004-01-00,ECO1101 ME,18.0,월금,1,1,3,4+6+5,1+2
469,26.965,LHP,YCA1006-01-00,QRM1001-01-00 UIC1561-01-00 UIC2151-14-00 UIC1806-01-00,ECO1101-06-00 QRM2004-01-00,ECO1101 ME,18.0,월금,1,1,3,4+6+5,1+2
470,26.958,Lang,YCA1006-01-00,QRM1001-01-00 UIC1561-01-00 UIC1501-03-00 UIC2151-12-00,ECO1101-06-00 QRM2004-01-00,ECO1101 ME,18.0,금,1,0,2,6,1+2+2
471,26.89,Lang,YCA1006-01-00,QRM1001-01-00 UIC1561-01-00 ASP2022-01-00 UIC2151-12-00,ECO1101-06-00 STA2102-05-00,ECO1101 ME,18.0,월금,1,0,2,6+4,4+2+2
472,26.858,Lang,YCA1006-02-00,QRM1001-01-00 UIC1561-01-00 UIC1551-01-00 UIC2151-04-00,ECO1101-06-00 QRM2004-01-00,ECO1101 ME,18.0,금,0,1,3,4+5,2+2+2+1
473,26.858,Lang,YCA1006-02-00,QRM1001-01-00 UIC1561-01-00 UIC1551-01-00 UIC2151-10-00,ECO1101-06-00 QRM2004-01-00,ECO1101 ME,18.0,금,0,1,3,4+5,2+2+2+1
474,26.765,MR,YCA1006-02-00,UIC1561-01-00 ASP2022-01-00 UIC2151-12-00 UIC1805-02-00,ECO1101-06-00 STA2102-05-00,ECO1101 ME,18.0,월금,1,0,2,6+4,1+2+2+2
475,26.765,MR,YCA1006-02-00,UIC1561-01-00 ASP2022-01-00 UIC2151-12-00 UIC1805-02-00,ECO1101-06-00 STA2102-05-00,ECO1101 ME,18.0,월금,1,0,2,6+4,1+2+2+2
476,26.765,MR,YCA1006-01-00,UIC1561-01-00 UIC1551-01-00 UIC2151-08-00 UIC1805-01-00,ECO1104-06-00 STA2102-05-00,ME ME,18.0,월금,1,1,1,4+4+5,1+1
477,26.765,MR,YCA1006-01-00,UIC1561-01-00 UIC1551-01-00 UIC2151-09-00 UIC1805-01-00,ECO1104-06-00 STA2102-05-00,ME ME,18.0,월금,1,1,1,4+4+5,1+1
478,26.765,MR,YCA1006-01-00,UIC1561-01-00 UIC1551-01-00 UIC2151-08-00 UIC1806-01-00,ECO1104-06-00 STA2102-05-00,ME ME,18.0,월금,1,1,1,4+4+5,1+1
479,26.765,MR,YCA1006-01-00,UIC1561-01-00 UIC1551-01-00 UIC2151-09-00 UIC1805-01-00,ECO1104-06-00 STA2102-05-00,ME ME,18.0,월금,1,1,1,4+4+5,1+1
480,26.765,MR,YCA1006-01-00,UIC1561-01-00 UIC1551-01-00 UIC2151-08-00 UIC1805-01-00,ECO1104-06-00 STA2102-05-00,ME ME,18.0,월금,1,1,1,4+4+5,1+1
481,26.765,MR,YCA1006-01-00,UIC1561-01-00 UIC1551-01-00 UIC2151-05-00 UIC1805-02-00,ECO1104-06-00 STA2102-05-00,ME ME,18.0,월금,1,1,1,4+4+5,1+1
482,26.765,MR,YCA1006-01-00,UIC1561-01-00 UIC1551-01-00 UIC2151-09-00 UIC1806-01-00,ECO1104-06-00 STA2102-05-00,ME ME,18.0,월금,1,1,1,4+4+5,1+1
483,26.765,MR,YCA1006-01-00,UIC1561-01-00 UIC1551-01-00 UIC2151-05-00 UIC1805-02-00,ECO1104-06-00 STA2102-05-00,ME ME,18.0,월금,1,1,1,4+4+5,1+1
484,26.765,MR,YCA1006-01-00,UIC1561-01-00 UIC1551-01-00 UIC2151-09-00 UIC1806-01-00,ECO1104-06-00 STA2102-05-00,ME ME,18.0,월금,1,1,1,4+4+5,1+1
485,26.765,MR,YCA1006-01-00,UIC1561-01-00 UIC1551-01-00 UIC2151-08-00 UIC1806-01-00,ECO1104-06-00 STA2102-05-00,ME ME,18.0,월금,1,1,1,4+4+5,1+1
486,26.765,MR,YCA1006-02-00,UIC1561-01-00 UIC1551-01-00 UIC2151-12-00 UIC1805-02-00,STA2102-04-00 BIZ1101-09-00,ME FREE,18.0,월금,1,0,1,,1+1+1
487,26.765,MR,YCA1006-02-00,UIC1561-01-00 UIC1551-01-00 UIC2151-12-00 UIC1805-02-00,STA2102-04-00 BIZ1101-09-00,ME FREE,18.0,월금,1,0,1,,1+1+1
488,26.633,MR,YCA1006-01-00,UIC1561-01-00 UIC1551-04-00 UIC2151-10-00 UIC1805-01-00,STA2102-04-00 QRM2004-01-00,ME ME,18.0,금,1,0,1,,2+1+1+2+1
489,26.633,MR,YCA1006-01-00,UIC1561-01-00 UIC1551-04-00 UIC2151-04-00 UIC1806-01-00,STA2102-04-00 QRM2004-01-00,ME ME,18.0,금,1,0,1,,2+1+1+2+1
490,26.633,MR,YCA1006-01-00,UIC1561-01-00 UIC1551-04-00 UIC2151-04-00 UIC1805-01-00,STA2102-04-00 QRM2004-01-00,ME ME,18.0,금,1,0,1,,2+1+1+2+1
491,26.633,MR,YCA1006-01-00,UIC1561-01-00 UIC1551-04-00 UIC2151-04-00 UIC1806-01-00,STA2102-04-00 QRM2004-01-00,ME ME,18.0,금,1,0,1,,2+1+1+2+1
492,26.633,MR,YCA1006-01-00,UIC1561-01-00 UIC1551-04-00 UIC2151-10-00 UIC1805-01-00,STA2102-04-00 QRM2004-01-00,ME ME,18.0,금,1,0,1,,2+1+1+2+1
493,26.633,MR,YCA1006-01-00,UIC1561-01-00 UIC1551-04-00 UIC2151-10-00 UIC1806-01-00,STA2102-04-00 QRM2004-01-00,ME ME,18.0,금,1,0,1,,2+1+1+2+1
494,26.633,MR,YCA1006-01-00,UIC1561-01-00 UIC1551-04-00 UIC2151-04-00 UIC1805-01-00,STA2102-04-00 QRM2004-01-00,ME ME,18.0,금,1,0,1,,2+1+1+2+1
495,26.633,MR,YCA1006-01-00,UIC1561-01-00 UIC1551-04-00 UIC2151-10-00 UIC1806-01-00,STA2102-04-00 QRM2004-01-00,ME ME,18.0,금,1,0,1,,2+1+1+2+1
496,26.632,SciRD,YCA1006-02-00,QRM1001-01-00 UIC1561-01-00 UIC1551-01-00 UIC1805-01-00,QRM2004-01-00 STA2102-05-00,ME ME,18.0,월금,1,2,1,4+5+5,1+1
497,26.632,Lang,YCA1006-02-00,QRM1001-01-00 UIC1561-01-00 UIC1551-01-00 UIC2151-05-00,QRM2004-01-00 STA2102-05-00,ME ME,18.0,월금,1,2,1,4+5+5,1+1
498,26.632,SciRD,YCA1006-02-00,QRM1001-01-00 UIC1561-01-00 UIC1551-01-00 UIC1806-01-00,QRM2004-01-00 STA2102-05-00,ME ME,18.0,월금,1,2,1,4+5+5,1+1
499,26.632,SciRD,YCA1006-02-00,QRM1001-01-00 UIC1561-01-00 UIC1551-01-00 UIC1806-01-00,QRM2004-01-00 STA2102-05-00,ME ME,18.0,월금,1,2,1,4+5+5,1+1
500,26.632,SciRD,YCA1006-02-00,QRM1001-01-00 UIC1561-01-00 UIC1551-01-00 UIC1805-01-00,QRM2004-01-00 STA2102-05-00,ME ME,18.0,월금,1,2,1,4+5+5,1+1
501,26.557,Lang,YCA1006-02-00,QRM1001-01-00 UIC1561-01-00 UIC1551-01-00 UIC2151-12-00,STA2102-05-00 YCK1998-03-00,ME FREE,18.0,월금,1,0,1,4,3+2+1
502,26.265,WCiv,YCA1006-01-00,QRM1001-01-00 UIC1551-01-00 UIC2151-12-00 UIC1805-01-00,QRM2004-01-00 STA2102-05-00,ME ME,18.0,월금,2,1,1,4+5,1+2+1
503,26.265,WCiv,YCA1006-01-00,QRM1001-01-00 UIC1551-01-00 UIC2151-12-00 UIC1805-01-00,QRM2004-01-00 STA2102-05-00,ME ME,18.0,월금,2,1,1,4+5,1+2+1
504,26.265,WCiv,YCA1006-01-00,QRM1001-01-00 UIC1551-01-00 UIC2151-12-00 UIC1806-01-00,QRM2004-01-00 STA2102-05-00,ME ME,18.0,월금,2,1,1,4+5,1+2+1
505,26.265,WCiv,YCA1006-01-00,QRM1001-01-00 UIC1551-01-00 UIC2151-12-00 UIC1806-01-00,QRM2004-01-00 STA2102-05-00,ME ME,18.0,월금,2,1,1,4+5,1+2+1
506,26.19,MR,YCA1006-01-00,UIC1561-01-00 UIC1551-01-00 UIC2151-12-00 UIC1805-02-00,STA2102-05-00 QRM2001-01-00,ME ME,18.0,월금,2,0,1,4,2+2+3
507,26.19,MR,YCA1006-01-00,UIC1561-01-00 UIC1551-01-00 UIC2151-12-00 UIC1805-02-00,STA2102-05-00 QRM2001-01-00,ME ME,18.0,월금,2,0,1,4,2+2+3
508,26.14,MR,-,UIC1561-01-00 UIC1551-01-00 UIC2151-12-00 UIC1805-02-00,ECO1101-06-00 STA2102-04-00,ECO1101 ME,18.0,월금,1,0,3,4,3+2+1
509,26.14,MR,-,UIC1561-01-00 UIC1551-01-00 UIC2151-12-00 UIC1805-02-00,ECO1101-06-00 STA2102-04-00,ECO1101 ME,18.0,월금,1,0,3,4,3+2+1
510,26.14,MR,YCA1006-01-00,UIC1561-01-00 ASP2022-01-00 UIC2151-12-00 UIC1805-01-00,STA2102-04-00 QRM2004-01-00,ME ME,18.0,월금,2,0,0,5,1+3+1
511,26.14,MR,YCA1006-01-00,UIC1561-01-00 ASP2022-01-00 UIC2151-12-00 UIC1805-01-00,STA2102-04-00 QRM2004-01-00,ME ME,18.0,월금,2,0,0,5,1+3+1
512,26.14,MR,YCA1006-01-00,UIC1561-01-00 ASP2022-01-00 UIC2151-12-00 UIC1806-01-00,STA2102-04-00 QRM2004-01-00,ME ME,18.0,월금,2,0,0,5,1+3+1
513,26.14,MR,YCA1006-01-00,UIC1561-01-00 ASP2022-01-00 UIC2151-12-00 UIC1806-01-00,STA2102-04-00 QRM2004-01-00,ME ME,18.0,월금,2,0,0,5,1+3+1
514,25.982,Lang,-,QRM1001-01-00 UIC1561-01-00 ASP2022-01-00 UIC2151-12-00,QRM2004-01-00 STA2102-05-00,ME ME,18.0,월금,1,0,0,4+5+4,2
515,25.925,Lang,YCA1006-02-00,QRM1001-01-00 UIC1561-01-00 UIC1551-01-00 UIC2151-04-00,QRM2004-01-00 STA2102-05-00,ME ME,18.0,금,0,2,1,6+5,1+1
516,25.925,Lang,YCA1006-02-00,QRM1001-01-00 UIC1561-01-00 UIC1551-01-00 UIC2151-10-00,QRM2004-01-00 STA2102-05-00,ME ME,18.0,금,0,2,1,6+5,1+1
517,25.807,Lang,YCA1006-01-00,QRM1001-01-00 UIC1561-01-00 UIC1551-01-00 UIC2151-12-00,QRM2004-01-00 QRM2001-01-00,ME ME,18.0,월금,2,1,1,4+5,1+3+1
518,25.765,MR,YCA1006-02-00,UIC1561-01-00 UIC1551-01-00 UIC2151-12-00 UIC1805-02-00,STA2102-04-00 YCK1998-03-00,ME FREE,18.0,월금,1,0,1,,1+3+1
519,25.765,MR,YCA1006-02-00,UIC1561-01-00 UIC1551-01-00 UIC2151-12-00 UIC1805-02-00,STA2102-04-00 YCK1998-03-00,ME FREE,18.0,월금,1,0,1,,1+3+1
520,25.696,Lang,-,QRM1001-01-00 UIC1561-01-00 UIC1401-03-00 UIC2151-12-00,STA2102-05-00 QRM3001-01-00,ME ME,18.0,월화,1,0,0,4,1
521,25.64,MR,YCA1006-02-00,UIC1561-01-00 UIC1501-04-00 UIC2151-12-00 UIC1805-02-00,ECO1101-06-00 STA2102-05-00,ECO1101 ME,18.0,월금,2,0,2,6,1+1+2+2
522,25.64,MR,YCA1006-01-00,UIC1561-01-00 UIC1251-02-00 UIC2151-12-00 UIC1806-01-00,ECO1101-06-00 STA2102-05-00,ECO1101 ME,18.0,월금,2,0,2,6,1+2+2+1
523,25.64,MR,YCA1006-02-00,UIC1561-01-00 UIC1501-04-00 UIC2151-12-00 UIC1806-02-00,ECO1101-06-00 STA2102-05-00,ECO1101 ME,18.0,월금,2,0,2,6,1+2+2+1
524,25.64,MR,YCA1006-02-00,UIC1561-01-00 UIC1251-02-00 UIC2151-12-00 UIC1805-01-00,ECO1101-06-00 STA2102-05-00,ECO1101 ME,18.0,월금,2,0,2,6,1+2+2+1
525,25.64,MR,YCA1006-02-00,UIC1561-01-00 UIC1251-02-00 UIC2151-12-00 UIC1806-01-00,ECO1101-06-00 STA2102-05-00,ECO1101 ME,18.0,월금,2,0,2,6,1+2+2+1
526,25.64,MR,YCA1006-01-00,UIC1561-01-00 UIC1501-04-00 UIC2151-12-00 UIC1806-02-00,ECO1101-06-00 STA2102-05-00,ECO1101 ME,18.0,월금,2,0,2,6,1+2+2+1
527,25.64,MR,YCA1006-02-00,UIC1561-01-00 UIC1501-04-00 UIC2151-12-00 UIC1805-02-00,ECO1101-06-00 STA2102-05-00,ECO1101 ME,18.0,월금,2,0,2,6,1+1+2+2
528,25.64,MR,YCA1006-01-00,UIC1561-01-00 UIC1251-02-00 UIC2151-12-00 UIC1805-01-00,ECO1101-06-00 STA2102-05-00,ECO1101 ME,18.0,월금,2,0,2,6,1+2+2+1
529,25.64,MR,YCA1006-01-00,UIC1561-01-00 UIC1251-02-00 UIC2151-12-00 UIC1806-01-00,ECO1101-06-00 STA2102-05-00,ECO1101 ME,18.0,월금,2,0,2,6,1+2+2+1
530,25.64,MR,YCA1006-02-00,UIC1561-01-00 UIC1401-02-00 UIC2151-12-00 UIC1805-01-00,ECO1101-06-00 STA2102-05-00,ECO1101 ME,18.0,월금,2,0,2,6,1+1+2+2
531,25.64,MR,YCA1006-02-00,UIC1561-01-00 UIC1251-02-00 UIC2151-12-00 UIC1806-01-00,ECO1101-06-00 STA2102-05-00,ECO1101 ME,18.0,월금,2,0,2,6,1+2+2+1
532,25.64,MR,YCA1006-01-00,UIC1561-01-00 UIC1251-02-00 UIC2151-12-00 UIC1805-01-00,ECO1101-06-00 STA2102-05-00,ECO1101 ME,18.0,월금,2,0,2,6,1+2+2+1
533,25.64,MR,YCA1006-02-00,UIC1561-01-00 UIC1501-04-00 UIC2151-12-00 UIC1806-02-00,ECO1101-06-00 STA2102-05-00,ECO1101 ME,18.0,월금,2,0,2,6,1+2+2+1
534,25.64,MR,YCA1006-01-00,UIC1561-01-00 UIC1501-04-00 UIC2151-12-00 UIC1806-02-00,ECO1101-06-00 STA2102-05-00,ECO1101 ME,18.0,월금,2,0,2,6,1+2+2+1
535,25.64,MR,YCA1006-02-00,UIC1561-01-00 UIC1251-02-00 UIC2151-12-00 UIC1805-01-00,ECO1101-06-00 STA2102-05-00,ECO1101 ME,18.0,월금,2,0,2,6,1+2+2+1
536,25.64,MR,YCA1006-02-00,UIC1561-01-00 UIC1401-02-00 UIC2151-12-00 UIC1805-01-00,ECO1101-06-00 STA2102-05-00,ECO1101 ME,18.0,월금,2,0,2,6,1+1+2+2
537,25.64,MR,YCA1006-02-00,UIC1561-01-00 UIC1401-02-00 UIC2151-12-00 UIC1806-01-00,ECO1101-06-00 STA2102-05-00,ECO1101 ME,18.0,월금,2,0,2,6,1+1+2+2
538,25.64,MR,YCA1006-02-00,UIC1561-01-00 UIC1401-02-00 UIC2151-12-00 UIC1806-01-00,ECO1101-06-00 STA2102-05-00,ECO1101 ME,18.0,월금,2,0,2,6,1+1+2+2
539,25.59,MR,YCA1006-02-00,UIC1561-01-00 UIC1551-01-00 UIC2151-12-00 UIC1805-01-00,ECO1104-06-00 ECO1101-06-00,ME ECO1101,18.0,월금,2,0,3,4,1+2+3+2+1+1
540,25.59,MR,YCA1006-01-00,UIC1561-01-00 UIC1551-01-00 UIC2151-12-00 UIC1805-01-00,ECO1104-06-00 ECO1101-06-00,ME ECO1101,18.0,월금,2,0,3,4,1+2+3+2+1+1
541,25.59,MR,YCA1006-01-00,UIC1561-01-00 UIC1551-01-00 UIC2151-12-00 UIC1806-01-00,ECO1104-06-00 ECO1101-06-00,ME ECO1101,18.0,월금,2,0,3,4,1+2+3+2+1+1
542,25.59,LHP,YCA1006-01-00,QRM1001-01-00 UIC1561-01-00 UIC2151-14-00 UIC1805-01-00,ECO1101-06-00 STA2102-05-00,ECO1101 ME,18.0,월금,1,1,3,6+5,4+2
543,25.59,MR,YCA1006-02-00,UIC1561-01-00 UIC1551-01-00 UIC2151-12-00 UIC1806-01-00,ECO1104-06-00 ECO1101-06-00,ME ECO1101,18.0,월금,2,0,3,4,1+2+3+2+1+1
544,25.59,Lang,YCA1006-01-00,QRM1001-01-00 UIC1561-01-00 UIC1501-04-00 UIC2151-14-00,ECO1101-06-00 STA2102-05-00,ECO1101 ME,18.0,월금,1,1,3,6+5,4+2
545,25.59,MR,YCA1006-02-00,UIC1561-01-00 UIC1551-01-00 UIC2151-12-00 UIC1805-01-00,ECO1104-06-00 ECO1101-06-00,ME ECO1101,18.0,월금,2,0,3,4,1+2+3+2+1+1
546,25.59,LHP,YCA1006-01-00,QRM1001-01-00 UIC1561-01-00 UIC2151-14-00 UIC1805-01-00,ECO1101-06-00 STA2102-05-00,ECO1101 ME,18.0,월금,1,1,3,6+5,4+2
547,25.59,MR,YCA1006-01-00,UIC1561-01-00 UIC1551-01-00 UIC2151-12-00 UIC1805-01-00,ECO1104-06-00 ECO1101-06-00,ME ECO1101,18.0,월금,2,0,3,4,1+2+3+2+1+1
548,25.59,MR,YCA1006-02-00,UIC1561-01-00 UIC1551-01-00 UIC2151-12-00 UIC1806-01-00,ECO1104-06-00 ECO1101-06-00,ME ECO1101,18.0,월금,2,0,3,4,1+2+3+2+1+1
549,25.59,LHP,YCA1006-01-00,QRM1001-01-00 UIC1561-01-00 UIC2151-14-00 UIC1806-01-00,ECO1101-06-00 STA2102-05-00,ECO1101 ME,18.0,월금,1,1,3,6+5,4+2
550,25.59,LHP,YCA1006-01-00,QRM1001-01-00 UIC1561-01-00 UIC2151-14-00 UIC1806-01-00,ECO1101-06-00 STA2102-05-00,ECO1101 ME,18.0,월금,1,1,3,6+5,4+2
551,25.59,MR,YCA1006-01-00,UIC1561-01-00 UIC1551-01-00 UIC2151-12-00 UIC1806-01-00,ECO1104-06-00 ECO1101-06-00,ME ECO1101,18.0,월금,2,0,3,4,1+2+3+2+1+1
552,25.557,Lang,YCA1006-02-00,QRM1001-01-00 UIC1561-01-00 UIC1551-01-00 UIC2151-12-00,STA2102-05-00 YCI1901-01-00,ME FREE,18.0,월금,1,0,2,4,3+2+1
553,25.458,Lang,YCA1006-01-00,QRM1001-01-00 UIC1561-01-00 UIC1501-02-00 UIC2151-14-00,ECO1101-06-00 QRM2004-01-00,ECO1101 ME,18.0,금,0,0,3,4+6,2+1+2+2
554,25.458,Lang,YCA1006-01-00,QRM1001-01-00 UIC1561-01-00 UIC1551-03-00 UIC2151-14-00,ECO1101-06-00 QRM2004-01-00,ECO1101 ME,18.0,금,0,0,3,4+6,2+1+2+2
555,25.19,MR,YCA1006-02-00,UIC1561-01-00 ASP2022-01-00 UIC2151-06-00 UIC1805-02-00,ECO1101-06-00 STA2102-05-00,ECO1101 ME,18.0,월금,0,1,2,6+6+4,2
556,25.19,MR,YCA1006-02-00,UIC1561-01-00 ASP2022-01-00 UIC2151-09-00 UIC1806-02-00,ECO1101-06-00 STA2102-05-00,ECO1101 ME,18.0,월금,0,1,2,6+6+4,2
557,25.19,MR,YCA1006-02-00,UIC1561-01-00 ASP2022-01-00 UIC2151-08-00 UIC1806-02-00,ECO1101-06-00 STA2102-05-00,ECO1101 ME,18.0,월금,0,1,2,6+6+4,2
558,25.19,MR,YCA1006-02-00,UIC1561-01-00 ASP2022-01-00 UIC2151-09-00 UIC1806-02-00,ECO1101-06-00 STA2102-05-00,ECO1101 ME,18.0,월금,0,1,2,6+6+4,2
559,25.19,MR,YCA1006-02-00,UIC1561-01-00 ASP2022-01-00 UIC2151-08-00 UIC1806-02-00,ECO1101-06-00 STA2102-05-00,ECO1101 ME,18.0,월금,0,1,2,6+6+4,2
560,25.19,MR,YCA1006-02-00,UIC1561-01-00 ASP2022-01-00 UIC2151-06-00 UIC1805-02-00,ECO1101-06-00 STA2102-05-00,ECO1101 ME,18.0,월금,0,1,2,6+6+4,2
561,25.19,MR,YCA1006-02-00,UIC1561-01-00 ASP2022-01-00 UIC2151-07-00 UIC1805-02-00,ECO1101-06-00 STA2102-05-00,ECO1101 ME,18.0,월금,0,1,2,6+6+4,2
562,25.19,MR,YCA1006-02-00,UIC1561-01-00 ASP2022-01-00 UIC2151-07-00 UIC1805-02-00,ECO1101-06-00 STA2102-05-00,ECO1101 ME,18.0,월금,0,1,2,6+6+4,2
563,25.115,MR,YCA1006-02-00,UIC1561-01-00 ASP2022-01-00 UIC2151-12-00 UIC1805-02-00,ECO1104-06-00 STA2102-05-00,ME ME,18.0,월금,1,1,0,4+6+4,2
564,25.115,MR,YCA1006-02-00,UIC1561-01-00 ASP2022-01-00 UIC2151-12-00 UIC1805-02-00,ECO1104-06-00 STA2102-05-00,ME ME,18.0,월금,1,1,0,4+6+4,2
565,25.032,SciRD,YCA1006-02-00,QRM1001-01-00 UIC1561-01-00 UIC1551-04-00 UIC1805-01-00,QRM2004-01-00 STA2102-05-00,ME ME,18.0,월금,1,2,1,4+4+6,1+1
566,25.032,SciRD,YCA1006-02-00,QRM1001-01-00 UIC1561-01-00 UIC1551-04-00 UIC1805-01-00,QRM2004-01-00 STA2102-05-00,ME ME,18.0,월금,1,2,1,4+4+6,1+1
567,25.032,SciRD,YCA1006-02-00,QRM1001-01-00 UIC1561-01-00 UIC1551-04-00 UIC1806-01-00,QRM2004-01-00 STA2102-05-00,ME ME,18.0,월금,1,2,1,4+4+6,1+1
568,25.032,SciRD,YCA1006-02-00,QRM1001-01-00 UIC1561-01-00 UIC1551-04-00 UIC1806-01-00,QRM2004-01-00 STA2102-05-00,ME ME,18.0,월금,1,2,1,4+4+6,1+1
569,25.032,Lang,YCA1006-02-00,QRM1001-01-00 UIC1561-01-00 UIC1551-04-00 UIC2151-05-00,QRM2004-01-00 STA2102-05-00,ME ME,18.0,월금,1,2,1,4+4+6,1+1
570,24.965,SciRD,YCA1006-01-00,QRM1001-01-00 UIC1561-01-00 UIC1551-01-00 UIC1806-01-00,ECO1101-06-00 STA2102-05-00,ECO1101 ME,18.0,월금,1,1,3,6+5,4+2+1
571,24.965,SciRD,YCA1006-01-00,QRM1001-01-00 UIC1561-01-00 UIC1551-01-00 UIC1805-01-00,ECO1101-06-00 STA2102-05-00,ECO1101 ME,18.0,월금,1,1,3,6+5,4+2+1
572,24.965,SciRD,YCA1006-01-00,QRM1001-01-00 UIC1561-01-00 UIC1551-01-00 UIC1805-01-00,ECO1101-06-00 STA2102-05-00,ECO1101 ME,18.0,월금,1,1,3,6+5,4+2+1
573,24.965,SciRD,YCA1006-01-00,QRM1001-01-00 UIC1561-01-00 UIC1551-01-00 UIC1806-01-00,ECO1101-06-00 STA2102-05-00,ECO1101 ME,18.0,월금,1,1,3,6+5,4+2+1
574,24.965,Lang,YCA1006-01-00,QRM1001-01-00 UIC1561-01-00 UIC1551-01-00 UIC2151-05-00,ECO1101-06-00 STA2102-05-00,ECO1101 ME,18.0,월금,1,1,3,6+5,4+2+1
575,24.915,MR,YCA1006-02-00,UIC1561-01-00 UIC1551-01-00 UIC2151-09-00 UIC1806-01-00,ECO1101-06-00 STA2102-04-00,ECO1101 ME,18.0,월금,1,1,3,4+5,1+1+2+1
576,24.915,MR,YCA1006-02-00,UIC1561-01-00 UIC1551-01-00 UIC2151-09-00 UIC1805-01-00,ECO1101-06-00 STA2102-04-00,ECO1101 ME,18.0,월금,1,1,3,4+5,1+1+2+1
577,24.915,MR,YCA1006-02-00,UIC1561-01-00 UIC1551-01-00 UIC2151-05-00 UIC1805-02-00,ECO1101-06-00 STA2102-04-00,ECO1101 ME,18.0,월금,1,1,3,4+5,1+1+2+1
578,24.915,MR,YCA1006-02-00,UIC1561-01-00 UIC1551-01-00 UIC2151-08-00 UIC1805-01-00,ECO1101-06-00 STA2102-04-00,ECO1101 ME,18.0,월금,1,1,3,4+5,1+1+2+1
579,24.915,MR,YCA1006-02-00,UIC1561-01-00 UIC1551-01-00 UIC2151-08-00 UIC1806-01-00,ECO1101-06-00 STA2102-04-00,ECO1101 ME,18.0,월금,1,1,3,4+5,1+1+2+1
580,24.915,MR,YCA1006-02-00,UIC1561-01-00 UIC1551-01-00 UIC2151-05-00 UIC1805-02-00,ECO1101-06-00 STA2102-04-00,ECO1101 ME,18.0,월금,1,1,3,4+5,1+1+2+1
581,24.915,MR,YCA1006-02-00,UIC1561-01-00 UIC1551-01-00 UIC2151-09-00 UIC1806-01-00,ECO1101-06-00 STA2102-04-00,ECO1101 ME,18.0,월금,1,1,3,4+5,1+1+2+1
582,24.915,MR,YCA1006-02-00,UIC1561-01-00 UIC1551-01-00 UIC2151-08-00 UIC1805-01-00,ECO1101-06-00 STA2102-04-00,ECO1101 ME,18.0,월금,1,1,3,4+5,1+1+2+1
583,24.915,MR,YCA1006-02-00,UIC1561-01-00 UIC1551-01-00 UIC2151-08-00 UIC1806-01-00,ECO1101-06-00 STA2102-04-00,ECO1101 ME,18.0,월금,1,1,3,4+5,1+1+2+1
584,24.915,MR,YCA1006-02-00,UIC1561-01-00 UIC1551-01-00 UIC2151-09-00 UIC1805-01-00,ECO1101-06-00 STA2102-04-00,ECO1101 ME,18.0,월금,1,1,3,4+5,1+1+2+1
585,24.84,MR,YCA1006-01-00,UIC1561-01-00 UIC1551-04-00 UIC2151-12-00 UIC1805-02-00,ECO1101-06-00 STA2102-04-00,ECO1101 ME,18.0,월금,1,0,3,4+4,2+1+3+2
586,24.84,MR,YCA1006-01-00,UIC1561-01-00 UIC1551-04-00 UIC2151-12-00 UIC1805-02-00,ECO1101-06-00 STA2102-04-00,ECO1101 ME,18.0,월금,1,0,3,4+4,2+1+3+2
587,24.765,Lang,YCA1006-02-00,QRM1001-01-00 UIC1561-01-00 ASP2022-01-00 UIC2151-12-00,ECO1101-06-00 QRM2004-01-00,ECO1101 ME,18.0,월금,1,1,2,4+6+4,3+2
588,24.74,MR,YCA1006-01-00,UIC1561-01-00 UIC1551-04-00 UIC2151-12-00 UIC1805-02-00,ECO1104-06-00 QRM2001-01-00,ME ME,18.0,월금,2,1,1,6,1+1+3
589,24.74,MR,YCA1006-01-00,UIC1561-01-00 UIC1551-04-00 UIC2151-12-00 UIC1805-02-00,ECO1104-06-00 QRM2001-01-00,ME ME,18.0,월금,2,1,1,6,1+1+3
590,24.699,WCiv,YCA1006-01-00,QRM1001-01-00 UIC1551-01-00 UIC2151-13-00 UIC1806-01-00,ECO1101-06-00 STA2102-05-00,ECO1101 ME,18.0,월금,1,1,3,5+5,2+4+1
591,24.699,WCiv,YCA1006-01-00,QRM1001-01-00 UIC1551-01-00 UIC2151-13-00 UIC1805-01-00,ECO1101-06-00 STA2102-05-00,ECO1101 ME,18.0,월금,1,1,3,5+5,2+4+1
592,24.699,WCiv,YCA1006-01-00,QRM1001-01-00 UIC1551-01-00 UIC2151-13-00 UIC1806-01-00,ECO1101-06-00 STA2102-05-00,ECO1101 ME,18.0,월금,1,1,3,5+5,2+4+1
593,24.699,WCiv,YCA1006-01-00,QRM1001-01-00 UIC1551-01-00 UIC2151-13-00 UIC1805-01-00,ECO1101-06-00 STA2102-05-00,ECO1101 ME,18.0,월금,1,1,3,5+5,2+4+1
594,24.682,Lang,YCA1006-01-00,QRM1001-01-00 UIC1561-01-00 UIC1551-01-00 UIC2151-12-00,STA2102-05-00 YCE1253-01-00,ME FREE,18.0,월금,1,0,1,4,2+2+1
595,24.682,Lang,YCA1006-01-00,QRM1001-01-00 UIC1561-01-00 UIC1551-01-00 UIC2151-12-00,STA2102-05-00 MAT1011-02-00,ME FREE,18.0,월금,1,0,1,4,2+2+1
596,24.64,-,YCA1006-02-00,QRM1001-01-00 UIC1561-01-00 UIC1551-01-00 UIC2151-12-00 UIC1806-01-00,STA2102-05-00,ME,18.0,월금,2,1,1,4+5,1+3+2+1
597,24.64,-,YCA1006-02-00,QRM1001-01-00 UIC1561-01-00 UIC1551-01-00 UIC2151-12-00 UIC1806-01-00,STA2102-05-00,ME,18.0,월금,2,1,1,4+5,1+3+2+1
598,24.64,-,YCA1006-02-00,QRM1001-01-00 UIC1561-01-00 UIC1551-01-00 UIC2151-12-00 UIC1805-01-00,STA2102-05-00,ME,18.0,월금,2,1,1,4+5,1+3+2+1
599,24.64,-,YCA1006-02-00,QRM1001-01-00 UIC1561-01-00 UIC1551-01-00 UIC2151-12-00 UIC1805-01-00,STA2102-05-00,ME,18.0,월금,2,1,1,4+5,1+3+2+1
600,24.625,Lang,YCA1006-02-00,QRM1001-01-00 UIC1561-01-00 UIC1501-01-00 UIC2151-14-00,ECO1101-06-00 STA2102-05-00,ECO1101 ME,18.0,월,0,0,3,6,3+2+2
601,24.625,Lang,YCA1006-02-00,QRM1001-01-00 UIC1561-01-00 UIC1351-02-00 UIC2151-14-00,ECO1101-06-00 STA2102-05-00,ECO1101 ME,18.0,월,0,0,3,6,3+2+2
602,24.592,Lang,YCA1006-01-00,QRM1001-01-00 UIC1561-01-00 UIC1401-03-00 UIC2151-12-00,QRM2004-01-00 STA2102-05-00,ME ME,18.0,월,1,0,0,4,1+1
603,24.54,Lang,YCA1006-02-00,QRM1001-01-00 UIC1561-01-00 UIC1551-01-00 UIC2151-12-00,ECO1101-06-00 YCE1253-01-00,ECO1101 FREE,18.0,월금,1,0,3,4,1+3+2+1
604,24.525,Lang,YCA1006-01-00,QRM1001-01-00 UIC1561-01-00 UIC1551-03-00 UIC2151-14-00,QRM2004-01-00 STA2102-05-00,ME ME,18.0,금,0,1,1,6+6,1+1
605,24.525,Lang,YCA1006-01-00,QRM1001-01-00 UIC1561-01-00 UIC1501-02-00 UIC2151-14-00,QRM2004-01-00 STA2102-05-00,ME ME,18.0,금,0,1,1,6+6,1+1
606,24.432,Lang,YCA1006-01-00,QRM1001-01-00 UIC1561-01-00 UIC1551-01-00 UIC2151-12-00,QRM2004-01-00 BIZ1101-09-00,ME FREE,18.0,월금,1,0,1,4,1+1+1
607,24.432,Lang,YCA1006-01-00,QRM1001-01-00 UIC1561-01-00 UIC1551-04-00 UIC2151-12-00,QRM2004-01-00 BIZ1101-09-00,ME FREE,18.0,월금,1,0,1,4,1+1+1
608,24.39,MR,YCA1006-01-00,UIC1561-01-00 UIC1401-02-00 UIC2151-12-00 UIC1805-01-00,ECO1101-06-00 STA2102-05-00,ECO1101 ME,18.0,월금,2,0,2,6,2+2+2
609,24.39,MR,YCA1006-01-00,UIC1561-01-00 UIC1401-02-00 UIC2151-12-00 UIC1806-01-00,ECO1101-06-00 STA2102-05-00,ECO1101 ME,18.0,월금,2,0,2,6,2+2+2
610,24.39,MR,YCA1006-01-00,UIC1561-01-00 UIC1501-04-00 UIC2151-12-00 UIC1805-02-00,ECO1101-06-00 STA2102-05-00,ECO1101 ME,18.0,월금,2,0,2,6,2+2+2
611,24.39,MR,YCA1006-01-00,UIC1561-01-00 UIC1401-02-00 UIC2151-12-00 UIC1805-01-00,ECO1101-06-00 STA2102-05-00,ECO1101 ME,18.0,월금,2,0,2,6,2+2+2
612,24.39,MR,YCA1006-01-00,UIC1561-01-00 UIC1501-04-00 UIC2151-12-00 UIC1805-02-00,ECO1101-06-00 STA2102-05-00,ECO1101 ME,18.0,월금,2,0,2,6,2+2+2
613,24.39,MR,YCA1006-01-00,UIC1561-01-00 UIC1401-02-00 UIC2151-12-00 UIC1806-01-00,ECO1101-06-00 STA2102-05-00,ECO1101 ME,18.0,월금,2,0,2,6,2+2+2
614,24.265,Lang,YCA1006-01-00,QRM1001-01-00 UIC1561-01-00 UIC1551-04-00 UIC2151-12-00,ECO1101-06-00 STA2102-05-00,ECO1101 ME,18.0,월금,1,0,3,6+4,5+2+2
615,24.19,WCiv,YCA1006-01-00,QRM1001-01-00 ASP2022-01-00 UIC2151-13-00 UIC1806-01-00,QRM2004-01-00 STA2102-05-00,ME ME,18.0,월금,1,1,1,5+4+6,1
616,24.19,MR,YCA1006-01-00,UIC1561-01-00 UIC1501-04-00 UIC2151-14-00 UIC1805-02-00,ECO1104-06-00 STA2102-05-00,ME ME,18.0,월금,1,1,1,4+6+5,1
617,24.19,WCiv,YCA1006-01-00,QRM1001-01-00 ASP2022-01-00 UIC2151-13-00 UIC1805-01-00,QRM2004-01-00 STA2102-05-00,ME ME,18.0,월금,1,1,1,5+4+6,1
618,24.19,MR,YCA1006-01-00,UIC1561-01-00 UIC1401-02-00 UIC2151-14-00 UIC1805-01-00,ECO1104-06-00 STA2102-05-00,ME ME,18.0,월금,1,1,1,4+6+5,1
619,24.19,MR,YCA1006-01-00,UIC1561-01-00 UIC1401-02-00 UIC2151-14-00 UIC1806-01-00,ECO1104-06-00 STA2102-05-00,ME ME,18.0,월금,1,1,1,4+6+5,1
620,24.19,WCiv,YCA1006-01-00,QRM1001-01-00 ASP2022-01-00 UIC2151-13-00 UIC1806-01-00,QRM2004-01-00 STA2102-05-00,ME ME,18.0,월금,1,1,1,5+4+6,1
621,24.19,MR,YCA1006-01-00,UIC1561-01-00 UIC1401-02-00 UIC2151-14-00 UIC1805-01-00,ECO1104-06-00 STA2102-05-00,ME ME,18.0,월금,1,1,1,4+6+5,1
622,24.19,MR,YCA1006-01-00,UIC1561-01-00 UIC1401-02-00 UIC2151-14-00 UIC1806-01-00,ECO1104-06-00 STA2102-05-00,ME ME,18.0,월금,1,1,1,4+6+5,1
623,24.19,WCiv,YCA1006-01-00,QRM1001-01-00 ASP2022-01-00 UIC2151-13-00 UIC1805-01-00,QRM2004-01-00 STA2102-05-00,ME ME,18.0,월금,1,1,1,5+4+6,1
624,24.19,MR,YCA1006-01-00,UIC1561-01-00 UIC1501-04-00 UIC2151-14-00 UIC1805-02-00,ECO1104-06-00 STA2102-05-00,ME ME,18.0,월금,1,1,1,4+6+5,1
625,24.09,LHP,YCA1006-01-00,QRM1001-01-00 UIC1561-01-00 UIC2151-12-00 UIC1805-01-00,ECO1101-06-00 STA2102-05-00,ECO1101 ME,18.0,월금,2,1,2,6+5,2+2
626,24.09,Lang,YCA1006-01-00,QRM1001-01-00 UIC1561-01-00 UIC1501-04-00 UIC2151-12-00,ECO1101-06-00 STA2102-05-00,ECO1101 ME,18.0,월금,2,1,2,6+5,2+2
627,24.09,LHP,YCA1006-01-00,QRM1001-01-00 UIC1561-01-00 UIC2151-12-00 UIC1805-01-00,ECO1101-06-00 STA2102-05-00,ECO1101 ME,18.0,월금,2,1,2,6+5,2+2
628,24.09,LHP,YCA1006-01-00,QRM1001-01-00 UIC1561-01-00 UIC2151-12-00 UIC1806-01-00,ECO1101-06-00 STA2102-05-00,ECO1101 ME,18.0,월금,2,1,2,6+5,2+2
629,24.09,LHP,YCA1006-01-00,QRM1001-01-00 UIC1561-01-00 UIC2151-12-00 UIC1806-01-00,ECO1101-06-00 STA2102-05-00,ECO1101 ME,18.0,월금,2,1,2,6+5,2+2
630,24.057,Lang,YCA1006-01-00,QRM1001-01-00 UIC1561-01-00 UIC1551-01-00 UIC2151-12-00,STA2102-05-00 YCH1605-01-00,ME FREE,18.0,월금,1,0,1,4,1+2+2+1
631,24.015,WCiv,YCA1006-02-00,QRM1001-01-00 UIC1551-01-00 UIC2151-12-00 UIC1806-01-00,ECO1101-05-00 STA2102-05-00,ECO1101 ME,18.0,월금,2,1,1,4+5,1+3+2+1+1
632,24.015,WCiv,YCA1006-02-00,QRM1001-01-00 UIC1551-01-00 UIC2151-12-00 UIC1805-01-00,ECO1101-05-00 STA2102-05-00,ECO1101 ME,18.0,월금,2,1,1,4+5,1+3+2+1+1
633,24.015,WCiv,YCA1006-02-00,QRM1001-01-00 UIC1551-01-00 UIC2151-12-00 UIC1805-01-00,ECO1101-05-00 STA2102-05-00,ECO1101 ME,18.0,월금,2,1,1,4+5,1+3+2+1+1
634,24.015,WCiv,YCA1006-02-00,QRM1001-01-00 UIC1551-01-00 UIC2151-12-00 UIC1806-01-00,ECO1101-05-00 STA2102-05-00,ECO1101 ME,18.0,월금,2,1,1,4+5,1+3+2+1+1
635,24.0,Lang,YCA1006-02-00,QRM1001-01-00 UIC1561-01-00 UIC1551-01-00 UIC1751-01-00,ECO1101-06-00 STA2102-05-00,ECO1101 ME,18.0,월,0,0,3,6,3+2+2+1
636,23.965,MR,YCA1006-01-00,UIC1561-01-00 UIC1401-02-00 UIC2151-06-00 UIC1805-01-00,ECO1101-06-00 STA2102-05-00,ECO1101 ME,18.0,월금,1,1,2,6+5,1+2
637,23.965,MR,YCA1006-01-00,UIC1561-01-00 UIC1251-02-00 UIC2151-08-00 UIC1805-01-00,ECO1101-06-00 STA2102-05-00,ECO1101 ME,18.0,월금,1,1,2,6+5,1+2
638,23.965,MR,YCA1006-01-00,UIC1561-01-00 UIC1251-02-00 UIC2151-08-00 UIC1806-01-00,ECO1101-06-00 STA2102-05-00,ECO1101 ME,18.0,월금,1,1,2,6+5,1+2
639,23.965,MR,YCA1006-01-00,UIC1561-01-00 UIC1501-04-00 UIC2151-06-00 UIC1805-02-00,ECO1101-06-00 STA2102-05-00,ECO1101 ME,18.0,월금,1,1,2,6+5,1+2
640,23.965,SciRD,YCA1006-01-00,QRM1001-01-00 UIC1561-01-00 ASP2022-01-00 UIC1805-01-00,ECO1101-06-00 QRM2004-01-00,ECO1101 ME,18.0,월금,1,1,2,4+5+6,1+2
641,23.965,MR,YCA1006-01-00,UIC1561-01-00 UIC1251-02-00 UIC2151-08-00 UIC1806-01-00,ECO1101-06-00 STA2102-05-00,ECO1101 ME,18.0,월금,1,1,2,6+5,1+2
642,23.965,MR,YCA1006-01-00,UIC1561-01-00 UIC1401-02-00 UIC2151-06-00 UIC1806-01-00,ECO1101-06-00 STA2102-05-00,ECO1101 ME,18.0,월금,1,1,2,6+5,1+2
643,23.965,MR,YCA1006-01-00,UIC1561-01-00 UIC1501-04-00 UIC2151-07-00 UIC1805-02-00,ECO1101-06-00 STA2102-05-00,ECO1101 ME,18.0,월금,1,1,2,6+5,1+2
644,23.965,MR,YCA1006-01-00,UIC1561-01-00 UIC1401-02-00 UIC2151-06-00 UIC1806-01-00,ECO1101-06-00 STA2102-05-00,ECO1101 ME,18.0,월금,1,1,2,6+5,1+2
645,23.965,MR,YCA1006-01-00,UIC1561-01-00 UIC1251-02-00 UIC2151-05-00 UIC1805-02-00,ECO1101-06-00 STA2102-05-00,ECO1101 ME,18.0,월금,1,1,2,6+5,1+2
646,23.965,MR,YCA1006-01-00,UIC1561-01-00 UIC1501-04-00 UIC2151-07-00 UIC1805-02-00,ECO1101-06-00 STA2102-05-00,ECO1101 ME,18.0,월금,1,1,2,6+5,1+2
647,23.965,MR,YCA1006-01-00,UIC1561-01-00 UIC1251-02-00 UIC2151-09-00 UIC1805-01-00,ECO1101-06-00 STA2102-05-00,ECO1101 ME,18.0,월금,1,1,2,6+5,1+2
648,23.965,MR,YCA1006-01-00,UIC1561-01-00 UIC1251-02-00 UIC2151-09-00 UIC1806-01-00,ECO1101-06-00 STA2102-05-00,ECO1101 ME,18.0,월금,1,1,2,6+5,1+2
649,23.965,MR,YCA1006-01-00,UIC1561-01-00 UIC1501-04-00 UIC2151-08-00 UIC1806-02-00,ECO1101-06-00 STA2102-05-00,ECO1101 ME,18.0,월금,1,1,2,6+5,1+2
650,23.965,SciRD,YCA1006-01-00,QRM1001-01-00 UIC1561-01-00 ASP2022-01-00 UIC1806-01-00,ECO1101-06-00 QRM2004-01-00,ECO1101 ME,18.0,월금,1,1,2,4+5+6,1+2
651,23.965,MR,YCA1006-01-00,UIC1561-01-00 UIC1401-02-00 UIC2151-07-00 UIC1806-01-00,ECO1101-06-00 STA2102-05-00,ECO1101 ME,18.0,월금,1,1,2,6+5,1+2
652,23.965,MR,YCA1006-01-00,UIC1561-01-00 UIC1401-02-00 UIC2151-05-00 UIC1806-02-00,ECO1101-06-00 STA2102-05-00,ECO1101 ME,18.0,월금,1,1,2,6+5,1+2
653,23.965,MR,YCA1006-01-00,UIC1561-01-00 UIC1501-04-00 UIC2151-09-00 UIC1806-02-00,ECO1101-06-00 STA2102-05-00,ECO1101 ME,18.0,월금,1,1,2,6+5,1+2
654,23.965,MR,YCA1006-01-00,UIC1561-01-00 UIC1501-04-00 UIC2151-06-00 UIC1805-02-00,ECO1101-06-00 STA2102-05-00,ECO1101 ME,18.0,월금,1,1,2,6+5,1+2
655,23.965,MR,YCA1006-01-00,UIC1561-01-00 UIC1401-02-00 UIC2151-05-00 UIC1806-02-00,ECO1101-06-00 STA2102-05-00,ECO1101 ME,18.0,월금,1,1,2,6+5,1+2
656,23.965,MR,YCA1006-01-00,UIC1561-01-00 UIC1401-02-00 UIC2151-07-00 UIC1806-01-00,ECO1101-06-00 STA2102-05-00,ECO1101 ME,18.0,월금,1,1,2,6+5,1+2
657,23.965,SciRD,YCA1006-01-00,QRM1001-01-00 UIC1561-01-00 ASP2022-01-00 UIC1806-01-00,ECO1101-06-00 QRM2004-01-00,ECO1101 ME,18.0,월금,1,1,2,4+5+6,1+2
658,23.965,MR,YCA1006-01-00,UIC1561-01-00 UIC1401-02-00 UIC2151-06-00 UIC1805-01-00,ECO1101-06-00 STA2102-05-00,ECO1101 ME,18.0,월금,1,1,2,6+5,1+2
659,23.965,MR,YCA1006-01-00,UIC1561-01-00 UIC1251-02-00 UIC2151-09-00 UIC1805-01-00,ECO1101-06-00 STA2102-05-00,ECO1101 ME,18.0,월금,1,1,2,6+5,1+2
660,23.965,MR,YCA1006-01-00,UIC1561-01-00 UIC1501-04-00 UIC2151-08-00 UIC1806-02-00,ECO1101-06-00 STA2102-05-00,ECO1101 ME,18.0,월금,1,1,2,6+5,1+2
661,23.965,MR,YCA1006-01-00,UIC1561-01-00 UIC1251-02-00 UIC2151-09-00 UIC1806-01-00,ECO1101-06-00 STA2102-05-00,ECO1101 ME,18.0,월금,1,1,2,6+5,1+2
662,23.965,MR,YCA1006-01-00,UIC1561-01-00 UIC1251-02-00 UIC2151-08-00 UIC1805-01-00,ECO1101-06-00 STA2102-05-00,ECO1101 ME,18.0,월금,1,1,2,6+5,1+2
663,23.965,MR,YCA1006-01-00,UIC1561-01-00 UIC1401-02-00 UIC2151-07-00 UIC1805-01-00,ECO1101-06-00 STA2102-05-00,ECO1101 ME,18.0,월금,1,1,2,6+5,1+2
664,23.965,MR,YCA1006-01-00,UIC1561-01-00 UIC1251-02-00 UIC2151-05-00 UIC1805-02-00,ECO1101-06-00 STA2102-05-00,ECO1101 ME,18.0,월금,1,1,2,6+5,1+2
665,23.965,SciRD,YCA1006-01-00,QRM1001-01-00 UIC1561-01-00 ASP2022-01-00 UIC1805-01-00,ECO1101-06-00 QRM2004-01-00,ECO1101 ME,18.0,월금,1,1,2,4+5+6,1+2
666,23.965,Lang,YCA1006-01-00,QRM1001-01-00 UIC1561-01-00 ASP2022-01-00 UIC2151-05-00,ECO1101-06-00 QRM2004-01-00,ECO1101 ME,18.0,월금,1,1,2,4+5+6,1+2
667,23.965,MR,YCA1006-01-00,UIC1561-01-00 UIC1501-04-00 UIC2151-09-00 UIC1806-02-00,ECO1101-06-00 STA2102-05-00,ECO1101 ME,18.0,월금,1,1,2,6+5,1+2
668,23.965,MR,YCA1006-01-00,UIC1561-01-00 UIC1401-02-00 UIC2151-07-00 UIC1805-01-00,ECO1101-06-00 STA2102-05-00,ECO1101 ME,18.0,월금,1,1,2,6+5,1+2
669,23.958,MR,YCA1006-01-00,UIC1561-01-00 UIC1551-01-00 UIC2151-11-00 UIC1805-02-00,ECO1101-06-00 STA2102-04-00,ECO1101 ME,18.0,금,0,0,3,6,2+2+1
670,23.958,MR,YCA1006-01-00,UIC1561-01-00 UIC1551-01-00 UIC2151-11-00 UIC1805-02-00,ECO1101-06-00 STA2102-04-00,ECO1101 ME,18.0,금,0,0,3,6,2+2+1
671,23.94,SciRD,YCA1006-02-00,QRM1001-01-00 UIC1561-01-00 ASP2022-01-00 UIC1806-01-00,ECO1101-06-00 STA2102-05-00,ECO1101 ME,18.0,월금,1,1,2,6+6,1+3+2
672,23.94,Lang,YCA1006-02-00,QRM1001-01-00 UIC1561-01-00 ASP2022-01-00 UIC2151-05-00,ECO1101-06-00 STA2102-05-00,ECO1101 ME,18.0,월금,1,1,2,6+6,1+3+2
673,23.94,SciRD,YCA1006-02-00,QRM1001-01-00 UIC1561-01-00 ASP2022-01-00 UIC1805-01-00,ECO1101-06-00 STA2102-05-00,ECO1101 ME,18.0,월금,1,1,2,6+6,1+3+2
674,23.94,SciRD,YCA1006-02-00,QRM1001-01-00 UIC1561-01-00 ASP2022-01-00 UIC1805-01-00,ECO1101-06-00 STA2102-05-00,ECO1101 ME,18.0,월금,1,1,2,6+6,1+3+2
675,23.94,SciRD,YCA1006-02-00,QRM1001-01-00 UIC1561-01-00 ASP2022-01-00 UIC1806-01-00,ECO1101-06-00 STA2102-05-00,ECO1101 ME,18.0,월금,1,1,2,6+6,1+3+2
676,23.89,MR,YCA1006-01-00,UIC1561-01-00 UIC1401-02-00 UIC2151-12-00 UIC1806-01-00,ECO1104-06-00 STA2102-05-00,ME ME,18.0,월금,2,1,0,4+5,1+2
677,23.89,MR,YCA1006-01-00,UIC1561-01-00 UIC1401-02-00 UIC2151-12-00 UIC1806-01-00,ECO1104-06-00 STA2102-05-00,ME ME,18.0,월금,2,1,0,4+5,1+2
678,23.89,MR,YCA1006-01-00,UIC1561-01-00 UIC1501-04-00 UIC2151-12-00 UIC1805-02-00,ECO1104-06-00 STA2102-05-00,ME ME,18.0,월금,2,1,0,4+5,1+2
679,23.89,MR,YCA1006-01-00,UIC1561-01-00 UIC1401-02-00 UIC2151-12-00 UIC1805-01-00,ECO1104-06-00 STA2102-05-00,ME ME,18.0,월금,2,1,0,4+5,1+2
680,23.89,MR,YCA1006-01-00,UIC1561-01-00 UIC1501-04-00 UIC2151-12-00 UIC1805-02-00,ECO1104-06-00 STA2102-05-00,ME ME,18.0,월금,2,1,0,4+5,1+2
681,23.89,MR,YCA1006-01-00,UIC1561-01-00 UIC1401-02-00 UIC2151-12-00 UIC1805-01-00,ECO1104-06-00 STA2102-05-00,ME ME,18.0,월금,2,1,0,4+5,1+2
682,23.799,WCiv,YCA1006-01-00,QRM1001-01-00 ASP2022-01-00 UIC2151-13-00 UIC1805-01-00,ECO1101-06-00 QRM2004-01-00,ECO1101 ME,18.0,월금,1,1,2,5+4+6,1
683,23.799,WCiv,YCA1006-01-00,QRM1001-01-00 ASP2022-01-00 UIC2151-13-00 UIC1806-01-00,ECO1101-06-00 QRM2004-01-00,ECO1101 ME,18.0,월금,1,1,2,5+4+6,1
684,23.799,WCiv,YCA1006-01-00,QRM1001-01-00 ASP2022-01-00 UIC2151-13-00 UIC1806-01-00,ECO1101-06-00 QRM2004-01-00,ECO1101 ME,18.0,월금,1,1,2,5+4+6,1
685,23.799,WCiv,YCA1006-01-00,QRM1001-01-00 ASP2022-01-00 UIC2151-13-00 UIC1805-01-00,ECO1101-06-00 QRM2004-01-00,ECO1101 ME,18.0,월금,1,1,2,5+4+6,1
686,23.674,WCiv,YCA1006-02-00,QRM1001-01-00 ASP2022-01-00 UIC2151-13-00 UIC1806-01-00,ECO1101-06-00 STA2102-05-00,ECO1101 ME,18.0,월금,1,1,2,5+6,2+1+3
687,23.674,WCiv,YCA1006-02-00,QRM1001-01-00 ASP2022-01-00 UIC2151-13-00 UIC1805-01-00,ECO1101-06-00 STA2102-05-00,ECO1101 ME,18.0,월금,1,1,2,5+6,2+1+3
688,23.674,WCiv,YCA1006-02-00,QRM1001-01-00 ASP2022-01-00 UIC2151-13-00 UIC1806-01-00,ECO1101-06-00 STA2102-05-00,ECO1101 ME,18.0,월금,1,1,2,5+6,2+1+3
689,23.674,WCiv,YCA1006-02-00,QRM1001-01-00 ASP2022-01-00 UIC2151-13-00 UIC1805-01-00,ECO1101-06-00 STA2102-05-00,ECO1101 ME,18.0,월금,1,1,2,5+6,2+1+3
690,23.665,MR,YCA1006-01-00,UIC1561-01-00 UIC1551-01-00 UIC2151-09-00 UIC1806-01-00,ECO1101-06-00 STA2102-04-00,ECO1101 ME,18.0,월금,1,1,3,4+5,2+2+1
691,23.665,MR,YCA1006-01-00,UIC1561-01-00 UIC1551-01-00 UIC2151-08-00 UIC1805-01-00,ECO1101-06-00 STA2102-04-00,ECO1101 ME,18.0,월금,1,1,3,4+5,2+2+1
692,23.665,MR,YCA1006-01-00,UIC1561-01-00 UIC1551-01-00 UIC2151-09-00 UIC1806-01-00,ECO1101-06-00 STA2102-04-00,ECO1101 ME,18.0,월금,1,1,3,4+5,2+2+1
693,23.665,MR,YCA1006-01-00,UIC1561-01-00 UIC1551-01-00 UIC2151-09-00 UIC1805-01-00,ECO1101-06-00 STA2102-04-00,ECO1101 ME,18.0,월금,1,1,3,4+5,2+2+1
694,23.665,MR,YCA1006-01-00,UIC1561-01-00 UIC1551-01-00 UIC2151-08-00 UIC1806-01-00,ECO1101-06-00 STA2102-04-00,ECO1101 ME,18.0,월금,1,1,3,4+5,2+2+1
695,23.665,MR,YCA1006-01-00,UIC1561-01-00 UIC1551-01-00 UIC2151-08-00 UIC1805-01-00,ECO1101-06-00 STA2102-04-00,ECO1101 ME,18.0,월금,1,1,3,4+5,2+2+1
696,23.665,MR,YCA1006-01-00,UIC1561-01-00 UIC1551-01-00 UIC2151-09-00 UIC1805-01-00,ECO1101-06-00 STA2102-04-00,ECO1101 ME,18.0,월금,1,1,3,4+5,2+2+1
697,23.665,MR,YCA1006-01-00,UIC1561-01-00 UIC1551-01-00 UIC2151-05-00 UIC1805-02-00,ECO1101-06-00 STA2102-04-00,ECO1101 ME,18.0,월금,1,1,3,4+5,2+2+1
698,23.665,MR,YCA1006-01-00,UIC1561-01-00 UIC1551-01-00 UIC2151-08-00 UIC1806-01-00,ECO1101-06-00 STA2102-04-00,ECO1101 ME,18.0,월금,1,1,3,4+5,2+2+1
699,23.665,MR,YCA1006-01-00,UIC1561-01-00 UIC1551-01-00 UIC2151-05-00 UIC1805-02-00,ECO1101-06-00 STA2102-04-00,ECO1101 ME,18.0,월금,1,1,3,4+5,2+2+1
700,23.64,MR,YCA1006-02-00,UIC1561-01-00 ASP2022-01-00 UIC2151-09-00 UIC1806-01-00,ECO1101-06-00 STA2102-05-00,ECO1101 ME,18.0,월금,1,0,2,6+4,1+1+2+2
701,23.64,MR,YCA1006-02-00,UIC1561-01-00 ASP2022-01-00 UIC2151-08-00 UIC1806-01-00,ECO1101-06-00 STA2102-05-00,ECO1101 ME,18.0,월금,1,0,2,6+4,1+1+2+2
702,23.64,MR,YCA1006-02-00,UIC1561-01-00 ASP2022-01-00 UIC2151-08-00 UIC1806-01-00,ECO1101-06-00 STA2102-05-00,ECO1101 ME,18.0,월금,1,0,2,6+4,1+1+2+2
703,23.64,MR,YCA1006-02-00,UIC1561-01-00 ASP2022-01-00 UIC2151-08-00 UIC1805-01-00,ECO1101-06-00 STA2102-05-00,ECO1101 ME,18.0,월금,1,0,2,6+4,1+1+2+2
704,23.64,MR,YCA1006-02-00,UIC1561-01-00 ASP2022-01-00 UIC2151-09-00 UIC1806-01-00,ECO1101-06-00 STA2102-05-00,ECO1101 ME,18.0,월금,1,0,2,6+4,1+1+2+2
705,23.64,MR,YCA1006-02-00,UIC1561-01-00 ASP2022-01-00 UIC2151-08-00 UIC1805-01-00,ECO1101-06-00 STA2102-05-00,ECO1101 ME,18.0,월금,1,0,2,6+4,1+1+2+2
706,23.64,MR,YCA1006-02-00,UIC1561-01-00 ASP2022-01-00 UIC2151-09-00 UIC1805-01-00,ECO1101-06-00 STA2102-05-00,ECO1101 ME,18.0,월금,1,0,2,6+4,1+1+2+2
707,23.64,MR,YCA1006-02-00,UIC1561-01-00 ASP2022-01-00 UIC2151-09-00 UIC1805-01-00,ECO1101-06-00 STA2102-05-00,ECO1101 ME,18.0,월금,1,0,2,6+4,1+1+2+2
708,23.64,MR,YCA1006-02-00,UIC1561-01-00 ASP2022-01-00 UIC2151-05-00 UIC1805-02-00,ECO1101-06-00 STA2102-05-00,ECO1101 ME,18.0,월금,1,0,2,6+4,1+1+2+2
709,23.64,MR,YCA1006-02-00,UIC1561-01-00 ASP2022-01-00 UIC2151-05-00 UIC1805-02-00,ECO1101-06-00 STA2102-05-00,ECO1101 ME,18.0,월금,1,0,2,6+4,1+1+2+2
710,23.633,MR,YCA1006-01-00,UIC1561-01-00 UIC1551-04-00 UIC2151-11-00 UIC1805-01-00,STA2102-04-00 QRM2004-01-00,ME ME,18.0,금,1,0,1,4,1+1+1
711,23.633,MR,YCA1006-01-00,UIC1561-01-00 UIC1551-04-00 UIC2151-11-00 UIC1806-01-00,STA2102-04-00 QRM2004-01-00,ME ME,18.0,금,1,0,1,4,1+1+1
712,23.633,MR,YCA1006-01-00,UIC1561-01-00 UIC1551-04-00 UIC2151-11-00 UIC1805-01-00,STA2102-04-00 QRM2004-01-00,ME ME,18.0,금,1,0,1,4,1+1+1
713,23.633,MR,YCA1006-01-00,UIC1561-01-00 UIC1551-04-00 UIC2151-11-00 UIC1806-01-00,STA2102-04-00 QRM2004-01-00,ME ME,18.0,금,1,0,1,4,1+1+1
714,23.592,Lang,YCA1006-02-00,QRM1001-01-00 UIC1561-01-00 UIC1401-03-00 UIC2151-14-00,QRM2002-01-00 STA2102-05-00,ME ME,18.0,월,1,0,1,4,3+1
715,23.565,MR,-,UIC1561-01-00 UIC1551-01-00 UIC2151-12-00 UIC1806-02-00,ECO1101-06-00 STA2102-05-00,ECO1101 ME,18.0,월금,1,0,3,6,2+2+2+1
716,23.565,MR,-,UIC1561-01-00 UIC1551-04-00 UIC2151-12-00 UIC1805-02-00,ECO1101-06-00 STA2102-05-00,ECO1101 ME,18.0,월금,1,0,3,6,1+2+2+2
717,23.565,MR,-,UIC1561-01-00 UIC1551-04-00 UIC2151-12-00 UIC1805-02-00,ECO1101-06-00 STA2102-05-00,ECO1101 ME,18.0,월금,1,0,3,6,1+2+2+2
718,23.565,MR,-,UIC1561-01-00 UIC1551-01-00 UIC2151-12-00 UIC1806-02-00,ECO1101-06-00 STA2102-05-00,ECO1101 ME,18.0,월금,1,0,3,6,2+2+2+1
719,23.557,Lang,YCA1006-02-00,QRM1001-01-00 UIC1561-01-00 UIC1551-04-00 UIC2151-12-00,STA2102-05-00 YCE1253-01-00,ME FREE,18.0,월금,1,0,1,4+4,1+1+2
720,23.54,LHP,YCA1006-01-00,QRM1001-01-00 UIC1561-01-00 UIC2151-12-00 UIC1806-01-00,ECO1101-06-00 QRM2004-01-00,ECO1101 ME,18.0,월금,2,1,2,4+5,1+3+2
721,23.54,Lang,YCA1006-01-00,QRM1001-01-00 UIC1561-01-00 UIC1501-04-00 UIC2151-12-00,ECO1101-06-00 QRM2004-01-00,ECO1101 ME,18.0,월금,2,1,2,4+5,1+3+2
722,23.54,LHP,YCA1006-01-00,QRM1001-01-00 UIC1561-01-00 UIC2151-12-00 UIC1806-01-00,ECO1101-06-00 QRM2004-01-00,ECO1101 ME,18.0,월금,2,1,2,4+5,1+3+2
723,23.54,LHP,YCA1006-01-00,QRM1001-01-00 UIC1561-01-00 UIC2151-12-00 UIC1805-01-00,ECO1101-06-00 QRM2004-01-00,ECO1101 ME,18.0,월금,2,1,2,4+5,1+3+2
724,23.54,LHP,YCA1006-01-00,QRM1001-01-00 UIC1561-01-00 UIC2151-12-00 UIC1805-01-00,ECO1101-06-00 QRM2004-01-00,ECO1101 ME,18.0,월금,2,1,2,4+5,1+3+2
725,23.465,Lang,YCA1006-02-00,QRM1001-01-00 UIC1561-01-00 UIC1501-04-00 UIC2151-12-00,ECO1101-06-00 STA2102-05-00,ECO1101 ME,18.0,월금,2,1,2,6+5,1+2+2
726,23.465,LHP,YCA1006-02-00,QRM1001-01-00 UIC1561-01-00 UIC2151-12-00 UIC1805-01-00,ECO1101-06-00 STA2102-05-00,ECO1101 ME,18.0,월금,2,1,2,6+5,1+2+2
727,23.465,LHP,YCA1006-02-00,QRM1001-01-00 UIC1561-01-00 UIC2151-12-00 UIC1806-01-00,ECO1101-06-00 STA2102-05-00,ECO1101 ME,18.0,월금,2,1,2,6+5,1+2+2
728,23.465,LHP,YCA1006-02-00,QRM1001-01-00 UIC1561-01-00 UIC2151-12-00 UIC1805-01-00,ECO1101-06-00 STA2102-05-00,ECO1101 ME,18.0,월금,2,1,2,6+5,1+2+2
729,23.465,LHP,YCA1006-02-00,QRM1001-01-00 UIC1561-01-00 UIC2151-12-00 UIC1806-01-00,ECO1101-06-00 STA2102-05-00,ECO1101 ME,18.0,월금,2,1,2,6+5,1+2+2
730,23.432,Lang,YCA1006-01-00,QRM1001-01-00 UIC1561-01-00 UIC1551-01-00 UIC2151-12-00,QRM2004-01-00 YCK1998-03-00,ME FREE,18.0,월금,1,0,1,4,1+3+1
731,23.432,Lang,YCA1006-01-00,QRM1001-01-00 UIC1561-01-00 UIC1551-04-00 UIC2151-12-00,QRM2004-01-00 YCK1998-03-00,ME FREE,18.0,월금,1,0,1,4,1+1+3
732,23.315,MR,YCA1006-02-00,UIC1561-01-00 UIC1551-04-00 UIC2151-12-00 UIC1805-01-00,STA2102-04-00 QRM2004-01-00,ME ME,18.0,월금,2,1,1,4,1+1+3+1
733,23.315,MR,YCA1006-02-00,UIC1561-01-00 UIC1551-04-00 UIC2151-12-00 UIC1806-01-00,STA2102-04-00 QRM2004-01-00,ME ME,18.0,월금,2,1,1,4,1+1+3+1
734,23.315,MR,YCA1006-02-00,UIC1561-01-00 UIC1551-04-00 UIC2151-12-00 UIC1805-01-00,STA2102-04-00 QRM2004-01-00,ME ME,18.0,월금,2,1,1,4,1+1+3+1
735,23.315,MR,YCA1006-02-00,UIC1561-01-00 UIC1551-04-00 UIC2151-12-00 UIC1806-01-00,STA2102-04-00 QRM2004-01-00,ME ME,18.0,월금,2,1,1,4,1+1+3+1
736,23.307,Lang,YCA1006-02-00,QRM1001-01-00 UIC1561-01-00 UIC1551-01-00 UIC2151-12-00,STA2102-05-00 QRM2001-01-00,ME ME,18.0,월금,2,1,1,4+5,1+3+2+1
737,23.257,Lang,YCA1006-02-00,QRM1001-01-00 UIC1561-01-00 UIC1551-01-00 UIC2151-12-00,QRM2004-01-00 BIZ1101-09-00,ME FREE,18.0,월금,1,1,1,5,1+1
738,23.233,Lang,YCA1006-01-00,QRM1001-01-00 UIC1561-01-00 UIC1501-03-00 UIC2151-10-00,ECO1101-06-00 QRM2004-01-00,ECO1101 ME,18.0,금,0,1,2,8,1+1+2
739,23.233,Lang,YCA1006-01-00,QRM1001-01-00 UIC1561-01-00 UIC1501-03-00 UIC2151-04-00,ECO1101-06-00 QRM2004-01-00,ECO1101 ME,18.0,금,0,1,2,8,1+1+2
740,23.233,Lang,YCA1006-01-00,QRM1001-01-00 UIC1561-01-00 UIC1501-02-00 UIC2151-11-00,ECO1101-06-00 QRM2004-01-00,ECO1101 ME,18.0,금,0,1,2,8,1+1+2
741,23.233,Lang,YCA1006-01-00,QRM1001-01-00 UIC1561-01-00 UIC1551-03-00 UIC2151-11-00,ECO1101-06-00 QRM2004-01-00,ECO1101 ME,18.0,금,0,1,2,8,1+1+2
742,23.215,MR,YCA1006-02-00,UIC1561-01-00 ASP2022-01-00 UIC2151-12-00 UIC1806-01-00,ECO1104-06-00 ECO1101-06-00,ME ECO1101,18.0,월금,2,0,2,4,1+2+3+2+1
743,23.215,MR,YCA1006-01-00,UIC1561-01-00 ASP2022-01-00 UIC2151-12-00 UIC1805-01-00,ECO1104-06-00 ECO1101-06-00,ME ECO1101,18.0,월금,2,0,2,4,1+2+3+2+1
744,23.215,MR,YCA1006-02-00,UIC1561-01-00 ASP2022-01-00 UIC2151-12-00 UIC1805-01-00,ECO1104-06-00 ECO1101-06-00,ME ECO1101,18.0,월금,2,0,2,4,1+2+3+2+1
745,23.215,MR,YCA1006-01-00,UIC1561-01-00 ASP2022-01-00 UIC2151-12-00 UIC1805-01-00,ECO1104-06-00 ECO1101-06-00,ME ECO1101,18.0,월금,2,0,2,4,1+2+3+2+1
746,23.215,MR,YCA1006-01-00,UIC1561-01-00 ASP2022-01-00 UIC2151-12-00 UIC1806-01-00,ECO1104-06-00 ECO1101-06-00,ME ECO1101,18.0,월금,2,0,2,4,1+2+3+2+1
747,23.215,MR,YCA1006-02-00,UIC1561-01-00 ASP2022-01-00 UIC2151-12-00 UIC1806-01-00,ECO1104-06-00 ECO1101-06-00,ME ECO1101,18.0,월금,2,0,2,4,1+2+3+2+1
748,23.215,MR,YCA1006-02-00,UIC1561-01-00 ASP2022-01-00 UIC2151-12-00 UIC1805-01-00,ECO1104-06-00 ECO1101-06-00,ME ECO1101,18.0,월금,2,0,2,4,1+2+3+2+1
749,23.215,MR,YCA1006-01-00,UIC1561-01-00 ASP2022-01-00 UIC2151-12-00 UIC1806-01-00,ECO1104-06-00 ECO1101-06-00,ME ECO1101,18.0,월금,2,0,2,4,1+2+3+2+1
750,23.14,MR,YCA1006-01-00,UIC1561-01-00 UIC1551-04-00 UIC2151-07-00 UIC1805-02-00,ECO1101-06-00 QRM2001-01-00,ECO1101 ME,18.0,월금,1,1,3,4+6,1+1+2
751,23.14,MR,YCA1006-01-00,UIC1561-01-00 UIC1551-04-00 UIC2151-06-00 UIC1805-02-00,ECO1101-06-00 QRM2001-01-00,ECO1101 ME,18.0,월금,1,1,3,4+6,1+1+2
752,23.14,MR,YCA1006-01-00,UIC1561-01-00 UIC1551-04-00 UIC2151-09-00 UIC1806-02-00,ECO1101-06-00 QRM2001-01-00,ECO1101 ME,18.0,월금,1,1,3,4+6,1+1+2
753,23.14,MR,YCA1006-01-00,UIC1561-01-00 UIC1551-04-00 UIC2151-09-00 UIC1806-02-00,ECO1101-06-00 QRM2001-01-00,ECO1101 ME,18.0,월금,1,1,3,4+6,1+1+2
754,23.14,MR,YCA1006-01-00,UIC1561-01-00 UIC1551-04-00 UIC2151-08-00 UIC1806-02-00,ECO1101-06-00 QRM2001-01-00,ECO1101 ME,18.0,월금,1,1,3,4+6,1+1+2
755,23.14,MR,YCA1006-01-00,UIC1561-01-00 UIC1551-04-00 UIC2151-06-00 UIC1805-02-00,ECO1101-06-00 QRM2001-01-00,ECO1101 ME,18.0,월금,1,1,3,4+6,1+1+2
756,23.14,MR,YCA1006-01-00,UIC1561-01-00 UIC1551-04-00 UIC2151-08-00 UIC1806-02-00,ECO1101-06-00 QRM2001-01-00,ECO1101 ME,18.0,월금,1,1,3,4+6,1+1+2
757,23.14,MR,YCA1006-01-00,UIC1561-01-00 UIC1551-04-00 UIC2151-07-00 UIC1805-02-00,ECO1101-06-00 QRM2001-01-00,ECO1101 ME,18.0,월금,1,1,3,4+6,1+1+2
758,23.125,Lang,YCA1006-02-00,QRM1001-01-00 UIC1561-01-00 UIC1401-03-00 UIC2151-12-00,ECO1101-06-00 STA2102-05-00,ECO1101 ME,18.0,월,1,0,2,6,1+2
759,23.092,Lang,YCA1006-01-00,QRM1001-01-00 UIC1561-01-00 UIC1551-01-00 UIC1751-01-00,QRM2004-01-00 STA2102-05-00,ME ME,18.0,월,0,0,1,4+4,1+2+1
760,23.092,Lang,YCA1006-01-00,QRM1001-01-00 UIC1561-01-00 UIC1551-04-00 UIC1751-01-00,QRM2004-01-00 STA2102-05-00,ME ME,18.0,월,0,0,1,4+4,1+1+2
761,23.09,MR,YCA1006-01-00,UIC1561-01-00 UIC1551-04-00 UIC2151-12-00 UIC1806-01-00,ECO1104-06-00 ECO1101-06-00,ME ECO1101,18.0,월금,2,0,3,4,1+3+3+2+1
762,23.09,MR,YCA1006-02-00,UIC1561-01-00 UIC1551-04-00 UIC2151-12-00 UIC1806-01-00,ECO1104-06-00 ECO1101-06-00,ME ECO1101,18.0,월금,2,0,3,4,1+3+3+2+1
763,23.09,MR,YCA1006-01-00,UIC1561-01-00 UIC1551-04-00 UIC2151-12-00 UIC1805-01-00,ECO1104-06-00 ECO1101-06-00,ME ECO1101,18.0,월금,2,0,3,4,1+3+3+2+1
764,23.09,MR,YCA1006-01-00,UIC1561-01-00 UIC1551-04-00 UIC2151-12-00 UIC1805-01-00,ECO1104-06-00 ECO1101-06-00,ME ECO1101,18.0,월금,2,0,3,4,1+3+3+2+1
765,23.09,MR,YCA1006-02-00,UIC1561-01-00 UIC1551-04-00 UIC2151-12-00 UIC1806-01-00,ECO1104-06-00 ECO1101-06-00,ME ECO1101,18.0,월금,2,0,3,4,1+3+3+2+1
766,23.09,MR,YCA1006-01-00,UIC1561-01-00 UIC1551-04-00 UIC2151-12-00 UIC1806-01-00,ECO1104-06-00 ECO1101-06-00,ME ECO1101,18.0,월금,2,0,3,4,1+3+3+2+1
767,23.09,MR,YCA1006-02-00,UIC1561-01-00 UIC1551-04-00 UIC2151-12-00 UIC1805-01-00,ECO1104-06-00 ECO1101-06-00,ME ECO1101,18.0,월금,2,0,3,4,1+3+3+2+1
768,23.09,MR,YCA1006-02-00,UIC1561-01-00 UIC1551-04-00 UIC2151-12-00 UIC1805-01-00,ECO1104-06-00 ECO1101-06-00,ME ECO1101,18.0,월금,2,0,3,4,1+3+3+2+1
769,23.017,Lang,YCA1006-01-00,QRM1001-01-00 UIC1561-01-00 UIC1401-03-00 UIC2151-14-00,QRM2004-01-00 STA2102-05-00,ME ME,18.0,월,0,0,1,4+6,1
770,22.965,WCiv,YCA1006-02-00,QRM1001-01-00 UIC1551-01-00 UIC2151-13-00 UIC1805-01-00,QRM2004-01-00 STA2102-05-00,ME ME,18.0,월금,1,2,2,5+4+5,1+1
771,22.965,WCiv,YCA1006-02-00,QRM1001-01-00 UIC1551-01-00 UIC2151-13-00 UIC1806-01-00,QRM2004-01-00 STA2102-05-00,ME ME,18.0,월금,1,2,2,5+4+5,1+1
772,22.965,WCiv,YCA1006-02-00,QRM1001-01-00 UIC1551-01-00 UIC2151-13-00 UIC1806-01-00,QRM2004-01-00 STA2102-05-00,ME ME,18.0,월금,1,2,2,5+4+5,1+1
773,22.965,WCiv,YCA1006-02-00,QRM1001-01-00 UIC1551-01-00 UIC2151-13-00 UIC1805-01-00,QRM2004-01-00 STA2102-05-00,ME ME,18.0,월금,1,2,2,5+4+5,1+1
774,22.957,SciRD,-,QRM1001-01-00 UIC1561-01-00 UIC1551-04-00 UIC1805-01-00,QRM2004-01-00 STA2102-05-00,ME ME,18.0,월금,1,1,1,4+6,2+1
775,22.957,SciRD,-,QRM1001-01-00 UIC1561-01-00 UIC1551-04-00 UIC1805-01-00,QRM2004-01-00 STA2102-05-00,ME ME,18.0,월금,1,1,1,4+6,2+1
776,22.957,SciRD,-,QRM1001-01-00 UIC1561-01-00 UIC1551-04-00 UIC1806-01-00,QRM2004-01-00 STA2102-05-00,ME ME,18.0,월금,1,1,1,4+6,2+1
777,22.957,SciRD,-,QRM1001-01-00 UIC1561-01-00 UIC1551-04-00 UIC1806-01-00,QRM2004-01-00 STA2102-05-00,ME ME,18.0,월금,1,1,1,4+6,2+1
778,22.957,Lang,-,QRM1001-01-00 UIC1561-01-00 UIC1551-04-00 UIC2151-05-00,QRM2004-01-00 STA2102-05-00,ME ME,18.0,월금,1,1,1,4+6,2+1
779,22.883,Lang,YCA1006-02-00,QRM1001-01-00 UIC1561-01-00 UIC1501-03-00 UIC2151-14-00,ECO1101-06-00 QRM2004-01-00,ECO1101 ME,18.0,금,0,1,3,6+7,2
780,22.833,MR,YCA1006-02-00,UIC1561-01-00 UIC1551-04-00 UIC2151-11-00 UIC1805-02-00,ECO1101-06-00 STA2102-04-00,ECO1101 ME,18.0,금,0,0,3,6+4,1+1+2
781,22.833,MR,YCA1006-02-00,UIC1561-01-00 UIC1551-04-00 UIC2151-11-00 UIC1805-02-00,ECO1101-06-00 STA2102-04-00,ECO1101 ME,18.0,금,0,0,3,6+4,1+1+2
782,22.765,WCiv,YCA1006-01-00,QRM1001-01-00 UIC1551-01-00 UIC2151-12-00 UIC1805-01-00,ECO1101-05-00 QRM2004-01-00,ECO1101 ME,18.0,월금,2,1,1,4+5,1+4+1
783,22.765,WCiv,YCA1006-01-00,QRM1001-01-00 UIC1551-01-00 UIC2151-12-00 UIC1805-01-00,ECO1101-05-00 QRM2004-01-00,ECO1101 ME,18.0,월금,2,1,1,4+5,1+4+1
784,22.765,MR,YCA1006-01-00,UIC1561-01-00 UIC1551-01-00 UIC2151-06-00 UIC1805-02-00,STA2102-05-00 QRM2001-01-00,ME ME,18.0,월금,1,1,1,4+4+5,1+1
785,22.765,WCiv,YCA1006-01-00,QRM1001-01-00 UIC1551-01-00 UIC2151-12-00 UIC1806-01-00,ECO1101-05-00 QRM2004-01-00,ECO1101 ME,18.0,월금,2,1,1,4+5,1+4+1
786,22.765,MR,YCA1006-01-00,UIC1561-01-00 UIC1551-01-00 UIC2151-08-00 UIC1806-02-00,STA2102-05-00 QRM2001-01-00,ME ME,18.0,월금,1,1,1,4+4+5,1+1
787,22.765,MR,YCA1006-01-00,UIC1561-01-00 UIC1551-01-00 UIC2151-07-00 UIC1805-02-00,STA2102-05-00 QRM2001-01-00,ME ME,18.0,월금,1,1,1,4+4+5,1+1
788,22.765,MR,YCA1006-01-00,UIC1561-01-00 UIC1551-01-00 UIC2151-08-00 UIC1806-02-00,STA2102-05-00 QRM2001-01-00,ME ME,18.0,월금,1,1,1,4+4+5,1+1
789,22.765,MR,YCA1006-01-00,UIC1561-01-00 UIC1551-01-00 UIC2151-06-00 UIC1805-02-00,STA2102-05-00 QRM2001-01-00,ME ME,18.0,월금,1,1,1,4+4+5,1+1
790,22.765,MR,YCA1006-01-00,UIC1561-01-00 UIC1551-01-00 UIC2151-09-00 UIC1806-02-00,STA2102-05-00 QRM2001-01-00,ME ME,18.0,월금,1,1,1,4+4+5,1+1
791,22.765,WCiv,YCA1006-01-00,QRM1001-01-00 UIC1551-01-00 UIC2151-12-00 UIC1806-01-00,ECO1101-05-00 QRM2004-01-00,ECO1101 ME,18.0,월금,2,1,1,4+5,1+4+1
792,22.765,MR,YCA1006-01-00,UIC1561-01-00 UIC1551-01-00 UIC2151-07-00 UIC1805-02-00,STA2102-05-00 QRM2001-01-00,ME ME,18.0,월금,1,1,1,4+4+5,1+1
793,22.765,MR,YCA1006-01-00,UIC1561-01-00 UIC1551-01-00 UIC2151-09-00 UIC1806-02-00,STA2102-05-00 QRM2001-01-00,ME ME,18.0,월금,1,1,1,4+4+5,1+1
794,22.74,SciRD,YCA1006-02-00,QRM1001-01-00 UIC1561-01-00 UIC1551-01-00 UIC1805-01-00,ECO1101-06-00 QRM2004-01-00,ECO1101 ME,18.0,월금,1,2,3,4+5+5,1+2+1
795,22.74,SciRD,YCA1006-02-00,QRM1001-01-00 UIC1561-01-00 UIC1551-01-00 UIC1806-01-00,ECO1101-06-00 QRM2004-01-00,ECO1101 ME,18.0,월금,1,2,3,4+5+5,1+2+1
796,22.74,Lang,YCA1006-02-00,QRM1001-01-00 UIC1561-01-00 UIC1551-01-00 UIC2151-05-00,ECO1101-06-00 QRM2004-01-00,ECO1101 ME,18.0,월금,1,2,3,4+5+5,1+2+1
797,22.74,SciRD,YCA1006-02-00,QRM1001-01-00 UIC1561-01-00 UIC1551-01-00 UIC1806-01-00,ECO1101-06-00 QRM2004-01-00,ECO1101 ME,18.0,월금,1,2,3,4+5+5,1+2+1
798,22.74,SciRD,YCA1006-02-00,QRM1001-01-00 UIC1561-01-00 UIC1551-01-00 UIC1805-01-00,ECO1101-06-00 QRM2004-01-00,ECO1101 ME,18.0,월금,1,2,3,4+5+5,1+2+1
799,22.665,Lang,YCA1006-02-00,QRM1001-01-00 UIC1561-01-00 UIC1551-01-00 UIC2151-12-00,ECO1101-06-00 YCH1605-01-00,ECO1101 FREE,18.0,월금,1,0,3,4,2+3+2+1
800,22.658,MR,YCA1006-02-00,UIC1561-01-00 UIC1501-03-00 UIC2151-14-00 UIC1805-02-00,ECO1101-06-00 STA2102-04-00,ECO1101 ME,18.0,금,0,0,3,6+5,1+2
801,22.658,MR,YCA1006-02-00,UIC1561-01-00 UIC1501-03-00 UIC2151-14-00 UIC1805-02-00,ECO1101-06-00 STA2102-04-00,ECO1101 ME,18.0,금,0,0,3,6+5,1+2
802,22.633,MR,YCA1006-02-00,UIC1561-01-00 UIC1551-01-00 UIC2151-04-00 UIC1805-02-00,ECO1103-02-00 STA2102-04-00,ME ME,18.0,금,1,0,1,4,2+1+1+2+1
803,22.633,MR,YCA1006-02-00,UIC1561-01-00 UIC1551-01-00 UIC2151-04-00 UIC1805-02-00,ECO1103-02-00 STA2102-04-00,ME ME,18.0,금,1,0,1,4,2+1+1+2+1
804,22.633,MR,YCA1006-02-00,UIC1561-01-00 UIC1551-01-00 UIC2151-10-00 UIC1805-02-00,ECO1103-02-00 STA2102-04-00,ME ME,18.0,금,1,0,1,4,2+1+1+2+1
805,22.633,MR,YCA1006-02-00,UIC1561-01-00 UIC1551-01-00 UIC2151-10-00 UIC1805-02-00,ECO1103-02-00 STA2102-04-00,ME ME,18.0,금,1,0,1,4,2+1+1+2+1
806,22.574,WCiv,YCA1006-02-00,QRM1001-01-00 UIC1551-01-00 UIC2151-13-00 UIC1805-01-00,ECO1101-06-00 QRM2004-01-00,ECO1101 ME,18.0,월금,1,2,3,5+4+5,1+1
807,22.574,WCiv,YCA1006-02-00,QRM1001-01-00 UIC1551-01-00 UIC2151-13-00 UIC1806-01-00,ECO1101-06-00 QRM2004-01-00,ECO1101 ME,18.0,월금,1,2,3,5+4+5,1+1
808,22.574,WCiv,YCA1006-02-00,QRM1001-01-00 UIC1551-01-00 UIC2151-13-00 UIC1806-01-00,ECO1101-06-00 QRM2004-01-00,ECO1101 ME,18.0,월금,1,2,3,5+4+5,1+1
809,22.574,WCiv,YCA1006-02-00,QRM1001-01-00 UIC1551-01-00 UIC2151-13-00 UIC1805-01-00,ECO1101-06-00 QRM2004-01-00,ECO1101 ME,18.0,월금,1,2,3,5+4+5,1+1
810,22.565,SciRD,YCA1006-02-00,QRM1001-01-00 UIC1561-01-00 UIC1551-04-00 UIC1805-01-00,ECO1101-06-00 STA2102-05-00,ECO1101 ME,18.0,월금,1,1,3,6+6,1+4+2
811,22.565,SciRD,YCA1006-02-00,QRM1001-01-00 UIC1561-01-00 UIC1551-04-00 UIC1806-01-00,ECO1101-06-00 STA2102-05-00,ECO1101 ME,18.0,월금,1,1,3,6+6,1+4+2
812,22.565,SciRD,YCA1006-02-00,QRM1001-01-00 UIC1561-01-00 UIC1551-04-00 UIC1806-01-00,ECO1101-06-00 STA2102-05-00,ECO1101 ME,18.0,월금,1,1,3,6+6,1+4+2
813,22.565,SciRD,YCA1006-02-00,QRM1001-01-00 UIC1561-01-00 UIC1551-04-00 UIC1805-01-00,ECO1101-06-00 STA2102-05-00,ECO1101 ME,18.0,월금,1,1,3,6+6,1+4+2
814,22.565,Lang,YCA1006-02-00,QRM1001-01-00 UIC1561-01-00 UIC1551-04-00 UIC2151-05-00,ECO1101-06-00 STA2102-05-00,ECO1101 ME,18.0,월금,1,1,3,6+6,1+4+2
815,22.515,MR,YCA1006-02-00,UIC1561-01-00 UIC1551-04-00 UIC2151-05-00 UIC1805-02-00,ECO1101-06-00 STA2102-04-00,ECO1101 ME,18.0,월금,1,1,3,4+6,1+1+1+2
816,22.515,MR,YCA1006-02-00,UIC1561-01-00 UIC1551-04-00 UIC2151-09-00 UIC1806-01-00,ECO1101-06-00 STA2102-04-00,ECO1101 ME,18.0,월금,1,1,3,4+6,1+1+1+2
817,22.515,MR,YCA1006-02-00,UIC1561-01-00 UIC1551-04-00 UIC2151-09-00 UIC1806-01-00,ECO1101-06-00 STA2102-04-00,ECO1101 ME,18.0,월금,1,1,3,4+6,1+1+1+2
818,22.515,MR,YCA1006-02-00,UIC1561-01-00 UIC1551-04-00 UIC2151-08-00 UIC1806-01-00,ECO1101-06-00 STA2102-04-00,ECO1101 ME,18.0,월금,1,1,3,4+6,1+1+1+2
819,22.515,MR,YCA1006-02-00,UIC1561-01-00 UIC1551-04-00 UIC2151-09-00 UIC1805-01-00,ECO1101-06-00 STA2102-04-00,ECO1101 ME,18.0,월금,1,1,3,4+6,1+1+1+2
820,22.515,MR,YCA1006-02-00,UIC1561-01-00 UIC1551-04-00 UIC2151-08-00 UIC1806-01-00,ECO1101-06-00 STA2102-04-00,ECO1101 ME,18.0,월금,1,1,3,4+6,1+1+1+2
821,22.515,MR,YCA1006-02-00,UIC1561-01-00 UIC1551-04-00 UIC2151-09-00 UIC1805-01-00,ECO1101-06-00 STA2102-04-00,ECO1101 ME,18.0,월금,1,1,3,4+6,1+1+1+2
822,22.515,MR,YCA1006-02-00,UIC1561-01-00 UIC1551-04-00 UIC2151-05-00 UIC1805-02-00,ECO1101-06-00 STA2102-04-00,ECO1101 ME,18.0,월금,1,1,3,4+6,1+1+1+2
823,22.515,MR,YCA1006-02-00,UIC1561-01-00 UIC1551-04-00 UIC2151-08-00 UIC1805-01-00,ECO1101-06-00 STA2102-04-00,ECO1101 ME,18.0,월금,1,1,3,4+6,1+1+1+2
824,22.515,MR,YCA1006-02-00,UIC1561-01-00 UIC1551-04-00 UIC2151-08-00 UIC1805-01-00,ECO1101-06-00 STA2102-04-00,ECO1101 ME,18.0,월금,1,1,3,4+6,1+1+1+2
825,22.515,MR,YCA1006-02-00,UIC1561-01-00 UIC1551-01-00 UIC2151-12-00 UIC1805-02-00,STA2102-04-00 QRM2001-01-00,ME ME,18.0,월금,2,1,1,5,1+1+3+1
826,22.515,MR,YCA1006-02-00,UIC1561-01-00 UIC1551-01-00 UIC2151-12-00 UIC1805-01-00,STA2102-04-00 QRM2004-01-00,ME ME,18.0,월금,2,1,1,5,1+3+1+1
827,22.515,MR,YCA1006-02-00,UIC1561-01-00 UIC1551-01-00 UIC2151-12-00 UIC1805-02-00,STA2102-04-00 QRM2001-01-00,ME ME,18.0,월금,2,1,1,5,1+1+3+1
828,22.515,MR,YCA1006-02-00,UIC1561-01-00 UIC1551-01-00 UIC2151-12-00 UIC1806-01-00,STA2102-04-00 QRM2004-01-00,ME ME,18.0,월금,2,1,1,5,1+3+1+1
829,22.515,MR,YCA1006-02-00,UIC1561-01-00 UIC1551-01-00 UIC2151-12-00 UIC1806-01-00,STA2102-04-00 QRM2004-01-00,ME ME,18.0,월금,2,1,1,5,1+3+1+1
830,22.515,MR,YCA1006-02-00,UIC1561-01-00 UIC1551-01-00 UIC2151-12-00 UIC1805-01-00,STA2102-04-00 QRM2004-01-00,ME ME,18.0,월금,2,1,1,5,1+3+1+1
831,22.446,Lang,-,QRM1001-01-00 UIC1561-01-00 UIC1401-03-00 UIC2151-12-00,QRM2002-01-00 QRM3001-01-00,ME ME,18.0,월화,2,0,0,,1+1+1
832,22.39,MR,YCA1006-01-00,UIC1561-01-00 ASP2022-01-00 UIC2151-05-00 UIC1805-02-00,ECO1101-06-00 STA2102-05-00,ECO1101 ME,18.0,월금,1,0,2,6+4,2+2+2
833,22.39,MR,YCA1006-01-00,UIC1561-01-00 ASP2022-01-00 UIC2151-08-00 UIC1806-01-00,ECO1101-06-00 STA2102-05-00,ECO1101 ME,18.0,월금,1,0,2,6+4,2+2+2
834,22.39,MR,YCA1006-01-00,UIC1561-01-00 ASP2022-01-00 UIC2151-08-00 UIC1805-01-00,ECO1101-06-00 STA2102-05-00,ECO1101 ME,18.0,월금,1,0,2,6+4,2+2+2
835,22.39,MR,YCA1006-01-00,UIC1561-01-00 ASP2022-01-00 UIC2151-09-00 UIC1806-01-00,ECO1101-06-00 STA2102-05-00,ECO1101 ME,18.0,월금,1,0,2,6+4,2+2+2
836,22.39,MR,YCA1006-01-00,UIC1561-01-00 ASP2022-01-00 UIC2151-05-00 UIC1805-02-00,ECO1101-06-00 STA2102-05-00,ECO1101 ME,18.0,월금,1,0,2,6+4,2+2+2
837,22.39,MR,YCA1006-01-00,UIC1561-01-00 ASP2022-01-00 UIC2151-08-00 UIC1805-01-00,ECO1101-06-00 STA2102-05-00,ECO1101 ME,18.0,월금,1,0,2,6+4,2+2+2
838,22.39,MR,YCA1006-01-00,UIC1561-01-00 ASP2022-01-00 UIC2151-09-00 UIC1805-01-00,ECO1101-06-00 STA2102-05-00,ECO1101 ME,18.0,월금,1,0,2,6+4,2+2+2
839,22.39,MR,YCA1006-01-00,UIC1561-01-00 ASP2022-01-00 UIC2151-09-00 UIC1805-01-00,ECO1101-06-00 STA2102-05-00,ECO1101 ME,18.0,월금,1,0,2,6+4,2+2+2
840,22.39,MR,YCA1006-01-00,UIC1561-01-00 ASP2022-01-00 UIC2151-09-00 UIC1806-01-00,ECO1101-06-00 STA2102-05-00,ECO1101 ME,18.0,월금,1,0,2,6+4,2+2+2
841,22.39,MR,YCA1006-01-00,UIC1561-01-00 ASP2022-01-00 UIC2151-08-00 UIC1806-01-00,ECO1101-06-00 STA2102-05-00,ECO1101 ME,18.0,월금,1,0,2,6+4,2+2+2
842,22.34,MR,YCA1006-02-00,UIC1561-01-00 UIC1551-04-00 UIC2151-12-00 UIC1805-02-00,ECO1104-06-00 ECO1101-06-00,ME ECO1101,18.0,월금,1,1,3,4+4+4,1+3+2
843,22.34,MR,YCA1006-02-00,UIC1561-01-00 UIC1551-04-00 UIC2151-12-00 UIC1805-02-00,ECO1104-06-00 ECO1101-06-00,ME ECO1101,18.0,월금,1,1,3,4+4+4,1+3+2
844,22.299,WCiv,YCA1006-02-00,QRM1001-01-00 UIC1551-04-00 UIC2151-13-00 UIC1806-01-00,ECO1101-06-00 STA2102-05-00,ECO1101 ME,18.0,월금,1,1,3,5+6,2+1+4
845,22.299,WCiv,YCA1006-02-00,QRM1001-01-00 UIC1551-04-00 UIC2151-13-00 UIC1806-01-00,ECO1101-06-00 STA2102-05-00,ECO1101 ME,18.0,월금,1,1,3,5+6,2+1+4
846,22.299,WCiv,YCA1006-02-00,QRM1001-01-00 UIC1551-04-00 UIC2151-13-00 UIC1805-01-00,ECO1101-06-00 STA2102-05-00,ECO1101 ME,18.0,월금,1,1,3,5+6,2+1+4
847,22.299,WCiv,YCA1006-02-00,QRM1001-01-00 UIC1551-04-00 UIC2151-13-00 UIC1805-01-00,ECO1101-06-00 STA2102-05-00,ECO1101 ME,18.0,월금,1,1,3,5+6,2+1+4
848,22.257,Lang,YCA1006-02-00,QRM1001-01-00 UIC1561-01-00 UIC1551-01-00 UIC2151-12-00,QRM2004-01-00 YCK1998-03-00,ME FREE,18.0,월금,1,1,1,5,3+1
849,22.233,Lang,YCA1006-02-00,QRM1001-01-00 UIC1561-01-00 UIC1501-02-00 UIC2151-14-00,ECO1101-06-00 STA2102-05-00,ECO1101 ME,18.0,금,0,1,3,8,3+1+2
850,22.233,Lang,YCA1006-02-00,QRM1001-01-00 UIC1561-01-00 UIC1551-03-00 UIC2151-14-00,ECO1101-06-00 STA2102-05-00,ECO1101 ME,18.0,금,0,1,3,8,3+1+2
851,22.19,Lang,-,QRM1001-01-00 UIC1561-01-00 UIC1501-05-00 UIC2151-12-00,ECO1101-06-00 STA2102-05-00,ECO1101 ME,18.0,월금,2,0,2,6,2+2+2
852,22.158,MR,YCA1006-01-00,UIC1561-01-00 UIC1551-01-00 UIC2151-10-00 UIC1805-02-00,ECO1101-06-00 STA2102-04-00,ECO1101 ME,18.0,금,0,0,3,4,2+2+2+2+1
853,22.158,MR,YCA1006-01-00,UIC1561-01-00 UIC1551-01-00 UIC2151-10-00 UIC1805-02-00,ECO1101-06-00 STA2102-04-00,ECO1101 ME,18.0,금,0,0,3,4,2+2+2+2+1
854,22.158,MR,YCA1006-01-00,UIC1561-01-00 UIC1551-01-00 UIC2151-04-00 UIC1805-02-00,ECO1101-06-00 STA2102-04-00,ECO1101 ME,18.0,금,0,0,3,4,2+2+2+2+1
855,22.158,MR,YCA1006-01-00,UIC1561-01-00 UIC1551-01-00 UIC2151-04-00 UIC1805-02-00,ECO1101-06-00 STA2102-04-00,ECO1101 ME,18.0,금,0,0,3,4,2+2+2+2+1
856,22.14,MR,-,UIC1561-01-00 UIC1551-04-00 UIC2151-12-00 UIC1805-02-00,ECO1104-06-00 ECO1101-06-00,ME ECO1101,18.0,월금,1,0,3,4+4,1+3+2
857,22.14,MR,-,UIC1561-01-00 UIC1551-04-00 UIC2151-12-00 UIC1805-02-00,ECO1104-06-00 ECO1101-06-00,ME ECO1101,18.0,월금,1,0,3,4+4,1+3+2
858,22.14,MR,-,UIC1561-01-00 UIC1551-01-00 UIC2151-12-00 UIC1805-02-00,ECO1104-06-00 ECO1101-06-00,ME ECO1101,18.0,월금,1,0,3,4+4,3+2+1
859,22.14,MR,-,UIC1561-01-00 UIC1551-01-00 UIC2151-12-00 UIC1805-02-00,ECO1104-06-00 ECO1101-06-00,ME ECO1101,18.0,월금,1,0,3,4+4,3+2+1
860,22.058,-,YCA1006-01-00,QRM1001-01-00 UIC1561-01-00 UIC1551-04-00 UIC2151-04-00 UIC1806-01-00,QRM2004-01-00,ME,18.0,금,1,1,1,6,2+1+1+2
861,22.058,-,YCA1006-01-00,QRM1001-01-00 UIC1561-01-00 UIC1551-04-00 UIC2151-10-00 UIC1806-01-00,QRM2004-01-00,ME,18.0,금,1,1,1,6,2+1+1+2
862,22.058,-,YCA1006-01-00,QRM1001-01-00 UIC1561-01-00 UIC1551-04-00 UIC2151-04-00 UIC1805-01-00,QRM2004-01-00,ME,18.0,금,1,1,1,6,2+1+1+2
863,22.058,-,YCA1006-01-00,QRM1001-01-00 UIC1561-01-00 UIC1551-04-00 UIC2151-10-00 UIC1805-01-00,QRM2004-01-00,ME,18.0,금,1,1,1,6,2+1+1+2
864,22.058,-,YCA1006-01-00,QRM1001-01-00 UIC1561-01-00 UIC1551-04-00 UIC2151-10-00 UIC1806-01-00,QRM2004-01-00,ME,18.0,금,1,1,1,6,2+1+1+2
865,22.058,-,YCA1006-01-00,QRM1001-01-00 UIC1561-01-00 UIC1551-04-00 UIC2151-04-00 UIC1805-01-00,QRM2004-01-00,ME,18.0,금,1,1,1,6,2+1+1+2
866,22.058,-,YCA1006-01-00,QRM1001-01-00 UIC1561-01-00 UIC1551-04-00 UIC2151-10-00 UIC1805-01-00,QRM2004-01-00,ME,18.0,금,1,1,1,6,2+1+1+2
867,22.058,-,YCA1006-01-00,QRM1001-01-00 UIC1561-01-00 UIC1551-04-00 UIC2151-04-00 UIC1806-01-00,QRM2004-01-00,ME,18.0,금,1,1,1,6,2+1+1+2
868,21.917,Lang,YCA1006-02-00,QRM1001-01-00 UIC1561-01-00 UIC1551-01-00 UIC1751-01-00,QRM2004-01-00 STA2102-05-00,ME ME,18.0,월,0,1,1,4+5,2+1
869,21.833,MR,YCA1006-01-00,UIC1561-01-00 UIC1551-04-00 UIC2151-11-00 UIC1805-02-00,ECO1104-06-00 ECO1101-06-00,ME ECO1101,18.0,금,0,0,3,6+4,1+1+2
870,21.833,MR,YCA1006-01-00,UIC1561-01-00 UIC1551-04-00 UIC2151-11-00 UIC1805-02-00,ECO1104-06-00 ECO1101-06-00,ME ECO1101,18.0,금,0,0,3,6+4,1+1+2
871,21.833,MR,YCA1006-01-00,UIC1561-01-00 UIC1551-01-00 UIC2151-11-00 UIC1805-02-00,ECO1104-06-00 ECO1101-06-00,ME ECO1101,18.0,금,0,0,3,6+4,1+2+1
872,21.833,MR,YCA1006-01-00,UIC1561-01-00 UIC1551-01-00 UIC2151-11-00 UIC1805-02-00,ECO1104-06-00 ECO1101-06-00,ME ECO1101,18.0,금,0,0,3,6+4,1+2+1
873,21.608,Lang,YCA1006-02-00,QRM1001-01-00 UIC1561-01-00 UIC1551-01-00 UIC2151-10-00,ECO1101-06-00 STA2102-05-00,ECO1101 ME,18.0,금,0,1,3,8,3+1+2+1
874,21.608,Lang,YCA1006-02-00,QRM1001-01-00 UIC1561-01-00 UIC1551-01-00 UIC2151-04-00,ECO1101-06-00 STA2102-05-00,ECO1101 ME,18.0,금,0,1,3,8,3+1+2+1
875,21.59,MR,YCA1006-02-00,UIC1561-01-00 UIC1551-01-00 UIC2151-12-00 UIC1806-02-00,ECO1101-06-00 QRM2001-01-00,ECO1101 ME,18.0,월금,2,0,3,4,1+2+3+2+1+1
876,21.59,MR,YCA1006-02-00,UIC1561-01-00 UIC1551-01-00 UIC2151-12-00 UIC1806-02-00,ECO1101-06-00 QRM2001-01-00,ECO1101 ME,18.0,월금,2,0,3,4,1+2+3+2+1+1
877,21.59,MR,YCA1006-01-00,UIC1561-01-00 UIC1551-01-00 UIC2151-12-00 UIC1806-02-00,ECO1101-06-00 QRM2001-01-00,ECO1101 ME,18.0,월금,2,0,3,4,1+2+3+2+1+1
878,21.59,MR,YCA1006-02-00,UIC1561-01-00 UIC1551-04-00 UIC2151-12-00 UIC1805-02-00,ECO1101-06-00 QRM2001-01-00,ECO1101 ME,18.0,월금,2,0,3,4,1+1+1+3+2+2
879,21.59,MR,YCA1006-02-00,UIC1561-01-00 UIC1551-04-00 UIC2151-12-00 UIC1805-02-00,ECO1101-06-00 QRM2001-01-00,ECO1101 ME,18.0,월금,2,0,3,4,1+1+1+3+2+2
880,21.59,MR,YCA1006-01-00,UIC1561-01-00 UIC1551-01-00 UIC2151-12-00 UIC1806-02-00,ECO1101-06-00 QRM2001-01-00,ECO1101 ME,18.0,월금,2,0,3,4,1+2+3+2+1+1
881,21.565,-,YCA1006-01-00,QRM1001-01-00 UIC1561-01-00 ASP2022-01-00 UIC2151-12-00 UIC1806-01-00,QRM2004-01-00,ME,18.0,월금,2,1,0,5+6,1+3
882,21.565,-,YCA1006-01-00,QRM1001-01-00 UIC1561-01-00 ASP2022-01-00 UIC2151-12-00 UIC1805-01-00,QRM2004-01-00,ME,18.0,월금,2,1,0,5+6,1+3
883,21.565,-,YCA1006-01-00,QRM1001-01-00 UIC1561-01-00 ASP2022-01-00 UIC2151-12-00 UIC1806-01-00,QRM2004-01-00,ME,18.0,월금,2,1,0,5+6,1+3
884,21.565,-,YCA1006-01-00,QRM1001-01-00 UIC1561-01-00 ASP2022-01-00 UIC2151-12-00 UIC1805-01-00,QRM2004-01-00,ME,18.0,월금,2,1,0,5+6,1+3
885,21.54,MR,YCA1006-01-00,UIC1561-01-00 UIC1551-01-00 UIC2151-08-00 UIC1806-01-00,ECO1104-06-00 ECO1101-06-00,ME ECO1101,18.0,월금,1,1,3,4+4+5,1+2+1
886,21.54,MR,YCA1006-01-00,UIC1561-01-00 UIC1551-01-00 UIC2151-05-00 UIC1805-02-00,ECO1104-06-00 ECO1101-06-00,ME ECO1101,18.0,월금,1,1,3,4+4+5,1+2+1
887,21.54,MR,YCA1006-01-00,UIC1561-01-00 UIC1551-01-00 UIC2151-09-00 UIC1805-01-00,ECO1104-06-00 ECO1101-06-00,ME ECO1101,18.0,월금,1,1,3,4+4+5,1+2+1
888,21.54,MR,YCA1006-01-00,UIC1561-01-00 UIC1551-01-00 UIC2151-08-00 UIC1806-01-00,ECO1104-06-00 ECO1101-06-00,ME ECO1101,18.0,월금,1,1,3,4+4+5,1+2+1
889,21.54,MR,YCA1006-01-00,UIC1561-01-00 UIC1551-01-00 UIC2151-09-00 UIC1806-01-00,ECO1104-06-00 ECO1101-06-00,ME ECO1101,18.0,월금,1,1,3,4+4+5,1+2+1
890,21.54,MR,YCA1006-01-00,UIC1561-01-00 UIC1551-01-00 UIC2151-09-00 UIC1805-01-00,ECO1104-06-00 ECO1101-06-00,ME ECO1101,18.0,월금,1,1,3,4+4+5,1+2+1
891,21.54,MR,YCA1006-01-00,UIC1561-01-00 UIC1551-01-00 UIC2151-08-00 UIC1805-01-00,ECO1104-06-00 ECO1101-06-00,ME ECO1101,18.0,월금,1,1,3,4+4+5,1+2+1
892,21.54,MR,YCA1006-01-00,UIC1561-01-00 UIC1551-01-00 UIC2151-08-00 UIC1805-01-00,ECO1104-06-00 ECO1101-06-00,ME ECO1101,18.0,월금,1,1,3,4+4+5,1+2+1
893,21.54,MR,YCA1006-01-00,UIC1561-01-00 UIC1551-01-00 UIC2151-05-00 UIC1805-02-00,ECO1104-06-00 ECO1101-06-00,ME ECO1101,18.0,월금,1,1,3,4+4+5,1+2+1
894,21.54,MR,YCA1006-01-00,UIC1561-01-00 UIC1551-01-00 UIC2151-09-00 UIC1806-01-00,ECO1104-06-00 ECO1101-06-00,ME ECO1101,18.0,월금,1,1,3,4+4+5,1+2+1
895,21.458,Lang,YCA1006-02-00,QRM1001-01-00 UIC1561-01-00 UIC1551-04-00 UIC2151-11-00,ECO1101-06-00 QRM2004-01-00,ECO1101 ME,18.0,금,0,1,3,6+4+4,1+2
896,21.415,Lang,YCA1006-02-00,QRM1001-01-00 UIC1561-01-00 UIC1551-01-00 UIC2151-12-00,ECO1101-06-00 YCK1998-03-00,ECO1101 FREE,18.0,월금,1,0,3,4,3+3+1+1
897,21.365,WCiv,YCA1006-02-00,QRM1001-01-00 UIC1551-04-00 UIC2151-13-00 UIC1806-01-00,QRM2004-01-00 STA2102-05-00,ME ME,18.0,월금,1,2,2,4+4+6,1+1
898,21.365,WCiv,YCA1006-02-00,QRM1001-01-00 UIC1551-04-00 UIC2151-13-00 UIC1805-01-00,QRM2004-01-00 STA2102-05-00,ME ME,18.0,월금,1,2,2,4+4+6,1+1
899,21.365,WCiv,YCA1006-02-00,QRM1001-01-00 UIC1551-04-00 UIC2151-13-00 UIC1806-01-00,QRM2004-01-00 STA2102-05-00,ME ME,18.0,월금,1,2,2,4+4+6,1+1
900,21.365,WCiv,YCA1006-02-00,QRM1001-01-00 UIC1551-04-00 UIC2151-13-00 UIC1805-01-00,QRM2004-01-00 STA2102-05-00,ME ME,18.0,월금,1,2,2,4+4+6,1+1
901,21.342,Lang,YCA1006-01-00,QRM1001-01-00 UIC1561-01-00 UIC1401-03-00 UIC2151-12-00,QRM2004-01-00 QRM2002-01-00,ME ME,18.0,월,2,0,0,,1+1+1+1
902,21.34,MR,YCA1006-02-00,UIC1561-01-00 ASP2022-01-00 UIC2151-12-00 UIC1805-02-00,ECO1101-06-00 STA2102-04-00,ECO1101 ME,18.0,월금,1,0,2,4+4+4,1+3+2
903,21.34,MR,YCA1006-02-00,UIC1561-01-00 ASP2022-01-00 UIC2151-12-00 UIC1805-02-00,ECO1101-06-00 STA2102-04-00,ECO1101 ME,18.0,월금,1,0,2,4+4+4,1+3+2
904,21.265,MR,YCA1006-01-00,UIC1561-01-00 UIC1551-04-00 UIC2151-05-00 UIC1805-02-00,ECO1101-06-00 STA2102-04-00,ECO1101 ME,18.0,월금,1,1,3,4+6,2+1+2
905,21.265,MR,YCA1006-01-00,UIC1561-01-00 UIC1551-04-00 UIC2151-09-00 UIC1805-01-00,ECO1101-06-00 STA2102-04-00,ECO1101 ME,18.0,월금,1,1,3,4+6,2+1+2
906,21.265,MR,YCA1006-01-00,UIC1561-01-00 UIC1551-04-00 UIC2151-08-00 UIC1805-01-00,ECO1101-06-00 STA2102-04-00,ECO1101 ME,18.0,월금,1,1,3,4+6,2+1+2
907,21.265,MR,YCA1006-01-00,UIC1561-01-00 UIC1551-04-00 UIC2151-09-00 UIC1806-01-00,ECO1101-06-00 STA2102-04-00,ECO1101 ME,18.0,월금,1,1,3,4+6,2+1+2
908,21.265,MR,YCA1006-01-00,UIC1561-01-00 UIC1551-04-00 UIC2151-08-00 UIC1806-01-00,ECO1101-06-00 STA2102-04-00,ECO1101 ME,18.0,월금,1,1,3,4+6,2+1+2
909,21.265,MR,YCA1006-01-00,UIC1561-01-00 UIC1551-04-00 UIC2151-08-00 UIC1805-01-00,ECO1101-06-00 STA2102-04-00,ECO1101 ME,18.0,월금,1,1,3,4+6,2+1+2
910,21.265,MR,YCA1006-01-00,UIC1561-01-00 UIC1551-04-00 UIC2151-05-00 UIC1805-02-00,ECO1101-06-00 STA2102-04-00,ECO1101 ME,18.0,월금,1,1,3,4+6,2+1+2
911,21.265,MR,YCA1006-01-00,UIC1561-01-00 UIC1551-04-00 UIC2151-09-00 UIC1805-01-00,ECO1101-06-00 STA2102-04-00,ECO1101 ME,18.0,월금,1,1,3,4+6,2+1+2
912,21.265,MR,YCA1006-01-00,UIC1561-01-00 UIC1551-04-00 UIC2151-08-00 UIC1806-01-00,ECO1101-06-00 STA2102-04-00,ECO1101 ME,18.0,월금,1,1,3,4+6,2+1+2
913,21.265,MR,YCA1006-01-00,UIC1561-01-00 UIC1551-04-00 UIC2151-09-00 UIC1806-01-00,ECO1101-06-00 STA2102-04-00,ECO1101 ME,18.0,월금,1,1,3,4+6,2+1+2
914,21.265,MR,YCA1006-01-00,UIC1561-01-00 UIC1551-01-00 UIC2151-12-00 UIC1805-02-00,STA2102-04-00 QRM2001-01-00,ME ME,18.0,월금,2,1,1,5,2+3+1
915,21.265,MR,YCA1006-01-00,UIC1561-01-00 UIC1551-01-00 UIC2151-12-00 UIC1805-02-00,STA2102-04-00 QRM2001-01-00,ME ME,18.0,월금,2,1,1,5,2+3+1
916,21.258,Lang,-,QRM1001-01-00 UIC1561-01-00 UIC1551-04-00 UIC2151-11-00,ECO1101-06-00 QRM2004-01-00,ECO1101 ME,18.0,금,0,0,3,6+4,1+2
917,21.258,Lang,-,QRM1001-01-00 UIC1561-01-00 UIC1551-01-00 UIC2151-11-00,ECO1101-06-00 QRM2004-01-00,ECO1101 ME,18.0,금,0,0,3,6+4,2+1
918,21.24,MR,-,UIC1561-01-00 UIC1551-04-00 UIC2151-12-00 UIC1805-01-00,STA2102-04-00 QRM2004-01-00,ME ME,18.0,월금,2,0,1,,2+1+3+1
919,21.24,MR,-,UIC1561-01-00 UIC1551-04-00 UIC2151-12-00 UIC1805-01-00,STA2102-04-00 QRM2004-01-00,ME ME,18.0,월금,2,0,1,,2+1+3+1
920,21.24,MR,-,UIC1561-01-00 UIC1551-04-00 UIC2151-12-00 UIC1806-01-00,STA2102-04-00 QRM2004-01-00,ME ME,18.0,월금,2,0,1,,2+1+3+1
921,21.24,MR,-,UIC1561-01-00 UIC1551-04-00 UIC2151-12-00 UIC1806-01-00,STA2102-04-00 QRM2004-01-00,ME ME,18.0,월금,2,0,1,,2+1+3+1
922,21.19,MR,-,UIC1561-01-00 ASP2022-01-00 UIC2151-12-00 UIC1806-02-00,ECO1101-06-00 STA2102-05-00,ECO1101 ME,18.0,월금,1,0,2,6,2+2+2
923,21.19,MR,-,UIC1561-01-00 ASP2022-01-00 UIC2151-12-00 UIC1806-02-00,ECO1101-06-00 STA2102-05-00,ECO1101 ME,18.0,월금,1,0,2,6,2+2+2
924,21.19,MR,YCA1006-01-00,UIC1561-01-00 ASP2022-01-00 UIC2151-08-00 UIC1806-01-00,ECO1104-06-00 STA2102-05-00,ME ME,18.0,월금,1,1,0,4+5+6,1
925,21.19,MR,YCA1006-01-00,UIC1561-01-00 ASP2022-01-00 UIC2151-08-00 UIC1805-01-00,ECO1104-06-00 STA2102-05-00,ME ME,18.0,월금,1,1,0,4+5+6,1
926,21.19,MR,YCA1006-01-00,UIC1561-01-00 ASP2022-01-00 UIC2151-09-00 UIC1805-01-00,ECO1104-06-00 STA2102-05-00,ME ME,18.0,월금,1,1,0,4+5+6,1
927,21.19,MR,YCA1006-01-00,UIC1561-01-00 ASP2022-01-00 UIC2151-09-00 UIC1806-01-00,ECO1104-06-00 STA2102-05-00,ME ME,18.0,월금,1,1,0,4+5+6,1
928,21.19,MR,YCA1006-01-00,UIC1561-01-00 ASP2022-01-00 UIC2151-08-00 UIC1806-01-00,ECO1104-06-00 STA2102-05-00,ME ME,18.0,월금,1,1,0,4+5+6,1
929,21.19,MR,YCA1006-01-00,UIC1561-01-00 ASP2022-01-00 UIC2151-05-00 UIC1805-02-00,ECO1104-06-00 STA2102-05-00,ME ME,18.0,월금,1,1,0,4+5+6,1
930,21.19,MR,YCA1006-01-00,UIC1561-01-00 ASP2022-01-00 UIC2151-08-00 UIC1805-01-00,ECO1104-06-00 STA2102-05-00,ME ME,18.0,월금,1,1,0,4+5+6,1
931,21.19,MR,YCA1006-01-00,UIC1561-01-00 ASP2022-01-00 UIC2151-05-00 UIC1805-02-00,ECO1104-06-00 STA2102-05-00,ME ME,18.0,월금,1,1,0,4+5+6,1
932,21.19,MR,YCA1006-01-00,UIC1561-01-00 ASP2022-01-00 UIC2151-09-00 UIC1806-01-00,ECO1104-06-00 STA2102-05-00,ME ME,18.0,월금,1,1,0,4+5+6,1
933,21.19,MR,YCA1006-01-00,UIC1561-01-00 ASP2022-01-00 UIC2151-09-00 UIC1805-01-00,ECO1104-06-00 STA2102-05-00,ME ME,18.0,월금,1,1,0,4+5+6,1
934,21.18,Lang,-,QRM1001-01-00 UIC1561-01-00 UIC1401-03-00 UIC2151-12-00,ECO1101-06-00 QRM3001-01-00,ECO1101 ME,18.0,월화,1,0,2,4,1+1+2
935,21.14,Lang,YCA1006-02-00,QRM1001-01-00 UIC1561-01-00 UIC1551-04-00 UIC2151-05-00,ECO1101-06-00 QRM2004-01-00,ECO1101 ME,18.0,월금,1,2,3,4+4+6,1+1+2
936,21.14,SciRD,YCA1006-02-00,QRM1001-01-00 UIC1561-01-00 UIC1551-04-00 UIC1805-01-00,ECO1101-06-00 QRM2004-01-00,ECO1101 ME,18.0,월금,1,2,3,4+4+6,1+1+2
937,21.14,SciRD,YCA1006-02-00,QRM1001-01-00 UIC1561-01-00 UIC1551-04-00 UIC1806-01-00,ECO1101-06-00 QRM2004-01-00,ECO1101 ME,18.0,월금,1,2,3,4+4+6,1+1+2
938,21.14,SciRD,YCA1006-02-00,QRM1001-01-00 UIC1561-01-00 UIC1551-04-00 UIC1806-01-00,ECO1101-06-00 QRM2004-01-00,ECO1101 ME,18.0,월금,1,2,3,4+4+6,1+1+2
939,21.14,SciRD,YCA1006-02-00,QRM1001-01-00 UIC1561-01-00 UIC1551-04-00 UIC1805-01-00,ECO1101-06-00 QRM2004-01-00,ECO1101 ME,18.0,월금,1,2,3,4+4+6,1+1+2
940,21.092,Lang,YCA1006-02-00,QRM1001-01-00 UIC1561-01-00 UIC1551-01-00 UIC2151-12-00,STA2102-05-00 QRM2102-01-00,ME ME,18.0,월,1,0,1,4,3+2+1
941,21.083,Lang,YCA1006-02-00,QRM1001-01-00 UIC1561-01-00 UIC1551-03-00 UIC2151-14-00,ECO1101-06-00 QRM2004-01-00,ECO1101 ME,18.0,금,0,1,3,4+7,2+2+2
942,21.083,Lang,YCA1006-02-00,QRM1001-01-00 UIC1561-01-00 UIC1501-02-00 UIC2151-14-00,ECO1101-06-00 QRM2004-01-00,ECO1101 ME,18.0,금,0,1,3,4+7,2+2+2
943,21.065,MR,-,UIC1561-01-00 UIC1551-01-00 UIC2151-12-00 UIC1805-02-00,ECO1101-06-00 STA2102-05-00,ECO1101 ME,18.0,월금,1,0,3,6,2+2+3
944,21.065,MR,-,UIC1561-01-00 UIC1551-04-00 UIC2151-12-00 UIC1806-02-00,ECO1101-06-00 STA2102-05-00,ECO1101 ME,18.0,월금,1,0,3,6,3+2+2
945,21.065,MR,-,UIC1561-01-00 UIC1551-04-00 UIC2151-12-00 UIC1806-02-00,ECO1101-06-00 STA2102-05-00,ECO1101 ME,18.0,월금,1,0,3,6,3+2+2
946,21.065,MR,-,UIC1561-01-00 UIC1551-01-00 UIC2151-12-00 UIC1805-02-00,ECO1101-06-00 STA2102-05-00,ECO1101 ME,18.0,월금,1,0,3,6,2+2+3
947,21.033,MR,YCA1006-02-00,UIC1561-01-00 UIC1551-04-00 UIC2151-10-00 UIC1805-02-00,ECO1101-06-00 STA2102-04-00,ECO1101 ME,18.0,금,0,0,3,4+4,2+1+1+2+2
948,21.033,MR,YCA1006-02-00,UIC1561-01-00 UIC1551-04-00 UIC2151-04-00 UIC1805-02-00,ECO1101-06-00 STA2102-04-00,ECO1101 ME,18.0,금,0,0,3,4+4,2+1+1+2+2
949,21.033,MR,YCA1006-02-00,UIC1561-01-00 UIC1551-04-00 UIC2151-10-00 UIC1805-02-00,ECO1101-06-00 STA2102-04-00,ECO1101 ME,18.0,금,0,0,3,4+4,2+1+1+2+2
950,21.033,MR,YCA1006-02-00,UIC1561-01-00 UIC1551-04-00 UIC2151-04-00 UIC1805-02-00,ECO1101-06-00 STA2102-04-00,ECO1101 ME,18.0,금,0,0,3,4+4,2+1+1+2+2
951,20.974,WCiv,YCA1006-02-00,QRM1001-01-00 UIC1551-04-00 UIC2151-13-00 UIC1806-01-00,ECO1101-06-00 QRM2004-01-00,ECO1101 ME,18.0,월금,1,2,3,4+4+6,1+1
952,20.974,WCiv,YCA1006-02-00,QRM1001-01-00 UIC1551-04-00 UIC2151-13-00 UIC1805-01-00,ECO1101-06-00 QRM2004-01-00,ECO1101 ME,18.0,월금,1,2,3,4+4+6,1+1
953,20.974,WCiv,YCA1006-02-00,QRM1001-01-00 UIC1551-04-00 UIC2151-13-00 UIC1806-01-00,ECO1101-06-00 QRM2004-01-00,ECO1101 ME,18.0,월금,1,2,3,4+4+6,1+1
954,20.974,WCiv,YCA1006-02-00,QRM1001-01-00 UIC1551-04-00 UIC2151-13-00 UIC1805-01-00,ECO1101-06-00 QRM2004-01-00,ECO1101 ME,18.0,월금,1,2,3,4+4+6,1+1
955,20.896,Lang,-,QRM1001-01-00 UIC1561-01-00 UIC1401-03-00 UIC1751-01-00,STA2102-05-00 QRM3001-01-00,ME ME,18.0,월화,0,1,0,4+5,1
956,20.89,-,YCA1006-01-00,QRM1001-01-00 UIC1561-01-00 UIC1551-01-00 UIC2151-12-00 UIC1806-01-00,STA2102-05-00,ME,18.0,월금,2,1,1,4+5,4+2+1
957,20.89,-,YCA1006-01-00,QRM1001-01-00 UIC1561-01-00 UIC1551-01-00 UIC2151-12-00 UIC1805-01-00,STA2102-05-00,ME,18.0,월금,2,1,1,4+5,4+2+1
958,20.89,-,YCA1006-01-00,QRM1001-01-00 UIC1561-01-00 UIC1551-01-00 UIC2151-12-00 UIC1806-01-00,STA2102-05-00,ME,18.0,월금,2,1,1,4+5,4+2+1
959,20.89,-,YCA1006-01-00,QRM1001-01-00 UIC1561-01-00 UIC1551-01-00 UIC2151-12-00 UIC1805-01-00,STA2102-05-00,ME,18.0,월금,2,1,1,4+5,4+2+1
960,20.89,MR,YCA1006-02-00,UIC1561-01-00 UIC1551-01-00 UIC2151-12-00 UIC1805-02-00,STA2102-05-00 ECO1002-05-00,ME FREE,18.0,월금,1,0,1,4,1+2+1
961,20.89,MR,YCA1006-02-00,UIC1561-01-00 UIC1551-01-00 UIC2151-12-00 UIC1805-02-00,STA2102-05-00 ECO1002-05-00,ME FREE,18.0,월금,1,0,1,4,1+2+1
962,20.858,MR,YCA1006-02-00,UIC1561-01-00 UIC1551-03-00 UIC2151-14-00 UIC1805-02-00,ECO1101-06-00 STA2102-04-00,ECO1101 ME,18.0,금,0,0,3,4+5,2+1+2+2
963,20.858,MR,YCA1006-02-00,UIC1561-01-00 UIC1501-02-00 UIC2151-14-00 UIC1805-02-00,ECO1101-06-00 STA2102-04-00,ECO1101 ME,18.0,금,0,0,3,4+5,2+1+2+2
964,20.858,MR,YCA1006-02-00,UIC1561-01-00 UIC1501-02-00 UIC2151-14-00 UIC1805-02-00,ECO1101-06-00 STA2102-04-00,ECO1101 ME,18.0,금,0,0,3,4+5,2+1+2+2
965,20.858,MR,YCA1006-02-00,UIC1561-01-00 UIC1551-03-00 UIC2151-14-00 UIC1805-02-00,ECO1101-06-00 STA2102-04-00,ECO1101 ME,18.0,금,0,0,3,4+5,2+1+2+2
966,20.857,LHP,YCA1006-02-00,QRM1001-01-00 UIC1561-01-00 UIC2151-14-00 UIC1806-01-00,QRM2004-01-00 STA2102-05-00,ME ME,18.0,월금,1,2,1,4+7+5,1
967,20.857,LHP,YCA1006-02-00,QRM1001-01-00 UIC1561-01-00 UIC2151-14-00 UIC1806-01-00,QRM2004-01-00 STA2102-05-00,ME ME,18.0,월금,1,2,1,4+7+5,1
968,20.857,Lang,YCA1006-02-00,QRM1001-01-00 UIC1561-01-00 UIC1501-04-00 UIC2151-14-00,QRM2004-01-00 STA2102-05-00,ME ME,18.0,월금,1,2,1,4+7+5,1
969,20.857,LHP,YCA1006-02-00,QRM1001-01-00 UIC1561-01-00 UIC2151-14-00 UIC1805-01-00,QRM2004-01-00 STA2102-05-00,ME ME,18.0,월금,1,2,1,4+7+5,1
970,20.857,LHP,YCA1006-02-00,QRM1001-01-00 UIC1561-01-00 UIC2151-14-00 UIC1805-01-00,QRM2004-01-00 STA2102-05-00,ME ME,18.0,월금,1,2,1,4+7+5,1
971,20.725,Lang,YCA1006-01-00,QRM1001-01-00 UIC1561-01-00 UIC1551-04-00 UIC2151-04-00,QRM2004-01-00 QRM2001-01-00,ME ME,18.0,금,1,1,1,6,2+1+1+2
972,20.725,Lang,YCA1006-01-00,QRM1001-01-00 UIC1561-01-00 UIC1551-04-00 UIC2151-10-00,QRM2004-01-00 QRM2001-01-00,ME ME,18.0,금,1,1,1,6,2+1+1+2
973,20.69,WCiv,YCA1006-01-00,QRM1001-01-00 ASP2022-01-00 UIC2151-12-00 UIC1805-01-00,QRM2004-01-00 STA2102-05-00,ME ME,18.0,월금,2,1,0,5+6,1+2
974,20.69,WCiv,YCA1006-01-00,QRM1001-01-00 ASP2022-01-00 UIC2151-12-00 UIC1806-01-00,QRM2004-01-00 STA2102-05-00,ME ME,18.0,월금,2,1,0,5+6,1+2
975,20.69,WCiv,YCA1006-01-00,QRM1001-01-00 ASP2022-01-00 UIC2151-12-00 UIC1806-01-00,QRM2004-01-00 STA2102-05-00,ME ME,18.0,월금,2,1,0,5+6,1+2
976,20.69,WCiv,YCA1006-01-00,QRM1001-01-00 ASP2022-01-00 UIC2151-12-00 UIC1805-01-00,QRM2004-01-00 STA2102-05-00,ME ME,18.0,월금,2,1,0,5+6,1+2
977,20.658,MR,YCA1006-02-00,UIC1561-01-00 UIC1551-01-00 UIC2151-11-00 UIC1805-02-00,ECO1104-06-00 ECO1101-06-00,ME ECO1101,18.0,금,0,1,3,6+5,2+1
978,20.658,MR,YCA1006-02-00,UIC1561-01-00 UIC1551-01-00 UIC2151-11-00 UIC1805-02-00,ECO1104-06-00 ECO1101-06-00,ME ECO1101,18.0,금,0,1,3,6+5,2+1
979,20.592,Lang,YCA1006-01-00,QRM1001-01-00 UIC1561-01-00 UIC1401-03-00 UIC1751-01-00,QRM2004-01-00 STA2102-05-00,ME ME,18.0,월,0,1,0,4+4,1+1
980,20.54,Lang,YCA1006-02-00,QRM1001-01-00 UIC1561-01-00 UIC1551-01-00 UIC2151-12-00,ECO1101-06-00 BIZ1101-09-00,ECO1101 FREE,18.0,월금,1,0,3,4,3+1+2+1
981,20.517,Lang,YCA1006-01-00,QRM1001-01-00 UIC1561-01-00 UIC1351-02-00 UIC2151-14-00,QRM2004-01-00 STA2102-05-00,ME ME,18.0,월,0,0,1,4+6,1+2
982,20.517,Lang,YCA1006-01-00,QRM1001-01-00 UIC1561-01-00 UIC1501-01-00 UIC2151-14-00,QRM2004-01-00 STA2102-05-00,ME ME,18.0,월,0,0,1,4+6,1+2
983,20.49,MR,-,UIC1561-01-00 UIC1501-05-00 UIC2151-14-00 UIC1805-01-00,ECO1104-06-00 STA2102-05-00,ME ME,18.0,월금,2,0,1,4+4,2+1
984,20.49,MR,-,UIC1561-01-00 UIC1501-05-00 UIC2151-14-00 UIC1806-01-00,ECO1104-06-00 STA2102-05-00,ME ME,18.0,월금,2,0,1,4+4,2+1
985,20.49,MR,-,UIC1561-01-00 UIC1501-05-00 UIC2151-14-00 UIC1806-01-00,ECO1104-06-00 STA2102-05-00,ME ME,18.0,월금,2,0,1,4+4,2+1
986,20.49,MR,-,UIC1561-01-00 UIC1501-05-00 UIC2151-14-00 UIC1805-01-00,ECO1104-06-00 STA2102-05-00,ME ME,18.0,월금,2,0,1,4+4,2+1
987,20.433,MR,YCA1006-01-00,UIC1561-01-00 UIC1551-01-00 UIC2151-10-00 UIC1805-02-00,ECO1104-06-00 STA2102-05-00,ME ME,18.0,금,0,1,1,6+4,1+1+1
988,20.433,MR,YCA1006-01-00,UIC1561-01-00 UIC1551-01-00 UIC2151-04-00 UIC1805-02-00,ECO1104-06-00 STA2102-05-00,ME ME,18.0,금,0,1,1,6+4,1+1+1
989,20.433,MR,YCA1006-01-00,UIC1561-01-00 UIC1551-04-00 UIC2151-10-00 UIC1805-02-00,ECO1104-06-00 STA2102-05-00,ME ME,18.0,금,0,1,1,6+4,1+1+1
990,20.433,MR,YCA1006-01-00,UIC1561-01-00 UIC1551-01-00 UIC2151-10-00 UIC1805-02-00,ECO1104-06-00 STA2102-05-00,ME ME,18.0,금,0,1,1,6+4,1+1+1
991,20.433,MR,YCA1006-01-00,UIC1561-01-00 UIC1551-04-00 UIC2151-04-00 UIC1805-02-00,ECO1104-06-00 STA2102-05-00,ME ME,18.0,금,0,1,1,6+4,1+1+1
992,20.433,MR,YCA1006-01-00,UIC1561-01-00 UIC1551-04-00 UIC2151-04-00 UIC1805-02-00,ECO1104-06-00 STA2102-05-00,ME ME,18.0,금,0,1,1,6+4,1+1+1
993,20.433,MR,YCA1006-01-00,UIC1561-01-00 UIC1551-01-00 UIC2151-04-00 UIC1805-02-00,ECO1104-06-00 STA2102-05-00,ME ME,18.0,금,0,1,1,6+4,1+1+1
994,20.433,MR,YCA1006-01-00,UIC1561-01-00 UIC1551-04-00 UIC2151-10-00 UIC1805-02-00,ECO1104-06-00 STA2102-05-00,ME ME,18.0,금,0,1,1,6+4,1+1+1
995,20.39,MR,YCA1006-01-00,UIC1561-01-00 UIC1551-04-00 UIC2151-07-00 UIC1805-02-00,STA2102-05-00 YCK1998-03-00,ME FREE,18.0,월금,0,0,1,4+4,1+1
996,20.39,MR,YCA1006-01-00,UIC1561-01-00 UIC1551-01-00 UIC2151-08-00 UIC1806-02-00,STA2102-05-00 YCK1998-03-00,ME FREE,18.0,월금,0,0,1,4+4,1+1
997,20.39,MR,YCA1006-01-00,UIC1561-01-00 UIC1551-04-00 UIC2151-09-00 UIC1806-02-00,STA2102-05-00 YCK1998-03-00,ME FREE,18.0,월금,0,0,1,4+4,1+1
998,20.39,MR,YCA1006-01-00,UIC1561-01-00 UIC1551-04-00 UIC2151-07-00 UIC1805-02-00,STA2102-05-00 YCK1998-03-00,ME FREE,18.0,월금,0,0,1,4+4,1+1
999,20.39,MR,YCA1006-01-00,UIC1561-01-00 UIC1551-01-00 UIC2151-07-00 UIC1805-02-00,STA2102-05-00 YCK1998-03-00,ME FREE,18.0,월금,0,0,1,4+4,1+1
1000,20.39,MR,YCA1006-01-00,UIC1561-01-00 UIC1551-01-00 UIC2151-09-00 UIC1806-02-00,STA2102-05-00 YCK1998-03-00,ME FREE,18.0,월금,0,0,1,4+4,1+1
1001,20.39,MR,YCA1006-01-00,UIC1561-01-00 UIC1551-01-00 UIC2151-06-00 UIC1805-02-00,STA2102-05-00 YCK1998-03-00,ME FREE,18.0,월금,0,0,1,4+4,1+1
1002,20.39,MR,YCA1006-01-00,UIC1561-01-00 UIC1551-04-00 UIC2151-08-00 UIC1806-02-00,STA2102-05-00 YCK1998-03-00,ME FREE,18.0,월금,0,0,1,4+4,1+1
1003,20.39,MR,YCA1006-01-00,UIC1561-01-00 UIC1551-01-00 UIC2151-09-00 UIC1806-02-00,STA2102-05-00 YCK1998-03-00,ME FREE,18.0,월금,0,0,1,4+4,1+1
1004,20.39,MR,YCA1006-01-00,UIC1561-01-00 UIC1551-04-00 UIC2151-06-00 UIC1805-02-00,STA2102-05-00 YCK1998-03-00,ME FREE,18.0,월금,0,0,1,4+4,1+1
1005,20.39,MR,YCA1006-01-00,UIC1561-01-00 UIC1551-01-00 UIC2151-06-00 UIC1805-02-00,STA2102-05-00 YCK1998-03-00,ME FREE,18.0,월금,0,0,1,4+4,1+1
1006,20.39,MR,YCA1006-01-00,UIC1561-01-00 UIC1551-04-00 UIC2151-06-00 UIC1805-02-00,STA2102-05-00 YCK1998-03-00,ME FREE,18.0,월금,0,0,1,4+4,1+1
1007,20.39,MR,YCA1006-01-00,UIC1561-01-00 UIC1551-01-00 UIC2151-07-00 UIC1805-02-00,STA2102-05-00 YCK1998-03-00,ME FREE,18.0,월금,0,0,1,4+4,1+1
1008,20.39,MR,YCA1006-01-00,UIC1561-01-00 UIC1551-01-00 UIC2151-08-00 UIC1806-02-00,STA2102-05-00 YCK1998-03-00,ME FREE,18.0,월금,0,0,1,4+4,1+1
1009,20.39,MR,YCA1006-01-00,UIC1561-01-00 UIC1551-04-00 UIC2151-09-00 UIC1806-02-00,STA2102-05-00 YCK1998-03-00,ME FREE,18.0,월금,0,0,1,4+4,1+1
1010,20.39,MR,YCA1006-01-00,UIC1561-01-00 UIC1551-04-00 UIC2151-08-00 UIC1806-02-00,STA2102-05-00 YCK1998-03-00,ME FREE,18.0,월금,0,0,1,4+4,1+1
1011,20.34,MR,YCA1006-01-00,UIC1561-01-00 UIC1551-04-00 UIC2151-12-00 UIC1805-02-00,ECO1101-06-00 QRM2001-01-00,ECO1101 ME,18.0,월금,2,0,3,4,2+1+3+2+2
1012,20.34,MR,YCA1006-01-00,UIC1561-01-00 UIC1551-04-00 UIC2151-12-00 UIC1805-02-00,ECO1101-06-00 QRM2001-01-00,ECO1101 ME,18.0,월금,2,0,3,4,2+1+3+2+2
1013,20.34,-,YCA1006-02-00,QRM1001-01-00 UIC1561-01-00 UIC1551-01-00 UIC2151-12-00 UIC1805-01-00,QRM2004-01-00,ME,18.0,월금,2,2,1,5+5,1+3+1
1014,20.34,-,YCA1006-02-00,QRM1001-01-00 UIC1561-01-00 UIC1551-01-00 UIC2151-12-00 UIC1806-01-00,QRM2004-01-00,ME,18.0,월금,2,2,1,5+5,1+3+1
1015,20.34,-,YCA1006-02-00,QRM1001-01-00 UIC1561-01-00 UIC1551-01-00 UIC2151-12-00 UIC1806-01-00,QRM2004-01-00,ME,18.0,월금,2,2,1,5+5,1+3+1
1016,20.34,-,YCA1006-02-00,QRM1001-01-00 UIC1561-01-00 UIC1551-01-00 UIC2151-12-00 UIC1805-01-00,QRM2004-01-00,ME,18.0,월금,2,2,1,5+5,1+3+1
1017,20.3,MR,YCA1006-02-00,UIC1561-01-00 UIC1551-01-00 UIC2151-12-00 UIC1805-02-00,STA2102-04-00 QRM2102-01-00,ME ME,18.0,월,1,0,1,,1+3+1
1018,20.3,MR,YCA1006-02-00,UIC1561-01-00 UIC1551-01-00 UIC2151-12-00 UIC1805-02-00,STA2102-04-00 QRM2102-01-00,ME ME,18.0,월,1,0,1,,1+3+1
1019,20.3,Lang,YCA1006-01-00,QRM1001-01-00 UIC1561-01-00 UIC1551-01-00 UIC2151-04-00,ECO1103-02-00 QRM2004-01-00,ME ME,18.0,금,1,0,1,4+4,2+1+1+2+1
1020,20.3,Lang,YCA1006-01-00,QRM1001-01-00 UIC1561-01-00 UIC1551-01-00 UIC2151-10-00,ECO1103-02-00 QRM2004-01-00,ME ME,18.0,금,1,0,1,4+4,2+1+1+2+1
1021,20.3,Lang,YCA1006-01-00,QRM1001-01-00 UIC1561-01-00 UIC1551-04-00 UIC2151-10-00,ECO1103-02-00 QRM2004-01-00,ME ME,18.0,금,1,0,1,4+4,2+1+1+1+2
1022,20.3,Lang,YCA1006-01-00,QRM1001-01-00 UIC1561-01-00 UIC1551-04-00 UIC2151-04-00,ECO1103-02-00 QRM2004-01-00,ME ME,18.0,금,1,0,1,4+4,2+1+1+1+2
1023,20.265,WCiv,YCA1006-01-00,QRM1001-01-00 UIC1551-01-00 UIC2151-12-00 UIC1805-01-00,ECO1101-05-00 STA2102-05-00,ECO1101 ME,18.0,월금,2,1,1,4+5,4+2+1+1
1024,20.265,WCiv,YCA1006-01-00,QRM1001-01-00 UIC1551-01-00 UIC2151-12-00 UIC1805-01-00,ECO1101-05-00 STA2102-05-00,ECO1101 ME,18.0,월금,2,1,1,4+5,4+2+1+1
1025,20.265,WCiv,YCA1006-01-00,QRM1001-01-00 UIC1551-01-00 UIC2151-12-00 UIC1806-01-00,ECO1101-05-00 STA2102-05-00,ECO1101 ME,18.0,월금,2,1,1,4+5,4+2+1+1
1026,20.265,WCiv,YCA1006-01-00,QRM1001-01-00 UIC1551-01-00 UIC2151-12-00 UIC1806-01-00,ECO1101-05-00 STA2102-05-00,ECO1101 ME,18.0,월금,2,1,1,4+5,4+2+1+1
1027,20.232,Lang,YCA1006-01-00,QRM1001-01-00 UIC1561-01-00 ASP2022-01-00 UIC2151-12-00,QRM2004-01-00 QRM2001-01-00,ME ME,18.0,월금,2,1,0,5+6,1+3
1028,20.19,Lang,YCA1006-01-00,QRM1001-01-00 UIC1561-01-00 ASP2022-01-00 UIC2151-05-00,ECO1101-06-00 STA2102-05-00,ECO1101 ME,18.0,월금,1,1,2,6+6,4+2
1029,20.19,SciRD,YCA1006-01-00,QRM1001-01-00 UIC1561-01-00 ASP2022-01-00 UIC1806-01-00,ECO1101-06-00 STA2102-05-00,ECO1101 ME,18.0,월금,1,1,2,6+6,4+2
1030,20.19,SciRD,YCA1006-01-00,QRM1001-01-00 UIC1561-01-00 ASP2022-01-00 UIC1806-01-00,ECO1101-06-00 STA2102-05-00,ECO1101 ME,18.0,월금,1,1,2,6+6,4+2
1031,20.19,SciRD,YCA1006-01-00,QRM1001-01-00 UIC1561-01-00 ASP2022-01-00 UIC1805-01-00,ECO1101-06-00 STA2102-05-00,ECO1101 ME,18.0,월금,1,1,2,6+6,4+2
1032,20.19,SciRD,YCA1006-01-00,QRM1001-01-00 UIC1561-01-00 ASP2022-01-00 UIC1805-01-00,ECO1101-06-00 STA2102-05-00,ECO1101 ME,18.0,월금,1,1,2,6+6,4+2
1033,20.19,MR,YCA1006-01-00,UIC1561-01-00 UIC1401-02-00 UIC2151-14-00 UIC1806-02-00,STA2102-05-00 QRM2001-01-00,ME ME,18.0,월금,1,1,1,4+6+5,1
1034,20.19,MR,YCA1006-01-00,UIC1561-01-00 UIC1251-02-00 UIC2151-14-00 UIC1805-02-00,STA2102-05-00 QRM2001-01-00,ME ME,18.0,월금,1,1,1,4+6+5,1
1035,20.19,MR,YCA1006-01-00,UIC1561-01-00 UIC1251-02-00 UIC2151-14-00 UIC1805-02-00,STA2102-05-00 QRM2001-01-00,ME ME,18.0,월금,1,1,1,4+6+5,1
1036,20.19,MR,YCA1006-01-00,UIC1561-01-00 UIC1401-02-00 UIC2151-14-00 UIC1806-02-00,STA2102-05-00 QRM2001-01-00,ME ME,18.0,월금,1,1,1,4+6+5,1
1037,20.15,Lang,YCA1006-02-00,QRM1001-01-00 UIC1561-01-00 UIC1551-03-00 UIC2151-14-00,QRM2004-01-00 STA2102-05-00,ME ME,18.0,금,0,2,1,6+7,1
1038,20.15,Lang,YCA1006-02-00,QRM1001-01-00 UIC1561-01-00 UIC1501-02-00 UIC2151-14-00,QRM2004-01-00 STA2102-05-00,ME ME,18.0,금,0,2,1,6+7,1
1039,20.133,MR,YCA1006-02-00,UIC1561-01-00 UIC1551-01-00 UIC2151-11-00 UIC1805-02-00,ECO1103-02-00 STA2102-04-00,ME ME,18.0,금,1,0,1,4,2+1+3+1
1040,20.133,MR,YCA1006-02-00,UIC1561-01-00 UIC1551-01-00 UIC2151-11-00 UIC1805-02-00,ECO1103-02-00 STA2102-04-00,ME ME,18.0,금,1,0,1,4,2+1+3+1
1041,20.115,MR,YCA1006-02-00,UIC1561-01-00 UIC1551-04-00 UIC2151-12-00 UIC1805-02-00,STA2102-04-00 QRM2001-01-00,ME ME,18.0,월금,2,1,1,6,1+1+1+3
1042,20.115,MR,YCA1006-02-00,UIC1561-01-00 UIC1551-04-00 UIC2151-12-00 UIC1805-02-00,STA2102-04-00 QRM2001-01-00,ME ME,18.0,월금,2,1,1,6,1+1+1+3
1043,20.075,Lang,YCA1006-01-00,QRM1001-01-00 UIC1561-01-00 UIC1401-03-00 UIC2151-12-00,ECO1101-06-00 QRM2004-01-00,ECO1101 ME,18.0,월,1,0,2,4,1+1+1+2
1044,20.033,MR,YCA1006-01-00,UIC1561-01-00 UIC1551-04-00 UIC2151-10-00 UIC1805-02-00,ECO1104-06-00 ECO1101-06-00,ME ECO1101,18.0,금,0,0,3,4+4,2+1+1+2+2
1045,20.033,MR,YCA1006-01-00,UIC1561-01-00 UIC1551-04-00 UIC2151-04-00 UIC1805-02-00,ECO1104-06-00 ECO1101-06-00,ME ECO1101,18.0,금,0,0,3,4+4,2+1+1+2+2
1046,20.033,MR,YCA1006-01-00,UIC1561-01-00 UIC1551-01-00 UIC2151-04-00 UIC1805-02-00,ECO1104-06-00 ECO1101-06-00,ME ECO1101,18.0,금,0,0,3,4+4,2+1+2+2+1
1047,20.033,MR,YCA1006-01-00,UIC1561-01-00 UIC1551-01-00 UIC2151-10-00 UIC1805-02-00,ECO1104-06-00 ECO1101-06-00,ME ECO1101,18.0,금,0,0,3,4+4,2+1+2+2+1
1048,20.033,MR,YCA1006-01-00,UIC1561-01-00 UIC1551-01-00 UIC2151-10-00 UIC1805-02-00,ECO1104-06-00 ECO1101-06-00,ME ECO1101,18.0,금,0,0,3,4+4,2+1+2+2+1
1049,20.033,MR,YCA1006-01-00,UIC1561-01-00 UIC1551-04-00 UIC2151-10-00 UIC1805-02-00,ECO1104-06-00 ECO1101-06-00,ME ECO1101,18.0,금,0,0,3,4+4,2+1+1+2+2
1050,20.033,MR,YCA1006-01-00,UIC1561-01-00 UIC1551-01-00 UIC2151-04-00 UIC1805-02-00,ECO1104-06-00 ECO1101-06-00,ME ECO1101,18.0,금,0,0,3,4+4,2+1+2+2+1
1051,20.033,MR,YCA1006-01-00,UIC1561-01-00 UIC1551-04-00 UIC2151-04-00 UIC1805-02-00,ECO1104-06-00 ECO1101-06-00,ME ECO1101,18.0,금,0,0,3,4+4,2+1+1+2+2
1052,19.965,MR,YCA1006-02-00,UIC1561-01-00 UIC1551-01-00 UIC2151-08-00 UIC1806-01-00,ECO1104-06-00 STA2102-05-00,ME ME,18.0,월금,1,2,1,4+5+5,1+1
1053,19.965,MR,YCA1006-02-00,UIC1561-01-00 UIC1551-01-00 UIC2151-09-00 UIC1806-01-00,ECO1104-06-00 STA2102-05-00,ME ME,18.0,월금,1,2,1,4+5+5,1+1
1054,19.965,MR,YCA1006-02-00,UIC1561-01-00 UIC1551-01-00 UIC2151-09-00 UIC1805-01-00,ECO1104-06-00 STA2102-05-00,ME ME,18.0,월금,1,2,1,4+5+5,1+1
1055,19.965,MR,YCA1006-02-00,UIC1561-01-00 UIC1551-01-00 UIC2151-05-00 UIC1805-02-00,ECO1104-06-00 STA2102-05-00,ME ME,18.0,월금,1,2,1,4+5+5,1+1
1056,19.965,MR,YCA1006-02-00,UIC1561-01-00 UIC1551-01-00 UIC2151-08-00 UIC1805-01-00,ECO1104-06-00 STA2102-05-00,ME ME,18.0,월금,1,2,1,4+5+5,1+1
1057,19.965,MR,YCA1006-02-00,UIC1561-01-00 UIC1551-01-00 UIC2151-08-00 UIC1805-01-00,ECO1104-06-00 STA2102-05-00,ME ME,18.0,월금,1,2,1,4+5+5,1+1
1058,19.965,MR,YCA1006-02-00,UIC1561-01-00 UIC1551-01-00 UIC2151-08-00 UIC1806-01-00,ECO1104-06-00 STA2102-05-00,ME ME,18.0,월금,1,2,1,4+5+5,1+1
1059,19.965,MR,YCA1006-02-00,UIC1561-01-00 UIC1551-01-00 UIC2151-05-00 UIC1805-02-00,ECO1104-06-00 STA2102-05-00,ME ME,18.0,월금,1,2,1,4+5+5,1+1
1060,19.965,MR,YCA1006-02-00,UIC1561-01-00 UIC1551-01-00 UIC2151-09-00 UIC1806-01-00,ECO1104-06-00 STA2102-05-00,ME ME,18.0,월금,1,2,1,4+5+5,1+1
1061,19.965,MR,YCA1006-02-00,UIC1561-01-00 UIC1551-01-00 UIC2151-09-00 UIC1805-01-00,ECO1104-06-00 STA2102-05-00,ME ME,18.0,월금,1,2,1,4+5+5,1+1
1062,19.958,MR,YCA1006-02-00,UIC1561-01-00 UIC1501-03-00 UIC2151-12-00 UIC1805-02-00,ECO1101-06-00 STA2102-04-00,ECO1101 ME,18.0,금,1,0,2,6,1+2+2
1063,19.958,MR,YCA1006-02-00,UIC1561-01-00 UIC1501-03-00 UIC2151-12-00 UIC1805-02-00,ECO1101-06-00 STA2102-04-00,ECO1101 ME,18.0,금,1,0,2,6,1+2+2
1064,19.924,WCiv,YCA1006-01-00,QRM1001-01-00 ASP2022-01-00 UIC2151-13-00 UIC1805-01-00,ECO1101-06-00 STA2102-05-00,ECO1101 ME,18.0,월금,1,1,2,5+6,2+4
1065,19.924,WCiv,YCA1006-01-00,QRM1001-01-00 ASP2022-01-00 UIC2151-13-00 UIC1805-01-00,ECO1101-06-00 STA2102-05-00,ECO1101 ME,18.0,월금,1,1,2,5+6,2+4
1066,19.924,WCiv,YCA1006-01-00,QRM1001-01-00 ASP2022-01-00 UIC2151-13-00 UIC1806-01-00,ECO1101-06-00 STA2102-05-00,ECO1101 ME,18.0,월금,1,1,2,5+6,2+4
1067,19.924,WCiv,YCA1006-01-00,QRM1001-01-00 ASP2022-01-00 UIC2151-13-00 UIC1806-01-00,ECO1101-06-00 STA2102-05-00,ECO1101 ME,18.0,월금,1,1,2,5+6,2+4
1068,19.89,MR,YCA1006-01-00,UIC1561-01-00 ASP2022-01-00 UIC2151-12-00 UIC1805-02-00,ECO1101-06-00 STA2102-05-00,ECO1101 ME,18.0,월금,1,0,2,6+4,2+2+2+2
1069,19.89,MR,YCA1006-01-00,UIC1561-01-00 ASP2022-01-00 UIC2151-12-00 UIC1805-02-00,ECO1101-06-00 STA2102-05-00,ECO1101 ME,18.0,월금,1,0,2,6+4,2+2+2+2
1070,19.89,MR,YCA1006-01-00,UIC1561-01-00 UIC1401-02-00 UIC2151-12-00 UIC1806-02-00,STA2102-05-00 QRM2001-01-00,ME ME,18.0,월금,2,1,0,4+5,1+2
1071,19.89,MR,YCA1006-01-00,UIC1561-01-00 UIC1251-02-00 UIC2151-12-00 UIC1805-02-00,STA2102-05-00 QRM2001-01-00,ME ME,18.0,월금,2,1,0,4+5,1+2
1072,19.89,MR,YCA1006-01-00,UIC1561-01-00 UIC1401-02-00 UIC2151-12-00 UIC1806-02-00,STA2102-05-00 QRM2001-01-00,ME ME,18.0,월금,2,1,0,4+5,1+2
1073,19.89,MR,YCA1006-01-00,UIC1561-01-00 UIC1251-02-00 UIC2151-12-00 UIC1805-02-00,STA2102-05-00 QRM2001-01-00,ME ME,18.0,월금,2,1,0,4+5,1+2
1074,19.89,MR,YCA1006-01-00,UIC1561-01-00 UIC1551-01-00 UIC2151-12-00 UIC1805-02-00,STA2102-04-00 BIZ1101-09-00,ME FREE,18.0,월금,1,0,1,,2+1+1
1075,19.89,MR,YCA1006-01-00,UIC1561-01-00 UIC1551-01-00 UIC2151-12-00 UIC1805-02-00,STA2102-04-00 BIZ1101-09-00,ME FREE,18.0,월금,1,0,1,,2+1+1
1076,19.865,-,YCA1006-02-00,QRM1001-01-00 UIC1561-01-00 ASP2022-01-00 UIC2151-12-00 UIC1806-01-00,STA2102-05-00,ME,18.0,월금,2,1,0,4+6,1+3+2
1077,19.865,-,YCA1006-02-00,QRM1001-01-00 UIC1561-01-00 ASP2022-01-00 UIC2151-12-00 UIC1806-01-00,STA2102-05-00,ME,18.0,월금,2,1,0,4+6,1+3+2
1078,19.865,-,YCA1006-02-00,QRM1001-01-00 UIC1561-01-00 ASP2022-01-00 UIC2151-12-00 UIC1805-01-00,STA2102-05-00,ME,18.0,월금,2,1,0,4+6,1+3+2
1079,19.865,-,YCA1006-02-00,QRM1001-01-00 UIC1561-01-00 ASP2022-01-00 UIC2151-12-00 UIC1805-01-00,STA2102-05-00,ME,18.0,월금,2,1,0,4+6,1+3+2
1080,19.857,SciRD,YCA1006-01-00,QRM1001-01-00 UIC1561-01-00 UIC1551-04-00 UIC1805-01-00,QRM2004-01-00 YCK1998-03-00,ME FREE,18.0,월금,1,1,1,6,1+1
1081,19.857,SciRD,YCA1006-01-00,QRM1001-01-00 UIC1561-01-00 UIC1551-04-00 UIC1806-01-00,QRM2004-01-00 YCK1998-03-00,ME FREE,18.0,월금,1,1,1,6,1+1
1082,19.857,SciRD,YCA1006-01-00,QRM1001-01-00 UIC1561-01-00 UIC1551-04-00 UIC1805-01-00,QRM2004-01-00 YCK1998-03-00,ME FREE,18.0,월금,1,1,1,6,1+1
1083,19.857,Lang,YCA1006-01-00,QRM1001-01-00 UIC1561-01-00 UIC1551-04-00 UIC2151-05-00,QRM2004-01-00 YCK1998-03-00,ME FREE,18.0,월금,1,1,1,6,1+1
1084,19.857,SciRD,YCA1006-01-00,QRM1001-01-00 UIC1561-01-00 UIC1551-04-00 UIC1806-01-00,QRM2004-01-00 YCK1998-03-00,ME FREE,18.0,월금,1,1,1,6,1+1
1085,19.767,Lang,YCA1006-01-00,QRM1001-01-00 UIC1561-01-00 UIC1401-03-00 UIC2151-14-00,QRM2004-01-00 QRM2002-01-00,ME ME,18.0,월,1,0,1,6,1+1+1
1086,19.658,Lang,YCA1006-02-00,QRM1001-01-00 UIC1561-01-00 UIC1551-04-00 UIC2151-10-00,ECO1101-06-00 QRM2004-01-00,ECO1101 ME,18.0,금,0,1,3,4+4+4,2+1+2+2
1087,19.658,Lang,YCA1006-01-00,QRM1001-01-00 UIC1561-01-00 UIC1501-02-00 UIC2151-12-00,ECO1101-06-00 QRM2004-01-00,ECO1101 ME,18.0,금,1,0,2,4+4,2+1+2+2
1088,19.658,Lang,YCA1006-02-00,QRM1001-01-00 UIC1561-01-00 UIC1551-04-00 UIC2151-04-00,ECO1101-06-00 QRM2004-01-00,ECO1101 ME,18.0,금,0,1,3,4+4+4,2+1+2+2
1089,19.658,Lang,YCA1006-01-00,QRM1001-01-00 UIC1561-01-00 UIC1551-03-00 UIC2151-12-00,ECO1101-06-00 QRM2004-01-00,ECO1101 ME,18.0,금,1,0,2,4+4,2+1+2+2
1090,19.64,MR,YCA1006-02-00,UIC1561-01-00 UIC1551-04-00 UIC2151-12-00 UIC1806-02-00,STA2102-05-00 YCI1998-02-00,ME FREE,18.0,월금,1,0,1,4,2+2
1091,19.64,MR,YCA1006-02-00,UIC1561-01-00 UIC1551-04-00 UIC2151-12-00 UIC1806-02-00,STA2102-05-00 YCI1998-02-00,ME FREE,18.0,월금,1,0,1,4,2+2
1092,19.607,Lang,-,QRM1001-01-00 UIC1561-01-00 ASP2033-01-00 UIC2151-14-00,STA2102-05-00 YCK1998-03-00,ME FREE,18.0,월금,0,0,1,4,2
1093,19.592,Lang,YCA1006-02-00,QRM1001-01-00 UIC1561-01-00 UIC1401-03-00 UIC2151-12-00,QRM2002-01-00 STA2102-05-00,ME ME,18.0,월,2,0,0,4,1+1
1094,19.565,MR,YCA1006-02-00,UIC1561-01-00 ASP2022-01-00 UIC2151-12-00 UIC1805-02-00,STA2102-05-00 QRM2001-01-00,ME ME,18.0,월금,2,0,0,4+4,1+1+2+2
1095,19.565,MR,YCA1006-02-00,UIC1561-01-00 ASP2022-01-00 UIC2151-12-00 UIC1805-02-00,STA2102-05-00 QRM2001-01-00,ME ME,18.0,월금,2,0,0,4+4,1+1+2+2
1096,19.557,Lang,YCA1006-01-00,QRM1001-01-00 UIC1561-01-00 UIC1551-01-00 UIC2151-12-00,STA2102-05-00 QRM2001-01-00,ME ME,18.0,월금,2,1,1,4+5,4+2+1
1097,19.54,MR,YCA1006-01-00,UIC1561-01-00 ASP2022-01-00 UIC2151-12-00 UIC1805-02-00,ECO1104-06-00 ECO1101-06-00,ME ECO1101,18.0,월금,1,0,2,4+5+4,1+3+2
1098,19.54,MR,YCA1006-01-00,UIC1561-01-00 ASP2022-01-00 UIC2151-12-00 UIC1805-02-00,ECO1104-06-00 ECO1101-06-00,ME ECO1101,18.0,월금,1,0,2,4+5+4,1+3+2
1099,19.465,WCiv,YCA1006-02-00,QRM1001-01-00 UIC1551-01-00 UIC2151-12-00 UIC1806-01-00,QRM2004-01-00 STA2102-05-00,ME ME,18.0,월금,2,2,1,5+5,1+2+1
1100,19.465,WCiv,YCA1006-02-00,QRM1001-01-00 UIC1551-01-00 UIC2151-12-00 UIC1805-01-00,QRM2004-01-00 STA2102-05-00,ME ME,18.0,월금,2,2,1,5+5,1+2+1
1101,19.465,WCiv,YCA1006-02-00,QRM1001-01-00 UIC1551-01-00 UIC2151-12-00 UIC1806-01-00,QRM2004-01-00 STA2102-05-00,ME ME,18.0,월금,2,2,1,5+5,1+2+1
1102,19.465,WCiv,YCA1006-02-00,QRM1001-01-00 UIC1551-01-00 UIC2151-12-00 UIC1805-01-00,QRM2004-01-00 STA2102-05-00,ME ME,18.0,월금,2,2,1,5+5,1+2+1
1103,19.458,Lang,-,QRM1001-01-00 UIC1561-01-00 UIC1551-04-00 UIC2151-04-00,ECO1101-06-00 QRM2004-01-00,ECO1101 ME,18.0,금,0,0,3,4+4,2+1+2+2
1104,19.458,Lang,-,QRM1001-01-00 UIC1561-01-00 UIC1551-04-00 UIC2151-10-00,ECO1101-06-00 QRM2004-01-00,ECO1101 ME,18.0,금,0,0,3,4+4,2+1+2+2
1105,19.458,Lang,-,QRM1001-01-00 UIC1561-01-00 UIC1551-01-00 UIC2151-10-00,ECO1101-06-00 QRM2004-01-00,ECO1101 ME,18.0,금,0,0,3,4+4,2+2+2+1
1106,19.458,Lang,-,QRM1001-01-00 UIC1561-01-00 UIC1551-01-00 UIC2151-04-00,ECO1101-06-00 QRM2004-01-00,ECO1101 ME,18.0,금,0,0,3,4+4,2+2+2+1
1107,19.457,SciRD,YCA1006-02-00,QRM1001-01-00 UIC1561-01-00 ASP2022-01-00 UIC1806-01-00,QRM2004-01-00 STA2102-05-00,ME ME,18.0,월금,1,2,0,4+6+6,1
1108,19.457,SciRD,YCA1006-02-00,QRM1001-01-00 UIC1561-01-00 ASP2022-01-00 UIC1806-01-00,QRM2004-01-00 STA2102-05-00,ME ME,18.0,월금,1,2,0,4+6+6,1
1109,19.457,Lang,YCA1006-02-00,QRM1001-01-00 UIC1561-01-00 ASP2022-01-00 UIC2151-05-00,QRM2004-01-00 STA2102-05-00,ME ME,18.0,월금,1,2,0,4+6+6,1
1110,19.457,SciRD,YCA1006-02-00,QRM1001-01-00 UIC1561-01-00 ASP2022-01-00 UIC1805-01-00,QRM2004-01-00 STA2102-05-00,ME ME,18.0,월금,1,2,0,4+6+6,1
1111,19.457,SciRD,YCA1006-02-00,QRM1001-01-00 UIC1561-01-00 ASP2022-01-00 UIC1805-01-00,QRM2004-01-00 STA2102-05-00,ME ME,18.0,월금,1,2,0,4+6+6,1
1112,19.39,MR,-,UIC1561-01-00 ASP2022-01-00 UIC2151-08-00 UIC1806-02-00,ECO1101-06-00 STA2102-05-00,ECO1101 ME,18.0,월금,0,0,2,6+5+4,2
1113,19.39,MR,-,UIC1561-01-00 ASP2022-01-00 UIC2151-06-00 UIC1805-02-00,ECO1101-06-00 STA2102-05-00,ECO1101 ME,18.0,월금,0,0,2,6+5+4,2
1114,19.39,MR,-,UIC1561-01-00 ASP2022-01-00 UIC2151-07-00 UIC1805-02-00,ECO1101-06-00 STA2102-05-00,ECO1101 ME,18.0,월금,0,0,2,6+5+4,2
1115,19.39,MR,-,UIC1561-01-00 ASP2022-01-00 UIC2151-06-00 UIC1805-02-00,ECO1101-06-00 STA2102-05-00,ECO1101 ME,18.0,월금,0,0,2,6+5+4,2
1116,19.39,MR,-,UIC1561-01-00 ASP2022-01-00 UIC2151-09-00 UIC1806-02-00,ECO1101-06-00 STA2102-05-00,ECO1101 ME,18.0,월금,0,0,2,6+5+4,2
1117,19.39,MR,-,UIC1561-01-00 ASP2022-01-00 UIC2151-09-00 UIC1806-02-00,ECO1101-06-00 STA2102-05-00,ECO1101 ME,18.0,월금,0,0,2,6+5+4,2
1118,19.39,MR,-,UIC1561-01-00 ASP2022-01-00 UIC2151-07-00 UIC1805-02-00,ECO1101-06-00 STA2102-05-00,ECO1101 ME,18.0,월금,0,0,2,6+5+4,2
1119,19.39,MR,-,UIC1561-01-00 ASP2022-01-00 UIC2151-08-00 UIC1806-02-00,ECO1101-06-00 STA2102-05-00,ECO1101 ME,18.0,월금,0,0,2,6+5+4,2
1120,19.333,Lang,YCA1006-02-00,QRM1001-01-00 UIC1561-01-00 UIC1501-03-00 UIC2151-14-00,ECO1101-06-00 ECO1103-02-00,ECO1101 ME,18.0,금,1,0,3,6,2+3+3+2
1121,19.315,MR,-,UIC1561-01-00 ASP2022-01-00 UIC2151-12-00 UIC1805-02-00,ECO1104-06-00 STA2102-05-00,ME ME,18.0,월금,1,0,0,4+5+4,2
1122,19.315,MR,-,UIC1561-01-00 ASP2022-01-00 UIC2151-12-00 UIC1805-02-00,ECO1104-06-00 STA2102-05-00,ME ME,18.0,월금,1,0,0,4+5+4,2
1123,19.307,Lang,YCA1006-02-00,QRM1001-01-00 UIC1561-01-00 ASP2022-01-00 UIC2151-12-00,STA2102-05-00 YCH1605-01-00,ME FREE,18.0,월금,1,0,0,4+4,2+2
1124,19.29,WCiv,-,QRM1001-01-00 UIC1551-04-00 UIC2151-13-00 UIC1805-01-00,QRM2004-01-00 STA2102-05-00,ME ME,18.0,월금,1,1,2,4+6,2+1
1125,19.29,WCiv,-,QRM1001-01-00 UIC1551-04-00 UIC2151-13-00 UIC1806-01-00,QRM2004-01-00 STA2102-05-00,ME ME,18.0,월금,1,1,2,4+6,2+1
1126,19.29,WCiv,-,QRM1001-01-00 UIC1551-04-00 UIC2151-13-00 UIC1805-01-00,QRM2004-01-00 STA2102-05-00,ME ME,18.0,월금,1,1,2,4+6,2+1
1127,19.29,WCiv,-,QRM1001-01-00 UIC1551-04-00 UIC2151-13-00 UIC1806-01-00,QRM2004-01-00 STA2102-05-00,ME ME,18.0,월금,1,1,2,4+6,2+1
1128,19.258,MR,YCA1006-01-00,UIC1561-01-00 UIC1501-03-00 UIC2151-14-00 UIC1805-02-00,ECO1104-06-00 ECO1101-06-00,ME ECO1101,18.0,금,0,0,3,6+6,1+2
1129,19.258,MR,YCA1006-01-00,UIC1561-01-00 UIC1501-03-00 UIC2151-14-00 UIC1805-02-00,ECO1104-06-00 ECO1101-06-00,ME ECO1101,18.0,금,0,0,3,6+6,1+2
1130,19.258,MR,YCA1006-02-00,UIC1561-01-00 UIC1551-01-00 UIC2151-10-00 UIC1805-02-00,ECO1104-06-00 STA2102-05-00,ME ME,18.0,금,0,2,1,6+5,1+1
1131,19.258,MR,YCA1006-02-00,UIC1561-01-00 UIC1551-01-00 UIC2151-04-00 UIC1805-02-00,ECO1104-06-00 STA2102-05-00,ME ME,18.0,금,0,2,1,6+5,1+1
1132,19.258,MR,YCA1006-02-00,UIC1561-01-00 UIC1551-01-00 UIC2151-10-00 UIC1805-02-00,ECO1104-06-00 STA2102-05-00,ME ME,18.0,금,0,2,1,6+5,1+1
1133,19.258,MR,YCA1006-02-00,UIC1561-01-00 UIC1551-01-00 UIC2151-04-00 UIC1805-02-00,ECO1104-06-00 STA2102-05-00,ME ME,18.0,금,0,2,1,6+5,1+1
1134,19.24,WCiv,YCA1006-02-00,QRM1001-01-00 ASP2022-01-00 UIC2151-12-00 UIC1805-01-00,ECO1101-05-00 STA2102-05-00,ECO1101 ME,18.0,월금,2,1,0,4+6,1+3+2+1
1135,19.24,WCiv,YCA1006-02-00,QRM1001-01-00 ASP2022-01-00 UIC2151-12-00 UIC1806-01-00,ECO1101-05-00 STA2102-05-00,ECO1101 ME,18.0,월금,2,1,0,4+6,1+3+2+1
1136,19.24,WCiv,YCA1006-02-00,QRM1001-01-00 ASP2022-01-00 UIC2151-12-00 UIC1806-01-00,ECO1101-05-00 STA2102-05-00,ECO1101 ME,18.0,월금,2,1,0,4+6,1+3+2+1
1137,19.24,WCiv,YCA1006-02-00,QRM1001-01-00 ASP2022-01-00 UIC2151-12-00 UIC1805-01-00,ECO1101-05-00 STA2102-05-00,ECO1101 ME,18.0,월금,2,1,0,4+6,1+3+2+1
1138,19.232,Lang,YCA1006-01-00,QRM1001-01-00 UIC1561-01-00 UIC1551-01-00 UIC2151-12-00,QRM2004-01-00 YCI1901-01-00,ME FREE,18.0,월금,1,0,2,6,1+3+1
1139,19.232,Lang,YCA1006-01-00,QRM1001-01-00 UIC1561-01-00 UIC1551-04-00 UIC2151-12-00,QRM2004-01-00 UCD1101-01-00,ME FREE,18.0,월금,1,0,2,6,1+1+3
1140,19.215,MR,YCA1006-01-00,UIC1561-01-00 ASP2022-01-00 UIC2151-12-00 UIC1806-02-00,ECO1101-06-00 QRM2001-01-00,ECO1101 ME,18.0,월금,2,0,2,4,1+2+3+2+1
1141,19.215,MR,YCA1006-02-00,UIC1561-01-00 ASP2022-01-00 UIC2151-12-00 UIC1806-02-00,ECO1101-06-00 QRM2001-01-00,ECO1101 ME,18.0,월금,2,0,2,4,1+2+3+2+1
1142,19.215,MR,YCA1006-01-00,UIC1561-01-00 ASP2022-01-00 UIC2151-12-00 UIC1806-02-00,ECO1101-06-00 QRM2001-01-00,ECO1101 ME,18.0,월금,2,0,2,4,1+2+3+2+1
1143,19.215,MR,YCA1006-02-00,UIC1561-01-00 ASP2022-01-00 UIC2151-12-00 UIC1806-02-00,ECO1101-06-00 QRM2001-01-00,ECO1101 ME,18.0,월금,2,0,2,4,1+2+3+2+1
1144,19.215,MR,YCA1006-02-00,UIC1561-01-00 UIC1551-01-00 UIC2151-06-00 UIC1805-02-00,STA2102-05-00 YCK1998-03-00,ME FREE,18.0,월금,0,1,1,4+5,1
1145,19.215,MR,YCA1006-02-00,UIC1561-01-00 UIC1551-01-00 UIC2151-09-00 UIC1806-02-00,STA2102-05-00 YCK1998-03-00,ME FREE,18.0,월금,0,1,1,4+5,1
1146,19.215,MR,YCA1006-02-00,UIC1561-01-00 UIC1551-01-00 UIC2151-08-00 UIC1806-02-00,STA2102-05-00 YCK1998-03-00,ME FREE,18.0,월금,0,1,1,4+5,1
1147,19.215,MR,YCA1006-02-00,UIC1561-01-00 UIC1551-01-00 UIC2151-06-00 UIC1805-02-00,STA2102-05-00 YCK1998-03-00,ME FREE,18.0,월금,0,1,1,4+5,1
1148,19.215,MR,YCA1006-02-00,UIC1561-01-00 UIC1551-01-00 UIC2151-09-00 UIC1806-02-00,STA2102-05-00 YCK1998-03-00,ME FREE,18.0,월금,0,1,1,4+5,1
1149,19.215,MR,YCA1006-02-00,UIC1561-01-00 UIC1551-01-00 UIC2151-07-00 UIC1805-02-00,STA2102-05-00 YCK1998-03-00,ME FREE,18.0,월금,0,1,1,4+5,1
1150,19.215,MR,YCA1006-02-00,UIC1561-01-00 UIC1551-01-00 UIC2151-08-00 UIC1806-02-00,STA2102-05-00 YCK1998-03-00,ME FREE,18.0,월금,0,1,1,4+5,1
1151,19.215,MR,YCA1006-02-00,UIC1561-01-00 UIC1551-01-00 UIC2151-07-00 UIC1805-02-00,STA2102-05-00 YCK1998-03-00,ME FREE,18.0,월금,0,1,1,4+5,1
1152,19.182,Lang,YCA1006-02-00,QRM1001-01-00 UIC1561-01-00 UIC1551-04-00 UIC2151-12-00,STA2102-05-00 YCI1998-02-00,ME FREE,18.0,월금,1,0,1,4+4,3+2
1153,19.182,Lang,YCA1006-02-00,QRM1001-01-00 UIC1561-01-00 UIC1551-04-00 UIC2151-12-00,STA2102-05-00 YCH1605-01-00,ME FREE,18.0,월금,1,0,1,4+4,3+2
1154,19.14,MR,YCA1006-01-00,UIC1561-01-00 UIC1551-01-00 UIC2151-12-00 UIC1805-02-00,ECO1104-06-00 QRM2001-01-00,ME ME,18.0,월금,2,1,1,4+5,1+3+1
1155,19.14,MR,YCA1006-01-00,UIC1561-01-00 UIC1551-01-00 UIC2151-12-00 UIC1805-02-00,ECO1104-06-00 QRM2001-01-00,ME ME,18.0,월금,2,1,1,4+5,1+3+1
1156,19.125,Lang,YCA1006-02-00,QRM1001-01-00 UIC1561-01-00 UIC1401-03-00 UIC1751-01-00,ECO1101-06-00 STA2102-05-00,ECO1101 ME,18.0,월,0,1,2,6+4,1+2
1157,19.125,Lang,YCA1006-02-00,QRM1001-01-00 UIC1561-01-00 UIC1551-01-00 UIC2151-10-00,ECO1103-02-00 QRM2004-01-00,ME ME,18.0,금,1,1,1,4+5,2+1+2+1
1158,19.125,Lang,YCA1006-02-00,QRM1001-01-00 UIC1561-01-00 UIC1551-01-00 UIC2151-04-00,ECO1103-02-00 QRM2004-01-00,ME ME,18.0,금,1,1,1,4+5,2+1+2+1
1159,19.124,WCiv,YCA1006-02-00,QRM1001-01-00 UIC1551-01-00 UIC2151-12-00 UIC1806-01-00,ECO1101-06-00 STA2102-05-00,ECO1101 ME,18.0,월금,2,1,3,5,2+1+3+2+3+1
1160,19.124,WCiv,YCA1006-02-00,QRM1001-01-00 UIC1551-01-00 UIC2151-12-00 UIC1806-01-00,ECO1101-06-00 STA2102-05-00,ECO1101 ME,18.0,월금,2,1,3,5,2+1+3+2+3+1
1161,19.124,WCiv,YCA1006-02-00,QRM1001-01-00 UIC1551-01-00 UIC2151-12-00 UIC1805-01-00,ECO1101-06-00 STA2102-05-00,ECO1101 ME,18.0,월금,2,1,3,5,2+1+3+2+3+1
1162,19.124,WCiv,YCA1006-02-00,QRM1001-01-00 UIC1551-01-00 UIC2151-12-00 UIC1805-01-00,ECO1101-06-00 STA2102-05-00,ECO1101 ME,18.0,월금,2,1,3,5,2+1+3+2+3+1
1163,19.09,MR,YCA1006-01-00,UIC1561-01-00 UIC1551-04-00 UIC2151-12-00 UIC1806-02-00,ECO1101-06-00 QRM2001-01-00,ECO1101 ME,18.0,월금,2,0,3,4,1+3+3+2+1
1164,19.09,MR,YCA1006-02-00,UIC1561-01-00 UIC1551-01-00 UIC2151-12-00 UIC1805-02-00,ECO1101-06-00 QRM2001-01-00,ECO1101 ME,18.0,월금,2,0,3,4,1+1+3+2+3
1165,19.09,MR,YCA1006-01-00,UIC1561-01-00 UIC1551-04-00 UIC2151-12-00 UIC1805-01-00,ECO1101-06-00 QRM2004-01-00,ECO1101 ME,18.0,월금,2,0,3,4,1+1+3+2+3
1166,19.09,MR,YCA1006-01-00,UIC1561-01-00 UIC1551-04-00 UIC2151-12-00 UIC1805-01-00,ECO1101-06-00 QRM2004-01-00,ECO1101 ME,18.0,월금,2,0,3,4,1+1+3+2+3
1167,19.09,MR,YCA1006-02-00,UIC1561-01-00 UIC1551-04-00 UIC2151-12-00 UIC1806-02-00,ECO1101-06-00 QRM2001-01-00,ECO1101 ME,18.0,월금,2,0,3,4,1+3+3+2+1
1168,19.09,MR,YCA1006-01-00,UIC1561-01-00 UIC1551-04-00 UIC2151-12-00 UIC1806-02-00,ECO1101-06-00 QRM2001-01-00,ECO1101 ME,18.0,월금,2,0,3,4,1+3+3+2+1
1169,19.09,MR,YCA1006-01-00,UIC1561-01-00 UIC1551-04-00 UIC2151-12-00 UIC1806-01-00,ECO1101-06-00 QRM2004-01-00,ECO1101 ME,18.0,월금,2,0,3,4,1+1+3+2+3
1170,19.09,MR,YCA1006-02-00,UIC1561-01-00 UIC1551-04-00 UIC2151-12-00 UIC1806-02-00,ECO1101-06-00 QRM2001-01-00,ECO1101 ME,18.0,월금,2,0,3,4,1+3+3+2+1
1171,19.09,MR,YCA1006-01-00,UIC1561-01-00 UIC1551-04-00 UIC2151-12-00 UIC1806-01-00,ECO1101-06-00 QRM2004-01-00,ECO1101 ME,18.0,월금,2,0,3,4,1+1+3+2+3
1172,19.09,MR,YCA1006-02-00,UIC1561-01-00 UIC1551-01-00 UIC2151-12-00 UIC1805-02-00,ECO1101-06-00 QRM2001-01-00,ECO1101 ME,18.0,월금,2,0,3,4,1+1+3+2+3
1173,19.075,Lang,YCA1006-02-00,QRM1001-01-00 UIC1561-01-00 UIC1401-03-00 UIC2151-14-00,ECO1101-06-00 QRM2002-01-00,ECO1101 ME,18.0,월,1,0,3,4,3+1+2+1
1174,19.065,Lang,-,QRM1001-01-00 UIC1561-01-00 UIC1551-04-00 UIC2151-05-00,ECO1101-06-00 QRM2004-01-00,ECO1101 ME,18.0,월금,1,1,3,4+6,2+1+2
1175,19.065,SciRD,-,QRM1001-01-00 UIC1561-01-00 UIC1551-04-00 UIC1806-01-00,ECO1101-06-00 QRM2004-01-00,ECO1101 ME,18.0,월금,1,1,3,4+6,2+1+2
1176,19.065,SciRD,-,QRM1001-01-00 UIC1561-01-00 UIC1551-04-00 UIC1805-01-00,ECO1101-06-00 QRM2004-01-00,ECO1101 ME,18.0,월금,1,1,3,4+6,2+1+2
1177,19.065,SciRD,-,QRM1001-01-00 UIC1561-01-00 UIC1551-04-00 UIC1805-01-00,ECO1101-06-00 QRM2004-01-00,ECO1101 ME,18.0,월금,1,1,3,4+6,2+1+2
1178,19.065,SciRD,-,QRM1001-01-00 UIC1561-01-00 UIC1551-04-00 UIC1806-01-00,ECO1101-06-00 QRM2004-01-00,ECO1101 ME,18.0,월금,1,1,3,4+6,2+1+2
1179,19.058,-,YCA1006-01-00,QRM1001-01-00 UIC1561-01-00 UIC1551-04-00 UIC2151-11-00 UIC1805-01-00,QRM2004-01-00,ME,18.0,금,1,1,1,4+6,1+1
1180,19.058,-,YCA1006-01-00,QRM1001-01-00 UIC1561-01-00 UIC1551-04-00 UIC2151-11-00 UIC1806-01-00,QRM2004-01-00,ME,18.0,금,1,1,1,4+6,1+1
1181,19.058,-,YCA1006-01-00,QRM1001-01-00 UIC1561-01-00 UIC1551-04-00 UIC2151-11-00 UIC1805-01-00,QRM2004-01-00,ME,18.0,금,1,1,1,4+6,1+1
1182,19.058,-,YCA1006-01-00,QRM1001-01-00 UIC1561-01-00 UIC1551-04-00 UIC2151-11-00 UIC1806-01-00,QRM2004-01-00,ME,18.0,금,1,1,1,4+6,1+1
1183,19.015,MR,YCA1006-02-00,UIC1561-01-00 UIC1551-01-00 UIC2151-12-00 UIC1806-02-00,STA2102-05-00 ECO1002-06-00,ME FREE,18.0,월금,1,0,1,4,2+2+1
1184,19.015,MR,YCA1006-02-00,UIC1561-01-00 UIC1551-01-00 UIC2151-12-00 UIC1806-02-00,STA2102-05-00 YCK1998-03-00,ME FREE,18.0,월금,1,0,1,4,2+2+1
1185,19.015,MR,YCA1006-02-00,UIC1561-01-00 UIC1551-01-00 UIC2151-12-00 UIC1806-02-00,STA2102-05-00 YCK1998-03-00,ME FREE,18.0,월금,1,0,1,4,2+2+1
1186,19.015,MR,YCA1006-02-00,UIC1561-01-00 UIC1551-01-00 UIC2151-12-00 UIC1805-02-00,STA2102-05-00 UCB1105-02-00,ME FREE,18.0,월금,1,0,1,4,1+2+2
1187,19.015,MR,YCA1006-02-00,UIC1561-01-00 UIC1551-01-00 UIC2151-12-00 UIC1805-02-00,STA2102-05-00 UCB1105-02-00,ME FREE,18.0,월금,1,0,1,4,1+2+2
1188,19.015,MR,YCA1006-02-00,UIC1561-01-00 UIC1551-01-00 UIC2151-12-00 UIC1806-02-00,STA2102-05-00 ECO1002-06-00,ME FREE,18.0,월금,1,0,1,4,2+2+1
1189,19.007,Lang,YCA1006-02-00,QRM1001-01-00 UIC1561-01-00 UIC1551-01-00 UIC2151-12-00,QRM2004-01-00 QRM2001-01-00,ME ME,18.0,월금,2,2,1,5+5,1+3+1
1190,18.965,Lang,-,QRM1001-01-00 UIC1561-01-00 ASP2022-01-00 UIC2151-12-00,ECO1101-06-00 QRM2004-01-00,ECO1101 ME,18.0,월금,1,0,2,4+5+4,3+2
1191,18.965,MR,YCA1006-01-00,UIC1561-01-00 UIC1401-02-00 UIC2151-14-00 UIC1806-01-00,ECO1104-06-00 ECO1101-06-00,ME ECO1101,18.0,월금,1,1,3,4+6+5,1+2
1192,18.965,MR,YCA1006-01-00,UIC1561-01-00 UIC1401-02-00 UIC2151-14-00 UIC1805-01-00,ECO1104-06-00 ECO1101-06-00,ME ECO1101,18.0,월금,1,1,3,4+6+5,1+2
1193,18.965,MR,YCA1006-01-00,UIC1561-01-00 UIC1401-02-00 UIC2151-14-00 UIC1806-01-00,ECO1104-06-00 ECO1101-06-00,ME ECO1101,18.0,월금,1,1,3,4+6+5,1+2
1194,18.965,MR,YCA1006-01-00,UIC1561-01-00 UIC1401-02-00 UIC2151-14-00 UIC1805-01-00,ECO1104-06-00 ECO1101-06-00,ME ECO1101,18.0,월금,1,1,3,4+6+5,1+2
1195,18.965,MR,YCA1006-01-00,UIC1561-01-00 UIC1501-04-00 UIC2151-14-00 UIC1805-02-00,ECO1104-06-00 ECO1101-06-00,ME ECO1101,18.0,월금,1,1,3,4+6+5,1+2
1196,18.965,MR,YCA1006-01-00,UIC1561-01-00 UIC1501-04-00 UIC2151-14-00 UIC1805-02-00,ECO1104-06-00 ECO1101-06-00,ME ECO1101,18.0,월금,1,1,3,4+6+5,1+2
1197,18.958,MR,YCA1006-01-00,UIC1561-01-00 UIC1501-03-00 UIC2151-12-00 UIC1805-02-00,ECO1104-06-00 ECO1101-06-00,ME ECO1101,18.0,금,1,0,2,6,1+2+2
1198,18.958,MR,YCA1006-01-00,UIC1561-01-00 UIC1501-03-00 UIC2151-12-00 UIC1805-02-00,ECO1104-06-00 ECO1101-06-00,ME ECO1101,18.0,금,1,0,2,6,1+2+2
1199,18.933,WCiv,YCA1006-01-00,QRM1001-01-00 UIC1551-04-00 UIC2151-04-00 UIC1805-01-00,ECO1101-05-00 QRM2004-01-00,ECO1101 ME,18.0,금,1,1,1,6,2+1+1+3
1200,18.933,WCiv,YCA1006-01-00,QRM1001-01-00 UIC1551-04-00 UIC2151-10-00 UIC1805-01-00,ECO1101-05-00 QRM2004-01-00,ECO1101 ME,18.0,금,1,1,1,6,2+1+1+3
1201,18.933,WCiv,YCA1006-01-00,QRM1001-01-00 UIC1551-04-00 UIC2151-04-00 UIC1806-01-00,ECO1101-05-00 QRM2004-01-00,ECO1101 ME,18.0,금,1,1,1,6,2+1+1+3
1202,18.933,WCiv,YCA1006-01-00,QRM1001-01-00 UIC1551-04-00 UIC2151-04-00 UIC1806-01-00,ECO1101-05-00 QRM2004-01-00,ECO1101 ME,18.0,금,1,1,1,6,2+1+1+3
1203,18.933,WCiv,YCA1006-01-00,QRM1001-01-00 UIC1551-04-00 UIC2151-04-00 UIC1805-01-00,ECO1101-05-00 QRM2004-01-00,ECO1101 ME,18.0,금,1,1,1,6,2+1+1+3
1204,18.933,WCiv,YCA1006-01-00,QRM1001-01-00 UIC1551-04-00 UIC2151-10-00 UIC1806-01-00,ECO1101-05-00 QRM2004-01-00,ECO1101 ME,18.0,금,1,1,1,6,2+1+1+3
1205,18.933,WCiv,YCA1006-01-00,QRM1001-01-00 UIC1551-04-00 UIC2151-10-00 UIC1805-01-00,ECO1101-05-00 QRM2004-01-00,ECO1101 ME,18.0,금,1,1,1,6,2+1+1+3
1206,18.933,WCiv,YCA1006-01-00,QRM1001-01-00 UIC1551-04-00 UIC2151-10-00 UIC1806-01-00,ECO1101-05-00 QRM2004-01-00,ECO1101 ME,18.0,금,1,1,1,6,2+1+1+3
1207,18.899,WCiv,-,QRM1001-01-00 UIC1551-04-00 UIC2151-13-00 UIC1806-01-00,ECO1101-06-00 QRM2004-01-00,ECO1101 ME,18.0,월금,1,1,3,4+6,2+1
1208,18.899,WCiv,-,QRM1001-01-00 UIC1551-04-00 UIC2151-13-00 UIC1805-01-00,ECO1101-06-00 QRM2004-01-00,ECO1101 ME,18.0,월금,1,1,3,4+6,2+1
1209,18.899,WCiv,-,QRM1001-01-00 UIC1551-04-00 UIC2151-13-00 UIC1805-01-00,ECO1101-06-00 QRM2004-01-00,ECO1101 ME,18.0,월금,1,1,3,4+6,2+1
1210,18.899,WCiv,-,QRM1001-01-00 UIC1551-04-00 UIC2151-13-00 UIC1806-01-00,ECO1101-06-00 QRM2004-01-00,ECO1101 ME,18.0,월금,1,1,3,4+6,2+1
1211,18.89,MR,YCA1006-01-00,UIC1561-01-00 UIC1551-01-00 UIC2151-12-00 UIC1805-02-00,STA2102-04-00 YCK1998-03-00,ME FREE,18.0,월금,1,0,1,,2+3+1
1212,18.89,MR,YCA1006-01-00,UIC1561-01-00 UIC1551-01-00 UIC2151-12-00 UIC1805-02-00,STA2102-04-00 YCK1998-03-00,ME FREE,18.0,월금,1,0,1,,2+3+1
1213,18.865,MR,YCA1006-01-00,UIC1561-01-00 UIC1551-04-00 UIC2151-12-00 UIC1805-02-00,STA2102-04-00 QRM2001-01-00,ME ME,18.0,월금,2,1,1,6,2+1+3
1214,18.865,MR,YCA1006-01-00,UIC1561-01-00 UIC1551-04-00 UIC2151-12-00 UIC1805-02-00,STA2102-04-00 QRM2001-01-00,ME ME,18.0,월금,2,1,1,6,2+1+3
1215,18.858,MR,YCA1006-02-00,UIC1561-01-00 UIC1551-01-00 UIC2151-04-00 UIC1805-02-00,ECO1104-06-00 ECO1101-06-00,ME ECO1101,18.0,금,0,1,3,4+5,2+2+2+1
1216,18.858,MR,YCA1006-02-00,UIC1561-01-00 UIC1551-01-00 UIC2151-10-00 UIC1805-02-00,ECO1104-06-00 ECO1101-06-00,ME ECO1101,18.0,금,0,1,3,4+5,2+2+2+1
1217,18.858,MR,YCA1006-02-00,UIC1561-01-00 UIC1551-01-00 UIC2151-10-00 UIC1805-02-00,ECO1104-06-00 ECO1101-06-00,ME ECO1101,18.0,금,0,1,3,4+5,2+2+2+1
1218,18.858,MR,YCA1006-02-00,UIC1561-01-00 UIC1551-01-00 UIC2151-04-00 UIC1805-02-00,ECO1104-06-00 ECO1101-06-00,ME ECO1101,18.0,금,0,1,3,4+5,2+2+2+1
1219,18.765,MR,YCA1006-02-00,UIC1561-01-00 UIC1551-04-00 UIC2151-12-00 UIC1805-02-00,STA2102-04-00 BIZ1101-09-00,ME FREE,18.0,월금,1,0,1,4,1+1+1
1220,18.765,MR,YCA1006-02-00,UIC1561-01-00 UIC1551-04-00 UIC2151-12-00 UIC1805-02-00,STA2102-04-00 BIZ1101-09-00,ME FREE,18.0,월금,1,0,1,4,1+1+1
1221,18.74,-,YCA1006-02-00,QRM1001-01-00 UIC1561-01-00 UIC1551-04-00 UIC2151-12-00 UIC1806-01-00,QRM2004-01-00,ME,18.0,월금,2,2,1,4+6,1+1+3
1222,18.74,-,YCA1006-02-00,QRM1001-01-00 UIC1561-01-00 UIC1551-04-00 UIC2151-12-00 UIC1805-01-00,QRM2004-01-00,ME,18.0,월금,2,2,1,4+6,1+1+3
1223,18.74,-,YCA1006-02-00,QRM1001-01-00 UIC1561-01-00 UIC1551-04-00 UIC2151-12-00 UIC1806-01-00,QRM2004-01-00,ME,18.0,월금,2,2,1,4+6,1+1+3
1224,18.74,-,YCA1006-02-00,QRM1001-01-00 UIC1561-01-00 UIC1551-04-00 UIC2151-12-00 UIC1805-01-00,QRM2004-01-00,ME,18.0,월금,2,2,1,4+6,1+1+3
1225,18.725,Lang,YCA1006-02-00,QRM1001-01-00 UIC1561-01-00 UIC1551-04-00 UIC2151-10-00,QRM2004-01-00 STA2102-05-00,ME ME,18.0,금,0,2,1,6+4+4,1+1
1226,18.725,Lang,YCA1006-01-00,QRM1001-01-00 UIC1561-01-00 UIC1501-02-00 UIC2151-12-00,QRM2004-01-00 STA2102-05-00,ME ME,18.0,금,1,1,0,6+4,1+1
1227,18.725,Lang,YCA1006-02-00,QRM1001-01-00 UIC1561-01-00 UIC1551-04-00 UIC2151-04-00,QRM2004-01-00 STA2102-05-00,ME ME,18.0,금,0,2,1,6+4+4,1+1
1228,18.725,Lang,YCA1006-01-00,QRM1001-01-00 UIC1561-01-00 UIC1551-03-00 UIC2151-12-00,QRM2004-01-00 STA2102-05-00,ME ME,18.0,금,1,1,0,6+4,1+1
1229,18.708,Lang,YCA1006-02-00,QRM1001-01-00 UIC1561-01-00 UIC1551-01-00 UIC2151-11-00,ECO1101-06-00 ECO1103-02-00,ECO1101 ME,18.0,금,1,0,3,6,2+3+3+2+1
1230,18.683,Lang,-,QRM1001-01-00 UIC1561-01-00 UIC1501-03-00 UIC2151-14-00,ECO1101-06-00 QRM2004-01-00,ECO1101 ME,18.0,금,0,0,3,6+6,2
1231,18.658,Lang,YCA1006-01-00,QRM1001-01-00 UIC1561-01-00 ASP2022-01-00 UIC2151-11-00,ECO1101-06-00 QRM2004-01-00,ECO1101 ME,18.0,금,0,0,2,6+5+4,1+2
1232,18.642,Lang,YCA1006-02-00,QRM1001-01-00 UIC1561-01-00 UIC1401-03-00 UIC2151-14-00,QRM2004-01-00 STA2102-05-00,ME ME,18.0,월,0,1,1,4+7,
1233,18.633,MR,YCA1006-01-00,UIC1561-01-00 UIC1551-01-00 UIC2151-04-00 UIC1805-01-00,STA2102-04-00 QRM2004-01-00,ME ME,18.0,금,1,0,1,4,2+1+2+1+1
1234,18.633,MR,YCA1006-01-00,UIC1561-01-00 UIC1551-01-00 UIC2151-10-00 UIC1806-01-00,STA2102-04-00 QRM2004-01-00,ME ME,18.0,금,1,0,1,4,2+1+2+1+1
1235,18.633,MR,YCA1006-01-00,UIC1561-01-00 UIC1551-01-00 UIC2151-04-00 UIC1806-01-00,STA2102-04-00 QRM2004-01-00,ME ME,18.0,금,1,0,1,4,2+1+2+1+1
1236,18.633,MR,YCA1006-01-00,UIC1561-01-00 UIC1551-01-00 UIC2151-10-00 UIC1806-01-00,STA2102-04-00 QRM2004-01-00,ME ME,18.0,금,1,0,1,4,2+1+2+1+1
1237,18.633,MR,YCA1006-01-00,UIC1561-01-00 UIC1551-01-00 UIC2151-04-00 UIC1805-01-00,STA2102-04-00 QRM2004-01-00,ME ME,18.0,금,1,0,1,4,2+1+2+1+1
1238,18.633,MR,YCA1006-01-00,UIC1561-01-00 UIC1551-01-00 UIC2151-10-00 UIC1805-01-00,STA2102-04-00 QRM2004-01-00,ME ME,18.0,금,1,0,1,4,2+1+2+1+1
1239,18.633,MR,YCA1006-01-00,UIC1561-01-00 UIC1551-01-00 UIC2151-10-00 UIC1805-01-00,STA2102-04-00 QRM2004-01-00,ME ME,18.0,금,1,0,1,4,2+1+2+1+1
1240,18.633,MR,YCA1006-01-00,UIC1561-01-00 UIC1551-01-00 UIC2151-04-00 UIC1806-01-00,STA2102-04-00 QRM2004-01-00,ME ME,18.0,금,1,0,1,4,2+1+2+1+1
1241,18.583,Lang,YCA1006-02-00,QRM1001-01-00 UIC1561-01-00 UIC1501-03-00 UIC2151-12-00,ECO1101-06-00 QRM2004-01-00,ECO1101 ME,18.0,금,1,1,2,6+4,2+2
1242,18.565,MR,-,UIC1561-01-00 UIC1251-02-00 UIC2151-14-00 UIC1805-01-00,ECO1101-06-00 STA2102-05-00,ECO1101 ME,18.0,월금,1,0,3,6,2+2+2+1
1243,18.565,MR,-,UIC1561-01-00 UIC1251-02-00 UIC2151-14-00 UIC1805-01-00,ECO1101-06-00 STA2102-05-00,ECO1101 ME,18.0,월금,1,0,3,6,2+2+2+1
1244,18.565,MR,-,UIC1561-01-00 UIC1501-04-00 UIC2151-14-00 UIC1806-02-00,ECO1101-06-00 STA2102-05-00,ECO1101 ME,18.0,월금,1,0,3,6,2+2+2+1
1245,18.565,MR,-,UIC1561-01-00 UIC1251-02-00 UIC2151-14-00 UIC1806-01-00,ECO1101-06-00 STA2102-05-00,ECO1101 ME,18.0,월금,1,0,3,6,2+2+2+1
1246,18.565,MR,-,UIC1561-01-00 UIC1501-04-00 UIC2151-14-00 UIC1806-02-00,ECO1101-06-00 STA2102-05-00,ECO1101 ME,18.0,월금,1,0,3,6,2+2+2+1
1247,18.565,MR,-,UIC1561-01-00 UIC1251-02-00 UIC2151-14-00 UIC1806-01-00,ECO1101-06-00 STA2102-05-00,ECO1101 ME,18.0,월금,1,0,3,6,2+2+2+1
1248,18.557,Lang,YCA1006-01-00,QRM1001-01-00 UIC1561-01-00 UIC1551-04-00 UIC2151-12-00,STA2102-05-00 CTM1002-02-00,ME FREE,18.0,월금,1,0,1,4+4,1+1+2
1249,18.557,Lang,YCA1006-01-00,QRM1001-01-00 UIC1561-01-00 UIC1551-01-00 UIC2151-12-00,STA2102-05-00 CTM1002-02-00,ME FREE,18.0,월금,1,0,1,4+4,1+2+1
1250,18.55,Lang,-,QRM1001-01-00 UIC1561-01-00 UIC1401-03-00 UIC2151-14-00,ECO1101-06-00 STA2102-05-00,ECO1101 ME,18.0,월,0,0,3,6,2
1251,18.54,Lang,YCA1006-02-00,QRM1001-01-00 UIC1561-01-00 UIC1551-01-00 UIC2151-12-00,ECO1101-06-00 YCI1901-01-00,ECO1101 FREE,18.0,월금,1,0,4,4,3+3+2+1
1252,18.532,Lang,YCA1006-02-00,QRM1001-01-00 UIC1561-01-00 ASP2022-01-00 UIC2151-12-00,STA2102-05-00 QRM2001-01-00,ME ME,18.0,월금,2,1,0,4+6,1+3+2
1253,18.525,Lang,-,QRM1001-01-00 UIC1561-01-00 UIC1551-04-00 UIC2151-04-00,QRM2004-01-00 STA2102-05-00,ME ME,18.0,금,0,1,1,6+4,1+1
1254,18.525,Lang,-,QRM1001-01-00 UIC1561-01-00 UIC1551-04-00 UIC2151-10-00,QRM2004-01-00 STA2102-05-00,ME ME,18.0,금,0,1,1,6+4,1+1
1255,18.525,Lang,-,QRM1001-01-00 UIC1561-01-00 UIC1551-01-00 UIC2151-10-00,QRM2004-01-00 STA2102-05-00,ME ME,18.0,금,0,1,1,6+4,1+1
1256,18.525,Lang,-,QRM1001-01-00 UIC1561-01-00 UIC1551-01-00 UIC2151-04-00,QRM2004-01-00 STA2102-05-00,ME ME,18.0,금,0,1,1,6+4,1+1
1257,18.5,Lang,YCA1006-01-00,QRM1001-01-00 UIC1561-01-00 UIC1401-03-00 UIC2151-14-00,ECO1101-06-00 QRM2004-01-00,ECO1101 ME,18.0,월,0,0,3,4+6,1+1+2
1258,18.49,-,YCA1006-02-00,QRM1001-01-00 UIC1561-01-00 UIC1551-04-00 UIC2151-12-00 UIC1806-01-00,STA2102-05-00,ME,18.0,월금,2,1,1,4+6,1+4+2
1259,18.49,-,YCA1006-02-00,QRM1001-01-00 UIC1561-01-00 UIC1551-04-00 UIC2151-12-00 UIC1805-01-00,STA2102-05-00,ME,18.0,월금,2,1,1,4+6,1+4+2
1260,18.49,-,YCA1006-02-00,QRM1001-01-00 UIC1561-01-00 UIC1551-04-00 UIC2151-12-00 UIC1806-01-00,STA2102-05-00,ME,18.0,월금,2,1,1,4+6,1+4+2
1261,18.49,-,YCA1006-02-00,QRM1001-01-00 UIC1561-01-00 UIC1551-04-00 UIC2151-12-00 UIC1805-01-00,STA2102-05-00,ME,18.0,월금,2,1,1,4+6,1+4+2
1262,18.465,MR,YCA1006-02-00,UIC1561-01-00 UIC1551-01-00 UIC2151-12-00 UIC1806-01-00,ECO1101-06-00 STA2102-04-00,ECO1101 ME,18.0,월금,2,0,3,4,1+3+3+2+1+1
1263,18.465,MR,YCA1006-02-00,UIC1561-01-00 UIC1551-01-00 UIC2151-12-00 UIC1806-01-00,ECO1101-06-00 STA2102-04-00,ECO1101 ME,18.0,월금,2,0,3,4,1+3+3+2+1+1
1264,18.465,MR,YCA1006-02-00,UIC1561-01-00 UIC1551-01-00 UIC2151-12-00 UIC1805-01-00,ECO1101-06-00 STA2102-04-00,ECO1101 ME,18.0,월금,2,0,3,4,1+3+3+2+1+1
1265,18.465,MR,YCA1006-02-00,UIC1561-01-00 UIC1551-01-00 UIC2151-12-00 UIC1805-01-00,ECO1101-06-00 STA2102-04-00,ECO1101 ME,18.0,월금,2,0,3,4,1+3+3+2+1+1
1266,18.433,WCiv,YCA1006-01-00,QRM1001-01-00 UIC1551-04-00 UIC2151-11-00 UIC1805-01-00,ECO1101-05-00 QRM2004-01-00,ECO1101 ME,18.0,금,1,1,1,4+6,1+1+1
1267,18.433,WCiv,YCA1006-01-00,QRM1001-01-00 UIC1551-04-00 UIC2151-11-00 UIC1806-01-00,ECO1101-05-00 QRM2004-01-00,ECO1101 ME,18.0,금,1,1,1,4+6,1+1+1
1268,18.433,WCiv,YCA1006-01-00,QRM1001-01-00 UIC1551-04-00 UIC2151-11-00 UIC1806-01-00,ECO1101-05-00 QRM2004-01-00,ECO1101 ME,18.0,금,1,1,1,4+6,1+1+1
1269,18.433,WCiv,YCA1006-01-00,QRM1001-01-00 UIC1551-04-00 UIC2151-11-00 UIC1805-01-00,ECO1101-05-00 QRM2004-01-00,ECO1101 ME,18.0,금,1,1,1,4+6,1+1+1
1270,18.39,MR,YCA1006-02-00,UIC1561-01-00 UIC1551-01-00 UIC2151-12-00 UIC1805-02-00,STA2102-04-00 STA1002-04-00,ME FREE,18.0,월금,1,0,1,4,2+1+2+1
1271,18.39,MR,YCA1006-02-00,UIC1561-01-00 UIC1551-04-00 UIC2151-12-00 UIC1805-02-00,STA2102-05-00 YCK1998-03-00,ME FREE,18.0,월금,1,0,1,4,1+1+2+2
1272,18.39,MR,YCA1006-02-00,UIC1561-01-00 UIC1551-04-00 UIC2151-12-00 UIC1805-02-00,STA2102-05-00 YCK1998-03-00,ME FREE,18.0,월금,1,0,1,4,1+1+2+2
1273,18.39,MR,YCA1006-02-00,UIC1561-01-00 UIC1551-01-00 UIC2151-12-00 UIC1805-02-00,STA2102-04-00 STA1002-04-00,ME FREE,18.0,월금,1,0,1,4,2+1+2+1
1274,18.383,Lang,-,QRM1001-01-00 UIC1561-01-00 UIC1501-03-00 UIC2151-12-00,ECO1101-06-00 QRM2004-01-00,ECO1101 ME,18.0,금,1,0,2,6,2+2
1275,18.365,MR,YCA1006-02-00,UIC1561-01-00 UIC1551-04-00 UIC2151-09-00 UIC1806-01-00,ECO1104-06-00 STA2102-05-00,ME ME,18.0,월금,1,2,1,4+4+6,1+1
1276,18.365,MR,YCA1006-02-00,UIC1561-01-00 UIC1551-04-00 UIC2151-08-00 UIC1805-01-00,ECO1104-06-00 STA2102-05-00,ME ME,18.0,월금,1,2,1,4+4+6,1+1
1277,18.365,MR,YCA1006-02-00,UIC1561-01-00 UIC1551-04-00 UIC2151-09-00 UIC1805-01-00,ECO1104-06-00 STA2102-05-00,ME ME,18.0,월금,1,2,1,4+4+6,1+1
1278,18.365,MR,YCA1006-02-00,UIC1561-01-00 UIC1551-04-00 UIC2151-09-00 UIC1806-01-00,ECO1104-06-00 STA2102-05-00,ME ME,18.0,월금,1,2,1,4+4+6,1+1
1279,18.365,MR,YCA1006-02-00,UIC1561-01-00 UIC1551-04-00 UIC2151-08-00 UIC1806-01-00,ECO1104-06-00 STA2102-05-00,ME ME,18.0,월금,1,2,1,4+4+6,1+1
1280,18.365,MR,YCA1006-02-00,UIC1561-01-00 UIC1551-04-00 UIC2151-05-00 UIC1805-02-00,ECO1104-06-00 STA2102-05-00,ME ME,18.0,월금,1,2,1,4+4+6,1+1
1281,18.365,MR,YCA1006-02-00,UIC1561-01-00 UIC1551-04-00 UIC2151-08-00 UIC1805-01-00,ECO1104-06-00 STA2102-05-00,ME ME,18.0,월금,1,2,1,4+4+6,1+1
1282,18.365,MR,YCA1006-02-00,UIC1561-01-00 UIC1551-04-00 UIC2151-08-00 UIC1806-01-00,ECO1104-06-00 STA2102-05-00,ME ME,18.0,월금,1,2,1,4+4+6,1+1
1283,18.365,MR,YCA1006-02-00,UIC1561-01-00 UIC1551-04-00 UIC2151-09-00 UIC1805-01-00,ECO1104-06-00 STA2102-05-00,ME ME,18.0,월금,1,2,1,4+4+6,1+1
1284,18.365,MR,YCA1006-02-00,UIC1561-01-00 UIC1551-04-00 UIC2151-05-00 UIC1805-02-00,ECO1104-06-00 STA2102-05-00,ME ME,18.0,월금,1,2,1,4+4+6,1+1
1285,18.315,MR,YCA1006-01-00,UIC1561-01-00 ASP2022-01-00 UIC2151-12-00 UIC1805-02-00,STA2102-05-00 QRM2001-01-00,ME ME,18.0,월금,2,0,0,4+4,2+2+2
1286,18.315,MR,YCA1006-01-00,UIC1561-01-00 ASP2022-01-00 UIC2151-12-00 UIC1805-02-00,STA2102-05-00 QRM2001-01-00,ME ME,18.0,월금,2,0,0,4+4,2+2+2
1287,18.25,MR,YCA1006-02-00,UIC1561-01-00 UIC1401-03-00 UIC2151-14-00 UIC1806-02-00,ECO1101-06-00 STA2102-05-00,ECO1101 ME,18.0,월,0,0,3,6,2+2
1288,18.25,MR,YCA1006-02-00,UIC1561-01-00 UIC1401-03-00 UIC2151-14-00 UIC1806-02-00,ECO1101-06-00 STA2102-05-00,ECO1101 ME,18.0,월,0,0,3,6,2+2
1289,18.196,Lang,-,QRM1001-01-00 UIC1561-01-00 UIC1401-03-00 UIC2151-12-00,STA2102-05-00 QRM3007-01-00,ME ME,18.0,월화,1,0,0,4,1+2
1290,18.14,MR,-,UIC1561-01-00 UIC1551-04-00 UIC2151-12-00 UIC1805-02-00,ECO1101-06-00 STA2102-04-00,ECO1101 ME,18.0,월금,1,0,3,4+4,1+3+2
1291,18.14,MR,-,UIC1561-01-00 UIC1551-04-00 UIC2151-12-00 UIC1805-02-00,ECO1101-06-00 STA2102-04-00,ECO1101 ME,18.0,월금,1,0,3,4+4,1+3+2
1292,18.125,Lang,YCA1006-01-00,QRM1001-01-00 UIC1561-01-00 UIC1401-03-00 UIC2151-12-00,ECO1101-06-00 STA2102-05-00,ECO1101 ME,18.0,월,1,0,2,6,1+2
1293,18.015,MR,YCA1006-02-00,UIC1561-01-00 UIC1551-01-00 UIC2151-12-00 UIC1806-02-00,STA2102-05-00 YCI1901-01-00,ME FREE,18.0,월금,1,0,2,4,2+2+1
1294,18.015,MR,YCA1006-02-00,UIC1561-01-00 UIC1551-01-00 UIC2151-12-00 UIC1806-02-00,STA2102-05-00 YCI1901-01-00,ME FREE,18.0,월금,1,0,2,4,2+2+1
1295,17.982,Lang,-,QRM1001-01-00 UIC1561-01-00 UIC1551-01-00 UIC2151-12-00,STA2102-05-00 YCK1998-03-00,ME FREE,18.0,월금,1,0,1,4,2+1
1296,17.982,Lang,-,QRM1001-01-00 UIC1561-01-00 UIC1551-01-00 UIC2151-12-00,STA2102-05-00 YCE1253-01-00,ME FREE,18.0,월금,1,0,1,4,2+1
1297,17.982,Lang,-,QRM1001-01-00 UIC1561-01-00 ASP2033-01-00 UIC2151-14-00,STA2102-05-00 UCD1101-01-00,ME FREE,18.0,월금,0,0,2,4,2+1
1298,17.967,Lang,YCA1006-01-00,QRM1001-01-00 UIC1561-01-00 UIC1551-04-00 UIC2151-12-00,QRM2004-01-00 QRM2102-01-00,ME ME,18.0,월,1,0,1,4,1+1+3
1299,17.967,Lang,YCA1006-01-00,QRM1001-01-00 UIC1561-01-00 UIC1551-01-00 UIC2151-12-00,QRM2004-01-00 QRM2102-01-00,ME ME,18.0,월,1,0,1,4,1+3+1
1300,17.94,MR,-,UIC1561-01-00 UIC1551-01-00 UIC2151-07-00 UIC1805-01-00,ECO1101-06-00 STA2102-05-00,ECO1101 ME,18.0,월금,1,0,3,6,2+2+2+1+1
1301,17.94,MR,-,UIC1561-01-00 UIC1551-01-00 UIC2151-06-00 UIC1805-01-00,ECO1101-06-00 STA2102-05-00,ECO1101 ME,18.0,월금,1,0,3,6,2+2+2+1+1
1302,17.94,MR,-,UIC1561-01-00 UIC1551-01-00 UIC2151-06-00 UIC1806-01-00,ECO1101-06-00 STA2102-05-00,ECO1101 ME,18.0,월금,1,0,3,6,2+2+2+1+1
1303,17.94,MR,-,UIC1561-01-00 UIC1551-01-00 UIC2151-05-00 UIC1806-02-00,ECO1101-06-00 STA2102-05-00,ECO1101 ME,18.0,월금,1,0,3,6,2+2+2+1+1
1304,17.94,MR,-,UIC1561-01-00 UIC1551-01-00 UIC2151-06-00 UIC1805-01-00,ECO1101-06-00 STA2102-05-00,ECO1101 ME,18.0,월금,1,0,3,6,2+2+2+1+1
1305,17.94,MR,-,UIC1561-01-00 UIC1551-01-00 UIC2151-06-00 UIC1806-01-00,ECO1101-06-00 STA2102-05-00,ECO1101 ME,18.0,월금,1,0,3,6,2+2+2+1+1
1306,17.94,MR,-,UIC1561-01-00 UIC1551-01-00 UIC2151-07-00 UIC1806-01-00,ECO1101-06-00 STA2102-05-00,ECO1101 ME,18.0,월금,1,0,3,6,2+2+2+1+1
1307,17.94,MR,-,UIC1561-01-00 UIC1551-01-00 UIC2151-07-00 UIC1806-01-00,ECO1101-06-00 STA2102-05-00,ECO1101 ME,18.0,월금,1,0,3,6,2+2+2+1+1
1308,17.94,MR,-,UIC1561-01-00 UIC1551-01-00 UIC2151-05-00 UIC1806-02-00,ECO1101-06-00 STA2102-05-00,ECO1101 ME,18.0,월금,1,0,3,6,2+2+2+1+1
1309,17.94,MR,-,UIC1561-01-00 UIC1551-01-00 UIC2151-07-00 UIC1805-01-00,ECO1101-06-00 STA2102-05-00,ECO1101 ME,18.0,월금,1,0,3,6,2+2+2+1+1
1310,17.925,MR,YCA1006-02-00,UIC1561-01-00 UIC1551-01-00 UIC2151-04-00 UIC1805-02-00,STA2102-04-00 QRM2102-01-00,ME ME,18.0,,0,0,1,,2+1+2+1
1311,17.925,MR,YCA1006-01-00,UIC1561-01-00 UIC1401-03-00 UIC2151-12-00 UIC1805-02-00,ECO1104-06-00 STA2102-05-00,ME ME,18.0,월,1,0,0,4,1+1
1312,17.925,MR,YCA1006-01-00,UIC1561-01-00 UIC1401-03-00 UIC2151-12-00 UIC1805-02-00,ECO1104-06-00 STA2102-05-00,ME ME,18.0,월,1,0,0,4,1+1
1313,17.925,MR,YCA1006-02-00,UIC1561-01-00 UIC1551-01-00 UIC2151-10-00 UIC1805-02-00,STA2102-04-00 QRM2102-01-00,ME ME,18.0,,0,0,1,,2+1+2+1
1314,17.925,MR,YCA1006-02-00,UIC1561-01-00 UIC1551-01-00 UIC2151-04-00 UIC1805-02-00,STA2102-04-00 QRM2102-01-00,ME ME,18.0,,0,0,1,,2+1+2+1
1315,17.925,MR,YCA1006-02-00,UIC1561-01-00 UIC1551-01-00 UIC2151-10-00 UIC1805-02-00,STA2102-04-00 QRM2102-01-00,ME ME,18.0,,0,0,1,,2+1+2+1
1316,17.865,MR,-,UIC1561-01-00 UIC1551-01-00 UIC2151-12-00 UIC1806-01-00,ECO1104-06-00 STA2102-05-00,ME ME,18.0,월금,2,0,1,4,2+2+2+1+1
1317,17.865,MR,-,UIC1561-01-00 UIC1551-01-00 UIC2151-12-00 UIC1805-01-00,ECO1104-06-00 STA2102-05-00,ME ME,18.0,월금,2,0,1,4,2+2+2+1+1
1318,17.865,MR,-,UIC1561-01-00 UIC1551-01-00 UIC2151-12-00 UIC1806-01-00,ECO1104-06-00 STA2102-05-00,ME ME,18.0,월금,2,0,1,4,2+2+2+1+1
1319,17.865,MR,-,UIC1561-01-00 UIC1551-01-00 UIC2151-12-00 UIC1805-01-00,ECO1104-06-00 STA2102-05-00,ME ME,18.0,월금,2,0,1,4,2+2+2+1+1
1320,17.865,WCiv,YCA1006-02-00,QRM1001-01-00 UIC1551-04-00 UIC2151-12-00 UIC1805-01-00,QRM2004-01-00 STA2102-05-00,ME ME,18.0,월금,2,2,1,4+6,1+1+2
1321,17.865,WCiv,YCA1006-02-00,QRM1001-01-00 UIC1551-04-00 UIC2151-12-00 UIC1805-01-00,ECO1101-05-00 STA2102-05-00,ECO1101 ME,18.0,월금,2,1,1,4+6,1+4+2+1
1322,17.865,WCiv,YCA1006-02-00,QRM1001-01-00 UIC1551-04-00 UIC2151-12-00 UIC1806-01-00,QRM2004-01-00 STA2102-05-00,ME ME,18.0,월금,2,2,1,4+6,1+1+2
1323,17.865,WCiv,YCA1006-02-00,QRM1001-01-00 UIC1551-04-00 UIC2151-12-00 UIC1805-01-00,QRM2004-01-00 STA2102-05-00,ME ME,18.0,월금,2,2,1,4+6,1+1+2
1324,17.865,WCiv,YCA1006-02-00,QRM1001-01-00 UIC1551-04-00 UIC2151-12-00 UIC1805-01-00,ECO1101-05-00 STA2102-05-00,ECO1101 ME,18.0,월금,2,1,1,4+6,1+4+2+1
1325,17.865,WCiv,YCA1006-02-00,QRM1001-01-00 UIC1551-04-00 UIC2151-12-00 UIC1806-01-00,ECO1101-05-00 STA2102-05-00,ECO1101 ME,18.0,월금,2,1,1,4+6,1+4+2+1
1326,17.865,WCiv,YCA1006-02-00,QRM1001-01-00 UIC1551-04-00 UIC2151-12-00 UIC1806-01-00,QRM2004-01-00 STA2102-05-00,ME ME,18.0,월금,2,2,1,4+6,1+1+2
1327,17.865,WCiv,YCA1006-02-00,QRM1001-01-00 UIC1551-04-00 UIC2151-12-00 UIC1806-01-00,ECO1101-05-00 STA2102-05-00,ECO1101 ME,18.0,월금,2,1,1,4+6,1+4+2+1
1328,17.858,MR,YCA1006-01-00,UIC1561-01-00 UIC1551-03-00 UIC2151-14-00 UIC1805-02-00,ECO1104-06-00 STA2102-05-00,ME ME,18.0,금,0,1,1,6+6,1+1
1329,17.858,MR,YCA1006-01-00,UIC1561-01-00 UIC1551-03-00 UIC2151-14-00 UIC1805-02-00,ECO1104-06-00 STA2102-05-00,ME ME,18.0,금,0,1,1,6+6,1+1
1330,17.858,MR,YCA1006-01-00,UIC1561-01-00 UIC1501-02-00 UIC2151-14-00 UIC1805-02-00,ECO1104-06-00 STA2102-05-00,ME ME,18.0,금,0,1,1,6+6,1+1
1331,17.858,MR,YCA1006-01-00,UIC1561-01-00 UIC1501-02-00 UIC2151-14-00 UIC1805-02-00,ECO1104-06-00 STA2102-05-00,ME ME,18.0,금,0,1,1,6+6,1+1
1332,17.84,MR,YCA1006-01-00,UIC1561-01-00 UIC1551-01-00 UIC2151-12-00 UIC1805-02-00,ECO1101-06-00 QRM2001-01-00,ECO1101 ME,18.0,월금,2,0,3,4,2+3+2+3
1333,17.84,MR,YCA1006-01-00,UIC1561-01-00 UIC1551-01-00 UIC2151-12-00 UIC1805-02-00,ECO1101-06-00 QRM2001-01-00,ECO1101 ME,18.0,월금,2,0,3,4,2+3+2+3
1334,17.815,MR,YCA1006-01-00,UIC1561-01-00 UIC1401-02-00 UIC2151-14-00 UIC1806-02-00,STA2102-05-00 YCK1998-03-00,ME FREE,18.0,월금,0,0,1,4+6,1
1335,17.815,MR,YCA1006-01-00,UIC1561-01-00 UIC1251-02-00 UIC2151-14-00 UIC1805-02-00,STA2102-05-00 YCK1998-03-00,ME FREE,18.0,월금,0,0,1,4+6,1
1336,17.815,MR,YCA1006-01-00,UIC1561-01-00 UIC1251-02-00 UIC2151-14-00 UIC1805-02-00,STA2102-05-00 YCK1998-03-00,ME FREE,18.0,월금,0,0,1,4+6,1
1337,17.815,MR,YCA1006-01-00,UIC1561-01-00 UIC1401-02-00 UIC2151-14-00 UIC1806-02-00,STA2102-05-00 YCK1998-03-00,ME FREE,18.0,월금,0,0,1,4+6,1
1338,17.8,Lang,YCA1006-01-00,QRM1001-01-00 UIC1561-01-00 UIC1551-04-00 UIC2151-11-00,ECO1103-02-00 QRM2004-01-00,ME ME,18.0,금,1,0,1,4+4,2+1+1+3
1339,17.8,Lang,YCA1006-01-00,QRM1001-01-00 UIC1561-01-00 UIC1551-01-00 UIC2151-11-00,ECO1103-02-00 QRM2004-01-00,ME ME,18.0,금,1,0,1,4+4,2+1+3+1
1340,17.765,MR,YCA1006-01-00,UIC1561-01-00 UIC1551-01-00 UIC2151-12-00 UIC1805-02-00,ECO1104-06-00 BIZ1101-09-00,ME FREE,18.0,월금,1,0,1,4,1+1+1
1341,17.765,MR,YCA1006-02-00,UIC1561-01-00 UIC1551-04-00 UIC2151-12-00 UIC1805-02-00,STA2102-04-00 YCK1998-03-00,ME FREE,18.0,월금,1,0,1,4,1+1+3
1342,17.765,MR,YCA1006-01-00,UIC1561-01-00 UIC1551-01-00 UIC2151-12-00 UIC1805-02-00,ECO1104-06-00 BIZ1101-09-00,ME FREE,18.0,월금,1,0,1,4,1+1+1
1343,17.765,MR,YCA1006-01-00,UIC1561-01-00 UIC1551-04-00 UIC2151-06-00 UIC1805-01-00,STA2102-05-00 YCE1253-01-00,ME FREE,18.0,월금,1,0,1,4,1+1+1
1344,17.765,MR,YCA1006-01-00,UIC1561-01-00 UIC1551-04-00 UIC2151-05-00 UIC1806-02-00,STA2102-05-00 YCE1253-01-00,ME FREE,18.0,월금,1,0,1,4,1+1+1
1345,17.765,MR,YCA1006-01-00,UIC1561-01-00 UIC1551-04-00 UIC2151-12-00 UIC1805-02-00,ECO1104-06-00 BIZ1101-09-00,ME FREE,18.0,월금,1,0,1,4,1+1+1
1346,17.765,MR,YCA1006-02-00,UIC1561-01-00 UIC1551-04-00 UIC2151-12-00 UIC1805-02-00,STA2102-04-00 YCK1998-03-00,ME FREE,18.0,월금,1,0,1,4,1+1+3
1347,17.765,MR,YCA1006-01-00,UIC1561-01-00 UIC1551-04-00 UIC2151-07-00 UIC1806-01-00,STA2102-05-00 YCE1253-01-00,ME FREE,18.0,월금,1,0,1,4,1+1+1
1348,17.765,MR,YCA1006-01-00,UIC1561-01-00 UIC1551-04-00 UIC2151-07-00 UIC1805-01-00,STA2102-05-00 YCE1253-01-00,ME FREE,18.0,월금,1,0,1,4,1+1+1
1349,17.765,MR,YCA1006-01-00,UIC1561-01-00 UIC1551-04-00 UIC2151-12-00 UIC1805-02-00,ECO1104-06-00 BIZ1101-09-00,ME FREE,18.0,월금,1,0,1,4,1+1+1
1350,17.765,MR,YCA1006-01-00,UIC1561-01-00 UIC1551-04-00 UIC2151-05-00 UIC1806-02-00,STA2102-05-00 YCE1253-01-00,ME FREE,18.0,월금,1,0,1,4,1+1+1
1351,17.765,MR,YCA1006-01-00,UIC1561-01-00 UIC1551-04-00 UIC2151-07-00 UIC1806-01-00,STA2102-05-00 YCE1253-01-00,ME FREE,18.0,월금,1,0,1,4,1+1+1
1352,17.765,MR,YCA1006-01-00,UIC1561-01-00 UIC1551-04-00 UIC2151-07-00 UIC1805-01-00,STA2102-05-00 YCE1253-01-00,ME FREE,18.0,월금,1,0,1,4,1+1+1
1353,17.765,MR,YCA1006-01-00,UIC1561-01-00 UIC1551-04-00 UIC2151-06-00 UIC1805-01-00,STA2102-05-00 YCE1253-01-00,ME FREE,18.0,월금,1,0,1,4,1+1+1
1354,17.765,MR,YCA1006-01-00,UIC1561-01-00 UIC1551-04-00 UIC2151-06-00 UIC1806-01-00,STA2102-05-00 YCE1253-01-00,ME FREE,18.0,월금,1,0,1,4,1+1+1
1355,17.765,MR,YCA1006-01-00,UIC1561-01-00 UIC1551-04-00 UIC2151-06-00 UIC1806-01-00,STA2102-05-00 YCE1253-01-00,ME FREE,18.0,월금,1,0,1,4,1+1+1
1356,17.75,Lang,YCA1006-01-00,QRM1001-01-00 UIC1561-01-00 UIC1401-03-00 UIC2151-14-00,ECO1101-06-00 STA2102-05-00,ECO1101 ME,18.0,월,0,0,3,6,4+2
1357,17.74,MR,YCA1006-02-00,UIC1561-01-00 ASP2022-01-00 UIC2151-12-00 UIC1805-01-00,STA2102-04-00 QRM2004-01-00,ME ME,18.0,월금,2,1,0,6,1+3+1
1358,17.74,MR,YCA1006-02-00,UIC1561-01-00 ASP2022-01-00 UIC2151-12-00 UIC1805-01-00,STA2102-04-00 QRM2004-01-00,ME ME,18.0,월금,2,1,0,6,1+3+1
1359,17.74,MR,YCA1006-02-00,UIC1561-01-00 ASP2022-01-00 UIC2151-12-00 UIC1806-01-00,STA2102-04-00 QRM2004-01-00,ME ME,18.0,월금,2,1,0,6,1+3+1
1360,17.74,MR,YCA1006-02-00,UIC1561-01-00 ASP2022-01-00 UIC2151-12-00 UIC1806-01-00,STA2102-04-00 QRM2004-01-00,ME ME,18.0,월금,2,1,0,6,1+3+1
1361,17.725,WCiv,YCA1006-01-00,QRM1001-01-00 UIC1551-04-00 UIC2151-13-00 UIC1805-01-00,QRM2004-01-00 QRM2102-01-00,ME ME,18.0,월,1,1,2,6,1+1
1362,17.725,WCiv,YCA1006-01-00,QRM1001-01-00 UIC1551-04-00 UIC2151-13-00 UIC1806-01-00,QRM2004-01-00 QRM2102-01-00,ME ME,18.0,월,1,1,2,6,1+1
1363,17.725,WCiv,YCA1006-01-00,QRM1001-01-00 UIC1551-04-00 UIC2151-13-00 UIC1806-01-00,QRM2004-01-00 QRM2102-01-00,ME ME,18.0,월,1,1,2,6,1+1
1364,17.725,WCiv,YCA1006-01-00,QRM1001-01-00 UIC1551-04-00 UIC2151-13-00 UIC1805-01-00,QRM2004-01-00 QRM2102-01-00,ME ME,18.0,월,1,1,2,6,1+1
1365,17.725,Lang,YCA1006-01-00,QRM1001-01-00 UIC1561-01-00 UIC1551-04-00 UIC2151-11-00,QRM2004-01-00 QRM2001-01-00,ME ME,18.0,금,1,1,1,4+6,1+1
1366,17.725,Lang,YCA1006-01-00,QRM1001-01-00 UIC1561-01-00 UIC1501-02-00 UIC2151-14-00,ECO1103-02-00 QRM2004-01-00,ME ME,18.0,금,1,0,1,4+6,2+1+1+2
1367,17.725,Lang,YCA1006-01-00,QRM1001-01-00 UIC1561-01-00 UIC1551-03-00 UIC2151-14-00,ECO1103-02-00 QRM2004-01-00,ME ME,18.0,금,1,0,1,4+6,2+1+1+2
1368,17.665,Lang,YCA1006-01-00,QRM1001-01-00 UIC1561-01-00 UIC1551-01-00 UIC2151-12-00,ECO1101-06-00 MAT1011-02-00,ECO1101 FREE,18.0,월금,1,0,3,4,2+3+2+1
1369,17.665,Lang,YCA1006-01-00,QRM1001-01-00 UIC1561-01-00 UIC1551-01-00 UIC2151-12-00,ECO1101-06-00 YCE1253-01-00,ECO1101 FREE,18.0,월금,1,0,3,4,2+3+2+1
1370,17.624,-,YCA1006-02-00,QRM1001-01-00 UIC1561-01-00 UIC1551-01-00 UIC2151-12-00 UIC1805-01-00,ECO1101-06-00,ECO1101,18.0,월금,2,1,3,4+5,1+3+3+2+1
1371,17.624,-,YCA1006-02-00,QRM1001-01-00 UIC1561-01-00 UIC1551-01-00 UIC2151-12-00 UIC1805-01-00,ECO1101-06-00,ECO1101,18.0,월금,2,1,3,4+5,1+3+3+2+1
1372,17.624,-,YCA1006-02-00,QRM1001-01-00 UIC1561-01-00 UIC1551-01-00 UIC2151-12-00 UIC1806-01-00,ECO1101-06-00,ECO1101,18.0,월금,2,1,3,4+5,1+3+3+2+1
1373,17.624,-,YCA1006-02-00,QRM1001-01-00 UIC1561-01-00 UIC1551-01-00 UIC2151-12-00 UIC1806-01-00,ECO1101-06-00,ECO1101,18.0,월금,2,1,3,4+5,1+3+3+2+1
1374,17.59,Lang,-,QRM1001-01-00 UIC1561-01-00 ASP2033-01-00 UIC2151-14-00,ECO1101-06-00 YCK1998-03-00,ECO1101 FREE,18.0,월금,0,0,3,4,2+1
1375,17.565,SciRD,YCA1006-01-00,QRM1001-01-00 UIC1561-01-00 UIC1551-04-00 UIC1805-01-00,ECO1101-06-00 STA2102-05-00,ECO1101 ME,18.0,월금,1,1,3,6+6,5+2
1376,17.565,SciRD,YCA1006-01-00,QRM1001-01-00 UIC1561-01-00 UIC1551-04-00 UIC1806-01-00,ECO1101-06-00 STA2102-05-00,ECO1101 ME,18.0,월금,1,1,3,6+6,5+2
1377,17.565,SciRD,YCA1006-01-00,QRM1001-01-00 UIC1561-01-00 UIC1551-04-00 UIC1806-01-00,ECO1101-06-00 STA2102-05-00,ECO1101 ME,18.0,월금,1,1,3,6+6,5+2
1378,17.565,SciRD,YCA1006-01-00,QRM1001-01-00 UIC1561-01-00 UIC1551-04-00 UIC1805-01-00,ECO1101-06-00 STA2102-05-00,ECO1101 ME,18.0,월금,1,1,3,6+6,5+2
1379,17.565,Lang,YCA1006-01-00,QRM1001-01-00 UIC1561-01-00 UIC1551-04-00 UIC2151-05-00,ECO1101-06-00 STA2102-05-00,ECO1101 ME,18.0,월금,1,1,3,6+6,5+2
1380,17.54,MR,YCA1006-01-00,UIC1561-01-00 UIC1551-01-00 UIC2151-09-00 UIC1806-02-00,ECO1101-06-00 QRM2001-01-00,ECO1101 ME,18.0,월금,1,1,3,4+4+5,1+2+1
1381,17.54,MR,YCA1006-01-00,UIC1561-01-00 UIC1551-01-00 UIC2151-08-00 UIC1806-02-00,ECO1101-06-00 QRM2001-01-00,ECO1101 ME,18.0,월금,1,1,3,4+4+5,1+2+1
1382,17.54,MR,YCA1006-01-00,UIC1561-01-00 UIC1551-01-00 UIC2151-07-00 UIC1805-02-00,ECO1101-06-00 QRM2001-01-00,ECO1101 ME,18.0,월금,1,1,3,4+4+5,1+2+1
1383,17.54,MR,YCA1006-01-00,UIC1561-01-00 UIC1551-01-00 UIC2151-06-00 UIC1805-02-00,ECO1101-06-00 QRM2001-01-00,ECO1101 ME,18.0,월금,1,1,3,4+4+5,1+2+1
1384,17.54,MR,YCA1006-01-00,UIC1561-01-00 UIC1551-01-00 UIC2151-09-00 UIC1806-02-00,ECO1101-06-00 QRM2001-01-00,ECO1101 ME,18.0,월금,1,1,3,4+4+5,1+2+1
1385,17.54,MR,YCA1006-01-00,UIC1561-01-00 UIC1551-01-00 UIC2151-06-00 UIC1805-02-00,ECO1101-06-00 QRM2001-01-00,ECO1101 ME,18.0,월금,1,1,3,4+4+5,1+2+1
1386,17.54,MR,YCA1006-01-00,UIC1561-01-00 UIC1551-01-00 UIC2151-08-00 UIC1806-02-00,ECO1101-06-00 QRM2001-01-00,ECO1101 ME,18.0,월금,1,1,3,4+4+5,1+2+1
1387,17.54,MR,YCA1006-01-00,UIC1561-01-00 UIC1551-01-00 UIC2151-07-00 UIC1805-02-00,ECO1101-06-00 QRM2001-01-00,ECO1101 ME,18.0,월금,1,1,3,4+4+5,1+2+1
1388,17.515,MR,YCA1006-01-00,UIC1561-01-00 UIC1401-02-00 UIC2151-12-00 UIC1806-02-00,STA2102-05-00 YCK1998-03-00,ME FREE,18.0,월금,1,0,0,4,1+2
1389,17.515,MR,YCA1006-01-00,UIC1561-01-00 UIC1251-02-00 UIC2151-12-00 UIC1805-02-00,STA2102-05-00 YCK1998-03-00,ME FREE,18.0,월금,1,0,0,4,1+2
1390,17.515,MR,YCA1006-01-00,UIC1561-01-00 UIC1401-02-00 UIC2151-12-00 UIC1806-02-00,STA2102-05-00 YCK1998-03-00,ME FREE,18.0,월금,1,0,0,4,1+2
1391,17.515,MR,YCA1006-01-00,UIC1561-01-00 UIC1251-02-00 UIC2151-12-00 UIC1805-02-00,STA2102-05-00 YCK1998-03-00,ME FREE,18.0,월금,1,0,0,4,1+2
1392,17.458,MR,YCA1006-01-00,UIC1561-01-00 UIC1501-02-00 UIC2151-14-00 UIC1805-02-00,ECO1104-06-00 ECO1101-06-00,ME ECO1101,18.0,금,0,0,3,4+6,2+1+2+2
1393,17.458,MR,YCA1006-01-00,UIC1561-01-00 UIC1551-03-00 UIC2151-14-00 UIC1805-02-00,ECO1104-06-00 ECO1101-06-00,ME ECO1101,18.0,금,0,0,3,4+6,2+1+2+2
1394,17.458,MR,YCA1006-01-00,UIC1561-01-00 UIC1501-02-00 UIC2151-14-00 UIC1805-02-00,ECO1104-06-00 ECO1101-06-00,ME ECO1101,18.0,금,0,0,3,4+6,2+1+2+2
1395,17.458,MR,YCA1006-01-00,UIC1561-01-00 UIC1551-03-00 UIC2151-14-00 UIC1805-02-00,ECO1104-06-00 ECO1101-06-00,ME ECO1101,18.0,금,0,0,3,4+6,2+1+2+2
1396,17.407,Lang,YCA1006-02-00,QRM1001-01-00 UIC1561-01-00 UIC1551-04-00 UIC2151-12-00,QRM2004-01-00 QRM2001-01-00,ME ME,18.0,월금,2,2,1,4+6,1+1+3
1397,17.39,MR,YCA1006-02-00,UIC1561-01-00 UIC1551-04-00 UIC2151-12-00 UIC1805-02-00,STA2102-05-00 UCD1101-01-00,ME FREE,18.0,월금,1,0,2,4,1+1+2+2
1398,17.39,MR,YCA1006-02-00,UIC1561-01-00 UIC1551-04-00 UIC2151-12-00 UIC1805-02-00,STA2102-05-00 UCD1101-01-00,ME FREE,18.0,월금,1,0,2,4,1+1+2+2
1399,17.382,Lang,YCA1006-02-00,QRM1001-01-00 UIC1561-01-00 UIC1551-01-00 UIC2151-12-00,STA2102-05-00 CTM1002-02-00,ME FREE,18.0,월금,1,1,1,4+5,2+1
1400,17.357,SciRD,-,QRM1001-01-00 UIC1561-01-00 UIC1551-01-00 UIC1805-01-00,QRM2004-01-00 STA2102-05-00,ME ME,18.0,월금,1,1,1,4+4+5,2+1
1401,17.357,Lang,-,QRM1001-01-00 UIC1561-01-00 UIC1551-01-00 UIC2151-05-00,QRM2004-01-00 STA2102-05-00,ME ME,18.0,월금,1,1,1,4+4+5,2+1
1402,17.357,SciRD,-,QRM1001-01-00 UIC1561-01-00 UIC1551-01-00 UIC1806-01-00,QRM2004-01-00 STA2102-05-00,ME ME,18.0,월금,1,1,1,4+4+5,2+1
1403,17.357,SciRD,-,QRM1001-01-00 UIC1561-01-00 UIC1551-01-00 UIC1805-01-00,QRM2004-01-00 STA2102-05-00,ME ME,18.0,월금,1,1,1,4+4+5,2+1
1404,17.357,SciRD,-,QRM1001-01-00 UIC1561-01-00 UIC1551-01-00 UIC1806-01-00,QRM2004-01-00 STA2102-05-00,ME ME,18.0,월금,1,1,1,4+4+5,2+1
1405,17.333,MR,YCA1006-01-00,UIC1561-01-00 UIC1501-03-00 UIC2151-14-00 UIC1806-01-00,ECO1104-06-00 ECO1101-06-00,ME ECO1101,18.0,금,1,0,3,6,1+2+2+1
1406,17.333,MR,YCA1006-01-00,UIC1561-01-00 UIC1501-03-00 UIC2151-14-00 UIC1806-01-00,ECO1104-06-00 ECO1101-06-00,ME ECO1101,18.0,금,1,0,3,6,1+2+2+1
1407,17.333,MR,YCA1006-01-00,UIC1561-01-00 UIC1501-03-00 UIC2151-14-00 UIC1805-01-00,ECO1104-06-00 ECO1101-06-00,ME ECO1101,18.0,금,1,0,3,6,1+2+2+1
1408,17.333,MR,YCA1006-02-00,UIC1561-01-00 UIC1501-03-00 UIC2151-14-00 UIC1806-01-00,ECO1104-06-00 ECO1101-06-00,ME ECO1101,18.0,금,1,0,3,6,1+2+2+1
1409,17.333,MR,YCA1006-01-00,UIC1561-01-00 UIC1501-03-00 UIC2151-14-00 UIC1805-01-00,ECO1104-06-00 ECO1101-06-00,ME ECO1101,18.0,금,1,0,3,6,1+2+2+1
1410,17.333,MR,YCA1006-02-00,UIC1561-01-00 UIC1501-03-00 UIC2151-14-00 UIC1805-01-00,ECO1104-06-00 ECO1101-06-00,ME ECO1101,18.0,금,1,0,3,6,1+2+2+1
1411,17.333,MR,YCA1006-02-00,UIC1561-01-00 UIC1501-03-00 UIC2151-14-00 UIC1805-01-00,ECO1104-06-00 ECO1101-06-00,ME ECO1101,18.0,금,1,0,3,6,1+2+2+1
1412,17.333,MR,YCA1006-02-00,UIC1561-01-00 UIC1501-03-00 UIC2151-14-00 UIC1806-01-00,ECO1104-06-00 ECO1101-06-00,ME ECO1101,18.0,금,1,0,3,6,1+2+2+1
1413,17.299,WCiv,YCA1006-01-00,QRM1001-01-00 UIC1551-04-00 UIC2151-13-00 UIC1806-01-00,ECO1101-06-00 STA2102-05-00,ECO1101 ME,18.0,월금,1,1,3,5+6,2+5
1414,17.299,WCiv,YCA1006-01-00,QRM1001-01-00 UIC1551-04-00 UIC2151-13-00 UIC1805-01-00,ECO1101-06-00 STA2102-05-00,ECO1101 ME,18.0,월금,1,1,3,5+6,2+5
1415,17.299,WCiv,YCA1006-01-00,QRM1001-01-00 UIC1551-04-00 UIC2151-13-00 UIC1805-01-00,ECO1101-06-00 STA2102-05-00,ECO1101 ME,18.0,월금,1,1,3,5+6,2+5
1416,17.299,WCiv,YCA1006-01-00,QRM1001-01-00 UIC1551-04-00 UIC2151-13-00 UIC1806-01-00,ECO1101-06-00 STA2102-05-00,ECO1101 ME,18.0,월금,1,1,3,5+6,2+5
1417,17.258,MR,-,UIC1561-01-00 UIC1551-01-00 UIC2151-11-00 UIC1805-02-00,ECO1101-06-00 STA2102-04-00,ECO1101 ME,18.0,금,0,0,3,6,2+1
1418,17.258,MR,-,UIC1561-01-00 UIC1551-01-00 UIC2151-11-00 UIC1805-02-00,ECO1101-06-00 STA2102-04-00,ECO1101 ME,18.0,금,0,0,3,6,2+1
1419,17.19,WCiv,YCA1006-01-00,QRM1001-01-00 ASP2022-01-00 UIC2151-12-00 UIC1806-01-00,ECO1101-05-00 QRM2004-01-00,ECO1101 ME,18.0,월금,2,1,0,5+6,1+4
1420,17.19,MR,YCA1006-01-00,UIC1561-01-00 ASP2022-01-00 UIC2151-09-00 UIC1806-02-00,STA2102-05-00 QRM2001-01-00,ME ME,18.0,월금,1,1,0,4+5+6,1
1421,17.19,WCiv,YCA1006-01-00,QRM1001-01-00 ASP2022-01-00 UIC2151-12-00 UIC1805-01-00,ECO1101-05-00 QRM2004-01-00,ECO1101 ME,18.0,월금,2,1,0,5+6,1+4
1422,17.19,MR,YCA1006-01-00,UIC1561-01-00 ASP2022-01-00 UIC2151-07-00 UIC1805-02-00,STA2102-05-00 QRM2001-01-00,ME ME,18.0,월금,1,1,0,4+5+6,1
1423,17.19,MR,YCA1006-01-00,UIC1561-01-00 ASP2022-01-00 UIC2151-08-00 UIC1806-02-00,STA2102-05-00 QRM2001-01-00,ME ME,18.0,월금,1,1,0,4+5+6,1
1424,17.19,MR,YCA1006-01-00,UIC1561-01-00 ASP2022-01-00 UIC2151-08-00 UIC1806-02-00,STA2102-05-00 QRM2001-01-00,ME ME,18.0,월금,1,1,0,4+5+6,1
1425,17.19,MR,YCA1006-01-00,UIC1561-01-00 ASP2022-01-00 UIC2151-09-00 UIC1806-02-00,STA2102-05-00 QRM2001-01-00,ME ME,18.0,월금,1,1,0,4+5+6,1
1426,17.19,MR,YCA1006-01-00,UIC1561-01-00 ASP2022-01-00 UIC2151-07-00 UIC1805-02-00,STA2102-05-00 QRM2001-01-00,ME ME,18.0,월금,1,1,0,4+5+6,1
1427,17.19,WCiv,YCA1006-01-00,QRM1001-01-00 ASP2022-01-00 UIC2151-12-00 UIC1806-01-00,ECO1101-05-00 QRM2004-01-00,ECO1101 ME,18.0,월금,2,1,0,5+6,1+4
1428,17.19,WCiv,YCA1006-01-00,QRM1001-01-00 ASP2022-01-00 UIC2151-12-00 UIC1805-01-00,ECO1101-05-00 QRM2004-01-00,ECO1101 ME,18.0,월금,2,1,0,5+6,1+4
1429,17.19,MR,YCA1006-01-00,UIC1561-01-00 ASP2022-01-00 UIC2151-06-00 UIC1805-02-00,STA2102-05-00 QRM2001-01-00,ME ME,18.0,월금,1,1,0,4+5+6,1
1430,17.19,MR,YCA1006-01-00,UIC1561-01-00 ASP2022-01-00 UIC2151-06-00 UIC1805-02-00,STA2102-05-00 QRM2001-01-00,ME ME,18.0,월금,1,1,0,4+5+6,1
1431,17.182,Lang,YCA1006-01-00,QRM1001-01-00 UIC1561-01-00 UIC1551-01-00 UIC2151-12-00,STA2102-05-00 YCK1998-03-00,ME FREE,18.0,월금,1,0,1,4,4+2+1
1432,17.157,Lang,YCA1006-02-00,QRM1001-01-00 UIC1561-01-00 UIC1551-04-00 UIC2151-12-00,STA2102-05-00 QRM2001-01-00,ME ME,18.0,월금,2,1,1,4+6,1+4+2
1433,17.075,MR,YCA1006-02-00,UIC1561-01-00 UIC1551-01-00 UIC1751-01-00 UIC1805-02-00,ECO1101-06-00 STA2102-04-00,ECO1101 ME,18.0,월,0,0,3,4,1+3+2+1
1434,17.075,MR,YCA1006-02-00,UIC1561-01-00 UIC1551-01-00 UIC1751-01-00 UIC1805-02-00,ECO1101-06-00 STA2102-04-00,ECO1101 ME,18.0,월,0,0,3,4,1+3+2+1
1435,17.04,MR,YCA1006-01-00,UIC1561-01-00 UIC1551-04-00 UIC2151-09-00 UIC1806-02-00,ECO1101-06-00 YCK1998-03-00,ECO1101 FREE,18.0,월금,0,0,3,4+4,1+1+1
1436,17.04,MR,YCA1006-01-00,UIC1561-01-00 UIC1551-01-00 UIC2151-08-00 UIC1806-02-00,ECO1101-06-00 YCK1998-03-00,ECO1101 FREE,18.0,월금,0,0,3,4+4,1+1+1
1437,17.04,MR,YCA1006-01-00,UIC1561-01-00 UIC1551-04-00 UIC2151-06-00 UIC1805-02-00,ECO1101-06-00 YCK1998-03-00,ECO1101 FREE,18.0,월금,0,0,3,4+4,1+1+1
1438,17.04,MR,YCA1006-01-00,UIC1561-01-00 UIC1551-04-00 UIC2151-09-00 UIC1806-02-00,ECO1101-06-00 YCK1998-03-00,ECO1101 FREE,18.0,월금,0,0,3,4+4,1+1+1
1439,17.04,MR,YCA1006-01-00,UIC1561-01-00 UIC1551-04-00 UIC2151-08-00 UIC1806-02-00,ECO1101-06-00 YCK1998-03-00,ECO1101 FREE,18.0,월금,0,0,3,4+4,1+1+1
1440,17.04,MR,YCA1006-01-00,UIC1561-01-00 UIC1551-04-00 UIC2151-06-00 UIC1805-02-00,ECO1101-06-00 YCK1998-03-00,ECO1101 FREE,18.0,월금,0,0,3,4+4,1+1+1
1441,17.04,MR,YCA1006-01-00,UIC1561-01-00 UIC1551-01-00 UIC2151-08-00 UIC1806-02-00,ECO1101-06-00 YCK1998-03-00,ECO1101 FREE,18.0,월금,0,0,3,4+4,1+1+1
1442,17.04,MR,YCA1006-01-00,UIC1561-01-00 UIC1551-04-00 UIC2151-08-00 UIC1806-02-00,ECO1101-06-00 YCK1998-03-00,ECO1101 FREE,18.0,월금,0,0,3,4+4,1+1+1
1443,17.04,MR,YCA1006-01-00,UIC1561-01-00 UIC1551-01-00 UIC2151-09-00 UIC1806-02-00,ECO1101-06-00 YCK1998-03-00,ECO1101 FREE,18.0,월금,0,0,3,4+4,1+1+1
1444,17.04,MR,YCA1006-01-00,UIC1561-01-00 UIC1551-01-00 UIC2151-06-00 UIC1805-02-00,ECO1101-06-00 YCK1998-03-00,ECO1101 FREE,18.0,월금,0,0,3,4+4,1+1+1
1445,17.04,MR,YCA1006-01-00,UIC1561-01-00 UIC1551-04-00 UIC2151-07-00 UIC1805-02-00,ECO1101-06-00 YCK1998-03-00,ECO1101 FREE,18.0,월금,0,0,3,4+4,1+1+1
1446,17.04,MR,YCA1006-01-00,UIC1561-01-00 UIC1551-01-00 UIC2151-09-00 UIC1806-02-00,ECO1101-06-00 YCK1998-03-00,ECO1101 FREE,18.0,월금,0,0,3,4+4,1+1+1
1447,17.04,MR,YCA1006-01-00,UIC1561-01-00 UIC1551-04-00 UIC2151-07-00 UIC1805-02-00,ECO1101-06-00 YCK1998-03-00,ECO1101 FREE,18.0,월금,0,0,3,4+4,1+1+1
1448,17.04,MR,YCA1006-01-00,UIC1561-01-00 UIC1551-01-00 UIC2151-07-00 UIC1805-02-00,ECO1101-06-00 YCK1998-03-00,ECO1101 FREE,18.0,월금,0,0,3,4+4,1+1+1
1449,17.04,MR,YCA1006-01-00,UIC1561-01-00 UIC1551-01-00 UIC2151-07-00 UIC1805-02-00,ECO1101-06-00 YCK1998-03-00,ECO1101 FREE,18.0,월금,0,0,3,4+4,1+1+1
1450,17.04,MR,YCA1006-01-00,UIC1561-01-00 UIC1551-01-00 UIC2151-06-00 UIC1805-02-00,ECO1101-06-00 YCK1998-03-00,ECO1101 FREE,18.0,월금,0,0,3,4+4,1+1+1
1451,17.04,Lang,YCA1006-01-00,QRM1001-01-00 UIC1561-01-00 UIC1551-01-00 UIC2151-12-00,ECO1101-06-00 YCH1605-01-00,ECO1101 FREE,18.0,월금,1,0,3,4,1+2+3+2+1
1452,17.033,Lang,YCA1006-02-00,QRM1001-01-00 UIC1561-01-00 UIC1501-02-00 UIC2151-14-00,ECO1101-06-00 ECO1103-02-00,ECO1101 ME,18.0,금,1,0,3,4+4,2+3+1+2+2
1453,17.033,Lang,YCA1006-02-00,QRM1001-01-00 UIC1561-01-00 UIC1551-03-00 UIC2151-14-00,ECO1101-06-00 ECO1103-02-00,ECO1101 ME,18.0,금,1,0,3,4+4,2+3+1+2+2
1454,16.982,Lang,-,QRM1001-01-00 UIC1561-01-00 UIC1551-01-00 UIC2151-12-00,STA2102-05-00 YCI1901-01-00,ME FREE,18.0,월금,1,0,2,4,2+1
1455,16.965,LHP,YCA1006-02-00,QRM1001-01-00 UIC1561-01-00 UIC2151-14-00 UIC1806-01-00,ECO1101-06-00 QRM2004-01-00,ECO1101 ME,18.0,월금,1,2,3,4+7+5,1+2
1456,16.965,Lang,YCA1006-02-00,QRM1001-01-00 UIC1561-01-00 UIC1501-04-00 UIC2151-14-00,ECO1101-06-00 QRM2004-01-00,ECO1101 ME,18.0,월금,1,2,3,4+7+5,1+2
1457,16.965,LHP,YCA1006-02-00,QRM1001-01-00 UIC1561-01-00 UIC2151-14-00 UIC1805-01-00,ECO1101-06-00 QRM2004-01-00,ECO1101 ME,18.0,월금,1,2,3,4+7+5,1+2
1458,16.965,LHP,YCA1006-02-00,QRM1001-01-00 UIC1561-01-00 UIC2151-14-00 UIC1805-01-00,ECO1101-06-00 QRM2004-01-00,ECO1101 ME,18.0,월금,1,2,3,4+7+5,1+2
1459,16.965,LHP,YCA1006-02-00,QRM1001-01-00 UIC1561-01-00 UIC2151-14-00 UIC1806-01-00,ECO1101-06-00 QRM2004-01-00,ECO1101 ME,18.0,월금,1,2,3,4+7+5,1+2
1460,16.931,Lang,YCA1006-02-00,QRM1001-01-00 UIC1561-01-00 UIC1551-01-00 UIC2151-12-00,STA2102-05-00 YCG1804-01-00,ME FREE,18.0,월금,1,0,1,4,3+2+1+1
1461,16.917,Lang,YCA1006-02-00,QRM1001-01-00 UIC1561-01-00 UIC1351-02-00 UIC2151-14-00,STA2102-05-00 QRM2102-01-00,ME ME,18.0,월,0,1,1,4+5,3+2
1462,16.917,Lang,YCA1006-02-00,QRM1001-01-00 UIC1561-01-00 UIC1501-01-00 UIC2151-14-00,STA2102-05-00 QRM2102-01-00,ME ME,18.0,월,0,1,1,4+5,3+2
1463,16.883,Lang,-,QRM1001-01-00 UIC1561-01-00 UIC1551-03-00 UIC2151-14-00,ECO1101-06-00 QRM2004-01-00,ECO1101 ME,18.0,금,0,0,3,4+6,2+2+2
1464,16.883,Lang,-,QRM1001-01-00 UIC1561-01-00 UIC1501-02-00 UIC2151-14-00,ECO1101-06-00 QRM2004-01-00,ECO1101 ME,18.0,금,0,0,3,4+6,2+2+2
1465,16.858,Lang,YCA1006-01-00,QRM1001-01-00 UIC1561-01-00 ASP2022-01-00 UIC2151-10-00,ECO1101-06-00 QRM2004-01-00,ECO1101 ME,18.0,금,0,0,2,4+5+4,2+1+2+2
1466,16.858,Lang,YCA1006-01-00,QRM1001-01-00 UIC1561-01-00 ASP2022-01-00 UIC2151-04-00,ECO1101-06-00 QRM2004-01-00,ECO1101 ME,18.0,금,0,0,2,4+5+4,2+1+2+2
1467,16.792,Lang,YCA1006-02-00,QRM1001-01-00 UIC1561-01-00 UIC1551-01-00 UIC2151-12-00,QRM2004-01-00 QRM2102-01-00,ME ME,18.0,월,1,1,1,5,3+1
1468,16.79,-,-,QRM1001-01-00 UIC1561-01-00 UIC1501-05-00 UIC2151-14-00 UIC1805-01-00,STA2102-05-00,ME,18.0,월금,2,1,1,4+6,3
1469,16.79,-,-,QRM1001-01-00 UIC1561-01-00 UIC1501-05-00 UIC2151-14-00 UIC1806-01-00,STA2102-05-00,ME,18.0,월금,2,1,1,4+6,3
1470,16.79,-,-,QRM1001-01-00 UIC1561-01-00 UIC1501-05-00 UIC2151-14-00 UIC1805-01-00,STA2102-05-00,ME,18.0,월금,2,1,1,4+6,3
1471,16.79,-,-,QRM1001-01-00 UIC1561-01-00 UIC1501-05-00 UIC2151-14-00 UIC1806-01-00,STA2102-05-00,ME,18.0,월금,2,1,1,4+6,3
1472,16.765,MR,YCA1006-02-00,UIC1561-01-00 ASP2022-01-00 UIC2151-12-00 UIC1805-02-00,ECO1104-06-00 ECO1101-06-00,ME ECO1101,18.0,월금,1,1,2,4+6+4,3+2
1473,16.765,MR,YCA1006-02-00,UIC1561-01-00 ASP2022-01-00 UIC2151-12-00 UIC1805-02-00,ECO1104-06-00 ECO1101-06-00,ME ECO1101,18.0,월금,1,1,2,4+6+4,3+2
1474,16.765,MR,YCA1006-01-00,UIC1561-01-00 UIC1551-01-00 UIC2151-12-00 UIC1805-02-00,ECO1104-06-00 YCK1998-03-00,ME FREE,18.0,월금,1,0,1,4,1+3+1
1475,16.765,MR,YCA1006-01-00,UIC1561-01-00 UIC1551-04-00 UIC2151-12-00 UIC1805-02-00,ECO1104-06-00 YCK1998-03-00,ME FREE,18.0,월금,1,0,1,4,1+1+3
1476,16.765,MR,YCA1006-01-00,UIC1561-01-00 UIC1551-04-00 UIC2151-12-00 UIC1805-02-00,ECO1104-06-00 YCK1998-03-00,ME FREE,18.0,월금,1,0,1,4,1+1+3
1477,16.765,MR,YCA1006-01-00,UIC1561-01-00 UIC1551-01-00 UIC2151-12-00 UIC1805-02-00,ECO1104-06-00 YCK1998-03-00,ME FREE,18.0,월금,1,0,1,4,1+3+1
1478,16.74,MR,YCA1006-02-00,UIC1561-01-00 UIC1401-02-00 UIC2151-14-00 UIC1805-01-00,ECO1101-06-00 STA2102-04-00,ECO1101 ME,18.0,월금,1,1,3,4+5+5,1+1+2
1479,16.74,MR,YCA1006-02-00,UIC1561-01-00 UIC1401-02-00 UIC2151-14-00 UIC1806-01-00,ECO1101-06-00 STA2102-04-00,ECO1101 ME,18.0,월금,1,1,3,4+5+5,1+1+2
1480,16.74,MR,YCA1006-02-00,UIC1561-01-00 UIC1501-04-00 UIC2151-14-00 UIC1805-02-00,ECO1101-06-00 STA2102-04-00,ECO1101 ME,18.0,월금,1,1,3,4+5+5,1+1+2
1481,16.74,MR,YCA1006-02-00,UIC1561-01-00 UIC1401-02-00 UIC2151-14-00 UIC1805-01-00,ECO1101-06-00 STA2102-04-00,ECO1101 ME,18.0,월금,1,1,3,4+5+5,1+1+2
1482,16.74,MR,YCA1006-02-00,UIC1561-01-00 UIC1501-04-00 UIC2151-14-00 UIC1805-02-00,ECO1101-06-00 STA2102-04-00,ECO1101 ME,18.0,월금,1,1,3,4+5+5,1+1+2
1483,16.74,MR,YCA1006-02-00,UIC1561-01-00 UIC1401-02-00 UIC2151-14-00 UIC1806-01-00,ECO1101-06-00 STA2102-04-00,ECO1101 ME,18.0,월금,1,1,3,4+5+5,1+1+2
1484,16.732,Lang,-,QRM1001-01-00 UIC1561-01-00 UIC1351-01-00 UIC1751-01-00,ECO1101-06-00 STA2102-05-00,ECO1101 ME,18.0,월화,2,0,2,6+4,1+2+2
1485,16.708,MR,YCA1006-01-00,UIC1561-01-00 UIC1551-01-00 UIC2151-11-00 UIC1806-01-00,ECO1104-06-00 ECO1101-06-00,ME ECO1101,18.0,금,1,0,3,6,1+2+2+1+1
1486,16.708,MR,YCA1006-01-00,UIC1561-01-00 UIC1551-01-00 UIC2151-11-00 UIC1806-01-00,ECO1104-06-00 ECO1101-06-00,ME ECO1101,18.0,금,1,0,3,6,1+2+2+1+1
1487,16.708,MR,YCA1006-02-00,UIC1561-01-00 UIC1551-01-00 UIC2151-11-00 UIC1806-01-00,ECO1104-06-00 ECO1101-06-00,ME ECO1101,18.0,금,1,0,3,6,1+2+2+1+1
1488,16.708,MR,YCA1006-02-00,UIC1561-01-00 UIC1551-01-00 UIC2151-11-00 UIC1805-01-00,ECO1104-06-00 ECO1101-06-00,ME ECO1101,18.0,금,1,0,3,6,1+2+2+1+1
1489,16.708,MR,YCA1006-02-00,UIC1561-01-00 UIC1551-01-00 UIC2151-11-00 UIC1805-01-00,ECO1104-06-00 ECO1101-06-00,ME ECO1101,18.0,금,1,0,3,6,1+2+2+1+1
1490,16.708,MR,YCA1006-02-00,UIC1561-01-00 UIC1551-01-00 UIC2151-11-00 UIC1806-01-00,ECO1104-06-00 ECO1101-06-00,ME ECO1101,18.0,금,1,0,3,6,1+2+2+1+1
1491,16.708,MR,YCA1006-01-00,UIC1561-01-00 UIC1551-01-00 UIC2151-11-00 UIC1805-01-00,ECO1104-06-00 ECO1101-06-00,ME ECO1101,18.0,금,1,0,3,6,1+2+2+1+1
1492,16.708,MR,YCA1006-01-00,UIC1561-01-00 UIC1551-01-00 UIC2151-11-00 UIC1805-01-00,ECO1104-06-00 ECO1101-06-00,ME ECO1101,18.0,금,1,0,3,6,1+2+2+1+1
1493,16.682,Lang,YCA1006-01-00,QRM1001-01-00 UIC1561-01-00 UIC1551-04-00 UIC2151-12-00,STA2102-05-00 YCE1253-01-00,ME FREE,18.0,월금,1,0,1,4+4,2+1+2
1494,16.665,-,-,QRM1001-01-00 UIC1561-01-00 UIC1551-04-00 UIC2151-12-00 UIC1805-01-00,QRM2004-01-00,ME,18.0,월금,2,1,1,6,2+1+3
1495,16.665,-,-,QRM1001-01-00 UIC1561-01-00 UIC1551-04-00 UIC2151-12-00 UIC1806-01-00,QRM2004-01-00,ME,18.0,월금,2,1,1,6,2+1+3
1496,16.665,-,-,QRM1001-01-00 UIC1561-01-00 UIC1551-04-00 UIC2151-12-00 UIC1805-01-00,QRM2004-01-00,ME,18.0,월금,2,1,1,6,2+1+3
1497,16.665,-,-,QRM1001-01-00 UIC1561-01-00 UIC1551-04-00 UIC2151-12-00 UIC1806-01-00,QRM2004-01-00,ME,18.0,월금,2,1,1,6,2+1+3
1498,16.64,MR,YCA1006-02-00,UIC1561-01-00 ASP2022-01-00 UIC2151-12-00 UIC1806-02-00,STA2102-05-00 YCK1998-03-00,ME FREE,18.0,월금,1,0,0,4,2+2
1499,16.64,MR,YCA1006-02-00,UIC1561-01-00 ASP2022-01-00 UIC2151-12-00 UIC1806-02-00,STA2102-05-00 YCK1998-03-00,ME FREE,18.0,월금,1,0,0,4,2+2
1500,16.625,Lang,YCA1006-02-00,QRM1001-01-00 UIC1561-01-00 UIC1551-01-00 UIC2151-11-00,ECO1103-02-00 QRM2004-01-00,ME ME,18.0,금,1,1,1,4+5,2+3+1
1501,16.59,MR,YCA1006-02-00,UIC1561-01-00 UIC1551-01-00 UIC2151-12-00 UIC1805-02-00,ECO1104-06-00 BIZ1101-09-00,ME FREE,18.0,월금,1,1,1,5,1+1
1502,16.59,MR,YCA1006-02-00,UIC1561-01-00 UIC1551-01-00 UIC2151-12-00 UIC1805-02-00,ECO1104-06-00 BIZ1101-09-00,ME FREE,18.0,월금,1,1,1,5,1+1
1503,16.565,WCiv,YCA1006-01-00,QRM1001-01-00 UIC1551-04-00 UIC2151-13-00 UIC1805-01-00,QRM2004-01-00 CTM1001-02-00,ME FREE,18.0,월금,1,2,2,6,1+1+1
1504,16.565,WCiv,YCA1006-01-00,QRM1001-01-00 UIC1551-04-00 UIC2151-13-00 UIC1806-01-00,QRM2004-01-00 CTM1001-02-00,ME FREE,18.0,월금,1,2,2,6,1+1+1
1505,16.565,WCiv,YCA1006-01-00,QRM1001-01-00 UIC1551-04-00 UIC2151-13-00 UIC1806-01-00,QRM2004-01-00 CTM1001-02-00,ME FREE,18.0,월금,1,2,2,6,1+1+1
1506,16.565,WCiv,YCA1006-01-00,QRM1001-01-00 UIC1551-04-00 UIC2151-13-00 UIC1805-01-00,QRM2004-01-00 CTM1001-02-00,ME FREE,18.0,월금,1,2,2,6,1+1+1
1507,16.557,LHP,YCA1006-02-00,QRM1001-01-00 UIC1561-01-00 UIC2151-12-00 UIC1806-01-00,QRM2004-01-00 STA2102-05-00,ME ME,18.0,월금,2,2,0,4+4+5,1+2
1508,16.557,LHP,YCA1006-02-00,QRM1001-01-00 UIC1561-01-00 UIC2151-12-00 UIC1805-01-00,QRM2004-01-00 STA2102-05-00,ME ME,18.0,월금,2,2,0,4+4+5,1+2
1509,16.557,Lang,YCA1006-02-00,QRM1001-01-00 UIC1561-01-00 UIC1501-04-00 UIC2151-12-00,QRM2004-01-00 STA2102-05-00,ME ME,18.0,월금,2,2,0,4+4+5,1+2
1510,16.557,LHP,YCA1006-02-00,QRM1001-01-00 UIC1561-01-00 UIC2151-12-00 UIC1806-01-00,QRM2004-01-00 STA2102-05-00,ME ME,18.0,월금,2,2,0,4+4+5,1+2
1511,16.557,LHP,YCA1006-02-00,QRM1001-01-00 UIC1561-01-00 UIC2151-12-00 UIC1805-01-00,QRM2004-01-00 STA2102-05-00,ME ME,18.0,월금,2,2,0,4+4+5,1+2
1512,16.54,Lang,YCA1006-02-00,QRM1001-01-00 UIC1561-01-00 UIC1551-04-00 UIC2151-12-00,ECO1101-06-00 YCE1253-01-00,ECO1101 FREE,18.0,월금,1,0,3,4+4,1+1+3+2
1513,16.515,MR,YCA1006-02-00,UIC1561-01-00 UIC1551-04-00 UIC2151-12-00 UIC1806-02-00,STA2102-05-00 YCK1998-03-00,ME FREE,18.0,월금,1,0,1,4,3+2
1514,16.515,MR,YCA1006-02-00,UIC1561-01-00 UIC1551-04-00 UIC2151-12-00 UIC1806-02-00,STA2102-05-00 YCK1998-03-00,ME FREE,18.0,월금,1,0,1,4,3+2
1515,16.5,MR,YCA1006-02-00,UIC1561-01-00 UIC1401-03-00 UIC2151-14-00 UIC1805-02-00,STA2102-04-00 QRM2002-01-00,ME ME,18.0,월,1,0,1,5,1+1+1
1516,16.5,MR,YCA1006-02-00,UIC1561-01-00 UIC1401-03-00 UIC2151-14-00 UIC1805-02-00,STA2102-04-00 QRM2002-01-00,ME ME,18.0,월,1,0,1,5,1+1+1
1517,16.49,MR,-,UIC1561-01-00 UIC1501-05-00 UIC2151-14-00 UIC1806-02-00,STA2102-05-00 QRM2001-01-00,ME ME,18.0,월금,2,0,1,4+4,2+1
1518,16.49,MR,-,UIC1561-01-00 UIC1501-05-00 UIC2151-14-00 UIC1806-02-00,STA2102-05-00 QRM2001-01-00,ME ME,18.0,월금,2,0,1,4+4,2+1
1519,16.467,Lang,YCA1006-01-00,QRM1001-01-00 UIC1561-01-00 UIC1401-03-00 UIC2151-04-00,QRM2004-01-00 QRM2002-01-00,ME ME,18.0,,1,0,0,,2+1+1+1
1520,16.467,Lang,YCA1006-01-00,QRM1001-01-00 UIC1561-01-00 UIC1401-03-00 UIC2151-10-00,QRM2004-01-00 QRM2002-01-00,ME ME,18.0,,1,0,0,,2+1+1+1
1521,16.458,-,YCA1006-01-00,QRM1001-01-00 UIC1561-01-00 UIC1551-01-00 UIC2151-10-00 UIC1805-01-00,QRM2004-01-00,ME,18.0,금,1,1,1,4+5,2+1+2+1
1522,16.458,-,YCA1006-01-00,QRM1001-01-00 UIC1561-01-00 UIC1551-01-00 UIC2151-10-00 UIC1806-01-00,QRM2004-01-00,ME,18.0,금,1,1,1,4+5,2+1+2+1
1523,16.458,-,YCA1006-01-00,QRM1001-01-00 UIC1561-01-00 UIC1551-01-00 UIC2151-10-00 UIC1805-01-00,QRM2004-01-00,ME,18.0,금,1,1,1,4+5,2+1+2+1
1524,16.458,-,YCA1006-01-00,QRM1001-01-00 UIC1561-01-00 UIC1551-01-00 UIC2151-04-00 UIC1805-01-00,QRM2004-01-00,ME,18.0,금,1,1,1,4+5,2+1+2+1
1525,16.458,-,YCA1006-01-00,QRM1001-01-00 UIC1561-01-00 UIC1551-01-00 UIC2151-04-00 UIC1805-01-00,QRM2004-01-00,ME,18.0,금,1,1,1,4+5,2+1+2+1
1526,16.458,-,YCA1006-01-00,QRM1001-01-00 UIC1561-01-00 UIC1551-01-00 UIC2151-04-00 UIC1806-01-00,QRM2004-01-00,ME,18.0,금,1,1,1,4+5,2+1+2+1
1527,16.458,-,YCA1006-01-00,QRM1001-01-00 UIC1561-01-00 UIC1551-01-00 UIC2151-04-00 UIC1806-01-00,QRM2004-01-00,ME,18.0,금,1,1,1,4+5,2+1+2+1
1528,16.458,-,YCA1006-01-00,QRM1001-01-00 UIC1561-01-00 UIC1551-01-00 UIC2151-10-00 UIC1806-01-00,QRM2004-01-00,ME,18.0,금,1,1,1,4+5,2+1+2+1
1529,16.425,MR,YCA1006-01-00,UIC1561-01-00 UIC1551-04-00 UIC1751-01-00 UIC1805-02-00,ECO1104-06-00 STA2102-05-00,ME ME,18.0,월,0,0,1,4+4,1+1+2
1530,16.425,MR,YCA1006-01-00,UIC1561-01-00 UIC1551-01-00 UIC1751-01-00 UIC1805-02-00,ECO1104-06-00 STA2102-05-00,ME ME,18.0,월,0,0,1,4+4,1+2+1
1531,16.425,MR,YCA1006-01-00,UIC1561-01-00 UIC1551-04-00 UIC1751-01-00 UIC1805-02-00,ECO1104-06-00 STA2102-05-00,ME ME,18.0,월,0,0,1,4+4,1+1+2
1532,16.425,MR,YCA1006-01-00,UIC1561-01-00 UIC1551-01-00 UIC1751-01-00 UIC1805-02-00,ECO1104-06-00 STA2102-05-00,ME ME,18.0,월,0,0,1,4+4,1+2+1
1533,16.408,Lang,YCA1006-02-00,QRM1001-01-00 UIC1561-01-00 UIC1551-01-00 UIC2151-04-00,ECO1101-06-00 ECO1103-02-00,ECO1101 ME,18.0,금,1,0,3,4+4,2+3+1+2+2+1
1534,16.408,Lang,YCA1006-02-00,QRM1001-01-00 UIC1561-01-00 UIC1551-01-00 UIC2151-10-00,ECO1101-06-00 ECO1103-02-00,ECO1101 ME,18.0,금,1,0,3,4+4,2+3+1+2+2+1
1535,16.38,Lang,-,QRM1001-01-00 UIC1561-01-00 UIC1401-03-00 UIC1751-01-00,ECO1101-06-00 QRM3001-01-00,ECO1101 ME,18.0,월화,0,1,2,4+5,1+1+2
1536,16.35,MR,YCA1006-01-00,UIC1561-01-00 UIC1401-03-00 UIC2151-14-00 UIC1805-02-00,ECO1104-06-00 STA2102-05-00,ME ME,18.0,월,0,0,1,4+6,1
1537,16.35,MR,YCA1006-01-00,UIC1561-01-00 UIC1401-03-00 UIC2151-14-00 UIC1805-02-00,ECO1104-06-00 STA2102-05-00,ME ME,18.0,월,0,0,1,4+6,1
1538,16.333,Lang,YCA1006-01-00,QRM1001-01-00 UIC1561-01-00 UIC1551-02-00 UIC2151-11-00,ECO1101-06-00 QRM2004-01-00,ECO1101 ME,18.0,금,1,0,2,6,2+1+3+2
1539,16.333,Lang,YCA1006-01-00,QRM1001-01-00 UIC1561-01-00 UIC1501-03-00 UIC2151-03-00,ECO1101-06-00 QRM2004-01-00,ECO1101 ME,18.0,금,1,0,2,6,2+1+3+2
1540,16.333,Lang,YCA1006-01-00,QRM1001-01-00 UIC1561-01-00 UIC1501-03-00 UIC2151-02-00,ECO1101-06-00 QRM2004-01-00,ECO1101 ME,18.0,금,1,0,2,6,2+1+3+2
1541,16.292,Lang,YCA1006-02-00,QRM1001-01-00 UIC1561-01-00 UIC1551-01-00 UIC1751-01-00,STA2102-05-00 QRM2102-01-00,ME ME,18.0,월,0,1,1,4+5,3+2+1
1542,16.29,Lang,YCA1006-02-00,QRM1001-01-00 UIC1561-01-00 UIC1551-01-00 UIC2151-12-00,ECO1101-06-00 QRM2001-01-00,ECO1101 ME,18.0,월금,2,1,3,4+5,1+3+3+2+1
1543,16.29,MR,-,UIC1561-01-00 UIC1551-04-00 UIC2151-08-00 UIC1805-01-00,ECO1104-06-00 STA2102-05-00,ME ME,18.0,월금,1,1,1,4+6,2+1
1544,16.29,MR,-,UIC1561-01-00 UIC1551-04-00 UIC2151-08-00 UIC1805-01-00,ECO1104-06-00 STA2102-05-00,ME ME,18.0,월금,1,1,1,4+6,2+1
1545,16.29,MR,-,UIC1561-01-00 UIC1551-04-00 UIC2151-09-00 UIC1806-01-00,ECO1104-06-00 STA2102-05-00,ME ME,18.0,월금,1,1,1,4+6,2+1
1546,16.29,MR,-,UIC1561-01-00 UIC1551-04-00 UIC2151-05-00 UIC1805-02-00,ECO1104-06-00 STA2102-05-00,ME ME,18.0,월금,1,1,1,4+6,2+1
1547,16.29,MR,-,UIC1561-01-00 UIC1551-04-00 UIC2151-08-00 UIC1806-01-00,ECO1104-06-00 STA2102-05-00,ME ME,18.0,월금,1,1,1,4+6,2+1
1548,16.29,MR,-,UIC1561-01-00 UIC1551-04-00 UIC2151-09-00 UIC1805-01-00,ECO1104-06-00 STA2102-05-00,ME ME,18.0,월금,1,1,1,4+6,2+1
1549,16.29,MR,-,UIC1561-01-00 UIC1551-04-00 UIC2151-08-00 UIC1806-01-00,ECO1104-06-00 STA2102-05-00,ME ME,18.0,월금,1,1,1,4+6,2+1
1550,16.29,MR,-,UIC1561-01-00 UIC1551-04-00 UIC2151-09-00 UIC1805-01-00,ECO1104-06-00 STA2102-05-00,ME ME,18.0,월금,1,1,1,4+6,2+1
1551,16.29,MR,-,UIC1561-01-00 UIC1551-04-00 UIC2151-09-00 UIC1806-01-00,ECO1104-06-00 STA2102-05-00,ME ME,18.0,월금,1,1,1,4+6,2+1
1552,16.29,MR,-,UIC1561-01-00 UIC1551-04-00 UIC2151-05-00 UIC1805-02-00,ECO1104-06-00 STA2102-05-00,ME ME,18.0,월금,1,1,1,4+6,2+1
1553,16.286,Lang,-,QRM1001-01-00 UIC1561-01-00 ASP2033-01-00 UIC2151-14-00,STA2102-05-00 YCH1202-01-00,ME FREE,18.0,월금,0,0,2,4,2+1
1554,16.265,MR,YCA1006-01-00,UIC1561-01-00 ASP2022-01-00 UIC2151-12-00 UIC1805-01-00,QRM2004-01-00 STA2102-05-00,ME ME,18.0,월금,2,0,0,4+5,1+2+3
1555,16.265,MR,YCA1006-01-00,UIC1561-01-00 ASP2022-01-00 UIC2151-12-00 UIC1806-01-00,QRM2004-01-00 STA2102-05-00,ME ME,18.0,월금,2,0,0,4+5,1+2+3
1556,16.265,MR,YCA1006-01-00,UIC1561-01-00 ASP2022-01-00 UIC2151-12-00 UIC1805-01-00,QRM2004-01-00 STA2102-05-00,ME ME,18.0,월금,2,0,0,4+5,1+2+3
1557,16.265,MR,YCA1006-01-00,UIC1561-01-00 ASP2022-01-00 UIC2151-12-00 UIC1806-01-00,QRM2004-01-00 STA2102-05-00,ME ME,18.0,월금,2,0,0,4+5,1+2+3
1558,16.233,MR,YCA1006-02-00,UIC1561-01-00 UIC1501-02-00 UIC2151-11-00 UIC1805-02-00,ECO1101-06-00 STA2102-04-00,ECO1101 ME,18.0,금,0,1,2,8,1+1+2
1559,16.233,MR,YCA1006-02-00,UIC1561-01-00 UIC1501-03-00 UIC2151-10-00 UIC1805-02-00,ECO1101-06-00 STA2102-04-00,ECO1101 ME,18.0,금,0,1,2,8,1+1+2
1560,16.233,MR,YCA1006-02-00,UIC1561-01-00 UIC1551-03-00 UIC2151-11-00 UIC1805-02-00,ECO1101-06-00 STA2102-04-00,ECO1101 ME,18.0,금,0,1,2,8,1+1+2
1561,16.233,MR,YCA1006-02-00,UIC1561-01-00 UIC1501-03-00 UIC2151-04-00 UIC1805-02-00,ECO1101-06-00 STA2102-04-00,ECO1101 ME,18.0,금,0,1,2,8,1+1+2
1562,16.233,MR,YCA1006-02-00,UIC1561-01-00 UIC1551-03-00 UIC2151-11-00 UIC1805-02-00,ECO1101-06-00 STA2102-04-00,ECO1101 ME,18.0,금,0,1,2,8,1+1+2
1563,16.233,MR,YCA1006-02-00,UIC1561-01-00 UIC1501-02-00 UIC2151-11-00 UIC1805-02-00,ECO1101-06-00 STA2102-04-00,ECO1101 ME,18.0,금,0,1,2,8,1+1+2
1564,16.233,MR,YCA1006-02-00,UIC1561-01-00 UIC1501-03-00 UIC2151-04-00 UIC1805-02-00,ECO1101-06-00 STA2102-04-00,ECO1101 ME,18.0,금,0,1,2,8,1+1+2
1565,16.233,MR,YCA1006-02-00,UIC1561-01-00 UIC1501-03-00 UIC2151-10-00 UIC1805-02-00,ECO1101-06-00 STA2102-04-00,ECO1101 ME,18.0,금,0,1,2,8,1+1+2
1566,16.217,Lang,YCA1006-02-00,QRM1001-01-00 UIC1561-01-00 UIC1401-03-00 UIC2151-12-00,QRM2004-01-00 STA2102-05-00,ME ME,18.0,월,1,1,0,4+4,1
1567,16.19,MR,YCA1006-01-00,UIC1561-01-00 UIC1551-01-00 UIC2151-06-00 UIC1805-02-00,STA2102-05-00 YCI1901-01-00,ME FREE,18.0,월금,0,0,2,4+6,1+1
1568,16.19,MR,YCA1006-01-00,UIC1561-01-00 UIC1551-04-00 UIC2151-06-00 UIC1805-02-00,STA2102-05-00 UCD1101-01-00,ME FREE,18.0,월금,0,0,2,4+6,1+1
1569,16.19,MR,YCA1006-01-00,UIC1561-01-00 UIC1551-04-00 UIC2151-08-00 UIC1806-02-00,STA2102-05-00 UCD1101-01-00,ME FREE,18.0,월금,0,0,2,4+6,1+1
1570,16.19,MR,YCA1006-01-00,UIC1561-01-00 UIC1251-02-00 UIC2151-14-00 UIC1805-02-00,STA2102-05-00 UCD1101-01-00,ME FREE,18.0,월금,0,0,2,4+6,1+1
1571,16.19,MR,YCA1006-01-00,UIC1561-01-00 UIC1551-01-00 UIC2151-09-00 UIC1806-02-00,STA2102-05-00 YCI1901-01-00,ME FREE,18.0,월금,0,0,2,4+6,1+1
1572,16.19,MR,YCA1006-01-00,UIC1561-01-00 UIC1551-04-00 UIC2151-09-00 UIC1806-02-00,STA2102-05-00 UCD1101-01-00,ME FREE,18.0,월금,0,0,2,4+6,1+1
1573,16.19,MR,YCA1006-01-00,UIC1561-01-00 UIC1551-01-00 UIC2151-07-00 UIC1805-02-00,STA2102-05-00 YCI1901-01-00,ME FREE,18.0,월금,0,0,2,4+6,1+1
1574,16.19,MR,YCA1006-01-00,UIC1561-01-00 UIC1551-01-00 UIC2151-08-00 UIC1806-02-00,STA2102-05-00 YCI1901-01-00,ME FREE,18.0,월금,0,0,2,4+6,1+1
1575,16.19,MR,YCA1006-01-00,UIC1561-01-00 UIC1551-04-00 UIC2151-07-00 UIC1805-02-00,STA2102-05-00 UCD1101-01-00,ME FREE,18.0,월금,0,0,2,4+6,1+1
1576,16.19,MR,YCA1006-01-00,UIC1561-01-00 UIC1551-01-00 UIC2151-07-00 UIC1805-02-00,STA2102-05-00 YCI1901-01-00,ME FREE,18.0,월금,0,0,2,4+6,1+1
1577,16.19,MR,YCA1006-01-00,UIC1561-01-00 UIC1551-01-00 UIC2151-09-00 UIC1806-02-00,STA2102-05-00 YCI1901-01-00,ME FREE,18.0,월금,0,0,2,4+6,1+1
1578,16.19,MR,YCA1006-01-00,UIC1561-01-00 UIC1251-02-00 UIC2151-14-00 UIC1805-02-00,STA2102-05-00 UCD1101-01-00,ME FREE,18.0,월금,0,0,2,4+6,1+1
1579,16.19,MR,YCA1006-01-00,UIC1561-01-00 UIC1551-04-00 UIC2151-06-00 UIC1805-02-00,STA2102-05-00 UCD1101-01-00,ME FREE,18.0,월금,0,0,2,4+6,1+1
1580,16.19,MR,YCA1006-01-00,UIC1561-01-00 UIC1401-02-00 UIC2151-14-00 UIC1806-02-00,STA2102-05-00 UCD1101-01-00,ME FREE,18.0,월금,0,0,2,4+6,1+1
1581,16.19,MR,YCA1006-01-00,UIC1561-01-00 UIC1551-04-00 UIC2151-08-00 UIC1806-02-00,STA2102-05-00 UCD1101-01-00,ME FREE,18.0,월금,0,0,2,4+6,1+1
1582,16.19,MR,YCA1006-01-00,UIC1561-01-00 UIC1551-01-00 UIC2151-06-00 UIC1805-02-00,STA2102-05-00 YCI1901-01-00,ME FREE,18.0,월금,0,0,2,4+6,1+1
1583,16.19,MR,YCA1006-01-00,UIC1561-01-00 UIC1401-02-00 UIC2151-14-00 UIC1806-02-00,STA2102-05-00 UCD1101-01-00,ME FREE,18.0,월금,0,0,2,4+6,1+1
1584,16.19,MR,YCA1006-01-00,UIC1561-01-00 UIC1551-01-00 UIC2151-08-00 UIC1806-02-00,STA2102-05-00 YCI1901-01-00,ME FREE,18.0,월금,0,0,2,4+6,1+1
1585,16.19,MR,YCA1006-01-00,UIC1561-01-00 UIC1551-04-00 UIC2151-09-00 UIC1806-02-00,STA2102-05-00 UCD1101-01-00,ME FREE,18.0,월금,0,0,2,4+6,1+1
1586,16.19,MR,YCA1006-01-00,UIC1561-01-00 UIC1551-04-00 UIC2151-07-00 UIC1805-02-00,STA2102-05-00 UCD1101-01-00,ME FREE,18.0,월금,0,0,2,4+6,1+1
1587,16.182,Lang,YCA1006-02-00,QRM1001-01-00 UIC1561-01-00 ASP2022-01-00 UIC2151-12-00,STA2102-05-00 YCK1998-03-00,ME FREE,18.0,월금,1,0,0,4+4,3+2
1588,16.182,Lang,YCA1006-01-00,QRM1001-01-00 UIC1561-01-00 UIC1551-01-00 UIC2151-12-00,STA2102-05-00 YCI1901-01-00,ME FREE,18.0,월금,1,0,2,4,4+2+1
1589,16.165,WCiv,-,QRM1001-01-00 UIC1501-05-00 UIC2151-14-00 UIC1805-01-00,ECO1101-05-00 STA2102-05-00,ECO1101 ME,18.0,월금,2,1,1,4+6,3+1
1590,16.165,WCiv,-,QRM1001-01-00 UIC1501-05-00 UIC2151-14-00 UIC1806-01-00,ECO1101-05-00 STA2102-05-00,ECO1101 ME,18.0,월금,2,1,1,4+6,3+1
1591,16.165,WCiv,-,QRM1001-01-00 UIC1501-05-00 UIC2151-14-00 UIC1805-01-00,ECO1101-05-00 STA2102-05-00,ECO1101 ME,18.0,월금,2,1,1,4+6,3+1
1592,16.165,WCiv,-,QRM1001-01-00 UIC1501-05-00 UIC2151-14-00 UIC1806-01-00,ECO1101-05-00 STA2102-05-00,ECO1101 ME,18.0,월금,2,1,1,4+6,3+1
1593,16.142,Lang,YCA1006-02-00,QRM1001-01-00 UIC1561-01-00 UIC1501-01-00 UIC2151-14-00,QRM2004-01-00 STA2102-05-00,ME ME,18.0,월,0,1,1,4+7,2
1594,16.142,Lang,YCA1006-02-00,QRM1001-01-00 UIC1561-01-00 UIC1351-02-00 UIC2151-14-00,QRM2004-01-00 STA2102-05-00,ME ME,18.0,월,0,1,1,4+7,2
1595,16.14,MR,-,UIC1561-01-00 UIC1501-05-00 UIC2151-14-00 UIC1805-01-00,ECO1101-06-00 STA2102-04-00,ECO1101 ME,18.0,월금,2,0,3,4,3+2+1
1596,16.14,MR,-,UIC1561-01-00 UIC1501-05-00 UIC2151-14-00 UIC1806-01-00,ECO1101-06-00 STA2102-04-00,ECO1101 ME,18.0,월금,2,0,3,4,3+2+1
1597,16.14,MR,-,UIC1561-01-00 UIC1501-05-00 UIC2151-14-00 UIC1806-01-00,ECO1101-06-00 STA2102-04-00,ECO1101 ME,18.0,월금,2,0,3,4,3+2+1
1598,16.14,MR,-,UIC1561-01-00 UIC1501-05-00 UIC2151-14-00 UIC1805-01-00,ECO1101-06-00 STA2102-04-00,ECO1101 ME,18.0,월금,2,0,3,4,3+2+1
1599,16.14,MR,YCA1006-02-00,UIC1561-01-00 UIC1551-01-00 UIC2151-12-00 UIC1805-02-00,STA2102-04-00 YCG1804-01-00,ME FREE,18.0,월금,1,0,1,,1+3+1+1
1600,16.14,MR,YCA1006-02-00,UIC1561-01-00 UIC1551-01-00 UIC2151-12-00 UIC1805-02-00,STA2102-04-00 YCG1804-01-00,ME FREE,18.0,월금,1,0,1,,1+3+1+1
1601,16.125,MR,YCA1006-01-00,UIC1561-01-00 UIC1401-03-00 UIC2151-07-00 UIC1805-02-00,ECO1101-06-00 STA2102-05-00,ECO1101 ME,18.0,월,0,0,2,6,1+2
1602,16.125,MR,YCA1006-01-00,UIC1561-01-00 UIC1401-03-00 UIC2151-09-00 UIC1806-02-00,ECO1101-06-00 STA2102-05-00,ECO1101 ME,18.0,월,0,0,2,6,1+2
1603,16.125,MR,YCA1006-01-00,UIC1561-01-00 UIC1401-03-00 UIC2151-08-00 UIC1806-02-00,ECO1101-06-00 STA2102-05-00,ECO1101 ME,18.0,월,0,0,2,6,1+2
1604,16.125,MR,YCA1006-01-00,UIC1561-01-00 UIC1401-03-00 UIC2151-09-00 UIC1806-02-00,ECO1101-06-00 STA2102-05-00,ECO1101 ME,18.0,월,0,0,2,6,1+2
1605,16.125,MR,YCA1006-01-00,UIC1561-01-00 UIC1401-03-00 UIC2151-07-00 UIC1805-02-00,ECO1101-06-00 STA2102-05-00,ECO1101 ME,18.0,월,0,0,2,6,1+2
1606,16.125,MR,YCA1006-01-00,UIC1561-01-00 UIC1401-03-00 UIC2151-06-00 UIC1805-02-00,ECO1101-06-00 STA2102-05-00,ECO1101 ME,18.0,월,0,0,2,6,1+2
1607,16.125,MR,YCA1006-01-00,UIC1561-01-00 UIC1401-03-00 UIC2151-08-00 UIC1806-02-00,ECO1101-06-00 STA2102-05-00,ECO1101 ME,18.0,월,0,0,2,6,1+2
1608,16.125,MR,YCA1006-01-00,UIC1561-01-00 UIC1401-03-00 UIC2151-06-00 UIC1805-02-00,ECO1101-06-00 STA2102-05-00,ECO1101 ME,18.0,월,0,0,2,6,1+2
1609,16.115,-,YCA1006-01-00,QRM1001-01-00 UIC1561-01-00 ASP2022-01-00 UIC2151-12-00 UIC1806-01-00,STA2102-05-00,ME,18.0,월금,2,1,0,4+6,4+2
1610,16.115,-,YCA1006-01-00,QRM1001-01-00 UIC1561-01-00 ASP2022-01-00 UIC2151-12-00 UIC1805-01-00,STA2102-05-00,ME,18.0,월금,2,1,0,4+6,4+2
1611,16.115,-,YCA1006-01-00,QRM1001-01-00 UIC1561-01-00 ASP2022-01-00 UIC2151-12-00 UIC1806-01-00,STA2102-05-00,ME,18.0,월금,2,1,0,4+6,4+2
1612,16.115,-,YCA1006-01-00,QRM1001-01-00 UIC1561-01-00 ASP2022-01-00 UIC2151-12-00 UIC1805-01-00,STA2102-05-00,ME,18.0,월금,2,1,0,4+6,4+2
1613,16.09,MR,YCA1006-02-00,UIC1561-01-00 ASP2022-01-00 UIC2151-12-00 UIC1806-01-00,ECO1101-06-00 STA2102-04-00,ECO1101 ME,18.0,월금,2,0,2,4,1+3+3+2+1
1614,16.09,MR,YCA1006-02-00,UIC1561-01-00 ASP2022-01-00 UIC2151-12-00 UIC1805-01-00,ECO1101-06-00 STA2102-04-00,ECO1101 ME,18.0,월금,2,0,2,4,1+3+3+2+1
1615,16.09,MR,YCA1006-02-00,UIC1561-01-00 ASP2022-01-00 UIC2151-12-00 UIC1805-01-00,ECO1101-06-00 STA2102-04-00,ECO1101 ME,18.0,월금,2,0,2,4,1+3+3+2+1
1616,16.09,MR,YCA1006-02-00,UIC1561-01-00 ASP2022-01-00 UIC2151-12-00 UIC1806-01-00,ECO1101-06-00 STA2102-04-00,ECO1101 ME,18.0,월금,2,0,2,4,1+3+3+2+1
1617,16.075,Lang,YCA1006-01-00,QRM1001-01-00 UIC1561-01-00 UIC1551-01-00 UIC1751-01-00,ECO1101-06-00 QRM2004-01-00,ECO1101 ME,18.0,월,0,0,3,4+4,1+3+2+1
1618,16.075,Lang,YCA1006-01-00,QRM1001-01-00 UIC1561-01-00 UIC1401-03-00 UIC1751-01-00,ECO1101-06-00 QRM2004-01-00,ECO1101 ME,18.0,월,0,1,2,4+4,1+1+1+2
1619,16.075,Lang,YCA1006-01-00,QRM1001-01-00 UIC1561-01-00 UIC1551-04-00 UIC1751-01-00,ECO1101-06-00 QRM2004-01-00,ECO1101 ME,18.0,월,0,0,3,4+4,1+1+3+2
1620,16.065,MR,-,UIC1561-01-00 UIC1501-05-00 UIC2151-14-00 UIC1806-02-00,ECO1101-06-00 STA2102-05-00,ECO1101 ME,18.0,월금,1,0,3,6,2+2+3
1621,16.065,MR,-,UIC1561-01-00 UIC1501-05-00 UIC2151-14-00 UIC1806-02-00,ECO1101-06-00 STA2102-05-00,ECO1101 ME,18.0,월금,1,0,3,6,2+2+3
1622,16.058,MR,YCA1006-01-00,UIC1561-01-00 UIC1551-03-00 UIC2151-14-00 UIC1805-01-00,STA2102-04-00 QRM2004-01-00,ME ME,18.0,금,1,0,1,6,2+1+2+1
1623,16.058,MR,YCA1006-01-00,UIC1561-01-00 UIC1551-03-00 UIC2151-14-00 UIC1805-01-00,STA2102-04-00 QRM2004-01-00,ME ME,18.0,금,1,0,1,6,2+1+2+1
1624,16.058,MR,YCA1006-01-00,UIC1561-01-00 UIC1501-02-00 UIC2151-14-00 UIC1806-01-00,STA2102-04-00 QRM2004-01-00,ME ME,18.0,금,1,0,1,6,2+1+2+1
1625,16.058,MR,YCA1006-01-00,UIC1561-01-00 UIC1551-03-00 UIC2151-14-00 UIC1806-01-00,STA2102-04-00 QRM2004-01-00,ME ME,18.0,금,1,0,1,6,2+1+2+1
1626,16.058,MR,YCA1006-01-00,UIC1561-01-00 UIC1501-02-00 UIC2151-14-00 UIC1805-01-00,STA2102-04-00 QRM2004-01-00,ME ME,18.0,금,1,0,1,6,2+1+2+1
1627,16.058,MR,YCA1006-01-00,UIC1561-01-00 UIC1551-03-00 UIC2151-14-00 UIC1806-01-00,STA2102-04-00 QRM2004-01-00,ME ME,18.0,금,1,0,1,6,2+1+2+1
1628,16.058,MR,YCA1006-01-00,UIC1561-01-00 UIC1501-02-00 UIC2151-14-00 UIC1805-01-00,STA2102-04-00 QRM2004-01-00,ME ME,18.0,금,1,0,1,6,2+1+2+1
1629,16.058,MR,YCA1006-01-00,UIC1561-01-00 UIC1501-02-00 UIC2151-14-00 UIC1806-01-00,STA2102-04-00 QRM2004-01-00,ME ME,18.0,금,1,0,1,6,2+1+2+1
1630,16.057,Lang,YCA1006-02-00,QRM1001-01-00 UIC1561-01-00 UIC1551-04-00 UIC2151-12-00,QRM2004-01-00 BIZ1101-09-00,ME FREE,18.0,월금,1,1,1,4+4,1+1
1631,16.057,Lang,YCA1006-01-00,QRM1001-01-00 UIC1561-01-00 UIC1551-01-00 UIC2151-12-00,QRM2004-01-00 STA1002-04-00,ME FREE,18.0,월금,1,0,1,4+4,2+1+2+1
1632,16.057,Lang,YCA1006-01-00,QRM1001-01-00 UIC1561-01-00 UIC1551-04-00 UIC2151-12-00,QRM2004-01-00 STA1002-04-00,ME FREE,18.0,월금,1,0,1,4+4,2+1+1+2
1633,16.05,Lang,-,QRM1001-01-00 UIC1561-01-00 UIC1351-02-00 UIC2151-14-00,ECO1101-06-00 STA2102-05-00,ECO1101 ME,18.0,월,0,0,3,6,2+2
1634,16.05,Lang,-,QRM1001-01-00 UIC1561-01-00 UIC1501-01-00 UIC2151-14-00,ECO1101-06-00 STA2102-05-00,ECO1101 ME,18.0,월,0,0,3,6,2+2
1635,16.05,MR,YCA1006-02-00,UIC1561-01-00 UIC1401-03-00 UIC2151-14-00 UIC1806-02-00,QRM2002-01-00 STA2102-05-00,ME ME,18.0,월,1,0,1,4,2+1
1636,16.05,MR,YCA1006-02-00,UIC1561-01-00 UIC1401-03-00 UIC2151-14-00 UIC1806-02-00,QRM2002-01-00 STA2102-05-00,ME ME,18.0,월,1,0,1,4,2+1
1637,16.017,Lang,-,QRM1001-01-00 UIC1561-01-00 UIC1401-03-00 UIC2151-12-00,QRM2004-01-00 STA2102-05-00,ME ME,18.0,월,1,0,0,4,1
1638,15.982,Lang,YCA1006-02-00,QRM1001-01-00 UIC1561-01-00 UIC1551-01-00 UIC2151-12-00,STA2102-05-00 UCB1105-02-00,ME FREE,18.0,월금,1,0,1,4+6,3+2
1639,15.965,MR,YCA1006-01-00,UIC1561-01-00 ASP2022-01-00 UIC2151-05-00 UIC1805-02-00,ECO1104-06-00 ECO1101-06-00,ME ECO1101,18.0,월금,1,1,2,4+5+6,1+2
1640,15.965,MR,YCA1006-01-00,UIC1561-01-00 ASP2022-01-00 UIC2151-05-00 UIC1805-02-00,ECO1104-06-00 ECO1101-06-00,ME ECO1101,18.0,월금,1,1,2,4+5+6,1+2
1641,15.965,MR,YCA1006-01-00,UIC1561-01-00 ASP2022-01-00 UIC2151-09-00 UIC1805-01-00,ECO1104-06-00 ECO1101-06-00,ME ECO1101,18.0,월금,1,1,2,4+5+6,1+2
1642,15.965,MR,YCA1006-01-00,UIC1561-01-00 ASP2022-01-00 UIC2151-09-00 UIC1806-01-00,ECO1104-06-00 ECO1101-06-00,ME ECO1101,18.0,월금,1,1,2,4+5+6,1+2
1643,15.965,MR,YCA1006-01-00,UIC1561-01-00 ASP2022-01-00 UIC2151-08-00 UIC1806-01-00,ECO1104-06-00 ECO1101-06-00,ME ECO1101,18.0,월금,1,1,2,4+5+6,1+2
1644,15.965,MR,YCA1006-01-00,UIC1561-01-00 ASP2022-01-00 UIC2151-09-00 UIC1805-01-00,ECO1104-06-00 ECO1101-06-00,ME ECO1101,18.0,월금,1,1,2,4+5+6,1+2
1645,15.965,MR,YCA1006-01-00,UIC1561-01-00 ASP2022-01-00 UIC2151-08-00 UIC1805-01-00,ECO1104-06-00 ECO1101-06-00,ME ECO1101,18.0,월금,1,1,2,4+5+6,1+2
1646,15.965,MR,YCA1006-01-00,UIC1561-01-00 ASP2022-01-00 UIC2151-09-00 UIC1806-01-00,ECO1104-06-00 ECO1101-06-00,ME ECO1101,18.0,월금,1,1,2,4+5+6,1+2
1647,15.965,MR,YCA1006-01-00,UIC1561-01-00 ASP2022-01-00 UIC2151-08-00 UIC1806-01-00,ECO1104-06-00 ECO1101-06-00,ME ECO1101,18.0,월금,1,1,2,4+5+6,1+2
1648,15.965,MR,YCA1006-01-00,UIC1561-01-00 ASP2022-01-00 UIC2151-08-00 UIC1805-01-00,ECO1104-06-00 ECO1101-06-00,ME ECO1101,18.0,월금,1,1,2,4+5+6,1+2
1649,15.965,WCiv,YCA1006-02-00,QRM1001-01-00 UIC1551-01-00 UIC2151-12-00 UIC1805-01-00,ECO1101-05-00 QRM2004-01-00,ECO1101 ME,18.0,월금,2,2,1,5+5,1+4+1
1650,15.965,MR,YCA1006-02-00,UIC1561-01-00 UIC1551-01-00 UIC2151-07-00 UIC1805-02-00,STA2102-05-00 QRM2001-01-00,ME ME,18.0,월금,1,2,1,4+5+5,1+1
1651,15.965,MR,YCA1006-02-00,UIC1561-01-00 UIC1551-01-00 UIC2151-08-00 UIC1806-02-00,STA2102-05-00 QRM2001-01-00,ME ME,18.0,월금,1,2,1,4+5+5,1+1
1652,15.965,MR,YCA1006-02-00,UIC1561-01-00 UIC1551-01-00 UIC2151-06-00 UIC1805-02-00,STA2102-05-00 QRM2001-01-00,ME ME,18.0,월금,1,2,1,4+5+5,1+1
1653,15.965,WCiv,YCA1006-02-00,QRM1001-01-00 UIC1551-01-00 UIC2151-12-00 UIC1806-01-00,ECO1101-05-00 QRM2004-01-00,ECO1101 ME,18.0,월금,2,2,1,5+5,1+4+1
1654,15.965,MR,YCA1006-02-00,UIC1561-01-00 UIC1551-01-00 UIC2151-07-00 UIC1805-02-00,STA2102-05-00 QRM2001-01-00,ME ME,18.0,월금,1,2,1,4+5+5,1+1
1655,15.965,MR,YCA1006-02-00,UIC1561-01-00 UIC1551-01-00 UIC2151-09-00 UIC1806-02-00,STA2102-05-00 QRM2001-01-00,ME ME,18.0,월금,1,2,1,4+5+5,1+1
1656,15.965,MR,YCA1006-02-00,UIC1561-01-00 UIC1551-01-00 UIC2151-06-00 UIC1805-02-00,STA2102-05-00 QRM2001-01-00,ME ME,18.0,월금,1,2,1,4+5+5,1+1
1657,15.965,WCiv,YCA1006-02-00,QRM1001-01-00 UIC1551-01-00 UIC2151-12-00 UIC1805-01-00,ECO1101-05-00 QRM2004-01-00,ECO1101 ME,18.0,월금,2,2,1,5+5,1+4+1
1658,15.965,WCiv,YCA1006-02-00,QRM1001-01-00 UIC1551-01-00 UIC2151-12-00 UIC1806-01-00,ECO1101-05-00 QRM2004-01-00,ECO1101 ME,18.0,월금,2,2,1,5+5,1+4+1
1659,15.965,MR,YCA1006-02-00,UIC1561-01-00 UIC1551-01-00 UIC2151-09-00 UIC1806-02-00,STA2102-05-00 QRM2001-01-00,ME ME,18.0,월금,1,2,1,4+5+5,1+1
1660,15.965,MR,YCA1006-02-00,UIC1561-01-00 UIC1551-01-00 UIC2151-08-00 UIC1806-02-00,STA2102-05-00 QRM2001-01-00,ME ME,18.0,월금,1,2,1,4+5+5,1+1
1661,15.965,MR,YCA1006-02-00,UIC1561-01-00 UIC1551-01-00 UIC2151-12-00 UIC1805-02-00,STA2102-04-00 YCI1901-01-00,ME FREE,18.0,월금,1,0,2,5,1+3+1
1662,15.965,MR,YCA1006-02-00,UIC1561-01-00 UIC1551-01-00 UIC2151-12-00 UIC1805-02-00,STA2102-04-00 YCI1901-01-00,ME FREE,18.0,월금,1,0,2,5,1+3+1
1663,15.958,MR,YCA1006-01-00,UIC1561-01-00 UIC1551-04-00 UIC2151-11-00 UIC1805-02-00,ECO1101-06-00 STA2102-04-00,ECO1101 ME,18.0,금,0,0,3,6+4,2+1+2
1664,15.958,MR,YCA1006-01-00,UIC1561-01-00 UIC1551-04-00 UIC2151-11-00 UIC1805-02-00,ECO1101-06-00 STA2102-04-00,ECO1101 ME,18.0,금,0,0,3,6+4,2+1+2
1665,15.95,Lang,-,QRM1001-01-00 UIC1561-01-00 UIC1501-02-00 UIC2151-14-00,QRM2004-01-00 STA2102-05-00,ME ME,18.0,금,0,1,1,6+6,1
1666,15.95,Lang,-,QRM1001-01-00 UIC1561-01-00 UIC1551-03-00 UIC2151-14-00,QRM2004-01-00 STA2102-05-00,ME ME,18.0,금,0,1,1,6+6,1
1667,15.933,MR,YCA1006-02-00,UIC1561-01-00 UIC1501-02-00 UIC2151-14-00 UIC1805-01-00,ECO1104-06-00 STA2102-05-00,ME ME,18.0,금,1,1,1,6,1+2+1+1
1668,15.933,MR,YCA1006-02-00,UIC1561-01-00 UIC1501-02-00 UIC2151-14-00 UIC1806-01-00,ECO1104-06-00 STA2102-05-00,ME ME,18.0,금,1,1,1,6,1+2+1+1
1669,15.933,MR,YCA1006-02-00,UIC1561-01-00 UIC1501-02-00 UIC2151-14-00 UIC1805-01-00,ECO1104-06-00 STA2102-05-00,ME ME,18.0,금,1,1,1,6,1+2+1+1
1670,15.933,MR,YCA1006-02-00,UIC1561-01-00 UIC1501-02-00 UIC2151-14-00 UIC1806-01-00,ECO1104-06-00 STA2102-05-00,ME ME,18.0,금,1,1,1,6,1+2+1+1
1671,15.933,MR,YCA1006-02-00,UIC1561-01-00 UIC1551-03-00 UIC2151-14-00 UIC1806-01-00,ECO1104-06-00 STA2102-05-00,ME ME,18.0,금,1,1,1,6,1+2+1+1
1672,15.933,MR,YCA1006-01-00,UIC1561-01-00 UIC1501-02-00 UIC2151-14-00 UIC1806-01-00,ECO1104-06-00 STA2102-05-00,ME ME,18.0,금,1,1,1,6,1+2+1+1
1673,15.933,MR,YCA1006-02-00,UIC1561-01-00 UIC1551-03-00 UIC2151-14-00 UIC1806-01-00,ECO1104-06-00 STA2102-05-00,ME ME,18.0,금,1,1,1,6,1+2+1+1
1674,15.933,MR,YCA1006-01-00,UIC1561-01-00 UIC1501-02-00 UIC2151-14-00 UIC1805-01-00,ECO1104-06-00 STA2102-05-00,ME ME,18.0,금,1,1,1,6,1+2+1+1
1675,15.933,MR,YCA1006-01-00,UIC1561-01-00 UIC1551-03-00 UIC2151-14-00 UIC1806-01-00,ECO1104-06-00 STA2102-05-00,ME ME,18.0,금,1,1,1,6,1+2+1+1
1676,15.933,MR,YCA1006-01-00,UIC1561-01-00 UIC1551-03-00 UIC2151-14-00 UIC1805-01-00,ECO1104-06-00 STA2102-05-00,ME ME,18.0,금,1,1,1,6,1+2+1+1
1677,15.933,MR,YCA1006-02-00,UIC1561-01-00 UIC1551-03-00 UIC2151-14-00 UIC1805-01-00,ECO1104-06-00 STA2102-05-00,ME ME,18.0,금,1,1,1,6,1+2+1+1
1678,15.933,MR,YCA1006-02-00,UIC1561-01-00 UIC1551-03-00 UIC2151-14-00 UIC1805-01-00,ECO1104-06-00 STA2102-05-00,ME ME,18.0,금,1,1,1,6,1+2+1+1
1679,15.933,MR,YCA1006-01-00,UIC1561-01-00 UIC1551-03-00 UIC2151-14-00 UIC1806-01-00,ECO1104-06-00 STA2102-05-00,ME ME,18.0,금,1,1,1,6,1+2+1+1
1680,15.933,MR,YCA1006-01-00,UIC1561-01-00 UIC1551-03-00 UIC2151-14-00 UIC1805-01-00,ECO1104-06-00 STA2102-05-00,ME ME,18.0,금,1,1,1,6,1+2+1+1
1681,15.933,MR,YCA1006-01-00,UIC1561-01-00 UIC1501-02-00 UIC2151-14-00 UIC1806-01-00,ECO1104-06-00 STA2102-05-00,ME ME,18.0,금,1,1,1,6,1+2+1+1
1682,15.933,MR,YCA1006-01-00,UIC1561-01-00 UIC1501-02-00 UIC2151-14-00 UIC1805-01-00,ECO1104-06-00 STA2102-05-00,ME ME,18.0,금,1,1,1,6,1+2+1+1
1683,15.925,Lang,YCA1006-01-00,QRM1001-01-00 UIC1561-01-00 ASP2022-01-00 UIC2151-04-00,QRM2004-01-00 STA2102-05-00,ME ME,18.0,금,0,1,0,6+5+4,1+1
1684,15.925,Lang,YCA1006-01-00,QRM1001-01-00 UIC1561-01-00 ASP2022-01-00 UIC2151-10-00,QRM2004-01-00 STA2102-05-00,ME ME,18.0,금,0,1,0,6+5+4,1+1
1685,15.896,Lang,-,QRM1001-01-00 UIC1561-01-00 UIC1401-03-00 UIC1751-01-00,STA2102-05-00 QRM3007-01-00,ME ME,18.0,월화,0,1,0,4+5,1
1686,15.89,MR,YCA1006-01-00,UIC1561-01-00 UIC1251-02-00 UIC2151-14-00 UIC1806-01-00,STA2102-05-00 YCK1998-03-00,ME FREE,18.0,월금,1,0,1,4,1+2+1
1687,15.89,MR,YCA1006-01-00,UIC1561-01-00 UIC1551-04-00 UIC2151-06-00 UIC1805-01-00,STA2102-05-00 YCI1998-02-00,ME FREE,18.0,월금,1,0,1,4,1+2+1
1688,15.89,MR,YCA1006-01-00,UIC1561-01-00 UIC1551-04-00 UIC2151-07-00 UIC1805-01-00,STA2102-05-00 YCI1998-02-00,ME FREE,18.0,월금,1,0,1,4,1+2+1
1689,15.89,MR,YCA1006-01-00,UIC1561-01-00 UIC1551-04-00 UIC2151-09-00 UIC1806-01-00,STA2102-05-00 YCH1605-01-00,ME FREE,18.0,월금,1,0,1,4,1+1+2
1690,15.89,MR,YCA1006-01-00,UIC1561-01-00 UIC1401-02-00 UIC2151-12-00 UIC1806-02-00,STA2102-05-00 UCD1101-01-00,ME FREE,18.0,월금,1,0,1,4,1+2+1
1691,15.89,MR,YCA1006-02-00,UIC1561-01-00 UIC1551-04-00 UIC2151-05-00 UIC1806-02-00,STA2102-05-00 YCI1998-02-00,ME FREE,18.0,월금,1,0,1,4,1+2+1
1692,15.89,MR,YCA1006-02-00,UIC1561-01-00 UIC1551-01-00 UIC2151-09-00 UIC1805-01-00,STA2102-05-00 UCB1105-02-00,ME FREE,18.0,월금,1,0,1,4,1+1+2
1693,15.89,MR,YCA1006-01-00,UIC1561-01-00 UIC1551-04-00 UIC2151-06-00 UIC1805-01-00,STA2102-05-00 YCI1998-02-00,ME FREE,18.0,월금,1,0,1,4,1+2+1
1694,15.89,MR,YCA1006-02-00,UIC1561-01-00 UIC1551-01-00 UIC2151-09-00 UIC1805-01-00,STA2102-05-00 UCB1105-02-00,ME FREE,18.0,월금,1,0,1,4,1+1+2
1695,15.89,MR,YCA1006-01-00,UIC1561-01-00 UIC1251-02-00 UIC2151-14-00 UIC1806-01-00,STA2102-05-00 UCB1105-02-00,ME FREE,18.0,월금,1,0,1,4,1+2+1
1696,15.89,MR,YCA1006-01-00,UIC1561-01-00 UIC1551-04-00 UIC2151-05-00 UIC1805-02-00,STA2102-05-00 YCH1605-01-00,ME FREE,18.0,월금,1,0,1,4,1+1+2
1697,15.89,MR,YCA1006-01-00,UIC1561-01-00 UIC1551-04-00 UIC2151-09-00 UIC1805-01-00,STA2102-05-00 YCH1605-01-00,ME FREE,18.0,월금,1,0,1,4,1+1+2
1698,15.89,MR,YCA1006-02-00,UIC1561-01-00 UIC1551-01-00 UIC2151-05-00 UIC1805-02-00,STA2102-05-00 UCB1105-02-00,ME FREE,18.0,월금,1,0,1,4,1+1+2
1699,15.89,MR,YCA1006-02-00,UIC1561-01-00 UIC1251-02-00 UIC2151-14-00 UIC1805-01-00,STA2102-05-00 YCK1998-03-00,ME FREE,18.0,월금,1,0,1,4,1+2+1
1700,15.89,MR,YCA1006-01-00,UIC1561-01-00 UIC1551-04-00 UIC2151-12-00 UIC1806-02-00,STA2102-05-00 YCE1253-01-00,ME FREE,18.0,월금,1,0,1,4,1+1+2
1701,15.89,MR,YCA1006-01-00,UIC1561-01-00 UIC1551-04-00 UIC2151-08-00 UIC1806-01-00,STA2102-05-00 YCH1605-01-00,ME FREE,18.0,월금,1,0,1,4,1+1+2
1702,15.89,MR,YCA1006-02-00,UIC1561-01-00 UIC1251-02-00 UIC2151-14-00 UIC1806-01-00,STA2102-05-00 YCK1998-03-00,ME FREE,18.0,월금,1,0,1,4,1+2+1
1703,15.89,MR,YCA1006-02-00,UIC1561-01-00 UIC1551-04-00 UIC2151-07-00 UIC1806-01-00,STA2102-05-00 YCI1998-02-00,ME FREE,18.0,월금,1,0,1,4,1+2+1
1704,15.89,MR,YCA1006-02-00,UIC1561-01-00 UIC1551-01-00 UIC2151-05-00 UIC1805-02-00,STA2102-05-00 UCB1105-02-00,ME FREE,18.0,월금,1,0,1,4,1+1+2
1705,15.89,MR,YCA1006-01-00,UIC1561-01-00 UIC1501-04-00 UIC2151-14-00 UIC1806-02-00,STA2102-05-00 YCK1998-03-00,ME FREE,18.0,월금,1,0,1,4,1+2+1
1706,15.89,MR,YCA1006-01-00,UIC1561-01-00 UIC1251-02-00 UIC2151-14-00 UIC1805-01-00,STA2102-05-00 YCK1998-03-00,ME FREE,18.0,월금,1,0,1,4,1+2+1
1707,15.89,MR,YCA1006-01-00,UIC1561-01-00 UIC1551-04-00 UIC2151-05-00 UIC1806-02-00,STA2102-05-00 YCI1998-02-00,ME FREE,18.0,월금,1,0,1,4,1+2+1
1708,15.89,MR,YCA1006-02-00,UIC1561-01-00 UIC1501-04-00 UIC2151-14-00 UIC1806-02-00,STA2102-05-00 UCB1105-02-00,ME FREE,18.0,월금,1,0,1,4,1+2+1
1709,15.89,MR,YCA1006-01-00,UIC1561-01-00 UIC1551-04-00 UIC2151-07-00 UIC1806-01-00,STA2102-05-00 YCI1998-02-00,ME FREE,18.0,월금,1,0,1,4,1+2+1
1710,15.89,MR,YCA1006-01-00,UIC1561-01-00 UIC1551-04-00 UIC2151-12-00 UIC1806-02-00,STA2102-05-00 YCE1253-01-00,ME FREE,18.0,월금,1,0,1,4,1+1+2
1711,15.89,MR,YCA1006-01-00,UIC1561-01-00 UIC1251-02-00 UIC2151-14-00 UIC1805-01-00,STA2102-05-00 UCB1105-02-00,ME FREE,18.0,월금,1,0,1,4,1+2+1
1712,15.89,MR,YCA1006-01-00,UIC1561-01-00 UIC1251-02-00 UIC2151-12-00 UIC1805-02-00,STA2102-05-00 UCD1101-01-00,ME FREE,18.0,월금,1,0,1,4,1+2+1
1713,15.89,MR,YCA1006-02-00,UIC1561-01-00 UIC1501-04-00 UIC2151-14-00 UIC1806-02-00,STA2102-05-00 YCK1998-03-00,ME FREE,18.0,월금,1,0,1,4,1+2+1
1714,15.89,MR,YCA1006-02-00,UIC1561-01-00 UIC1551-01-00 UIC2151-08-00 UIC1805-01-00,STA2102-05-00 UCB1105-02-00,ME FREE,18.0,월금,1,0,1,4,1+1+2
1715,15.89,MR,YCA1006-01-00,UIC1561-01-00 UIC1401-02-00 UIC2151-12-00 UIC1806-02-00,STA2102-05-00 UCD1101-01-00,ME FREE,18.0,월금,1,0,1,4,1+2+1
1716,15.89,MR,YCA1006-01-00,UIC1561-01-00 UIC1501-04-00 UIC2151-14-00 UIC1806-02-00,STA2102-05-00 YCK1998-03-00,ME FREE,18.0,월금,1,0,1,4,1+2+1
1717,15.89,MR,YCA1006-01-00,UIC1561-01-00 UIC1551-04-00 UIC2151-06-00 UIC1806-01-00,STA2102-05-00 YCI1998-02-00,ME FREE,18.0,월금,1,0,1,4,1+2+1
1718,15.89,MR,YCA1006-02-00,UIC1561-01-00 UIC1551-04-00 UIC2151-06-00 UIC1806-01-00,STA2102-05-00 YCI1998-02-00,ME FREE,18.0,월금,1,0,1,4,1+2+1
1719,15.89,MR,YCA1006-01-00,UIC1561-01-00 UIC1551-04-00 UIC2151-08-00 UIC1805-01-00,STA2102-05-00 YCH1605-01-00,ME FREE,18.0,월금,1,0,1,4,1+1+2
1720,15.89,MR,YCA1006-02-00,UIC1561-01-00 UIC1251-02-00 UIC2151-14-00 UIC1806-01-00,STA2102-05-00 UCB1105-02-00,ME FREE,18.0,월금,1,0,1,4,1+2+1
1721,15.89,MR,YCA1006-02-00,UIC1561-01-00 UIC1551-04-00 UIC2151-05-00 UIC1806-02-00,STA2102-05-00 YCI1998-02-00,ME FREE,18.0,월금,1,0,1,4,1+2+1
1722,15.89,MR,YCA1006-01-00,UIC1561-01-00 UIC1551-04-00 UIC2151-08-00 UIC1805-01-00,STA2102-05-00 YCH1605-01-00,ME FREE,18.0,월금,1,0,1,4,1+1+2
1723,15.89,MR,YCA1006-01-00,UIC1561-01-00 UIC1251-02-00 UIC2151-12-00 UIC1805-02-00,STA2102-05-00 YCI1901-01-00,ME FREE,18.0,월금,1,0,1,4,1+1+2
1724,15.89,MR,YCA1006-01-00,UIC1561-01-00 UIC1551-04-00 UIC2151-05-00 UIC1805-02-00,STA2102-05-00 YCH1605-01-00,ME FREE,18.0,월금,1,0,1,4,1+1+2
1725,15.89,MR,YCA1006-02-00,UIC1561-01-00 UIC1551-04-00 UIC2151-06-00 UIC1805-01-00,STA2102-05-00 YCI1998-02-00,ME FREE,18.0,월금,1,0,1,4,1+2+1
1726,15.89,MR,YCA1006-02-00,UIC1561-01-00 UIC1501-04-00 UIC2151-14-00 UIC1806-02-00,STA2102-05-00 UCB1105-02-00,ME FREE,18.0,월금,1,0,1,4,1+2+1
1727,15.89,MR,YCA1006-01-00,UIC1561-01-00 UIC1251-02-00 UIC2151-14-00 UIC1805-01-00,STA2102-05-00 YCK1998-03-00,ME FREE,18.0,월금,1,0,1,4,1+2+1
1728,15.89,MR,YCA1006-01-00,UIC1561-01-00 UIC1551-04-00 UIC2151-09-00 UIC1806-01-00,STA2102-05-00 YCH1605-01-00,ME FREE,18.0,월금,1,0,1,4,1+1+2
1729,15.89,MR,YCA1006-02-00,UIC1561-01-00 UIC1251-02-00 UIC2151-14-00 UIC1805-01-00,STA2102-05-00 UCB1105-02-00,ME FREE,18.0,월금,1,0,1,4,1+2+1
1730,15.89,MR,YCA1006-02-00,UIC1561-01-00 UIC1251-02-00 UIC2151-14-00 UIC1806-01-00,STA2102-05-00 YCK1998-03-00,ME FREE,18.0,월금,1,0,1,4,1+2+1
1731,15.89,MR,YCA1006-02-00,UIC1561-01-00 UIC1551-01-00 UIC2151-08-00 UIC1806-01-00,STA2102-05-00 UCB1105-02-00,ME FREE,18.0,월금,1,0,1,4,1+1+2
1732,15.89,MR,YCA1006-01-00,UIC1561-01-00 UIC1401-02-00 UIC2151-12-00 UIC1806-02-00,STA2102-05-00 YCI1901-01-00,ME FREE,18.0,월금,1,0,1,4,1+1+2
1733,15.89,MR,YCA1006-02-00,UIC1561-01-00 UIC1251-02-00 UIC2151-14-00 UIC1805-01-00,STA2102-05-00 UCB1105-02-00,ME FREE,18.0,월금,1,0,1,4,1+2+1
1734,15.89,MR,YCA1006-02-00,UIC1561-01-00 UIC1501-04-00 UIC2151-14-00 UIC1806-02-00,STA2102-05-00 YCK1998-03-00,ME FREE,18.0,월금,1,0,1,4,1+2+1
1735,15.89,MR,YCA1006-02-00,UIC1561-01-00 UIC1551-01-00 UIC2151-12-00 UIC1805-02-00,STA2102-05-00 YCK1998-03-00,ME FREE,18.0,월금,1,0,1,4,1+2+3
1736,15.89,MR,YCA1006-02-00,UIC1561-01-00 UIC1551-01-00 UIC2151-08-00 UIC1806-01-00,STA2102-05-00 UCB1105-02-00,ME FREE,18.0,월금,1,0,1,4,1+1+2
1737,15.89,MR,YCA1006-02-00,UIC1561-01-00 UIC1551-01-00 UIC2151-08-00 UIC1805-01-00,STA2102-05-00 UCB1105-02-00,ME FREE,18.0,월금,1,0,1,4,1+1+2
1738,15.89,MR,YCA1006-01-00,UIC1561-01-00 UIC1251-02-00 UIC2151-14-00 UIC1805-01-00,STA2102-05-00 UCB1105-02-00,ME FREE,18.0,월금,1,0,1,4,1+2+1
1739,15.89,MR,YCA1006-02-00,UIC1561-01-00 UIC1551-04-00 UIC2151-07-00 UIC1806-01-00,STA2102-05-00 YCI1998-02-00,ME FREE,18.0,월금,1,0,1,4,1+2+1
1740,15.89,MR,YCA1006-01-00,UIC1561-01-00 UIC1551-04-00 UIC2151-09-00 UIC1805-01-00,STA2102-05-00 YCH1605-01-00,ME FREE,18.0,월금,1,0,1,4,1+1+2
1741,15.89,MR,YCA1006-02-00,UIC1561-01-00 UIC1551-01-00 UIC2151-09-00 UIC1806-01-00,STA2102-05-00 UCB1105-02-00,ME FREE,18.0,월금,1,0,1,4,1+1+2
1742,15.89,MR,YCA1006-01-00,UIC1561-01-00 UIC1551-04-00 UIC2151-06-00 UIC1806-01-00,STA2102-05-00 YCI1998-02-00,ME FREE,18.0,월금,1,0,1,4,1+2+1
1743,15.89,MR,YCA1006-01-00,UIC1561-01-00 UIC1251-02-00 UIC2151-12-00 UIC1805-02-00,STA2102-05-00 YCI1901-01-00,ME FREE,18.0,월금,1,0,1,4,1+1+2
1744,15.89,MR,YCA1006-01-00,UIC1561-01-00 UIC1551-04-00 UIC2151-07-00 UIC1805-01-00,STA2102-05-00 YCI1998-02-00,ME FREE,18.0,월금,1,0,1,4,1+2+1
1745,15.89,MR,YCA1006-01-00,UIC1561-01-00 UIC1551-04-00 UIC2151-07-00 UIC1806-01-00,STA2102-05-00 YCI1998-02-00,ME FREE,18.0,월금,1,0,1,4,1+2+1
1746,15.89,MR,YCA1006-02-00,UIC1561-01-00 UIC1551-04-00 UIC2151-06-00 UIC1805-01-00,STA2102-05-00 YCI1998-02-00,ME FREE,18.0,월금,1,0,1,4,1+2+1
1747,15.89,MR,YCA1006-01-00,UIC1561-01-00 UIC1501-04-00 UIC2151-14-00 UIC1806-02-00,STA2102-05-00 UCB1105-02-00,ME FREE,18.0,월금,1,0,1,4,1+2+1
1748,15.89,MR,YCA1006-01-00,UIC1561-01-00 UIC1551-04-00 UIC2151-08-00 UIC1806-01-00,STA2102-05-00 YCH1605-01-00,ME FREE,18.0,월금,1,0,1,4,1+1+2
1749,15.89,MR,YCA1006-01-00,UIC1561-01-00 UIC1251-02-00 UIC2151-14-00 UIC1806-01-00,STA2102-05-00 YCK1998-03-00,ME FREE,18.0,월금,1,0,1,4,1+2+1
1750,15.89,MR,YCA1006-01-00,UIC1561-01-00 UIC1401-02-00 UIC2151-12-00 UIC1806-02-00,STA2102-05-00 YCI1901-01-00,ME FREE,18.0,월금,1,0,1,4,1+1+2
1751,15.89,MR,YCA1006-02-00,UIC1561-01-00 UIC1551-01-00 UIC2151-12-00 UIC1805-02-00,STA2102-05-00 YCK1998-03-00,ME FREE,18.0,월금,1,0,1,4,1+2+3
1752,15.89,MR,YCA1006-02-00,UIC1561-01-00 UIC1251-02-00 UIC2151-14-00 UIC1805-01-00,STA2102-05-00 YCK1998-03-00,ME FREE,18.0,월금,1,0,1,4,1+2+1
1753,15.89,MR,YCA1006-01-00,UIC1561-01-00 UIC1251-02-00 UIC2151-14-00 UIC1806-01-00,STA2102-05-00 UCB1105-02-00,ME FREE,18.0,월금,1,0,1,4,1+2+1
1754,15.89,MR,YCA1006-02-00,UIC1561-01-00 UIC1551-01-00 UIC2151-09-00 UIC1806-01-00,STA2102-05-00 UCB1105-02-00,ME FREE,18.0,월금,1,0,1,4,1+1+2
1755,15.89,MR,YCA1006-02-00,UIC1561-01-00 UIC1251-02-00 UIC2151-14-00 UIC1806-01-00,STA2102-05-00 UCB1105-02-00,ME FREE,18.0,월금,1,0,1,4,1+2+1
1756,15.89,MR,YCA1006-02-00,UIC1561-01-00 UIC1551-04-00 UIC2151-07-00 UIC1805-01-00,STA2102-05-00 YCI1998-02-00,ME FREE,18.0,월금,1,0,1,4,1+2+1
1757,15.89,MR,YCA1006-02-00,UIC1561-01-00 UIC1551-04-00 UIC2151-07-00 UIC1805-01-00,STA2102-05-00 YCI1998-02-00,ME FREE,18.0,월금,1,0,1,4,1+2+1
1758,15.89,MR,YCA1006-01-00,UIC1561-01-00 UIC1251-02-00 UIC2151-12-00 UIC1805-02-00,STA2102-05-00 UCD1101-01-00,ME FREE,18.0,월금,1,0,1,4,1+2+1
1759,15.89,MR,YCA1006-02-00,UIC1561-01-00 UIC1551-04-00 UIC2151-06-00 UIC1806-01-00,STA2102-05-00 YCI1998-02-00,ME FREE,18.0,월금,1,0,1,4,1+2+1
1760,15.89,MR,YCA1006-01-00,UIC1561-01-00 UIC1501-04-00 UIC2151-14-00 UIC1806-02-00,STA2102-05-00 UCB1105-02-00,ME FREE,18.0,월금,1,0,1,4,1+2+1
1761,15.89,MR,YCA1006-01-00,UIC1561-01-00 UIC1551-04-00 UIC2151-05-00 UIC1806-02-00,STA2102-05-00 YCI1998-02-00,ME FREE,18.0,월금,1,0,1,4,1+2+1
1762,15.883,Lang,YCA1006-02-00,QRM1001-01-00 UIC1561-01-00 ASP2022-01-00 UIC2151-11-00,ECO1101-06-00 QRM2004-01-00,ECO1101 ME,18.0,금,0,1,2,6+6+4,2
1763,15.865,MR,YCA1006-02-00,UIC1561-01-00 UIC1551-01-00 UIC2151-09-00 UIC1806-02-00,ECO1101-06-00 YCK1998-03-00,ECO1101 FREE,18.0,월금,0,1,3,4+5,1+1
1764,15.865,MR,YCA1006-02-00,UIC1561-01-00 UIC1551-01-00 UIC2151-07-00 UIC1805-02-00,ECO1101-06-00 YCK1998-03-00,ECO1101 FREE,18.0,월금,0,1,3,4+5,1+1
1765,15.865,MR,YCA1006-02-00,UIC1561-01-00 UIC1551-01-00 UIC2151-06-00 UIC1805-02-00,ECO1101-06-00 YCK1998-03-00,ECO1101 FREE,18.0,월금,0,1,3,4+5,1+1
1766,15.865,MR,YCA1006-02-00,UIC1561-01-00 UIC1551-01-00 UIC2151-08-00 UIC1806-02-00,ECO1101-06-00 YCK1998-03-00,ECO1101 FREE,18.0,월금,0,1,3,4+5,1+1
1767,15.865,MR,YCA1006-02-00,UIC1561-01-00 UIC1551-01-00 UIC2151-09-00 UIC1806-02-00,ECO1101-06-00 YCK1998-03-00,ECO1101 FREE,18.0,월금,0,1,3,4+5,1+1
1768,15.865,MR,YCA1006-02-00,UIC1561-01-00 UIC1551-01-00 UIC2151-06-00 UIC1805-02-00,ECO1101-06-00 YCK1998-03-00,ECO1101 FREE,18.0,월금,0,1,3,4+5,1+1
1769,15.865,MR,YCA1006-02-00,UIC1561-01-00 UIC1551-01-00 UIC2151-08-00 UIC1806-02-00,ECO1101-06-00 YCK1998-03-00,ECO1101 FREE,18.0,월금,0,1,3,4+5,1+1
1770,15.865,MR,YCA1006-02-00,UIC1561-01-00 UIC1551-01-00 UIC2151-07-00 UIC1805-02-00,ECO1101-06-00 YCK1998-03-00,ECO1101 FREE,18.0,월금,0,1,3,4+5,1+1
1771,15.857,Lang,-,QRM1001-01-00 UIC1561-01-00 UIC1551-01-00 UIC2151-12-00,QRM2004-01-00 BIZ1101-09-00,ME FREE,18.0,월금,1,0,1,4,1+1
1772,15.857,Lang,-,QRM1001-01-00 UIC1561-01-00 UIC1551-04-00 UIC2151-12-00,QRM2004-01-00 BIZ1101-09-00,ME FREE,18.0,월금,1,0,1,4,1+1
1773,15.857,SciRD,YCA1006-01-00,QRM1001-01-00 UIC1561-01-00 UIC1551-04-00 UIC1806-01-00,QRM2004-01-00 BIZ1101-09-00,ME FREE,18.0,월금,1,1,1,6,1+1
1774,15.857,Lang,YCA1006-01-00,QRM1001-01-00 UIC1561-01-00 UIC1551-04-00 UIC2151-05-00,QRM2004-01-00 BIZ1101-09-00,ME FREE,18.0,월금,1,1,1,6,1+1
1775,15.857,SciRD,YCA1006-01-00,QRM1001-01-00 UIC1561-01-00 UIC1551-04-00 UIC1805-01-00,QRM2004-01-00 BIZ1101-09-00,ME FREE,18.0,월금,1,1,1,6,1+1
1776,15.857,SciRD,YCA1006-01-00,QRM1001-01-00 UIC1561-01-00 UIC1551-04-00 UIC1806-01-00,QRM2004-01-00 BIZ1101-09-00,ME FREE,18.0,월금,1,1,1,6,1+1
1777,15.857,SciRD,YCA1006-01-00,QRM1001-01-00 UIC1561-01-00 UIC1551-04-00 UIC1805-01-00,QRM2004-01-00 BIZ1101-09-00,ME FREE,18.0,월금,1,1,1,6,1+1
1778,15.79,WCiv,-,QRM1001-01-00 UIC1551-04-00 UIC2151-12-00 UIC1806-01-00,QRM2004-01-00 STA2102-05-00,ME ME,18.0,월금,2,1,1,6,2+1+2
1779,15.79,WCiv,-,QRM1001-01-00 UIC1551-04-00 UIC2151-12-00 UIC1805-01-00,QRM2004-01-00 STA2102-05-00,ME ME,18.0,월금,2,1,1,6,2+1+2
1780,15.79,WCiv,-,QRM1001-01-00 UIC1551-04-00 UIC2151-12-00 UIC1806-01-00,QRM2004-01-00 STA2102-05-00,ME ME,18.0,월금,2,1,1,6,2+1+2
1781,15.79,WCiv,-,QRM1001-01-00 UIC1551-04-00 UIC2151-12-00 UIC1805-01-00,QRM2004-01-00 STA2102-05-00,ME ME,18.0,월금,2,1,1,6,2+1+2
1782,15.79,WCiv,YCA1006-02-00,QRM1001-01-00 ASP2022-01-00 UIC2151-13-00 UIC1805-01-00,QRM2004-01-00 STA2102-05-00,ME ME,18.0,월금,1,2,1,6+4+6,1
1783,15.79,WCiv,YCA1006-02-00,QRM1001-01-00 ASP2022-01-00 UIC2151-13-00 UIC1806-01-00,QRM2004-01-00 STA2102-05-00,ME ME,18.0,월금,1,2,1,6+4+6,1
1784,15.79,WCiv,YCA1006-02-00,QRM1001-01-00 ASP2022-01-00 UIC2151-13-00 UIC1805-01-00,QRM2004-01-00 STA2102-05-00,ME ME,18.0,월금,1,2,1,6+4+6,1
1785,15.79,WCiv,YCA1006-02-00,QRM1001-01-00 ASP2022-01-00 UIC2151-13-00 UIC1806-01-00,QRM2004-01-00 STA2102-05-00,ME ME,18.0,월금,1,2,1,6+4+6,1
1786,15.783,MR,YCA1006-01-00,UIC1561-01-00 UIC1501-03-00 UIC2151-14-00 UIC1805-02-00,ECO1101-06-00 STA2102-04-00,ECO1101 ME,18.0,금,0,0,3,6+5,2+2
1787,15.783,MR,YCA1006-01-00,UIC1561-01-00 UIC1501-03-00 UIC2151-14-00 UIC1805-02-00,ECO1101-06-00 STA2102-04-00,ECO1101 ME,18.0,금,0,0,3,6+5,2+2
1788,15.758,MR,YCA1006-01-00,UIC1561-01-00 UIC1551-01-00 UIC2151-04-00 UIC1805-02-00,ECO1103-02-00 STA2102-04-00,ME ME,18.0,금,1,0,1,4,2+2+1+2+1
1789,15.758,MR,YCA1006-01-00,UIC1561-01-00 UIC1551-01-00 UIC2151-10-00 UIC1805-02-00,ECO1103-02-00 STA2102-04-00,ME ME,18.0,금,1,0,1,4,2+2+1+2+1
1790,15.758,MR,YCA1006-01-00,UIC1561-01-00 UIC1551-01-00 UIC2151-10-00 UIC1805-02-00,ECO1103-02-00 STA2102-04-00,ME ME,18.0,금,1,0,1,4,2+2+1+2+1
1791,15.758,MR,YCA1006-01-00,UIC1561-01-00 UIC1551-01-00 UIC2151-04-00 UIC1805-02-00,ECO1103-02-00 STA2102-04-00,ME ME,18.0,금,1,0,1,4,2+2+1+2+1
1792,15.75,MR,YCA1006-02-00,UIC1561-01-00 UIC1351-02-00 UIC2151-14-00 UIC1806-02-00,ECO1101-06-00 STA2102-05-00,ECO1101 ME,18.0,월,0,0,3,6,2+2+2
1793,15.75,MR,YCA1006-02-00,UIC1561-01-00 UIC1351-02-00 UIC2151-14-00 UIC1806-02-00,ECO1101-06-00 STA2102-05-00,ECO1101 ME,18.0,월,0,0,3,6,2+2+2
1794,15.75,MR,YCA1006-02-00,UIC1561-01-00 UIC1501-01-00 UIC2151-14-00 UIC1806-02-00,ECO1101-06-00 STA2102-05-00,ECO1101 ME,18.0,월,0,0,3,6,2+2+2
1795,15.75,MR,YCA1006-02-00,UIC1561-01-00 UIC1501-01-00 UIC2151-14-00 UIC1806-02-00,ECO1101-06-00 STA2102-05-00,ECO1101 ME,18.0,월,0,0,3,6,2+2+2
1796,15.69,MR,YCA1006-01-00,UIC1561-01-00 UIC1551-01-00 UIC2151-12-00 UIC1806-01-00,QRM2004-01-00 STA2102-05-00,ME ME,18.0,월금,2,0,1,4+4,1+2+4
1797,15.69,MR,YCA1006-01-00,UIC1561-01-00 UIC1551-01-00 UIC2151-12-00 UIC1805-01-00,QRM2004-01-00 STA2102-05-00,ME ME,18.0,월금,2,0,1,4+4,1+2+4
1798,15.69,MR,YCA1006-01-00,UIC1561-01-00 UIC1551-01-00 UIC2151-12-00 UIC1805-01-00,QRM2004-01-00 STA2102-05-00,ME ME,18.0,월금,2,0,1,4+4,1+2+4
1799,15.69,MR,YCA1006-01-00,UIC1561-01-00 UIC1551-01-00 UIC2151-12-00 UIC1806-01-00,QRM2004-01-00 STA2102-05-00,ME ME,18.0,월금,2,0,1,4+4,1+2+4
1800,15.675,MR,YCA1006-02-00,UIC1561-01-00 UIC1401-03-00 UIC2151-12-00 UIC1805-02-00,STA2102-04-00 QRM2002-01-00,ME ME,18.0,월,2,0,0,,1+1+1+1
1801,15.675,MR,YCA1006-02-00,UIC1561-01-00 UIC1401-03-00 UIC2151-12-00 UIC1805-02-00,STA2102-04-00 QRM2002-01-00,ME ME,18.0,월,2,0,0,,1+1+1+1
1802,15.658,Lang,YCA1006-02-00,QRM1001-01-00 UIC1561-01-00 UIC1551-01-00 UIC2151-11-00,ECO1101-06-00 YCE1253-01-00,ECO1101 FREE,18.0,금,0,0,3,6,1+2+1
1803,15.633,MR,YCA1006-01-00,UIC1561-01-00 UIC1551-01-00 UIC2151-11-00 UIC1805-01-00,STA2102-04-00 QRM2004-01-00,ME ME,18.0,금,1,0,1,4+4,1+1+1
1804,15.633,MR,YCA1006-01-00,UIC1561-01-00 UIC1551-01-00 UIC2151-11-00 UIC1806-01-00,STA2102-04-00 QRM2004-01-00,ME ME,18.0,금,1,0,1,4+4,1+1+1
1805,15.633,MR,YCA1006-01-00,UIC1561-01-00 UIC1551-01-00 UIC2151-11-00 UIC1805-01-00,STA2102-04-00 QRM2004-01-00,ME ME,18.0,금,1,0,1,4+4,1+1+1
1806,15.633,MR,YCA1006-01-00,UIC1561-01-00 UIC1551-01-00 UIC2151-11-00 UIC1806-01-00,STA2102-04-00 QRM2004-01-00,ME ME,18.0,금,1,0,1,4+4,1+1+1
1807,15.592,Lang,YCA1006-01-00,QRM1001-01-00 UIC1561-01-00 UIC1551-04-00 UIC2151-10-00,QRM2004-01-00 QRM2102-01-00,ME ME,18.0,,0,0,1,4,2+1+1+2
1808,15.592,Lang,YCA1006-01-00,QRM1001-01-00 UIC1561-01-00 UIC1551-04-00 UIC2151-04-00,QRM2004-01-00 QRM2102-01-00,ME ME,18.0,,0,0,1,4,2+1+1+2
1809,15.592,Lang,YCA1006-01-00,QRM1001-01-00 UIC1561-01-00 UIC1551-01-00 UIC2151-04-00,QRM2004-01-00 QRM2102-01-00,ME ME,18.0,,0,0,1,4,2+1+2+1
1810,15.592,Lang,YCA1006-01-00,QRM1001-01-00 UIC1561-01-00 UIC1551-01-00 UIC2151-10-00,QRM2004-01-00 QRM2102-01-00,ME ME,18.0,,0,0,1,4,2+1+2+1
1811,15.59,MR,YCA1006-02-00,UIC1561-01-00 UIC1551-01-00 UIC2151-12-00 UIC1805-02-00,ECO1104-06-00 YCK1998-03-00,ME FREE,18.0,월금,1,1,1,5,3+1
1812,15.59,MR,YCA1006-02-00,UIC1561-01-00 UIC1551-01-00 UIC2151-12-00 UIC1805-02-00,ECO1104-06-00 YCK1998-03-00,ME FREE,18.0,월금,1,1,1,5,3+1
1813,15.589,Lang,YCA1006-02-00,QRM1001-01-00 UIC1561-01-00 UIC1401-03-00 UIC2151-14-00,STA2102-05-00 QRM3001-01-00,ME ME,18.0,월,0,0,1,4,3
1814,15.565,SciRD,YCA1006-02-00,QRM1001-01-00 UIC1561-01-00 ASP2022-01-00 UIC1805-01-00,ECO1101-06-00 QRM2004-01-00,ECO1101 ME,18.0,월금,1,2,2,4+6+6,1+2
1815,15.565,SciRD,YCA1006-02-00,QRM1001-01-00 UIC1561-01-00 ASP2022-01-00 UIC1806-01-00,ECO1101-06-00 QRM2004-01-00,ECO1101 ME,18.0,월금,1,2,2,4+6+6,1+2
1816,15.565,SciRD,YCA1006-02-00,QRM1001-01-00 UIC1561-01-00 ASP2022-01-00 UIC1805-01-00,ECO1101-06-00 QRM2004-01-00,ECO1101 ME,18.0,월금,1,2,2,4+6+6,1+2
1817,15.565,SciRD,YCA1006-02-00,QRM1001-01-00 UIC1561-01-00 ASP2022-01-00 UIC1806-01-00,ECO1101-06-00 QRM2004-01-00,ECO1101 ME,18.0,월금,1,2,2,4+6+6,1+2
1818,15.565,Lang,YCA1006-02-00,QRM1001-01-00 UIC1561-01-00 ASP2022-01-00 UIC2151-05-00,ECO1101-06-00 QRM2004-01-00,ECO1101 ME,18.0,월금,1,2,2,4+6+6,1+2
1819,15.565,MR,-,UIC1561-01-00 ASP2022-01-00 UIC2151-06-00 UIC1805-01-00,ECO1101-06-00 STA2102-05-00,ECO1101 ME,18.0,월금,1,0,2,6,2+2+2+1
1820,15.565,MR,-,UIC1561-01-00 ASP2022-01-00 UIC2151-05-00 UIC1806-02-00,ECO1101-06-00 STA2102-05-00,ECO1101 ME,18.0,월금,1,0,2,6,2+2+2+1
1821,15.565,MR,-,UIC1561-01-00 ASP2022-01-00 UIC2151-07-00 UIC1805-01-00,ECO1101-06-00 STA2102-05-00,ECO1101 ME,18.0,월금,1,0,2,6,2+2+2+1
1822,15.565,MR,-,UIC1561-01-00 ASP2022-01-00 UIC2151-06-00 UIC1805-01-00,ECO1101-06-00 STA2102-05-00,ECO1101 ME,18.0,월금,1,0,2,6,2+2+2+1
1823,15.565,MR,-,UIC1561-01-00 ASP2022-01-00 UIC2151-06-00 UIC1806-01-00,ECO1101-06-00 STA2102-05-00,ECO1101 ME,18.0,월금,1,0,2,6,2+2+2+1
1824,15.565,MR,-,UIC1561-01-00 ASP2022-01-00 UIC2151-07-00 UIC1806-01-00,ECO1101-06-00 STA2102-05-00,ECO1101 ME,18.0,월금,1,0,2,6,2+2+2+1
1825,15.565,MR,-,UIC1561-01-00 ASP2022-01-00 UIC2151-06-00 UIC1806-01-00,ECO1101-06-00 STA2102-05-00,ECO1101 ME,18.0,월금,1,0,2,6,2+2+2+1
1826,15.565,MR,-,UIC1561-01-00 ASP2022-01-00 UIC2151-07-00 UIC1805-01-00,ECO1101-06-00 STA2102-05-00,ECO1101 ME,18.0,월금,1,0,2,6,2+2+2+1
1827,15.565,MR,-,UIC1561-01-00 ASP2022-01-00 UIC2151-07-00 UIC1806-01-00,ECO1101-06-00 STA2102-05-00,ECO1101 ME,18.0,월금,1,0,2,6,2+2+2+1
1828,15.565,MR,-,UIC1561-01-00 ASP2022-01-00 UIC2151-05-00 UIC1806-02-00,ECO1101-06-00 STA2102-05-00,ECO1101 ME,18.0,월금,1,0,2,6,2+2+2+1
1829,15.54,MR,YCA1006-01-00,UIC1561-01-00 UIC1501-04-00 UIC2151-12-00 UIC1805-02-00,ECO1104-06-00 ECO1101-06-00,ME ECO1101,18.0,월금,2,1,2,4+5,1+3+2
1830,15.54,MR,YCA1006-01-00,UIC1561-01-00 UIC1401-02-00 UIC2151-12-00 UIC1805-01-00,ECO1104-06-00 ECO1101-06-00,ME ECO1101,18.0,월금,2,1,2,4+5,1+3+2
1831,15.54,MR,YCA1006-01-00,UIC1561-01-00 UIC1401-02-00 UIC2151-12-00 UIC1805-01-00,ECO1104-06-00 ECO1101-06-00,ME ECO1101,18.0,월금,2,1,2,4+5,1+3+2
1832,15.54,MR,YCA1006-01-00,UIC1561-01-00 UIC1501-04-00 UIC2151-12-00 UIC1805-02-00,ECO1104-06-00 ECO1101-06-00,ME ECO1101,18.0,월금,2,1,2,4+5,1+3+2
1833,15.54,MR,YCA1006-01-00,UIC1561-01-00 UIC1401-02-00 UIC2151-12-00 UIC1806-01-00,ECO1104-06-00 ECO1101-06-00,ME ECO1101,18.0,월금,2,1,2,4+5,1+3+2
1834,15.54,MR,YCA1006-01-00,UIC1561-01-00 UIC1401-02-00 UIC2151-12-00 UIC1806-01-00,ECO1104-06-00 ECO1101-06-00,ME ECO1101,18.0,월금,2,1,2,4+5,1+3+2
1835,15.533,MR,YCA1006-02-00,UIC1561-01-00 UIC1551-03-00 UIC2151-14-00 UIC1805-01-00,ECO1104-06-00 ECO1101-06-00,ME ECO1101,18.0,금,1,0,3,4,2+1+2+2+2+1
1836,15.533,MR,YCA1006-01-00,UIC1561-01-00 UIC1501-02-00 UIC2151-14-00 UIC1806-01-00,ECO1104-06-00 ECO1101-06-00,ME ECO1101,18.0,금,1,0,3,4,2+1+2+2+2+1
1837,15.533,MR,YCA1006-01-00,UIC1561-01-00 UIC1551-03-00 UIC2151-14-00 UIC1806-01-00,ECO1104-06-00 ECO1101-06-00,ME ECO1101,18.0,금,1,0,3,4,2+1+2+2+2+1
1838,15.533,MR,YCA1006-02-00,UIC1561-01-00 UIC1551-03-00 UIC2151-14-00 UIC1806-01-00,ECO1104-06-00 ECO1101-06-00,ME ECO1101,18.0,금,1,0,3,4,2+1+2+2+2+1
1839,15.533,MR,YCA1006-02-00,UIC1561-01-00 UIC1501-02-00 UIC2151-14-00 UIC1805-01-00,ECO1104-06-00 ECO1101-06-00,ME ECO1101,18.0,금,1,0,3,4,2+1+2+2+2+1
1840,15.533,MR,YCA1006-02-00,UIC1561-01-00 UIC1501-02-00 UIC2151-14-00 UIC1806-01-00,ECO1104-06-00 ECO1101-06-00,ME ECO1101,18.0,금,1,0,3,4,2+1+2+2+2+1
1841,15.533,MR,YCA1006-01-00,UIC1561-01-00 UIC1551-03-00 UIC2151-14-00 UIC1805-01-00,ECO1104-06-00 ECO1101-06-00,ME ECO1101,18.0,금,1,0,3,4,2+1+2+2+2+1
1842,15.533,MR,YCA1006-01-00,UIC1561-01-00 UIC1501-02-00 UIC2151-14-00 UIC1805-01-00,ECO1104-06-00 ECO1101-06-00,ME ECO1101,18.0,금,1,0,3,4,2+1+2+2+2+1
1843,15.533,MR,YCA1006-01-00,UIC1561-01-00 UIC1551-03-00 UIC2151-14-00 UIC1806-01-00,ECO1104-06-00 ECO1101-06-00,ME ECO1101,18.0,금,1,0,3,4,2+1+2+2+2+1
1844,15.533,MR,YCA1006-02-00,UIC1561-01-00 UIC1501-02-00 UIC2151-14-00 UIC1806-01-00,ECO1104-06-00 ECO1101-06-00,ME ECO1101,18.0,금,1,0,3,4,2+1+2+2+2+1
1845,15.533,MR,YCA1006-02-00,UIC1561-01-00 UIC1551-03-00 UIC2151-14-00 UIC1805-01-00,ECO1104-06-00 ECO1101-06-00,ME ECO1101,18.0,금,1,0,3,4,2+1+2+2+2+1
1846,15.533,MR,YCA1006-01-00,UIC1561-01-00 UIC1501-02-00 UIC2151-14-00 UIC1805-01-00,ECO1104-06-00 ECO1101-06-00,ME ECO1101,18.0,금,1,0,3,4,2+1+2+2+2+1
1847,15.533,MR,YCA1006-02-00,UIC1561-01-00 UIC1501-02-00 UIC2151-14-00 UIC1805-01-00,ECO1104-06-00 ECO1101-06-00,ME ECO1101,18.0,금,1,0,3,4,2+1+2+2+2+1
1848,15.533,MR,YCA1006-01-00,UIC1561-01-00 UIC1501-02-00 UIC2151-14-00 UIC1806-01-00,ECO1104-06-00 ECO1101-06-00,ME ECO1101,18.0,금,1,0,3,4,2+1+2+2+2+1
1849,15.533,MR,YCA1006-02-00,UIC1561-01-00 UIC1551-03-00 UIC2151-14-00 UIC1806-01-00,ECO1104-06-00 ECO1101-06-00,ME ECO1101,18.0,금,1,0,3,4,2+1+2+2+2+1
1850,15.533,MR,YCA1006-01-00,UIC1561-01-00 UIC1551-03-00 UIC2151-14-00 UIC1805-01-00,ECO1104-06-00 ECO1101-06-00,ME ECO1101,18.0,금,1,0,3,4,2+1+2+2+2+1
1851,15.524,Lang,-,QRM1001-01-00 UIC1561-01-00 UIC1401-03-00 UIC2151-12-00,STA2102-05-00 UCD1101-01-00,ME FREE,18.0,월화,1,0,1,4,1+1
1852,15.5,MR,YCA1006-02-00,UIC1561-01-00 UIC1551-01-00 UIC1751-01-00 UIC1805-02-00,STA2102-04-00 QRM2102-01-00,ME ME,18.0,월,0,1,1,5,1+3+1
1853,15.5,MR,YCA1006-02-00,UIC1561-01-00 UIC1551-01-00 UIC1751-01-00 UIC1805-02-00,STA2102-04-00 QRM2102-01-00,ME ME,18.0,월,0,1,1,5,1+3+1
1854,15.5,Lang,YCA1006-01-00,QRM1001-01-00 UIC1561-01-00 UIC1501-03-00 UIC2151-04-00,ECO1103-02-00 QRM2004-01-00,ME ME,18.0,금,1,1,0,8,1+1+1
1855,15.5,Lang,YCA1006-01-00,QRM1001-01-00 UIC1561-01-00 UIC1551-03-00 UIC2151-11-00,ECO1103-02-00 QRM2004-01-00,ME ME,18.0,금,1,1,0,8,1+1+1
1856,15.5,Lang,YCA1006-01-00,QRM1001-01-00 UIC1561-01-00 UIC1501-03-00 UIC2151-10-00,ECO1103-02-00 QRM2004-01-00,ME ME,18.0,금,1,1,0,8,1+1+1
1857,15.5,Lang,YCA1006-01-00,QRM1001-01-00 UIC1561-01-00 UIC1501-02-00 UIC2151-11-00,ECO1103-02-00 QRM2004-01-00,ME ME,18.0,금,1,1,0,8,1+1+1
1858,15.49,MR,YCA1006-01-00,UIC1561-01-00 UIC1501-04-00 UIC2151-14-00 UIC1805-02-00,ECO1101-06-00 STA2102-04-00,ECO1101 ME,18.0,월금,1,1,3,4+5+5,2+2
1859,15.49,MR,YCA1006-01-00,UIC1561-01-00 UIC1401-02-00 UIC2151-14-00 UIC1805-01-00,ECO1101-06-00 STA2102-04-00,ECO1101 ME,18.0,월금,1,1,3,4+5+5,2+2
1860,15.49,MR,YCA1006-01-00,UIC1561-01-00 UIC1401-02-00 UIC2151-14-00 UIC1806-01-00,ECO1101-06-00 STA2102-04-00,ECO1101 ME,18.0,월금,1,1,3,4+5+5,2+2
1861,15.49,MR,YCA1006-01-00,UIC1561-01-00 UIC1401-02-00 UIC2151-14-00 UIC1806-01-00,ECO1101-06-00 STA2102-04-00,ECO1101 ME,18.0,월금,1,1,3,4+5+5,2+2
1862,15.49,MR,YCA1006-01-00,UIC1561-01-00 UIC1401-02-00 UIC2151-14-00 UIC1805-01-00,ECO1101-06-00 STA2102-04-00,ECO1101 ME,18.0,월금,1,1,3,4+5+5,2+2
1863,15.49,MR,YCA1006-01-00,UIC1561-01-00 UIC1501-04-00 UIC2151-14-00 UIC1805-02-00,ECO1101-06-00 STA2102-04-00,ECO1101 ME,18.0,월금,1,1,3,4+5+5,2+2
1864,15.49,MR,-,UIC1561-01-00 ASP2022-01-00 UIC2151-12-00 UIC1806-01-00,ECO1104-06-00 STA2102-05-00,ME ME,18.0,월금,2,0,0,4,2+2+2+1
1865,15.49,MR,-,UIC1561-01-00 ASP2022-01-00 UIC2151-12-00 UIC1805-01-00,ECO1104-06-00 STA2102-05-00,ME ME,18.0,월금,2,0,0,4,2+2+2+1
1866,15.49,MR,-,UIC1561-01-00 ASP2022-01-00 UIC2151-12-00 UIC1806-01-00,ECO1104-06-00 STA2102-05-00,ME ME,18.0,월금,2,0,0,4,2+2+2+1
1867,15.49,MR,-,UIC1561-01-00 ASP2022-01-00 UIC2151-12-00 UIC1805-01-00,ECO1104-06-00 STA2102-05-00,ME ME,18.0,월금,2,0,0,4,2+2+2+1
1868,15.49,WCiv,YCA1006-01-00,QRM1001-01-00 ASP2022-01-00 UIC2151-12-00 UIC1806-01-00,ECO1101-05-00 STA2102-05-00,ECO1101 ME,18.0,월금,2,1,0,4+6,4+2+1
1869,15.49,WCiv,YCA1006-01-00,QRM1001-01-00 ASP2022-01-00 UIC2151-12-00 UIC1805-01-00,ECO1101-05-00 STA2102-05-00,ECO1101 ME,18.0,월금,2,1,0,4+6,4+2+1
1870,15.49,WCiv,YCA1006-01-00,QRM1001-01-00 ASP2022-01-00 UIC2151-12-00 UIC1806-01-00,ECO1101-05-00 STA2102-05-00,ECO1101 ME,18.0,월금,2,1,0,4+6,4+2+1
1871,15.49,WCiv,YCA1006-01-00,QRM1001-01-00 ASP2022-01-00 UIC2151-12-00 UIC1805-01-00,ECO1101-05-00 STA2102-05-00,ECO1101 ME,18.0,월금,2,1,0,4+6,4+2+1
1872,15.482,Lang,-,QRM1001-01-00 UIC1561-01-00 UIC1551-01-00 UIC2151-12-00,STA2102-05-00 MAT1011-02-00,ME FREE,18.0,월금,1,0,1,4,2+2+1
1873,15.482,Lang,-,QRM1001-01-00 UIC1561-01-00 UIC1551-01-00 UIC2151-12-00,STA2102-05-00 YCH1605-01-00,ME FREE,18.0,월금,1,0,1,4,2+2+1
1874,15.465,MR,-,UIC1561-01-00 UIC1501-05-00 UIC2151-14-00 UIC1805-02-00,ECO1101-06-00 STA2102-04-00,ECO1101 ME,18.0,월금,1,0,3,4+5,1+2+2
1875,15.465,MR,-,UIC1561-01-00 UIC1501-05-00 UIC2151-14-00 UIC1805-02-00,ECO1101-06-00 STA2102-04-00,ECO1101 ME,18.0,월금,1,0,3,4+5,1+2+2
1876,15.458,MR,-,UIC1561-01-00 UIC1551-01-00 UIC2151-10-00 UIC1805-02-00,ECO1101-06-00 STA2102-04-00,ECO1101 ME,18.0,금,0,0,3,4,2+2+2+1
1877,15.458,MR,-,UIC1561-01-00 UIC1551-01-00 UIC2151-10-00 UIC1805-02-00,ECO1101-06-00 STA2102-04-00,ECO1101 ME,18.0,금,0,0,3,4,2+2+2+1
1878,15.458,MR,-,UIC1561-01-00 UIC1551-01-00 UIC2151-04-00 UIC1805-02-00,ECO1101-06-00 STA2102-04-00,ECO1101 ME,18.0,금,0,0,3,4,2+2+2+1
1879,15.458,MR,-,UIC1561-01-00 UIC1551-01-00 UIC2151-04-00 UIC1805-02-00,ECO1101-06-00 STA2102-04-00,ECO1101 ME,18.0,금,0,0,3,4,2+2+2+1
1880,15.458,MR,YCA1006-01-00,UIC1561-01-00 ASP2022-01-00 UIC2151-04-00 UIC1806-01-00,STA2102-04-00 QRM2004-01-00,ME ME,18.0,금,1,0,0,5,2+1+2+1
1881,15.458,MR,YCA1006-01-00,UIC1561-01-00 ASP2022-01-00 UIC2151-10-00 UIC1806-01-00,STA2102-04-00 QRM2004-01-00,ME ME,18.0,금,1,0,0,5,2+1+2+1
1882,15.458,MR,YCA1006-01-00,UIC1561-01-00 ASP2022-01-00 UIC2151-04-00 UIC1806-01-00,STA2102-04-00 QRM2004-01-00,ME ME,18.0,금,1,0,0,5,2+1+2+1
1883,15.458,MR,YCA1006-01-00,UIC1561-01-00 ASP2022-01-00 UIC2151-04-00 UIC1805-01-00,STA2102-04-00 QRM2004-01-00,ME ME,18.0,금,1,0,0,5,2+1+2+1
1884,15.458,MR,YCA1006-01-00,UIC1561-01-00 ASP2022-01-00 UIC2151-10-00 UIC1805-01-00,STA2102-04-00 QRM2004-01-00,ME ME,18.0,금,1,0,0,5,2+1+2+1
1885,15.458,MR,YCA1006-01-00,UIC1561-01-00 ASP2022-01-00 UIC2151-04-00 UIC1805-01-00,STA2102-04-00 QRM2004-01-00,ME ME,18.0,금,1,0,0,5,2+1+2+1
1886,15.458,MR,YCA1006-01-00,UIC1561-01-00 ASP2022-01-00 UIC2151-10-00 UIC1805-01-00,STA2102-04-00 QRM2004-01-00,ME ME,18.0,금,1,0,0,5,2+1+2+1
1887,15.458,MR,YCA1006-01-00,UIC1561-01-00 ASP2022-01-00 UIC2151-10-00 UIC1806-01-00,STA2102-04-00 QRM2004-01-00,ME ME,18.0,금,1,0,0,5,2+1+2+1
1888,15.457,Lang,-,QRM1001-01-00 UIC1561-01-00 UIC1501-05-00 UIC2151-14-00,STA2102-05-00 QRM2001-01-00,ME ME,18.0,월금,2,1,1,4+6,3
1889,15.44,MR,-,UIC1561-01-00 UIC1551-04-00 UIC2151-07-00 UIC1806-01-00,ECO1101-06-00 STA2102-05-00,ECO1101 ME,18.0,월금,1,0,3,6,2+3+2+1
1890,15.44,MR,-,UIC1561-01-00 UIC1551-04-00 UIC2151-08-00 UIC1805-01-00,ECO1101-06-00 STA2102-05-00,ECO1101 ME,18.0,월금,1,0,3,6,3+1+2+2
1891,15.44,MR,-,UIC1561-01-00 UIC1551-04-00 UIC2151-09-00 UIC1805-01-00,ECO1101-06-00 STA2102-05-00,ECO1101 ME,18.0,월금,1,0,3,6,3+1+2+2
1892,15.44,MR,-,UIC1561-01-00 UIC1551-04-00 UIC2151-07-00 UIC1806-01-00,ECO1101-06-00 STA2102-05-00,ECO1101 ME,18.0,월금,1,0,3,6,2+3+2+1
1893,15.44,MR,-,UIC1561-01-00 UIC1551-04-00 UIC2151-07-00 UIC1805-01-00,ECO1101-06-00 STA2102-05-00,ECO1101 ME,18.0,월금,1,0,3,6,2+3+2+1
1894,15.44,MR,-,UIC1561-01-00 UIC1551-04-00 UIC2151-08-00 UIC1805-01-00,ECO1101-06-00 STA2102-05-00,ECO1101 ME,18.0,월금,1,0,3,6,3+1+2+2
1895,15.44,MR,-,UIC1561-01-00 UIC1551-04-00 UIC2151-06-00 UIC1805-01-00,ECO1101-06-00 STA2102-05-00,ECO1101 ME,18.0,월금,1,0,3,6,2+3+2+1
1896,15.44,MR,-,UIC1561-01-00 UIC1551-04-00 UIC2151-05-00 UIC1806-02-00,ECO1101-06-00 STA2102-05-00,ECO1101 ME,18.0,월금,1,0,3,6,2+3+2+1
1897,15.44,MR,-,UIC1561-01-00 UIC1551-04-00 UIC2151-09-00 UIC1805-01-00,ECO1101-06-00 STA2102-05-00,ECO1101 ME,18.0,월금,1,0,3,6,3+1+2+2
1898,15.44,MR,-,UIC1561-01-00 UIC1551-04-00 UIC2151-09-00 UIC1806-01-00,ECO1101-06-00 STA2102-05-00,ECO1101 ME,18.0,월금,1,0,3,6,3+1+2+2
1899,15.44,MR,-,UIC1561-01-00 UIC1551-04-00 UIC2151-08-00 UIC1806-01-00,ECO1101-06-00 STA2102-05-00,ECO1101 ME,18.0,월금,1,0,3,6,3+1+2+2
1900,15.44,MR,-,UIC1561-01-00 UIC1551-04-00 UIC2151-09-00 UIC1806-01-00,ECO1101-06-00 STA2102-05-00,ECO1101 ME,18.0,월금,1,0,3,6,3+1+2+2
1901,15.44,MR,-,UIC1561-01-00 UIC1551-04-00 UIC2151-06-00 UIC1806-01-00,ECO1101-06-00 STA2102-05-00,ECO1101 ME,18.0,월금,1,0,3,6,2+3+2+1
1902,15.44,MR,-,UIC1561-01-00 UIC1551-04-00 UIC2151-07-00 UIC1805-01-00,ECO1101-06-00 STA2102-05-00,ECO1101 ME,18.0,월금,1,0,3,6,2+3+2+1
1903,15.44,MR,-,UIC1561-01-00 UIC1551-04-00 UIC2151-05-00 UIC1806-02-00,ECO1101-06-00 STA2102-05-00,ECO1101 ME,18.0,월금,1,0,3,6,2+3+2+1
1904,15.44,MR,-,UIC1561-01-00 UIC1551-04-00 UIC2151-05-00 UIC1805-02-00,ECO1101-06-00 STA2102-05-00,ECO1101 ME,18.0,월금,1,0,3,6,3+1+2+2
1905,15.44,MR,-,UIC1561-01-00 UIC1551-04-00 UIC2151-06-00 UIC1805-01-00,ECO1101-06-00 STA2102-05-00,ECO1101 ME,18.0,월금,1,0,3,6,2+3+2+1
1906,15.44,MR,-,UIC1561-01-00 UIC1551-04-00 UIC2151-06-00 UIC1806-01-00,ECO1101-06-00 STA2102-05-00,ECO1101 ME,18.0,월금,1,0,3,6,2+3+2+1
1907,15.44,MR,-,UIC1561-01-00 UIC1551-04-00 UIC2151-08-00 UIC1806-01-00,ECO1101-06-00 STA2102-05-00,ECO1101 ME,18.0,월금,1,0,3,6,3+1+2+2
1908,15.44,MR,-,UIC1561-01-00 UIC1551-04-00 UIC2151-05-00 UIC1805-02-00,ECO1101-06-00 STA2102-05-00,ECO1101 ME,18.0,월금,1,0,3,6,3+1+2+2
1909,15.433,MR,YCA1006-01-00,UIC1561-01-00 UIC1501-03-00 UIC2151-04-00 UIC1806-01-00,STA2102-04-00 QRM2004-01-00,ME ME,18.0,금,1,1,0,6,1+1+1
1910,15.433,MR,YCA1006-01-00,UIC1561-01-00 UIC1551-03-00 UIC2151-11-00 UIC1806-01-00,STA2102-04-00 QRM2004-01-00,ME ME,18.0,금,1,1,0,6,1+1+1
1911,15.433,MR,YCA1006-01-00,UIC1561-01-00 UIC1501-03-00 UIC2151-10-00 UIC1805-01-00,STA2102-04-00 QRM2004-01-00,ME ME,18.0,금,1,1,0,6,1+1+1
1912,15.433,MR,YCA1006-01-00,UIC1561-01-00 UIC1501-03-00 UIC2151-04-00 UIC1805-01-00,STA2102-04-00 QRM2004-01-00,ME ME,18.0,금,1,1,0,6,1+1+1
1913,15.433,MR,YCA1006-01-00,UIC1561-01-00 UIC1551-03-00 UIC2151-11-00 UIC1805-01-00,STA2102-04-00 QRM2004-01-00,ME ME,18.0,금,1,1,0,6,1+1+1
1914,15.433,MR,YCA1006-01-00,UIC1561-01-00 UIC1501-03-00 UIC2151-04-00 UIC1805-01-00,STA2102-04-00 QRM2004-01-00,ME ME,18.0,금,1,1,0,6,1+1+1
1915,15.433,MR,YCA1006-01-00,UIC1561-01-00 UIC1501-03-00 UIC2151-10-00 UIC1805-01-00,STA2102-04-00 QRM2004-01-00,ME ME,18.0,금,1,1,0,6,1+1+1
1916,15.433,MR,YCA1006-01-00,UIC1561-01-00 UIC1501-03-00 UIC2151-04-00 UIC1806-01-00,STA2102-04-00 QRM2004-01-00,ME ME,18.0,금,1,1,0,6,1+1+1
1917,15.433,MR,YCA1006-01-00,UIC1561-01-00 UIC1501-02-00 UIC2151-11-00 UIC1806-01-00,STA2102-04-00 QRM2004-01-00,ME ME,18.0,금,1,1,0,6,1+1+1
1918,15.433,MR,YCA1006-01-00,UIC1561-01-00 UIC1501-02-00 UIC2151-11-00 UIC1806-01-00,STA2102-04-00 QRM2004-01-00,ME ME,18.0,금,1,1,0,6,1+1+1
1919,15.433,MR,YCA1006-01-00,UIC1561-01-00 UIC1551-03-00 UIC2151-11-00 UIC1806-01-00,STA2102-04-00 QRM2004-01-00,ME ME,18.0,금,1,1,0,6,1+1+1
1920,15.433,MR,YCA1006-01-00,UIC1561-01-00 UIC1501-02-00 UIC2151-11-00 UIC1805-01-00,STA2102-04-00 QRM2004-01-00,ME ME,18.0,금,1,1,0,6,1+1+1
1921,15.433,MR,YCA1006-01-00,UIC1561-01-00 UIC1501-03-00 UIC2151-10-00 UIC1806-01-00,STA2102-04-00 QRM2004-01-00,ME ME,18.0,금,1,1,0,6,1+1+1
1922,15.433,MR,YCA1006-01-00,UIC1561-01-00 UIC1551-03-00 UIC2151-11-00 UIC1805-01-00,STA2102-04-00 QRM2004-01-00,ME ME,18.0,금,1,1,0,6,1+1+1
1923,15.433,MR,YCA1006-01-00,UIC1561-01-00 UIC1501-02-00 UIC2151-11-00 UIC1805-01-00,STA2102-04-00 QRM2004-01-00,ME ME,18.0,금,1,1,0,6,1+1+1
1924,15.433,MR,YCA1006-01-00,UIC1561-01-00 UIC1501-03-00 UIC2151-10-00 UIC1806-01-00,STA2102-04-00 QRM2004-01-00,ME ME,18.0,금,1,1,0,6,1+1+1
1925,15.425,Lang,-,QRM1001-01-00 UIC1561-01-00 UIC1551-01-00 UIC1751-01-00,ECO1101-06-00 STA2102-05-00,ECO1101 ME,18.0,월,0,0,3,6,2+2+1
1926,15.399,WCiv,YCA1006-02-00,QRM1001-01-00 ASP2022-01-00 UIC2151-13-00 UIC1805-01-00,ECO1101-06-00 QRM2004-01-00,ECO1101 ME,18.0,월금,1,2,2,6+4+6,1
1927,15.399,WCiv,YCA1006-02-00,QRM1001-01-00 ASP2022-01-00 UIC2151-13-00 UIC1806-01-00,ECO1101-06-00 QRM2004-01-00,ECO1101 ME,18.0,월금,1,2,2,6+4+6,1
1928,15.399,WCiv,YCA1006-02-00,QRM1001-01-00 ASP2022-01-00 UIC2151-13-00 UIC1805-01-00,ECO1101-06-00 QRM2004-01-00,ECO1101 ME,18.0,월금,1,2,2,6+4+6,1
1929,15.399,WCiv,YCA1006-02-00,QRM1001-01-00 ASP2022-01-00 UIC2151-13-00 UIC1806-01-00,ECO1101-06-00 QRM2004-01-00,ECO1101 ME,18.0,월금,1,2,2,6+4+6,1
1930,15.392,Lang,YCA1006-02-00,QRM1001-01-00 UIC1561-01-00 UIC1401-03-00 UIC2151-14-00,QRM2004-01-00 QRM2002-01-00,ME ME,18.0,월,1,1,1,7,1+1
1931,15.382,Lang,YCA1006-02-00,QRM1001-01-00 UIC1561-01-00 UIC1551-04-00 UIC2151-12-00,STA2102-05-00 AST1003-01-00,ME FREE,18.0,월금,1,0,1,4+5+4,1+2
1932,15.374,WCiv,YCA1006-01-00,QRM1001-01-00 UIC1551-01-00 UIC2151-12-00 UIC1805-01-00,ECO1101-06-00 STA2102-05-00,ECO1101 ME,18.0,월금,2,1,3,5,2+4+2+3+1
1933,15.374,WCiv,YCA1006-01-00,QRM1001-01-00 UIC1551-01-00 UIC2151-12-00 UIC1805-01-00,ECO1101-06-00 STA2102-05-00,ECO1101 ME,18.0,월금,2,1,3,5,2+4+2+3+1
1934,15.374,WCiv,YCA1006-01-00,QRM1001-01-00 UIC1551-01-00 UIC2151-12-00 UIC1806-01-00,ECO1101-06-00 STA2102-05-00,ECO1101 ME,18.0,월금,2,1,3,5,2+4+2+3+1
1935,15.374,WCiv,YCA1006-01-00,QRM1001-01-00 UIC1551-01-00 UIC2151-12-00 UIC1806-01-00,ECO1101-06-00 STA2102-05-00,ECO1101 ME,18.0,월금,2,1,3,5,2+4+2+3+1
1936,15.365,MR,-,UIC1561-01-00 UIC1551-04-00 UIC2151-12-00 UIC1805-01-00,ECO1104-06-00 STA2102-05-00,ME ME,18.0,월금,2,0,1,4,2+3+2+1
1937,15.365,MR,-,UIC1561-01-00 UIC1551-04-00 UIC2151-12-00 UIC1806-01-00,ECO1104-06-00 STA2102-05-00,ME ME,18.0,월금,2,0,1,4,2+3+2+1
1938,15.365,MR,-,UIC1561-01-00 UIC1551-04-00 UIC2151-12-00 UIC1805-01-00,ECO1104-06-00 STA2102-05-00,ME ME,18.0,월금,2,0,1,4,2+3+2+1
1939,15.365,MR,-,UIC1561-01-00 UIC1551-04-00 UIC2151-12-00 UIC1806-01-00,ECO1104-06-00 STA2102-05-00,ME ME,18.0,월금,2,0,1,4,2+3+2+1
1940,15.342,Lang,YCA1006-02-00,QRM1001-01-00 UIC1561-01-00 UIC1551-01-00 UIC2151-12-00,QRM2002-01-00 QRM2102-01-00,ME ME,18.0,월,2,0,1,,3+3+1+1
1941,15.333,Lang,YCA1006-02-00,QRM1001-01-00 UIC1561-01-00 UIC1551-02-00 UIC2151-14-00,ECO1101-06-00 STA2102-05-00,ECO1101 ME,18.0,금,1,0,3,6,2+3+3+2
1942,15.332,Lang,-,QRM1001-01-00 UIC1561-01-00 UIC1551-04-00 UIC2151-12-00,QRM2004-01-00 QRM2001-01-00,ME ME,18.0,월금,2,1,1,6,2+1+3
1943,15.315,-,-,QRM1001-01-00 UIC1561-01-00 ASP2033-01-00 UIC2151-14-00 UIC1806-01-00,STA2102-05-00,ME,18.0,월금,1,1,1,4+4+5,2
1944,15.315,-,-,QRM1001-01-00 UIC1561-01-00 ASP2033-01-00 UIC2151-14-00 UIC1805-01-00,STA2102-05-00,ME,18.0,월금,1,1,1,4+4+5,2
1945,15.315,-,-,QRM1001-01-00 UIC1561-01-00 ASP2033-01-00 UIC2151-14-00 UIC1805-01-00,STA2102-05-00,ME,18.0,월금,1,1,1,4+4+5,2
1946,15.315,-,-,QRM1001-01-00 UIC1561-01-00 ASP2033-01-00 UIC2151-14-00 UIC1806-01-00,STA2102-05-00,ME,18.0,월금,1,1,1,4+4+5,2
1947,15.308,MR,YCA1006-01-00,UIC1561-01-00 UIC1551-01-00 UIC2151-10-00 UIC1806-01-00,ECO1104-06-00 STA2102-05-00,ME ME,18.0,금,1,1,1,6,1+2+1+1+1
1948,15.308,MR,YCA1006-02-00,UIC1561-01-00 UIC1551-01-00 UIC2151-10-00 UIC1806-01-00,ECO1104-06-00 STA2102-05-00,ME ME,18.0,금,1,1,1,6,1+2+1+1+1
1949,15.308,MR,YCA1006-02-00,UIC1561-01-00 UIC1551-01-00 UIC2151-10-00 UIC1806-01-00,ECO1104-06-00 STA2102-05-00,ME ME,18.0,금,1,1,1,6,1+2+1+1+1
1950,15.308,MR,YCA1006-01-00,UIC1561-01-00 UIC1551-01-00 UIC2151-04-00 UIC1806-01-00,ECO1104-06-00 STA2102-05-00,ME ME,18.0,금,1,1,1,6,1+2+1+1+1
1951,15.308,MR,YCA1006-02-00,UIC1561-01-00 UIC1551-01-00 UIC2151-10-00 UIC1805-01-00,ECO1104-06-00 STA2102-05-00,ME ME,18.0,금,1,1,1,6,1+2+1+1+1
1952,15.308,MR,YCA1006-01-00,UIC1561-01-00 UIC1551-01-00 UIC2151-10-00 UIC1806-01-00,ECO1104-06-00 STA2102-05-00,ME ME,18.0,금,1,1,1,6,1+2+1+1+1
1953,15.308,MR,YCA1006-02-00,UIC1561-01-00 UIC1551-01-00 UIC2151-04-00 UIC1806-01-00,ECO1104-06-00 STA2102-05-00,ME ME,18.0,금,1,1,1,6,1+2+1+1+1
1954,15.308,MR,YCA1006-01-00,UIC1561-01-00 UIC1551-01-00 UIC2151-04-00 UIC1805-01-00,ECO1104-06-00 STA2102-05-00,ME ME,18.0,금,1,1,1,6,1+2+1+1+1
1955,15.308,MR,YCA1006-02-00,UIC1561-01-00 UIC1551-01-00 UIC2151-04-00 UIC1806-01-00,ECO1104-06-00 STA2102-05-00,ME ME,18.0,금,1,1,1,6,1+2+1+1+1
1956,15.308,MR,YCA1006-02-00,UIC1561-01-00 UIC1551-01-00 UIC2151-04-00 UIC1805-01-00,ECO1104-06-00 STA2102-05-00,ME ME,18.0,금,1,1,1,6,1+2+1+1+1
1957,15.308,MR,YCA1006-02-00,UIC1561-01-00 UIC1551-01-00 UIC2151-10-00 UIC1805-01-00,ECO1104-06-00 STA2102-05-00,ME ME,18.0,금,1,1,1,6,1+2+1+1+1
1958,15.308,MR,YCA1006-02-00,UIC1561-01-00 UIC1551-01-00 UIC2151-04-00 UIC1805-01-00,ECO1104-06-00 STA2102-05-00,ME ME,18.0,금,1,1,1,6,1+2+1+1+1
1959,15.308,MR,YCA1006-01-00,UIC1561-01-00 UIC1551-01-00 UIC2151-04-00 UIC1805-01-00,ECO1104-06-00 STA2102-05-00,ME ME,18.0,금,1,1,1,6,1+2+1+1+1
1960,15.308,MR,YCA1006-01-00,UIC1561-01-00 UIC1551-01-00 UIC2151-10-00 UIC1805-01-00,ECO1104-06-00 STA2102-05-00,ME ME,18.0,금,1,1,1,6,1+2+1+1+1
1961,15.308,MR,YCA1006-01-00,UIC1561-01-00 UIC1551-01-00 UIC2151-10-00 UIC1805-01-00,ECO1104-06-00 STA2102-05-00,ME ME,18.0,금,1,1,1,6,1+2+1+1+1
1962,15.308,MR,YCA1006-01-00,UIC1561-01-00 UIC1551-01-00 UIC2151-04-00 UIC1806-01-00,ECO1104-06-00 STA2102-05-00,ME ME,18.0,금,1,1,1,6,1+2+1+1+1
1963,15.265,MR,-,UIC1561-01-00 UIC1501-05-00 UIC2151-14-00 UIC1806-01-00,ECO1104-06-00 ECO1101-06-00,ME ECO1101,18.0,월금,2,0,3,4+4,2+2+1
1964,15.265,MR,-,UIC1561-01-00 UIC1501-05-00 UIC2151-14-00 UIC1806-01-00,ECO1104-06-00 ECO1101-06-00,ME ECO1101,18.0,월금,2,0,3,4+4,2+2+1
1965,15.265,MR,-,UIC1561-01-00 UIC1501-05-00 UIC2151-14-00 UIC1805-01-00,ECO1104-06-00 ECO1101-06-00,ME ECO1101,18.0,월금,2,0,3,4+4,2+2+1
1966,15.265,MR,-,UIC1561-01-00 UIC1501-05-00 UIC2151-14-00 UIC1805-01-00,ECO1104-06-00 ECO1101-06-00,ME ECO1101,18.0,월금,2,0,3,4+4,2+2+1
1967,15.265,MR,YCA1006-01-00,UIC1561-01-00 UIC1551-01-00 UIC2151-06-00 UIC1806-01-00,STA2102-05-00 YCK1998-03-00,ME FREE,18.0,월금,1,0,1,4,1+2+1+1
1968,15.265,MR,YCA1006-01-00,UIC1561-01-00 UIC1551-01-00 UIC2151-06-00 UIC1806-01-00,STA2102-05-00 YCK1998-03-00,ME FREE,18.0,월금,1,0,1,4,1+2+1+1
1969,15.265,MR,YCA1006-02-00,UIC1561-01-00 UIC1551-01-00 UIC2151-07-00 UIC1805-01-00,STA2102-05-00 YCK1998-03-00,ME FREE,18.0,월금,1,0,1,4,1+2+1+1
1970,15.265,MR,YCA1006-01-00,UIC1561-01-00 UIC1551-01-00 UIC2151-07-00 UIC1806-01-00,STA2102-05-00 YCK1998-03-00,ME FREE,18.0,월금,1,0,1,4,1+2+1+1
1971,15.265,MR,YCA1006-02-00,UIC1561-01-00 UIC1551-04-00 UIC2151-08-00 UIC1806-01-00,STA2102-05-00 YCK1998-03-00,ME FREE,18.0,월금,1,0,1,4,1+1+1+2
1972,15.265,MR,YCA1006-01-00,UIC1561-01-00 UIC1551-01-00 UIC2151-05-00 UIC1806-02-00,STA2102-05-00 YCK1998-03-00,ME FREE,18.0,월금,1,0,1,4,1+2+1+1
1973,15.265,MR,YCA1006-02-00,UIC1561-01-00 UIC1551-01-00 UIC2151-07-00 UIC1806-01-00,STA2102-05-00 YCK1998-03-00,ME FREE,18.0,월금,1,0,1,4,1+2+1+1
1974,15.265,MR,YCA1006-02-00,UIC1561-01-00 UIC1551-01-00 UIC2151-06-00 UIC1805-01-00,STA2102-05-00 YCK1998-03-00,ME FREE,18.0,월금,1,0,1,4,1+2+1+1
1975,15.265,MR,YCA1006-02-00,UIC1561-01-00 UIC1551-04-00 UIC2151-09-00 UIC1806-01-00,STA2102-05-00 YCK1998-03-00,ME FREE,18.0,월금,1,0,1,4,1+1+1+2
1976,15.265,MR,YCA1006-02-00,UIC1561-01-00 UIC1551-04-00 UIC2151-09-00 UIC1805-01-00,STA2102-05-00 YCK1998-03-00,ME FREE,18.0,월금,1,0,1,4,1+1+1+2
1977,15.265,MR,YCA1006-02-00,UIC1561-01-00 UIC1551-04-00 UIC2151-08-00 UIC1805-01-00,STA2102-05-00 YCK1998-03-00,ME FREE,18.0,월금,1,0,1,4,1+1+1+2
1978,15.265,MR,YCA1006-02-00,UIC1561-01-00 UIC1551-01-00 UIC2151-05-00 UIC1806-02-00,STA2102-05-00 YCK1998-03-00,ME FREE,18.0,월금,1,0,1,4,1+2+1+1
1979,15.265,MR,YCA1006-01-00,UIC1561-01-00 UIC1551-01-00 UIC2151-06-00 UIC1805-01-00,STA2102-05-00 YCK1998-03-00,ME FREE,18.0,월금,1,0,1,4,1+2+1+1
1980,15.265,MR,YCA1006-02-00,UIC1561-01-00 UIC1551-04-00 UIC2151-09-00 UIC1805-01-00,STA2102-05-00 YCK1998-03-00,ME FREE,18.0,월금,1,0,1,4,1+1+1+2
1981,15.265,MR,YCA1006-01-00,UIC1561-01-00 UIC1551-01-00 UIC2151-07-00 UIC1805-01-00,STA2102-05-00 YCK1998-03-00,ME FREE,18.0,월금,1,0,1,4,1+2+1+1
1982,15.265,MR,YCA1006-02-00,UIC1561-01-00 UIC1551-04-00 UIC2151-05-00 UIC1805-02-00,STA2102-05-00 YCK1998-03-00,ME FREE,18.0,월금,1,0,1,4,1+1+1+2
1983,15.265,MR,YCA1006-01-00,UIC1561-01-00 UIC1551-01-00 UIC2151-07-00 UIC1805-01-00,STA2102-05-00 YCK1998-03-00,ME FREE,18.0,월금,1,0,1,4,1+2+1+1
1984,15.265,MR,YCA1006-02-00,UIC1561-01-00 UIC1551-01-00 UIC2151-07-00 UIC1806-01-00,STA2102-05-00 YCK1998-03-00,ME FREE,18.0,월금,1,0,1,4,1+2+1+1
1985,15.265,MR,YCA1006-01-00,UIC1561-01-00 UIC1551-01-00 UIC2151-06-00 UIC1805-01-00,STA2102-05-00 YCK1998-03-00,ME FREE,18.0,월금,1,0,1,4,1+2+1+1
1986,15.265,MR,YCA1006-02-00,UIC1561-01-00 UIC1551-01-00 UIC2151-07-00 UIC1805-01-00,STA2102-05-00 YCK1998-03-00,ME FREE,18.0,월금,1,0,1,4,1+2+1+1
1987,15.265,MR,YCA1006-02-00,UIC1561-01-00 UIC1551-04-00 UIC2151-09-00 UIC1806-01-00,STA2102-05-00 YCK1998-03-00,ME FREE,18.0,월금,1,0,1,4,1+1+1+2
1988,15.265,MR,YCA1006-01-00,UIC1561-01-00 UIC1551-01-00 UIC2151-07-00 UIC1806-01-00,STA2102-05-00 YCK1998-03-00,ME FREE,18.0,월금,1,0,1,4,1+2+1+1
1989,15.265,MR,YCA1006-02-00,UIC1561-01-00 UIC1551-01-00 UIC2151-05-00 UIC1806-02-00,STA2102-05-00 YCK1998-03-00,ME FREE,18.0,월금,1,0,1,4,1+2+1+1
1990,15.265,MR,YCA1006-02-00,UIC1561-01-00 UIC1551-01-00 UIC2151-06-00 UIC1806-01-00,STA2102-05-00 YCK1998-03-00,ME FREE,18.0,월금,1,0,1,4,1+2+1+1
1991,15.265,MR,YCA1006-02-00,UIC1561-01-00 UIC1551-04-00 UIC2151-08-00 UIC1806-01-00,STA2102-05-00 YCK1998-03-00,ME FREE,18.0,월금,1,0,1,4,1+1+1+2
1992,15.265,MR,YCA1006-02-00,UIC1561-01-00 UIC1551-01-00 UIC2151-06-00 UIC1806-01-00,STA2102-05-00 YCK1998-03-00,ME FREE,18.0,월금,1,0,1,4,1+2+1+1
1993,15.265,MR,YCA1006-02-00,UIC1561-01-00 UIC1551-04-00 UIC2151-08-00 UIC1805-01-00,STA2102-05-00 YCK1998-03-00,ME FREE,18.0,월금,1,0,1,4,1+1+1+2
1994,15.265,MR,YCA1006-01-00,UIC1561-01-00 UIC1551-01-00 UIC2151-05-00 UIC1806-02-00,STA2102-05-00 YCK1998-03-00,ME FREE,18.0,월금,1,0,1,4,1+2+1+1
1995,15.265,MR,YCA1006-02-00,UIC1561-01-00 UIC1551-04-00 UIC2151-05-00 UIC1805-02-00,STA2102-05-00 YCK1998-03-00,ME FREE,18.0,월금,1,0,1,4,1+1+1+2
1996,15.265,MR,YCA1006-02-00,UIC1561-01-00 UIC1551-01-00 UIC2151-06-00 UIC1805-01-00,STA2102-05-00 YCK1998-03-00,ME FREE,18.0,월금,1,0,1,4,1+2+1+1
1997,15.25,Lang,YCA1006-01-00,QRM1001-01-00 UIC1561-01-00 UIC1351-02-00 UIC2151-14-00,ECO1101-06-00 STA2102-05-00,ECO1101 ME,18.0,월,0,0,3,6,4+2+2
1998,15.25,Lang,YCA1006-01-00,QRM1001-01-00 UIC1561-01-00 UIC1501-01-00 UIC2151-14-00,ECO1101-06-00 STA2102-05-00,ECO1101 ME,18.0,월,0,0,3,6,4+2+2
1999,15.25,MR,YCA1006-02-00,UIC1561-01-00 UIC1551-01-00 UIC1751-01-00 UIC1805-02-00,ECO1104-06-00 STA2102-05-00,ME ME,18.0,월,0,1,1,4+5,2+1
2000,15.25,MR,YCA1006-02-00,UIC1561-01-00 UIC1551-01-00 UIC1751-01-00 UIC1805-02-00,ECO1104-06-00 STA2102-05-00,ME ME,18.0,월,0,1,1,4+5,2+1
2001,15.233,MR,YCA1006-01-00,UIC1561-01-00 UIC1501-03-00 UIC2151-04-00 UIC1805-02-00,ECO1104-06-00 ECO1101-06-00,ME ECO1101,18.0,금,0,1,2,8,1+1+2
2002,15.233,MR,YCA1006-01-00,UIC1561-01-00 UIC1501-02-00 UIC2151-11-00 UIC1805-02-00,ECO1104-06-00 ECO1101-06-00,ME ECO1101,18.0,금,0,1,2,8,1+1+2
2003,15.233,MR,YCA1006-01-00,UIC1561-01-00 UIC1501-03-00 UIC2151-10-00 UIC1805-02-00,ECO1104-06-00 ECO1101-06-00,ME ECO1101,18.0,금,0,1,2,8,1+1+2
2004,15.233,MR,YCA1006-01-00,UIC1561-01-00 UIC1551-03-00 UIC2151-11-00 UIC1805-02-00,ECO1104-06-00 ECO1101-06-00,ME ECO1101,18.0,금,0,1,2,8,1+1+2
2005,15.233,MR,YCA1006-01-00,UIC1561-01-00 UIC1501-02-00 UIC2151-11-00 UIC1805-02-00,ECO1104-06-00 ECO1101-06-00,ME ECO1101,18.0,금,0,1,2,8,1+1+2
2006,15.233,MR,YCA1006-01-00,UIC1561-01-00 UIC1501-03-00 UIC2151-10-00 UIC1805-02-00,ECO1104-06-00 ECO1101-06-00,ME ECO1101,18.0,금,0,1,2,8,1+1+2
2007,15.233,MR,YCA1006-01-00,UIC1561-01-00 UIC1551-03-00 UIC2151-11-00 UIC1805-02-00,ECO1104-06-00 ECO1101-06-00,ME ECO1101,18.0,금,0,1,2,8,1+1+2
2008,15.233,MR,YCA1006-01-00,UIC1561-01-00 UIC1501-03-00 UIC2151-04-00 UIC1805-02-00,ECO1104-06-00 ECO1101-06-00,ME ECO1101,18.0,금,0,1,2,8,1+1+2
2009,15.225,Lang,YCA1006-01-00,QRM1001-01-00 UIC1561-01-00 UIC1501-03-00 UIC2151-14-00,ECO1103-02-00 QRM2004-01-00,ME ME,18.0,금,1,0,1,4+6,2+1+3
2010,15.2,Lang,YCA1006-01-00,QRM1001-01-00 UIC1561-01-00 UIC1401-03-00 UIC2151-10-00,ECO1101-06-00 QRM2004-01-00,ECO1101 ME,18.0,,0,0,2,4,2+1+1+2
2011,15.2,Lang,YCA1006-01-00,QRM1001-01-00 UIC1561-01-00 UIC1401-03-00 UIC2151-04-00,ECO1101-06-00 QRM2004-01-00,ECO1101 ME,18.0,,0,0,2,4,2+1+1+2
2012,15.19,MR,YCA1006-02-00,UIC1561-01-00 UIC1551-01-00 UIC2151-12-00 UIC1805-02-00,STA2102-04-00 UCB1105-02-00,ME FREE,18.0,월금,1,0,1,6,1+3
2013,15.19,MR,YCA1006-02-00,UIC1561-01-00 UIC1551-01-00 UIC2151-12-00 UIC1805-02-00,STA2102-04-00 UCB1105-02-00,ME FREE,18.0,월금,1,0,1,6,1+3
2014,15.125,MR,YCA1006-02-00,UIC1561-01-00 UIC1551-01-00 UIC1751-01-00 UIC1806-02-00,ECO1101-06-00 STA2102-05-00,ECO1101 ME,18.0,월,0,0,3,6,2+2+2+1
2015,15.125,MR,YCA1006-02-00,UIC1561-01-00 UIC1551-01-00 UIC1751-01-00 UIC1806-02-00,ECO1101-06-00 STA2102-05-00,ECO1101 ME,18.0,월,0,0,3,6,2+2+2+1
2016,15.125,Lang,YCA1006-01-00,QRM1001-01-00 UIC1561-01-00 UIC1401-03-00 UIC2151-11-00,ECO1101-06-00 QRM2004-01-00,ECO1101 ME,18.0,,0,0,2,6,1+2
2017,15.125,Lang,YCA1006-01-00,QRM1001-01-00 UIC1561-01-00 UIC1551-01-00 UIC2151-04-00,QRM2004-01-00 QRM2001-01-00,ME ME,18.0,금,1,1,1,4+5,2+1+2+1
2018,15.125,Lang,YCA1006-01-00,QRM1001-01-00 UIC1561-01-00 UIC1551-01-00 UIC2151-10-00,QRM2004-01-00 QRM2001-01-00,ME ME,18.0,금,1,1,1,4+5,2+1+2+1
2019,15.083,MR,YCA1006-02-00,UIC1561-01-00 UIC1551-01-00 UIC2151-04-00 UIC1805-02-00,STA2102-04-00 YCK1998-03-00,ME FREE,18.0,금,0,0,1,,2+1+2+1
2020,15.083,MR,YCA1006-02-00,UIC1561-01-00 UIC1551-01-00 UIC2151-04-00 UIC1805-02-00,STA2102-04-00 YCK1998-03-00,ME FREE,18.0,금,0,0,1,,2+1+2+1
2021,15.083,MR,YCA1006-02-00,UIC1561-01-00 UIC1551-01-00 UIC2151-10-00 UIC1805-02-00,STA2102-04-00 YCK1998-03-00,ME FREE,18.0,금,0,0,1,,2+1+2+1
2022,15.083,MR,YCA1006-02-00,UIC1561-01-00 UIC1551-01-00 UIC2151-10-00 UIC1805-02-00,STA2102-04-00 YCK1998-03-00,ME FREE,18.0,금,0,0,1,,2+1+2+1
2023,15.075,Lang,YCA1006-02-00,QRM1001-01-00 UIC1561-01-00 UIC1401-03-00 UIC2151-12-00,ECO1101-06-00 QRM2002-01-00,ECO1101 ME,18.0,월,2,0,2,4,1+1+2+1
2024,15.069,MR,YCA1006-02-00,UIC1561-01-00 UIC1551-01-00 UIC2151-12-00 UIC1805-02-00,STA2102-04-00 ANT2105-01-00,ME FREE,18.0,월금,1,0,2,4,1+3+1
2025,15.069,MR,YCA1006-02-00,UIC1561-01-00 UIC1551-01-00 UIC2151-12-00 UIC1805-02-00,STA2102-04-00 ANT2105-01-00,ME FREE,18.0,월금,1,0,2,4,1+3+1
2026,15.061,Lang,YCA1006-02-00,QRM1001-01-00 UIC1561-01-00 UIC1551-01-00 UIC2151-12-00,STA2102-05-00 ANT2105-01-00,ME FREE,18.0,월금,1,0,2,4+5,3+2+1
2027,15.057,Lang,YCA1006-01-00,QRM1001-01-00 UIC1561-01-00 UIC1551-01-00 UIC2151-12-00,STA2102-05-00 UBC2005-01-00,ME FREE,18.0,월금,1,0,1,4,2+2+1+1
2028,15.057,Lang,YCA1006-02-00,QRM1001-01-00 UIC1561-01-00 UIC1551-04-00 UIC2151-12-00,QRM2004-01-00 YCK1998-03-00,ME FREE,18.0,월금,1,1,1,4+4,1+3
2029,15.017,Lang,-,QRM1001-01-00 UIC1561-01-00 UIC1401-03-00 UIC2151-14-00,QRM2002-01-00 STA2102-05-00,ME ME,18.0,월,1,0,1,4,1
2030,14.99,SciRD,-,QRM1001-01-00 UIC1561-01-00 UIC1501-05-00 UIC1806-01-00,ECO1101-06-00 STA2102-05-00,ECO1101 ME,18.0,월금,2,1,2,6+6,2
2031,14.99,SciRD,-,QRM1001-01-00 UIC1561-01-00 UIC1501-05-00 UIC1805-01-00,ECO1101-06-00 STA2102-05-00,ECO1101 ME,18.0,월금,2,1,2,6+6,2
2032,14.99,SciRD,-,QRM1001-01-00 UIC1561-01-00 UIC1501-05-00 UIC1805-01-00,ECO1101-06-00 STA2102-05-00,ECO1101 ME,18.0,월금,2,1,2,6+6,2
2033,14.99,Lang,-,QRM1001-01-00 UIC1561-01-00 UIC1501-05-00 UIC2151-05-00,ECO1101-06-00 STA2102-05-00,ECO1101 ME,18.0,월금,2,1,2,6+6,2
2034,14.99,SciRD,-,QRM1001-01-00 UIC1561-01-00 UIC1501-05-00 UIC1806-01-00,ECO1101-06-00 STA2102-05-00,ECO1101 ME,18.0,월금,2,1,2,6+6,2
2035,14.982,Lang,YCA1006-02-00,QRM1001-01-00 UIC1561-01-00 UIC1551-04-00 UIC2151-12-00,STA2102-05-00 YCB1101-43-00,ME FREE,18.0,월금,1,0,2,4+6,3+2
2036,14.982,Lang,YCA1006-02-00,QRM1001-01-00 UIC1561-01-00 UIC1551-01-00 UIC2151-12-00,STA2102-05-00 YCB1101-13-00,ME FREE,18.0,월금,1,0,2,4+6,3+2
2037,14.982,Lang,YCA1006-02-00,QRM1001-01-00 UIC1561-01-00 UIC1551-04-00 UIC2151-12-00,STA2102-05-00 YCJ1305-01-00,ME FREE,18.0,월금,1,0,2,4+6,3+2
2038,14.965,MR,YCA1006-01-00,UIC1561-01-00 UIC1401-02-00 UIC2151-14-00 UIC1806-02-00,ECO1101-06-00 QRM2001-01-00,ECO1101 ME,18.0,월금,1,1,3,4+6+5,1+2
2039,14.965,MR,YCA1006-01-00,UIC1561-01-00 UIC1401-02-00 UIC2151-14-00 UIC1806-02-00,ECO1101-06-00 QRM2001-01-00,ECO1101 ME,18.0,월금,1,1,3,4+6+5,1+2
2040,14.965,MR,YCA1006-01-00,UIC1561-01-00 UIC1251-02-00 UIC2151-14-00 UIC1805-02-00,ECO1101-06-00 QRM2001-01-00,ECO1101 ME,18.0,월금,1,1,3,4+6+5,1+2
2041,14.965,MR,YCA1006-01-00,UIC1561-01-00 UIC1251-02-00 UIC2151-14-00 UIC1805-02-00,ECO1101-06-00 QRM2001-01-00,ECO1101 ME,18.0,월금,1,1,3,4+6+5,1+2
2042,14.925,MR,YCA1006-01-00,UIC1561-01-00 UIC1551-04-00 UIC2151-06-00 UIC1805-02-00,STA2102-05-00 QRM2102-01-00,ME ME,18.0,월,0,0,1,4+4,1+1
2043,14.925,MR,YCA1006-01-00,UIC1561-01-00 UIC1551-01-00 UIC2151-09-00 UIC1806-02-00,STA2102-05-00 QRM2102-01-00,ME ME,18.0,월,0,0,1,4+4,1+1
2044,14.925,MR,YCA1006-01-00,UIC1561-01-00 UIC1551-01-00 UIC2151-07-00 UIC1805-02-00,STA2102-05-00 QRM2102-01-00,ME ME,18.0,월,0,0,1,4+4,1+1
2045,14.925,MR,YCA1006-01-00,UIC1561-01-00 UIC1551-04-00 UIC2151-09-00 UIC1806-02-00,STA2102-05-00 QRM2102-01-00,ME ME,18.0,월,0,0,1,4+4,1+1
2046,14.925,MR,YCA1006-01-00,UIC1561-01-00 UIC1551-01-00 UIC2151-06-00 UIC1805-02-00,STA2102-05-00 QRM2102-01-00,ME ME,18.0,월,0,0,1,4+4,1+1
2047,14.925,MR,YCA1006-01-00,UIC1561-01-00 UIC1551-04-00 UIC2151-07-00 UIC1805-02-00,STA2102-05-00 QRM2102-01-00,ME ME,18.0,월,0,0,1,4+4,1+1
2048,14.925,MR,YCA1006-01-00,UIC1561-01-00 UIC1551-04-00 UIC2151-08-00 UIC1806-02-00,STA2102-05-00 QRM2102-01-00,ME ME,18.0,월,0,0,1,4+4,1+1
2049,14.925,MR,YCA1006-01-00,UIC1561-01-00 UIC1551-04-00 UIC2151-08-00 UIC1806-02-00,STA2102-05-00 QRM2102-01-00,ME ME,18.0,월,0,0,1,4+4,1+1
2050,14.925,MR,YCA1006-02-00,UIC1561-01-00 UIC1551-01-00 UIC2151-11-00 UIC1805-02-00,STA2102-04-00 QRM2102-01-00,ME ME,18.0,,0,0,1,4,1+1
2051,14.925,MR,YCA1006-01-00,UIC1561-01-00 UIC1551-01-00 UIC2151-08-00 UIC1806-02-00,STA2102-05-00 QRM2102-01-00,ME ME,18.0,월,0,0,1,4+4,1+1
2052,14.925,MR,YCA1006-01-00,UIC1561-01-00 UIC1551-01-00 UIC2151-09-00 UIC1806-02-00,STA2102-05-00 QRM2102-01-00,ME ME,18.0,월,0,0,1,4+4,1+1
2053,14.925,MR,YCA1006-01-00,UIC1561-01-00 UIC1551-04-00 UIC2151-06-00 UIC1805-02-00,STA2102-05-00 QRM2102-01-00,ME ME,18.0,월,0,0,1,4+4,1+1
2054,14.925,MR,YCA1006-01-00,UIC1561-01-00 UIC1551-04-00 UIC2151-07-00 UIC1805-02-00,STA2102-05-00 QRM2102-01-00,ME ME,18.0,월,0,0,1,4+4,1+1
2055,14.925,MR,YCA1006-01-00,UIC1561-01-00 UIC1551-01-00 UIC2151-08-00 UIC1806-02-00,STA2102-05-00 QRM2102-01-00,ME ME,18.0,월,0,0,1,4+4,1+1
2056,14.925,MR,YCA1006-01-00,UIC1561-01-00 UIC1551-01-00 UIC2151-07-00 UIC1805-02-00,STA2102-05-00 QRM2102-01-00,ME ME,18.0,월,0,0,1,4+4,1+1
2057,14.925,MR,YCA1006-02-00,UIC1561-01-00 UIC1551-01-00 UIC2151-11-00 UIC1805-02-00,STA2102-04-00 QRM2102-01-00,ME ME,18.0,,0,0,1,4,1+1
2058,14.925,MR,YCA1006-01-00,UIC1561-01-00 UIC1551-04-00 UIC2151-09-00 UIC1806-02-00,STA2102-05-00 QRM2102-01-00,ME ME,18.0,월,0,0,1,4+4,1+1
2059,14.925,MR,YCA1006-01-00,UIC1561-01-00 UIC1551-01-00 UIC2151-06-00 UIC1805-02-00,STA2102-05-00 QRM2102-01-00,ME ME,18.0,월,0,0,1,4+4,1+1
2060,14.908,MR,YCA1006-02-00,UIC1561-01-00 UIC1551-01-00 UIC2151-04-00 UIC1806-01-00,ECO1104-06-00 ECO1101-06-00,ME ECO1101,18.0,금,1,0,3,4,2+1+2+2+2+1+1
2061,14.908,MR,YCA1006-02-00,UIC1561-01-00 UIC1551-01-00 UIC2151-04-00 UIC1805-01-00,ECO1104-06-00 ECO1101-06-00,ME ECO1101,18.0,금,1,0,3,4,2+1+2+2+2+1+1
2062,14.908,MR,YCA1006-01-00,UIC1561-01-00 UIC1551-01-00 UIC2151-10-00 UIC1805-01-00,ECO1104-06-00 ECO1101-06-00,ME ECO1101,18.0,금,1,0,3,4,2+1+2+2+2+1+1
2063,14.908,MR,YCA1006-02-00,UIC1561-01-00 UIC1551-01-00 UIC2151-10-00 UIC1805-01-00,ECO1104-06-00 ECO1101-06-00,ME ECO1101,18.0,금,1,0,3,4,2+1+2+2+2+1+1
2064,14.908,MR,YCA1006-02-00,UIC1561-01-00 UIC1551-01-00 UIC2151-04-00 UIC1805-01-00,ECO1104-06-00 ECO1101-06-00,ME ECO1101,18.0,금,1,0,3,4,2+1+2+2+2+1+1
2065,14.908,MR,YCA1006-01-00,UIC1561-01-00 UIC1551-01-00 UIC2151-04-00 UIC1805-01-00,ECO1104-06-00 ECO1101-06-00,ME ECO1101,18.0,금,1,0,3,4,2+1+2+2+2+1+1
2066,14.908,MR,YCA1006-02-00,UIC1561-01-00 UIC1551-01-00 UIC2151-04-00 UIC1806-01-00,ECO1104-06-00 ECO1101-06-00,ME ECO1101,18.0,금,1,0,3,4,2+1+2+2+2+1+1
2067,14.908,MR,YCA1006-01-00,UIC1561-01-00 UIC1551-01-00 UIC2151-10-00 UIC1806-01-00,ECO1104-06-00 ECO1101-06-00,ME ECO1101,18.0,금,1,0,3,4,2+1+2+2+2+1+1
2068,14.908,MR,YCA1006-02-00,UIC1561-01-00 UIC1551-01-00 UIC2151-10-00 UIC1806-01-00,ECO1104-06-00 ECO1101-06-00,ME ECO1101,18.0,금,1,0,3,4,2+1+2+2+2+1+1
2069,14.908,MR,YCA1006-02-00,UIC1561-01-00 UIC1551-01-00 UIC2151-10-00 UIC1805-01-00,ECO1104-06-00 ECO1101-06-00,ME ECO1101,18.0,금,1,0,3,4,2+1+2+2+2+1+1
2070,14.908,MR,YCA1006-01-00,UIC1561-01-00 UIC1551-01-00 UIC2151-04-00 UIC1805-01-00,ECO1104-06-00 ECO1101-06-00,ME ECO1101,18.0,금,1,0,3,4,2+1+2+2+2+1+1
2071,14.908,MR,YCA1006-01-00,UIC1561-01-00 UIC1551-01-00 UIC2151-04-00 UIC1806-01-00,ECO1104-06-00 ECO1101-06-00,ME ECO1101,18.0,금,1,0,3,4,2+1+2+2+2+1+1
2072,14.908,MR,YCA1006-02-00,UIC1561-01-00 UIC1551-01-00 UIC2151-10-00 UIC1806-01-00,ECO1104-06-00 ECO1101-06-00,ME ECO1101,18.0,금,1,0,3,4,2+1+2+2+2+1+1
2073,14.908,MR,YCA1006-01-00,UIC1561-01-00 UIC1551-01-00 UIC2151-10-00 UIC1806-01-00,ECO1104-06-00 ECO1101-06-00,ME ECO1101,18.0,금,1,0,3,4,2+1+2+2+2+1+1
2074,14.908,MR,YCA1006-01-00,UIC1561-01-00 UIC1551-01-00 UIC2151-10-00 UIC1805-01-00,ECO1104-06-00 ECO1101-06-00,ME ECO1101,18.0,금,1,0,3,4,2+1+2+2+2+1+1
2075,14.908,MR,YCA1006-01-00,UIC1561-01-00 UIC1551-01-00 UIC2151-04-00 UIC1806-01-00,ECO1104-06-00 ECO1101-06-00,ME ECO1101,18.0,금,1,0,3,4,2+1+2+2+2+1+1
2076,14.9,Lang,YCA1006-02-00,QRM1001-01-00 UIC1561-01-00 UIC1551-01-00 UIC1751-01-00,ECO1101-06-00 QRM2004-01-00,ECO1101 ME,18.0,월,0,1,3,4+5,3+2+1
2077,14.883,MR,YCA1006-02-00,UIC1561-01-00 UIC1501-03-00 UIC2151-14-00 UIC1805-02-00,ECO1104-06-00 ECO1101-06-00,ME ECO1101,18.0,금,0,1,3,6+7,2
2078,14.883,MR,YCA1006-02-00,UIC1561-01-00 UIC1501-03-00 UIC2151-14-00 UIC1805-02-00,ECO1104-06-00 ECO1101-06-00,ME ECO1101,18.0,금,0,1,3,6+7,2
2079,14.882,Lang,YCA1006-02-00,QRM1001-01-00 UIC1561-01-00 UIC1551-01-00 UIC2151-12-00,QRM2004-01-00 STA1002-04-00,ME FREE,18.0,월금,1,1,1,5+4,2+2+1
2080,14.858,Lang,YCA1006-02-00,QRM1001-01-00 UIC1561-01-00 UIC1501-02-00 UIC2151-11-00,ECO1101-06-00 QRM2004-01-00,ECO1101 ME,18.0,금,0,2,2,8+4,1+2
2081,14.858,Lang,YCA1006-02-00,QRM1001-01-00 UIC1561-01-00 UIC1501-03-00 UIC2151-04-00,ECO1101-06-00 QRM2004-01-00,ECO1101 ME,18.0,금,0,2,2,8+4,1+2
2082,14.858,Lang,YCA1006-02-00,QRM1001-01-00 UIC1561-01-00 UIC1501-03-00 UIC2151-10-00,ECO1101-06-00 QRM2004-01-00,ECO1101 ME,18.0,금,0,2,2,8+4,1+2
2083,14.858,Lang,YCA1006-02-00,QRM1001-01-00 UIC1561-01-00 UIC1551-03-00 UIC2151-11-00,ECO1101-06-00 QRM2004-01-00,ECO1101 ME,18.0,금,0,2,2,8+4,1+2
2084,14.857,Lang,-,QRM1001-01-00 UIC1561-01-00 UIC1551-04-00 UIC2151-12-00,QRM2004-01-00 YCK1998-03-00,ME FREE,18.0,월금,1,0,1,4,1+3
2085,14.857,Lang,-,QRM1001-01-00 UIC1561-01-00 UIC1551-01-00 UIC2151-12-00,QRM2004-01-00 YCK1998-03-00,ME FREE,18.0,월금,1,0,1,4,3+1
2086,14.857,SciRD,YCA1006-01-00,QRM1001-01-00 UIC1561-01-00 UIC1551-04-00 UIC1806-01-00,QRM2004-01-00 STA1002-04-00,ME FREE,18.0,월금,1,1,1,6,2+1+1+2
2087,14.857,Lang,YCA1006-01-00,QRM1001-01-00 UIC1561-01-00 UIC1551-04-00 UIC2151-05-00,QRM2004-01-00 STA1002-04-00,ME FREE,18.0,월금,1,1,1,6,2+1+1+2
2088,14.857,SciRD,YCA1006-01-00,QRM1001-01-00 UIC1561-01-00 UIC1551-04-00 UIC1806-01-00,QRM2004-01-00 STA1002-04-00,ME FREE,18.0,월금,1,1,1,6,2+1+1+2
2089,14.857,Lang,YCA1006-02-00,QRM1001-01-00 UIC1561-01-00 UIC1551-01-00 UIC2151-12-00,QRM2004-01-00 YCI1901-01-00,ME FREE,18.0,월금,1,1,2,7,3+1
2090,14.857,SciRD,YCA1006-01-00,QRM1001-01-00 UIC1561-01-00 UIC1551-04-00 UIC1805-01-00,QRM2004-01-00 STA1002-04-00,ME FREE,18.0,월금,1,1,1,6,2+1+1+2
2091,14.857,SciRD,YCA1006-01-00,QRM1001-01-00 UIC1561-01-00 UIC1551-04-00 UIC1805-01-00,QRM2004-01-00 STA1002-04-00,ME FREE,18.0,월금,1,1,1,6,2+1+1+2
2092,14.807,Lang,YCA1006-02-00,QRM1001-01-00 UIC1561-01-00 UIC1551-04-00 UIC2151-12-00,STA2102-05-00 YCK1998-03-00,ME FREE,18.0,월금,1,0,1,4+4,4+2
2093,14.782,LHP,-,QRM1001-01-00 UIC1561-01-00 UIC2151-14-00 UIC1806-01-00,QRM2004-01-00 STA2102-05-00,ME ME,18.0,월금,1,1,1,4+6+5,2
2094,14.782,Lang,-,QRM1001-01-00 UIC1561-01-00 UIC1501-04-00 UIC2151-14-00,QRM2004-01-00 STA2102-05-00,ME ME,18.0,월금,1,1,1,4+6+5,2
2095,14.782,LHP,-,QRM1001-01-00 UIC1561-01-00 UIC2151-14-00 UIC1806-01-00,QRM2004-01-00 STA2102-05-00,ME ME,18.0,월금,1,1,1,4+6+5,2
2096,14.782,LHP,-,QRM1001-01-00 UIC1561-01-00 UIC2151-14-00 UIC1805-01-00,QRM2004-01-00 STA2102-05-00,ME ME,18.0,월금,1,1,1,4+6+5,2
2097,14.782,LHP,-,QRM1001-01-00 UIC1561-01-00 UIC2151-14-00 UIC1805-01-00,QRM2004-01-00 STA2102-05-00,ME ME,18.0,월금,1,1,1,4+6+5,2
2098,14.782,Lang,YCA1006-01-00,QRM1001-01-00 UIC1561-01-00 ASP2022-01-00 UIC2151-12-00,STA2102-05-00 QRM2001-01-00,ME ME,18.0,월금,2,1,0,4+6,4+2
2099,14.74,MR,YCA1006-02-00,UIC1561-01-00 UIC1551-01-00 UIC2151-08-00 UIC1805-01-00,ECO1104-06-00 ECO1101-06-00,ME ECO1101,18.0,월금,1,2,3,4+5+5,1+2+1
2100,14.74,MR,YCA1006-02-00,UIC1561-01-00 UIC1551-01-00 UIC2151-09-00 UIC1805-01-00,ECO1104-06-00 ECO1101-06-00,ME ECO1101,18.0,월금,1,2,3,4+5+5,1+2+1
2101,14.74,MR,YCA1006-02-00,UIC1561-01-00 UIC1551-01-00 UIC2151-08-00 UIC1805-01-00,ECO1104-06-00 ECO1101-06-00,ME ECO1101,18.0,월금,1,2,3,4+5+5,1+2+1
2102,14.74,MR,YCA1006-02-00,UIC1561-01-00 UIC1551-01-00 UIC2151-05-00 UIC1805-02-00,ECO1104-06-00 ECO1101-06-00,ME ECO1101,18.0,월금,1,2,3,4+5+5,1+2+1
2103,14.74,MR,YCA1006-02-00,UIC1561-01-00 UIC1551-01-00 UIC2151-08-00 UIC1806-01-00,ECO1104-06-00 ECO1101-06-00,ME ECO1101,18.0,월금,1,2,3,4+5+5,1+2+1
2104,14.74,MR,YCA1006-02-00,UIC1561-01-00 UIC1551-01-00 UIC2151-08-00 UIC1806-01-00,ECO1104-06-00 ECO1101-06-00,ME ECO1101,18.0,월금,1,2,3,4+5+5,1+2+1
2105,14.74,MR,YCA1006-02-00,UIC1561-01-00 UIC1551-01-00 UIC2151-09-00 UIC1806-01-00,ECO1104-06-00 ECO1101-06-00,ME ECO1101,18.0,월금,1,2,3,4+5+5,1+2+1
2106,14.74,MR,YCA1006-02-00,UIC1561-01-00 UIC1551-01-00 UIC2151-09-00 UIC1806-01-00,ECO1104-06-00 ECO1101-06-00,ME ECO1101,18.0,월금,1,2,3,4+5+5,1+2+1
2107,14.74,MR,YCA1006-02-00,UIC1561-01-00 UIC1551-01-00 UIC2151-05-00 UIC1805-02-00,ECO1104-06-00 ECO1101-06-00,ME ECO1101,18.0,월금,1,2,3,4+5+5,1+2+1
2108,14.74,MR,YCA1006-02-00,UIC1561-01-00 UIC1551-01-00 UIC2151-09-00 UIC1805-01-00,ECO1104-06-00 ECO1101-06-00,ME ECO1101,18.0,월금,1,2,3,4+5+5,1+2+1
2109,14.724,WCiv,-,QRM1001-01-00 UIC1501-05-00 UIC2151-13-00 UIC1805-01-00,ECO1101-06-00 STA2102-05-00,ECO1101 ME,18.0,월금,2,1,2,5+6,2
2110,14.724,WCiv,-,QRM1001-01-00 UIC1501-05-00 UIC2151-13-00 UIC1805-01-00,ECO1101-06-00 STA2102-05-00,ECO1101 ME,18.0,월금,2,1,2,5+6,2
2111,14.724,WCiv,-,QRM1001-01-00 UIC1501-05-00 UIC2151-13-00 UIC1806-01-00,ECO1101-06-00 STA2102-05-00,ECO1101 ME,18.0,월금,2,1,2,5+6,2
2112,14.724,WCiv,-,QRM1001-01-00 UIC1501-05-00 UIC2151-13-00 UIC1806-01-00,ECO1101-06-00 STA2102-05-00,ECO1101 ME,18.0,월금,2,1,2,5+6,2
2113,14.717,Lang,YCA1006-02-00,QRM1001-01-00 UIC1561-01-00 UIC1551-04-00 UIC1751-01-00,QRM2004-01-00 STA2102-05-00,ME ME,18.0,월,0,1,1,4+4+4,1+2
2114,14.715,MR,YCA1006-01-00,UIC1561-01-00 UIC1551-01-00 UIC2151-12-00 UIC1805-01-00,ECO1101-06-00 STA2102-04-00,ECO1101 ME,18.0,월금,2,0,3,4,4+3+2+1+1
2115,14.715,MR,YCA1006-01-00,UIC1561-01-00 UIC1551-01-00 UIC2151-12-00 UIC1806-01-00,ECO1101-06-00 STA2102-04-00,ECO1101 ME,18.0,월금,2,0,3,4,4+3+2+1+1
2116,14.715,MR,YCA1006-02-00,UIC1561-01-00 UIC1551-04-00 UIC2151-12-00 UIC1805-01-00,ECO1101-06-00 STA2102-04-00,ECO1101 ME,18.0,월금,2,0,3,4,1+4+3+2+1
2117,14.715,MR,YCA1006-02-00,UIC1561-01-00 UIC1551-04-00 UIC2151-12-00 UIC1805-01-00,ECO1101-06-00 STA2102-04-00,ECO1101 ME,18.0,월금,2,0,3,4,1+4+3+2+1
2118,14.715,MR,YCA1006-01-00,UIC1561-01-00 UIC1551-01-00 UIC2151-12-00 UIC1806-01-00,ECO1101-06-00 STA2102-04-00,ECO1101 ME,18.0,월금,2,0,3,4,4+3+2+1+1
2119,14.715,MR,YCA1006-01-00,UIC1561-01-00 UIC1551-01-00 UIC2151-12-00 UIC1805-01-00,ECO1101-06-00 STA2102-04-00,ECO1101 ME,18.0,월금,2,0,3,4,4+3+2+1+1
2120,14.715,MR,YCA1006-02-00,UIC1561-01-00 UIC1551-04-00 UIC2151-12-00 UIC1806-01-00,ECO1101-06-00 STA2102-04-00,ECO1101 ME,18.0,월금,2,0,3,4,1+4+3+2+1
2121,14.715,MR,YCA1006-02-00,UIC1561-01-00 UIC1551-04-00 UIC2151-12-00 UIC1806-01-00,ECO1101-06-00 STA2102-04-00,ECO1101 ME,18.0,월금,2,0,3,4,1+4+3+2+1
2122,14.708,Lang,YCA1006-02-00,QRM1001-01-00 UIC1561-01-00 UIC1551-01-00 UIC2151-03-00,ECO1101-06-00 STA2102-05-00,ECO1101 ME,18.0,금,1,0,3,6,2+3+3+2+1
2123,14.708,Lang,YCA1006-02-00,QRM1001-01-00 UIC1561-01-00 UIC1551-01-00 UIC2151-02-00,ECO1101-06-00 STA2102-05-00,ECO1101 ME,18.0,금,1,0,3,6,2+3+3+2+1
2124,14.69,WCiv,-,QRM1001-01-00 ASP2033-01-00 UIC2151-14-00 UIC1805-01-00,ECO1101-05-00 STA2102-05-00,ECO1101 ME,18.0,월금,1,1,1,4+4+5,2+1
2125,14.69,WCiv,-,QRM1001-01-00 ASP2033-01-00 UIC2151-14-00 UIC1806-01-00,ECO1101-05-00 STA2102-05-00,ECO1101 ME,18.0,월금,1,1,1,4+4+5,2+1
2126,14.69,WCiv,-,QRM1001-01-00 ASP2033-01-00 UIC2151-14-00 UIC1806-01-00,ECO1101-05-00 STA2102-05-00,ECO1101 ME,18.0,월금,1,1,1,4+4+5,2+1
2127,14.69,WCiv,-,QRM1001-01-00 ASP2033-01-00 UIC2151-14-00 UIC1805-01-00,ECO1101-05-00 STA2102-05-00,ECO1101 ME,18.0,월금,1,1,1,4+4+5,2+1
2128,14.675,MR,YCA1006-01-00,UIC1561-01-00 UIC1551-04-00 UIC1751-01-00 UIC1805-01-00,STA2102-04-00 QRM2004-01-00,ME ME,18.0,월,1,0,1,,1+1+3+1
2129,14.675,MR,YCA1006-01-00,UIC1561-01-00 UIC1401-03-00 UIC2151-12-00 UIC1805-02-00,ECO1104-06-00 QRM2002-01-00,ME ME,18.0,월,2,0,0,,1+1+1+1
2130,14.675,MR,YCA1006-01-00,UIC1561-01-00 UIC1551-04-00 UIC1751-01-00 UIC1806-01-00,STA2102-04-00 QRM2004-01-00,ME ME,18.0,월,1,0,1,,1+1+3+1
2131,14.675,MR,YCA1006-01-00,UIC1561-01-00 UIC1551-04-00 UIC1751-01-00 UIC1806-01-00,STA2102-04-00 QRM2004-01-00,ME ME,18.0,월,1,0,1,,1+1+3+1
2132,14.675,MR,YCA1006-01-00,UIC1561-01-00 UIC1401-03-00 UIC2151-12-00 UIC1805-02-00,ECO1104-06-00 QRM2002-01-00,ME ME,18.0,월,2,0,0,,1+1+1+1
2133,14.675,MR,YCA1006-01-00,UIC1561-01-00 UIC1551-04-00 UIC1751-01-00 UIC1805-01-00,STA2102-04-00 QRM2004-01-00,ME ME,18.0,월,1,0,1,,1+1+3+1
2134,14.658,Lang,-,QRM1001-01-00 UIC1561-01-00 UIC1551-03-00 UIC2151-11-00,ECO1101-06-00 QRM2004-01-00,ECO1101 ME,18.0,금,0,1,2,8,1+2
2135,14.658,Lang,-,QRM1001-01-00 UIC1561-01-00 UIC1501-02-00 UIC2151-11-00,ECO1101-06-00 QRM2004-01-00,ECO1101 ME,18.0,금,0,1,2,8,1+2
2136,14.658,Lang,-,QRM1001-01-00 UIC1561-01-00 UIC1501-03-00 UIC2151-04-00,ECO1101-06-00 QRM2004-01-00,ECO1101 ME,18.0,금,0,1,2,8,1+2
2137,14.658,Lang,-,QRM1001-01-00 UIC1561-01-00 UIC1501-03-00 UIC2151-10-00,ECO1101-06-00 QRM2004-01-00,ECO1101 ME,18.0,금,0,1,2,8,1+2
2138,14.658,SciRD,YCA1006-01-00,QRM1001-01-00 UIC1561-01-00 UIC1501-03-00 UIC1805-01-00,ECO1101-06-00 QRM2004-01-00,ECO1101 ME,18.0,금,1,1,2,6+5,1+2
2139,14.658,LHP,YCA1006-01-00,QRM1001-01-00 UIC1561-01-00 UIC2151-11-00 UIC1806-01-00,ECO1101-06-00 QRM2004-01-00,ECO1101 ME,18.0,금,1,1,2,6+5,1+2
2140,14.658,Lang,YCA1006-01-00,QRM1001-01-00 UIC1561-01-00 UIC1501-04-00 UIC2151-11-00,ECO1101-06-00 QRM2004-01-00,ECO1101 ME,18.0,금,1,1,2,6+5,1+2
2141,14.658,LHP,YCA1006-01-00,QRM1001-01-00 UIC1561-01-00 UIC2151-11-00 UIC1806-01-00,ECO1101-06-00 QRM2004-01-00,ECO1101 ME,18.0,금,1,1,2,6+5,1+2
2142,14.658,SciRD,YCA1006-01-00,QRM1001-01-00 UIC1561-01-00 UIC1501-03-00 UIC1805-01-00,ECO1101-06-00 QRM2004-01-00,ECO1101 ME,18.0,금,1,1,2,6+5,1+2
2143,14.658,LHP,YCA1006-01-00,QRM1001-01-00 UIC1561-01-00 UIC2151-11-00 UIC1805-01-00,ECO1101-06-00 QRM2004-01-00,ECO1101 ME,18.0,금,1,1,2,6+5,1+2
2144,14.658,Lang,YCA1006-01-00,QRM1001-01-00 UIC1561-01-00 UIC1501-03-00 UIC2151-05-00,ECO1101-06-00 QRM2004-01-00,ECO1101 ME,18.0,금,1,1,2,6+5,1+2
2145,14.658,SciRD,YCA1006-01-00,QRM1001-01-00 UIC1561-01-00 UIC1501-03-00 UIC1806-01-00,ECO1101-06-00 QRM2004-01-00,ECO1101 ME,18.0,금,1,1,2,6+5,1+2
2146,14.658,LHP,YCA1006-01-00,QRM1001-01-00 UIC1561-01-00 UIC2151-11-00 UIC1805-01-00,ECO1101-06-00 QRM2004-01-00,ECO1101 ME,18.0,금,1,1,2,6+5,1+2
2147,14.658,SciRD,YCA1006-01-00,QRM1001-01-00 UIC1561-01-00 UIC1501-03-00 UIC1806-01-00,ECO1101-06-00 QRM2004-01-00,ECO1101 ME,18.0,금,1,1,2,6+5,1+2
2148,14.64,MR,YCA1006-01-00,UIC1561-01-00 UIC1551-01-00 UIC2151-09-00 UIC1805-01-00,STA2102-05-00 UCB1105-02-00,ME FREE,18.0,월금,1,0,1,4,2+2
2149,14.64,MR,YCA1006-01-00,UIC1561-01-00 UIC1551-01-00 UIC2151-05-00 UIC1805-02-00,STA2102-05-00 UCB1105-02-00,ME FREE,18.0,월금,1,0,1,4,2+2
2150,14.64,MR,YCA1006-01-00,UIC1561-01-00 UIC1551-01-00 UIC2151-09-00 UIC1806-01-00,STA2102-05-00 UCB1105-02-00,ME FREE,18.0,월금,1,0,1,4,2+2
2151,14.64,MR,YCA1006-01-00,UIC1561-01-00 UIC1551-01-00 UIC2151-09-00 UIC1805-01-00,STA2102-05-00 UCB1105-02-00,ME FREE,18.0,월금,1,0,1,4,2+2
2152,14.64,MR,YCA1006-01-00,UIC1561-01-00 UIC1551-01-00 UIC2151-08-00 UIC1806-01-00,STA2102-05-00 UCB1105-02-00,ME FREE,18.0,월금,1,0,1,4,2+2
2153,14.64,MR,YCA1006-01-00,UIC1561-01-00 UIC1551-01-00 UIC2151-08-00 UIC1805-01-00,STA2102-05-00 UCB1105-02-00,ME FREE,18.0,월금,1,0,1,4,2+2
2154,14.64,MR,YCA1006-01-00,UIC1561-01-00 UIC1551-01-00 UIC2151-09-00 UIC1806-01-00,STA2102-05-00 UCB1105-02-00,ME FREE,18.0,월금,1,0,1,4,2+2
2155,14.64,MR,YCA1006-01-00,UIC1561-01-00 UIC1551-01-00 UIC2151-08-00 UIC1806-01-00,STA2102-05-00 UCB1105-02-00,ME FREE,18.0,월금,1,0,1,4,2+2
2156,14.64,MR,YCA1006-01-00,UIC1561-01-00 UIC1551-01-00 UIC2151-08-00 UIC1805-01-00,STA2102-05-00 UCB1105-02-00,ME FREE,18.0,월금,1,0,1,4,2+2
2157,14.64,MR,YCA1006-01-00,UIC1561-01-00 UIC1551-01-00 UIC2151-05-00 UIC1805-02-00,STA2102-05-00 UCB1105-02-00,ME FREE,18.0,월금,1,0,1,4,2+2
2158,14.633,MR,YCA1006-02-00,UIC1561-01-00 UIC1551-04-00 UIC2151-04-00 UIC1805-02-00,ECO1103-02-00 STA2102-04-00,ME ME,18.0,금,1,0,1,4+4,2+1+1+1+2
2159,14.633,MR,YCA1006-02-00,UIC1561-01-00 UIC1551-04-00 UIC2151-04-00 UIC1805-02-00,ECO1103-02-00 STA2102-04-00,ME ME,18.0,금,1,0,1,4+4,2+1+1+1+2
2160,14.633,MR,YCA1006-02-00,UIC1561-01-00 UIC1551-04-00 UIC2151-10-00 UIC1805-02-00,ECO1103-02-00 STA2102-04-00,ME ME,18.0,금,1,0,1,4+4,2+1+1+1+2
2161,14.633,MR,YCA1006-02-00,UIC1561-01-00 UIC1551-04-00 UIC2151-10-00 UIC1805-02-00,ECO1103-02-00 STA2102-04-00,ME ME,18.0,금,1,0,1,4+4,2+1+1+1+2
2162,14.625,Lang,YCA1006-01-00,QRM1001-01-00 UIC1561-01-00 UIC1551-01-00 UIC1751-01-00,ECO1101-06-00 STA2102-05-00,ECO1101 ME,18.0,월,0,0,3,6,4+2+2+1
2163,14.592,Lang,YCA1006-01-00,QRM1001-01-00 UIC1561-01-00 UIC1401-03-00 UIC2151-12-00,QRM2002-01-00 STA2102-05-00,ME ME,18.0,월,2,0,0,4,1+1
2164,14.517,Lang,-,QRM1001-01-00 UIC1561-01-00 UIC1551-01-00 UIC1751-01-00,QRM2004-01-00 STA2102-05-00,ME ME,18.0,월,0,0,1,4+4,2+1
2165,14.517,Lang,-,QRM1001-01-00 UIC1561-01-00 UIC1551-04-00 UIC1751-01-00,QRM2004-01-00 STA2102-05-00,ME ME,18.0,월,0,0,1,4+4,1+2
2166,14.507,Lang,-,QRM1001-01-00 UIC1561-01-00 UIC1401-03-00 UIC2151-12-00,ECO1101-06-00 YCK1998-03-00,ECO1101 FREE,18.0,월화,1,0,2,4,1+1+1
2167,14.5,MR,YCA1006-02-00,UIC1561-01-00 UIC1551-04-00 UIC1751-01-00 UIC1805-02-00,ECO1101-06-00 STA2102-05-00,ECO1101 ME,18.0,월,0,0,3,6,1+1+2+2+2
2168,14.5,MR,YCA1006-02-00,UIC1561-01-00 UIC1551-04-00 UIC1751-01-00 UIC1805-02-00,ECO1101-06-00 STA2102-05-00,ECO1101 ME,18.0,월,0,0,3,6,1+1+2+2+2
2169,14.5,Lang,YCA1006-02-00,QRM1001-01-00 UIC1561-01-00 UIC1551-03-00 UIC2151-14-00,ECO1103-02-00 STA2102-05-00,ME ME,18.0,금,1,1,1,8,3+1+1
2170,14.5,Lang,YCA1006-02-00,QRM1001-01-00 UIC1561-01-00 UIC1501-02-00 UIC2151-14-00,ECO1103-02-00 STA2102-05-00,ME ME,18.0,금,1,1,1,8,3+1+1
2171,14.494,MR,YCA1006-01-00,UIC1561-01-00 UIC1401-02-00 UIC2151-14-00 UIC1806-02-00,STA2102-05-00 YCH1202-01-00,ME FREE,18.0,월금,0,0,2,4+6,1+1
2172,14.494,MR,YCA1006-01-00,UIC1561-01-00 UIC1401-02-00 UIC2151-14-00 UIC1806-02-00,STA2102-05-00 YCH1202-01-00,ME FREE,18.0,월금,0,0,2,4+6,1+1
2173,14.494,MR,YCA1006-01-00,UIC1561-01-00 UIC1251-02-00 UIC2151-14-00 UIC1805-02-00,STA2102-05-00 YCH1202-01-00,ME FREE,18.0,월금,0,0,2,4+6,1+1
2174,14.494,MR,YCA1006-01-00,UIC1561-01-00 UIC1251-02-00 UIC2151-14-00 UIC1805-02-00,STA2102-05-00 YCH1202-01-00,ME FREE,18.0,월금,0,0,2,4+6,1+1
2175,14.482,LHP,-,QRM1001-01-00 UIC1561-01-00 UIC2151-12-00 UIC1806-01-00,QRM2004-01-00 STA2102-05-00,ME ME,18.0,월금,2,1,0,4+5,2+2
2176,14.482,LHP,-,QRM1001-01-00 UIC1561-01-00 UIC2151-12-00 UIC1806-01-00,QRM2004-01-00 STA2102-05-00,ME ME,18.0,월금,2,1,0,4+5,2+2
2177,14.482,Lang,-,QRM1001-01-00 UIC1561-01-00 UIC1501-04-00 UIC2151-12-00,QRM2004-01-00 STA2102-05-00,ME ME,18.0,월금,2,1,0,4+5,2+2
2178,14.482,LHP,-,QRM1001-01-00 UIC1561-01-00 UIC2151-12-00 UIC1805-01-00,QRM2004-01-00 STA2102-05-00,ME ME,18.0,월금,2,1,0,4+5,2+2
2179,14.482,Lang,-,QRM1001-01-00 UIC1561-01-00 UIC1501-05-00 UIC2151-12-00,QRM2004-01-00 STA2102-05-00,ME ME,18.0,월금,2,1,0,4+5,2+2
2180,14.482,LHP,-,QRM1001-01-00 UIC1561-01-00 UIC2151-12-00 UIC1805-01-00,QRM2004-01-00 STA2102-05-00,ME ME,18.0,월금,2,1,0,4+5,2+2
2181,14.465,MR,YCA1006-01-00,UIC1561-01-00 ASP2022-01-00 UIC2151-12-00 UIC1805-02-00,ECO1101-06-00 STA2102-04-00,ECO1101 ME,18.0,월금,1,0,2,4+4+4,2+3+2
2182,14.465,MR,YCA1006-01-00,UIC1561-01-00 ASP2022-01-00 UIC2151-12-00 UIC1805-02-00,ECO1101-06-00 STA2102-04-00,ECO1101 ME,18.0,월금,1,0,2,4+4+4,2+3+2
2183,14.465,MR,YCA1006-01-00,UIC1561-01-00 UIC1401-02-00 UIC2151-14-00 UIC1806-02-00,ECO1101-06-00 YCK1998-03-00,ECO1101 FREE,18.0,월금,0,0,3,4+6,1+1
2184,14.465,MR,YCA1006-01-00,UIC1561-01-00 UIC1401-02-00 UIC2151-14-00 UIC1806-02-00,ECO1101-06-00 YCK1998-03-00,ECO1101 FREE,18.0,월금,0,0,3,4+6,1+1
2185,14.465,MR,YCA1006-01-00,UIC1561-01-00 UIC1251-02-00 UIC2151-14-00 UIC1805-02-00,ECO1101-06-00 YCK1998-03-00,ECO1101 FREE,18.0,월금,0,0,3,4+6,1+1
2186,14.465,MR,YCA1006-01-00,UIC1561-01-00 UIC1251-02-00 UIC2151-14-00 UIC1805-02-00,ECO1101-06-00 YCK1998-03-00,ECO1101 FREE,18.0,월금,0,0,3,4+6,1+1
2187,14.458,MR,YCA1006-02-00,UIC1561-01-00 UIC1551-03-00 UIC2151-14-00 UIC1805-02-00,ECO1103-02-00 STA2102-04-00,ME ME,18.0,금,1,0,1,4+5,2+1+1+2
2188,14.458,MR,YCA1006-02-00,UIC1561-01-00 UIC1501-02-00 UIC2151-14-00 UIC1805-02-00,ECO1103-02-00 STA2102-04-00,ME ME,18.0,금,1,0,1,4+5,2+1+1+2
2189,14.458,MR,YCA1006-02-00,UIC1561-01-00 UIC1501-02-00 UIC2151-14-00 UIC1805-02-00,ECO1103-02-00 STA2102-04-00,ME ME,18.0,금,1,0,1,4+5,2+1+1+2
2190,14.458,MR,YCA1006-02-00,UIC1561-01-00 UIC1551-03-00 UIC2151-14-00 UIC1805-02-00,ECO1103-02-00 STA2102-04-00,ME ME,18.0,금,1,0,1,4+5,2+1+1+2
2191,14.442,Lang,-,QRM1001-01-00 UIC1561-01-00 UIC1401-03-00 UIC2151-14-00,QRM2004-01-00 STA2102-05-00,ME ME,18.0,월,0,0,1,4+6,
2192,14.425,MR,YCA1006-01-00,UIC1561-01-00 UIC1401-03-00 UIC2151-14-00 UIC1805-01-00,ECO1104-06-00 STA2102-05-00,ME ME,18.0,월,1,0,1,4,1+2+1
2193,14.425,MR,YCA1006-02-00,UIC1561-01-00 UIC1401-03-00 UIC2151-14-00 UIC1805-01-00,ECO1104-06-00 STA2102-05-00,ME ME,18.0,월,1,0,1,4,1+2+1
2194,14.425,MR,YCA1006-02-00,UIC1561-01-00 UIC1401-03-00 UIC2151-14-00 UIC1806-01-00,ECO1104-06-00 STA2102-05-00,ME ME,18.0,월,1,0,1,4,1+2+1
2195,14.425,MR,YCA1006-02-00,UIC1561-01-00 UIC1401-03-00 UIC2151-14-00 UIC1806-01-00,ECO1104-06-00 STA2102-05-00,ME ME,18.0,월,1,0,1,4,1+2+1
2196,14.425,MR,YCA1006-01-00,UIC1561-01-00 UIC1401-03-00 UIC2151-14-00 UIC1806-01-00,ECO1104-06-00 STA2102-05-00,ME ME,18.0,월,1,0,1,4,1+2+1
2197,14.425,MR,YCA1006-02-00,UIC1561-01-00 UIC1401-03-00 UIC2151-14-00 UIC1805-01-00,ECO1104-06-00 STA2102-05-00,ME ME,18.0,월,1,0,1,4,1+2+1
2198,14.425,MR,YCA1006-01-00,UIC1561-01-00 UIC1401-03-00 UIC2151-14-00 UIC1806-01-00,ECO1104-06-00 STA2102-05-00,ME ME,18.0,월,1,0,1,4,1+2+1
2199,14.425,MR,YCA1006-01-00,UIC1561-01-00 UIC1401-03-00 UIC2151-14-00 UIC1805-01-00,ECO1104-06-00 STA2102-05-00,ME ME,18.0,월,1,0,1,4,1+2+1
2200,14.417,Lang,YCA1006-02-00,QRM1001-01-00 UIC1561-01-00 UIC1551-01-00 UIC2151-10-00,QRM2004-01-00 QRM2102-01-00,ME ME,18.0,,0,1,1,5,2+2+1
2201,14.417,Lang,YCA1006-02-00,QRM1001-01-00 UIC1561-01-00 UIC1551-01-00 UIC2151-04-00,QRM2004-01-00 QRM2102-01-00,ME ME,18.0,,0,1,1,5,2+2+1
2202,14.408,Lang,YCA1006-02-00,QRM1001-01-00 UIC1561-01-00 UIC1501-03-00 UIC2151-14-00,ECO1101-06-00 YCH1605-01-00,ECO1101 FREE,18.0,금,0,0,3,6,2+2
2203,14.392,Lang,YCA1006-01-00,QRM1001-01-00 UIC1561-01-00 UIC1551-04-00 UIC2151-05-00,QRM2004-01-00 QRM2102-01-00,ME ME,18.0,월수,1,1,1,6,1+1
2204,14.392,SciRD,YCA1006-01-00,QRM1001-01-00 UIC1561-01-00 UIC1551-04-00 UIC1805-01-00,QRM2004-01-00 QRM2102-01-00,ME ME,18.0,월수,1,1,1,6,1+1
2205,14.392,SciRD,YCA1006-01-00,QRM1001-01-00 UIC1561-01-00 UIC1551-04-00 UIC1806-01-00,QRM2004-01-00 QRM2102-01-00,ME ME,18.0,월수,1,1,1,6,1+1
2206,14.392,SciRD,YCA1006-01-00,QRM1001-01-00 UIC1561-01-00 UIC1551-04-00 UIC1806-01-00,QRM2004-01-00 QRM2102-01-00,ME ME,18.0,월수,1,1,1,6,1+1
2207,14.392,SciRD,YCA1006-01-00,QRM1001-01-00 UIC1561-01-00 UIC1551-04-00 UIC1805-01-00,QRM2004-01-00 QRM2102-01-00,ME ME,18.0,월수,1,1,1,6,1+1
2208,14.391,WCiv,YCA1006-01-00,QRM1001-01-00 UIC1501-03-00 UIC2151-13-00 UIC1805-01-00,ECO1101-06-00 QRM2004-01-00,ECO1101 ME,18.0,금,1,1,2,5+5,2+1
2209,14.391,WCiv,YCA1006-01-00,QRM1001-01-00 UIC1501-03-00 UIC2151-13-00 UIC1806-01-00,ECO1101-06-00 QRM2004-01-00,ECO1101 ME,18.0,금,1,1,2,5+5,2+1
2210,14.391,WCiv,YCA1006-01-00,QRM1001-01-00 UIC1501-03-00 UIC2151-13-00 UIC1805-01-00,ECO1101-06-00 QRM2004-01-00,ECO1101 ME,18.0,금,1,1,2,5+5,2+1
2211,14.391,WCiv,YCA1006-01-00,QRM1001-01-00 UIC1501-03-00 UIC2151-13-00 UIC1806-01-00,ECO1101-06-00 QRM2004-01-00,ECO1101 ME,18.0,금,1,1,2,5+5,2+1
2212,14.365,MR,YCA1006-02-00,UIC1561-01-00 UIC1551-04-00 UIC2151-06-00 UIC1805-02-00,STA2102-05-00 QRM2001-01-00,ME ME,18.0,월금,1,2,1,4+4+6,1+1
2213,14.365,MR,YCA1006-02-00,UIC1561-01-00 UIC1551-04-00 UIC2151-07-00 UIC1805-02-00,STA2102-05-00 QRM2001-01-00,ME ME,18.0,월금,1,2,1,4+4+6,1+1
2214,14.365,WCiv,YCA1006-02-00,QRM1001-01-00 UIC1551-04-00 UIC2151-12-00 UIC1805-01-00,ECO1101-05-00 QRM2004-01-00,ECO1101 ME,18.0,월금,2,2,1,4+6,1+1+4
2215,14.365,MR,YCA1006-02-00,UIC1561-01-00 UIC1551-04-00 UIC2151-09-00 UIC1806-02-00,STA2102-05-00 QRM2001-01-00,ME ME,18.0,월금,1,2,1,4+4+6,1+1
2216,14.365,WCiv,YCA1006-02-00,QRM1001-01-00 UIC1551-04-00 UIC2151-12-00 UIC1806-01-00,ECO1101-05-00 QRM2004-01-00,ECO1101 ME,18.0,월금,2,2,1,4+6,1+1+4
2217,14.365,MR,YCA1006-02-00,UIC1561-01-00 UIC1551-04-00 UIC2151-06-00 UIC1805-02-00,STA2102-05-00 QRM2001-01-00,ME ME,18.0,월금,1,2,1,4+4+6,1+1
2218,14.365,MR,YCA1006-02-00,UIC1561-01-00 UIC1551-04-00 UIC2151-08-00 UIC1806-02-00,STA2102-05-00 QRM2001-01-00,ME ME,18.0,월금,1,2,1,4+4+6,1+1
2219,14.365,MR,YCA1006-02-00,UIC1561-01-00 UIC1551-04-00 UIC2151-09-00 UIC1806-02-00,STA2102-05-00 QRM2001-01-00,ME ME,18.0,월금,1,2,1,4+4+6,1+1
2220,14.365,WCiv,YCA1006-02-00,QRM1001-01-00 UIC1551-04-00 UIC2151-12-00 UIC1806-01-00,ECO1101-05-00 QRM2004-01-00,ECO1101 ME,18.0,월금,2,2,1,4+6,1+1+4
2221,14.365,MR,YCA1006-02-00,UIC1561-01-00 UIC1551-04-00 UIC2151-08-00 UIC1806-02-00,STA2102-05-00 QRM2001-01-00,ME ME,18.0,월금,1,2,1,4+4+6,1+1
2222,14.365,MR,YCA1006-02-00,UIC1561-01-00 UIC1551-04-00 UIC2151-07-00 UIC1805-02-00,STA2102-05-00 QRM2001-01-00,ME ME,18.0,월금,1,2,1,4+4+6,1+1
2223,14.365,WCiv,YCA1006-02-00,QRM1001-01-00 UIC1551-04-00 UIC2151-12-00 UIC1805-01-00,ECO1101-05-00 QRM2004-01-00,ECO1101 ME,18.0,월금,2,2,1,4+6,1+1+4
2224,14.349,WCiv,YCA1006-02-00,QRM1001-01-00 ASP2022-01-00 UIC2151-12-00 UIC1806-01-00,ECO1101-06-00 STA2102-05-00,ECO1101 ME,18.0,월금,2,1,2,6,2+1+3+2+3
2225,14.349,WCiv,YCA1006-02-00,QRM1001-01-00 ASP2022-01-00 UIC2151-12-00 UIC1805-01-00,ECO1101-06-00 STA2102-05-00,ECO1101 ME,18.0,월금,2,1,2,6,2+1+3+2+3
2226,14.349,WCiv,YCA1006-02-00,QRM1001-01-00 ASP2022-01-00 UIC2151-12-00 UIC1805-01-00,ECO1101-06-00 STA2102-05-00,ECO1101 ME,18.0,월금,2,1,2,6,2+1+3+2+3
2227,14.349,WCiv,YCA1006-02-00,QRM1001-01-00 ASP2022-01-00 UIC2151-12-00 UIC1806-01-00,ECO1101-06-00 STA2102-05-00,ECO1101 ME,18.0,월금,2,1,2,6,2+1+3+2+3
2228,14.333,MR,YCA1006-02-00,UIC1561-01-00 ASP2022-01-00 UIC2151-11-00 UIC1806-01-00,ECO1104-06-00 ECO1101-06-00,ME ECO1101,18.0,금,1,0,2,6,1+2+2+1
2229,14.333,MR,YCA1006-01-00,UIC1561-01-00 ASP2022-01-00 UIC2151-11-00 UIC1806-01-00,ECO1104-06-00 ECO1101-06-00,ME ECO1101,18.0,금,1,0,2,6,1+2+2+1
2230,14.333,MR,YCA1006-02-00,UIC1561-01-00 ASP2022-01-00 UIC2151-11-00 UIC1805-01-00,ECO1104-06-00 ECO1101-06-00,ME ECO1101,18.0,금,1,0,2,6,1+2+2+1
2231,14.333,MR,YCA1006-01-00,UIC1561-01-00 ASP2022-01-00 UIC2151-11-00 UIC1805-01-00,ECO1104-06-00 ECO1101-06-00,ME ECO1101,18.0,금,1,0,2,6,1+2+2+1
2232,14.333,MR,YCA1006-01-00,UIC1561-01-00 ASP2022-01-00 UIC2151-11-00 UIC1806-01-00,ECO1104-06-00 ECO1101-06-00,ME ECO1101,18.0,금,1,0,2,6,1+2+2+1
2233,14.333,MR,YCA1006-02-00,UIC1561-01-00 ASP2022-01-00 UIC2151-11-00 UIC1806-01-00,ECO1104-06-00 ECO1101-06-00,ME ECO1101,18.0,금,1,0,2,6,1+2+2+1
2234,14.333,MR,YCA1006-02-00,UIC1561-01-00 ASP2022-01-00 UIC2151-11-00 UIC1805-01-00,ECO1104-06-00 ECO1101-06-00,ME ECO1101,18.0,금,1,0,2,6,1+2+2+1
2235,14.333,MR,YCA1006-01-00,UIC1561-01-00 ASP2022-01-00 UIC2151-11-00 UIC1805-01-00,ECO1104-06-00 ECO1101-06-00,ME ECO1101,18.0,금,1,0,2,6,1+2+2+1
2236,14.307,Lang,YCA1006-01-00,QRM1001-01-00 UIC1561-01-00 ASP2022-01-00 UIC2151-12-00,STA2102-05-00 MAT1011-02-00,ME FREE,18.0,월금,1,0,0,4+4,2+2
2237,14.265,MR,YCA1006-01-00,UIC1561-01-00 UIC1551-01-00 UIC2151-07-00 UIC1805-01-00,STA2102-05-00 YCI1901-01-00,ME FREE,18.0,월금,1,0,2,4,1+2+1+1
2238,14.265,MR,YCA1006-02-00,UIC1561-01-00 UIC1251-02-00 UIC2151-14-00 UIC1805-01-00,STA2102-05-00 UCD1101-01-00,ME FREE,18.0,월금,1,0,2,4,1+2+1+1
2239,14.265,MR,YCA1006-02-00,UIC1561-01-00 UIC1551-04-00 UIC2151-08-00 UIC1805-01-00,STA2102-05-00 UCD1101-01-00,ME FREE,18.0,월금,1,0,2,4,1+1+1+2
2240,14.265,MR,YCA1006-01-00,UIC1561-01-00 UIC1501-04-00 UIC2151-14-00 UIC1806-02-00,STA2102-05-00 UCD1101-01-00,ME FREE,18.0,월금,1,0,2,4,1+2+1+1
2241,14.265,MR,YCA1006-01-00,UIC1561-01-00 UIC1551-01-00 UIC2151-05-00 UIC1806-02-00,STA2102-05-00 YCI1901-01-00,ME FREE,18.0,월금,1,0,2,4,1+2+1+1
2242,14.265,MR,YCA1006-01-00,UIC1561-01-00 UIC1551-01-00 UIC2151-06-00 UIC1806-01-00,STA2102-05-00 YCI1901-01-00,ME FREE,18.0,월금,1,0,2,4,1+2+1+1
2243,14.265,MR,YCA1006-02-00,UIC1561-01-00 UIC1551-01-00 UIC2151-05-00 UIC1806-02-00,STA2102-05-00 YCI1901-01-00,ME FREE,18.0,월금,1,0,2,4,1+2+1+1
2244,14.265,MR,YCA1006-02-00,UIC1561-01-00 UIC1551-04-00 UIC2151-05-00 UIC1805-02-00,STA2102-05-00 UCD1101-01-00,ME FREE,18.0,월금,1,0,2,4,1+1+1+2
2245,14.265,MR,YCA1006-02-00,UIC1561-01-00 UIC1551-01-00 UIC2151-06-00 UIC1806-01-00,STA2102-05-00 YCI1901-01-00,ME FREE,18.0,월금,1,0,2,4,1+2+1+1
2246,14.265,MR,YCA1006-01-00,UIC1561-01-00 UIC1551-01-00 UIC2151-06-00 UIC1806-01-00,STA2102-05-00 YCI1901-01-00,ME FREE,18.0,월금,1,0,2,4,1+2+1+1
2247,14.265,MR,YCA1006-01-00,UIC1561-01-00 UIC1551-01-00 UIC2151-06-00 UIC1805-01-00,STA2102-05-00 YCI1901-01-00,ME FREE,18.0,월금,1,0,2,4,1+2+1+1
2248,14.265,MR,YCA1006-02-00,UIC1561-01-00 UIC1501-04-00 UIC2151-14-00 UIC1806-02-00,STA2102-05-00 UCD1101-01-00,ME FREE,18.0,월금,1,0,2,4,1+2+1+1
2249,14.265,MR,YCA1006-01-00,UIC1561-01-00 UIC1251-02-00 UIC2151-14-00 UIC1805-01-00,STA2102-05-00 UCD1101-01-00,ME FREE,18.0,월금,1,0,2,4,1+2+1+1
2250,14.265,MR,YCA1006-02-00,UIC1561-01-00 UIC1551-04-00 UIC2151-08-00 UIC1806-01-00,STA2102-05-00 UCD1101-01-00,ME FREE,18.0,월금,1,0,2,4,1+1+1+2
2251,14.265,MR,YCA1006-01-00,UIC1561-01-00 UIC1551-01-00 UIC2151-07-00 UIC1806-01-00,STA2102-05-00 YCI1901-01-00,ME FREE,18.0,월금,1,0,2,4,1+2+1+1
2252,14.265,MR,YCA1006-02-00,UIC1561-01-00 UIC1551-01-00 UIC2151-07-00 UIC1805-01-00,STA2102-05-00 YCI1901-01-00,ME FREE,18.0,월금,1,0,2,4,1+2+1+1
2253,14.265,MR,YCA1006-01-00,UIC1561-01-00 UIC1251-02-00 UIC2151-14-00 UIC1806-01-00,STA2102-05-00 UCD1101-01-00,ME FREE,18.0,월금,1,0,2,4,1+2+1+1
2254,14.265,MR,YCA1006-02-00,UIC1561-01-00 UIC1551-04-00 UIC2151-09-00 UIC1806-01-00,STA2102-05-00 UCD1101-01-00,ME FREE,18.0,월금,1,0,2,4,1+1+1+2
2255,14.265,MR,YCA1006-02-00,UIC1561-01-00 UIC1551-04-00 UIC2151-09-00 UIC1806-01-00,STA2102-05-00 UCD1101-01-00,ME FREE,18.0,월금,1,0,2,4,1+1+1+2
2256,14.265,MR,YCA1006-02-00,UIC1561-01-00 UIC1551-01-00 UIC2151-07-00 UIC1806-01-00,STA2102-05-00 YCI1901-01-00,ME FREE,18.0,월금,1,0,2,4,1+2+1+1
2257,14.265,MR,YCA1006-01-00,UIC1561-01-00 UIC1551-01-00 UIC2151-07-00 UIC1805-01-00,STA2102-05-00 YCI1901-01-00,ME FREE,18.0,월금,1,0,2,4,1+2+1+1
2258,14.265,MR,YCA1006-01-00,UIC1561-01-00 UIC1551-01-00 UIC2151-06-00 UIC1805-01-00,STA2102-05-00 YCI1901-01-00,ME FREE,18.0,월금,1,0,2,4,1+2+1+1
2259,14.265,MR,YCA1006-02-00,UIC1561-01-00 UIC1251-02-00 UIC2151-14-00 UIC1805-01-00,STA2102-05-00 UCD1101-01-00,ME FREE,18.0,월금,1,0,2,4,1+2+1+1
2260,14.265,MR,YCA1006-01-00,UIC1561-01-00 UIC1551-01-00 UIC2151-07-00 UIC1806-01-00,STA2102-05-00 YCI1901-01-00,ME FREE,18.0,월금,1,0,2,4,1+2+1+1
2261,14.265,MR,YCA1006-02-00,UIC1561-01-00 UIC1551-04-00 UIC2151-09-00 UIC1805-01-00,STA2102-05-00 UCD1101-01-00,ME FREE,18.0,월금,1,0,2,4,1+1+1+2
2262,14.265,MR,YCA1006-02-00,UIC1561-01-00 UIC1551-04-00 UIC2151-08-00 UIC1806-01-00,STA2102-05-00 UCD1101-01-00,ME FREE,18.0,월금,1,0,2,4,1+1+1+2
2263,14.265,MR,YCA1006-02-00,UIC1561-01-00 UIC1251-02-00 UIC2151-14-00 UIC1806-01-00,STA2102-05-00 UCD1101-01-00,ME FREE,18.0,월금,1,0,2,4,1+2+1+1
2264,14.265,MR,YCA1006-02-00,UIC1561-01-00 UIC1551-01-00 UIC2151-05-00 UIC1806-02-00,STA2102-05-00 YCI1901-01-00,ME FREE,18.0,월금,1,0,2,4,1+2+1+1
2265,14.265,MR,YCA1006-02-00,UIC1561-01-00 UIC1551-04-00 UIC2151-08-00 UIC1805-01-00,STA2102-05-00 UCD1101-01-00,ME FREE,18.0,월금,1,0,2,4,1+1+1+2
2266,14.265,MR,YCA1006-02-00,UIC1561-01-00 UIC1551-04-00 UIC2151-05-00 UIC1805-02-00,STA2102-05-00 UCD1101-01-00,ME FREE,18.0,월금,1,0,2,4,1+1+1+2
2267,14.265,MR,YCA1006-02-00,UIC1561-01-00 UIC1251-02-00 UIC2151-14-00 UIC1806-01-00,STA2102-05-00 UCD1101-01-00,ME FREE,18.0,월금,1,0,2,4,1+2+1+1
2268,14.265,MR,YCA1006-01-00,UIC1561-01-00 UIC1251-02-00 UIC2151-14-00 UIC1805-01-00,STA2102-05-00 UCD1101-01-00,ME FREE,18.0,월금,1,0,2,4,1+2+1+1
2269,14.265,MR,YCA1006-02-00,UIC1561-01-00 UIC1551-01-00 UIC2151-07-00 UIC1806-01-00,STA2102-05-00 YCI1901-01-00,ME FREE,18.0,월금,1,0,2,4,1+2+1+1
2270,14.265,MR,YCA1006-02-00,UIC1561-01-00 UIC1551-01-00 UIC2151-06-00 UIC1805-01-00,STA2102-05-00 YCI1901-01-00,ME FREE,18.0,월금,1,0,2,4,1+2+1+1
2271,14.265,MR,YCA1006-02-00,UIC1561-01-00 UIC1551-01-00 UIC2151-07-00 UIC1805-01-00,STA2102-05-00 YCI1901-01-00,ME FREE,18.0,월금,1,0,2,4,1+2+1+1
2272,14.265,MR,YCA1006-01-00,UIC1561-01-00 UIC1501-04-00 UIC2151-14-00 UIC1806-02-00,STA2102-05-00 UCD1101-01-00,ME FREE,18.0,월금,1,0,2,4,1+2+1+1
2273,14.265,MR,YCA1006-01-00,UIC1561-01-00 UIC1551-01-00 UIC2151-05-00 UIC1806-02-00,STA2102-05-00 YCI1901-01-00,ME FREE,18.0,월금,1,0,2,4,1+2+1+1
2274,14.265,MR,YCA1006-02-00,UIC1561-01-00 UIC1551-01-00 UIC2151-06-00 UIC1806-01-00,STA2102-05-00 YCI1901-01-00,ME FREE,18.0,월금,1,0,2,4,1+2+1+1
2275,14.265,MR,YCA1006-02-00,UIC1561-01-00 UIC1551-04-00 UIC2151-09-00 UIC1805-01-00,STA2102-05-00 UCD1101-01-00,ME FREE,18.0,월금,1,0,2,4,1+1+1+2
2276,14.265,MR,YCA1006-02-00,UIC1561-01-00 UIC1501-04-00 UIC2151-14-00 UIC1806-02-00,STA2102-05-00 UCD1101-01-00,ME FREE,18.0,월금,1,0,2,4,1+2+1+1
2277,14.265,MR,YCA1006-02-00,UIC1561-01-00 UIC1551-01-00 UIC2151-06-00 UIC1805-01-00,STA2102-05-00 YCI1901-01-00,ME FREE,18.0,월금,1,0,2,4,1+2+1+1
2278,14.265,MR,YCA1006-01-00,UIC1561-01-00 UIC1251-02-00 UIC2151-14-00 UIC1806-01-00,STA2102-05-00 UCD1101-01-00,ME FREE,18.0,월금,1,0,2,4,1+2+1+1
2279,14.257,SciRD,YCA1006-01-00,QRM1001-01-00 UIC1561-01-00 UIC1551-01-00 UIC1805-01-00,QRM2004-01-00 YCK1998-03-00,ME FREE,18.0,월금,1,1,1,4+5,1+1
2280,14.257,SciRD,YCA1006-01-00,QRM1001-01-00 UIC1561-01-00 UIC1551-01-00 UIC1806-01-00,QRM2004-01-00 YCK1998-03-00,ME FREE,18.0,월금,1,1,1,4+5,1+1
2281,14.257,Lang,YCA1006-01-00,QRM1001-01-00 UIC1561-01-00 UIC1551-01-00 UIC2151-05-00,QRM2004-01-00 YCK1998-03-00,ME FREE,18.0,월금,1,1,1,4+5,1+1
2282,14.257,SciRD,YCA1006-01-00,QRM1001-01-00 UIC1561-01-00 UIC1551-01-00 UIC1805-01-00,QRM2004-01-00 YCK1998-03-00,ME FREE,18.0,월금,1,1,1,4+5,1+1
2283,14.257,SciRD,YCA1006-01-00,QRM1001-01-00 UIC1561-01-00 UIC1551-01-00 UIC1806-01-00,QRM2004-01-00 YCK1998-03-00,ME FREE,18.0,월금,1,1,1,4+5,1+1
2284,14.224,Lang,YCA1006-02-00,QRM1001-01-00 UIC1561-01-00 UIC1551-01-00 UIC2151-12-00,STA2102-05-00 YCG1853-01-00,ME FREE,18.0,월금,1,0,2,4,3+2+1
2285,14.217,Lang,YCA1006-01-00,QRM1001-01-00 UIC1561-01-00 UIC1401-03-00 UIC2151-14-00,QRM2002-01-00 STA2102-05-00,ME ME,18.0,월,1,0,1,4,4+1
2286,14.208,MR,YCA1006-01-00,UIC1561-01-00 UIC1551-04-00 UIC2151-11-00 UIC1806-01-00,ECO1104-06-00 ECO1101-06-00,ME ECO1101,18.0,금,1,0,3,6,1+3+2+1
2287,14.208,MR,YCA1006-01-00,UIC1561-01-00 UIC1551-04-00 UIC2151-11-00 UIC1805-01-00,ECO1104-06-00 ECO1101-06-00,ME ECO1101,18.0,금,1,0,3,6,1+3+2+1
2288,14.208,MR,YCA1006-01-00,UIC1561-01-00 UIC1551-04-00 UIC2151-11-00 UIC1805-01-00,ECO1104-06-00 ECO1101-06-00,ME ECO1101,18.0,금,1,0,3,6,1+3+2+1
2289,14.208,MR,YCA1006-02-00,UIC1561-01-00 UIC1551-04-00 UIC2151-11-00 UIC1806-01-00,ECO1104-06-00 ECO1101-06-00,ME ECO1101,18.0,금,1,0,3,6,1+3+2+1
2290,14.208,MR,YCA1006-02-00,UIC1561-01-00 UIC1551-04-00 UIC2151-11-00 UIC1805-01-00,ECO1104-06-00 ECO1101-06-00,ME ECO1101,18.0,금,1,0,3,6,1+3+2+1
2291,14.208,MR,YCA1006-02-00,UIC1561-01-00 UIC1551-04-00 UIC2151-11-00 UIC1805-01-00,ECO1104-06-00 ECO1101-06-00,ME ECO1101,18.0,금,1,0,3,6,1+3+2+1
2292,14.208,MR,YCA1006-01-00,UIC1561-01-00 UIC1551-04-00 UIC2151-11-00 UIC1806-01-00,ECO1104-06-00 ECO1101-06-00,ME ECO1101,18.0,금,1,0,3,6,1+3+2+1
2293,14.208,MR,YCA1006-02-00,UIC1561-01-00 UIC1551-04-00 UIC2151-11-00 UIC1806-01-00,ECO1104-06-00 ECO1101-06-00,ME ECO1101,18.0,금,1,0,3,6,1+3+2+1
2294,14.194,MR,YCA1006-01-00,UIC1561-01-00 UIC1251-02-00 UIC2151-12-00 UIC1805-02-00,STA2102-05-00 YCH1202-01-00,ME FREE,18.0,월금,1,0,1,4,1+2+1
2295,14.194,MR,YCA1006-01-00,UIC1561-01-00 UIC1401-02-00 UIC2151-12-00 UIC1806-02-00,STA2102-05-00 YCH1202-01-00,ME FREE,18.0,월금,1,0,1,4,1+2+1
2296,14.194,MR,YCA1006-01-00,UIC1561-01-00 UIC1401-02-00 UIC2151-12-00 UIC1806-02-00,STA2102-05-00 YCH1202-01-00,ME FREE,18.0,월금,1,0,1,4,1+2+1
2297,14.194,MR,YCA1006-01-00,UIC1561-01-00 UIC1251-02-00 UIC2151-12-00 UIC1805-02-00,STA2102-05-00 YCH1202-01-00,ME FREE,18.0,월금,1,0,1,4,1+2+1
2298,14.19,MR,YCA1006-02-00,UIC1561-01-00 UIC1401-02-00 UIC2151-14-00 UIC1805-01-00,ECO1104-06-00 STA2102-05-00,ME ME,18.0,월금,1,2,1,4+7+5,1
2299,14.19,MR,YCA1006-02-00,UIC1561-01-00 UIC1401-02-00 UIC2151-14-00 UIC1806-01-00,ECO1104-06-00 STA2102-05-00,ME ME,18.0,월금,1,2,1,4+7+5,1
2300,14.19,MR,YCA1006-02-00,UIC1561-01-00 UIC1401-02-00 UIC2151-14-00 UIC1806-01-00,ECO1104-06-00 STA2102-05-00,ME ME,18.0,월금,1,2,1,4+7+5,1
2301,14.19,MR,YCA1006-02-00,UIC1561-01-00 UIC1501-04-00 UIC2151-14-00 UIC1805-02-00,ECO1104-06-00 STA2102-05-00,ME ME,18.0,월금,1,2,1,4+7+5,1
2302,14.19,MR,YCA1006-02-00,UIC1561-01-00 UIC1501-04-00 UIC2151-14-00 UIC1805-02-00,ECO1104-06-00 STA2102-05-00,ME ME,18.0,월금,1,2,1,4+7+5,1
2303,14.19,MR,YCA1006-02-00,UIC1561-01-00 UIC1401-02-00 UIC2151-14-00 UIC1805-01-00,ECO1104-06-00 STA2102-05-00,ME ME,18.0,월금,1,2,1,4+7+5,1
2304,14.182,Lang,YCA1006-01-00,QRM1001-01-00 UIC1561-01-00 UIC1551-04-00 UIC2151-12-00,STA2102-05-00 MAT1011-02-00,ME FREE,18.0,월금,1,0,1,4+4,3+2
2305,14.158,MR,YCA1006-01-00,UIC1561-01-00 UIC1551-04-00 UIC2151-04-00 UIC1805-02-00,ECO1101-06-00 STA2102-04-00,ECO1101 ME,18.0,금,0,0,3,4+4,2+2+1+2+2
2306,14.158,MR,YCA1006-01-00,UIC1561-01-00 UIC1551-04-00 UIC2151-10-00 UIC1805-02-00,ECO1101-06-00 STA2102-04-00,ECO1101 ME,18.0,금,0,0,3,4+4,2+2+1+2+2
2307,14.158,MR,YCA1006-01-00,UIC1561-01-00 UIC1551-04-00 UIC2151-04-00 UIC1805-02-00,ECO1101-06-00 STA2102-04-00,ECO1101 ME,18.0,금,0,0,3,4+4,2+2+1+2+2
2308,14.158,MR,YCA1006-01-00,UIC1561-01-00 UIC1551-04-00 UIC2151-10-00 UIC1805-02-00,ECO1101-06-00 STA2102-04-00,ECO1101 ME,18.0,금,0,0,3,4+4,2+2+1+2+2
2309,14.142,Lang,-,QRM1001-01-00 UIC1561-01-00 ASP2033-01-00 UIC2151-14-00,STA2102-05-00 QRM2102-01-00,ME ME,18.0,월,0,0,1,4,2
2310,14.14,MR,YCA1006-01-00,UIC1561-01-00 UIC1551-04-00 UIC2151-12-00 UIC1806-01-00,ECO1104-06-00 YCE1253-01-00,ME FREE,18.0,월금,2,0,1,,1+1+3+1
2311,14.14,MR,YCA1006-01-00,UIC1561-01-00 UIC1551-04-00 UIC2151-12-00 UIC1806-01-00,ECO1104-06-00 YCE1253-01-00,ME FREE,18.0,월금,2,0,1,,1+1+3+1
2312,14.14,MR,YCA1006-01-00,UIC1561-01-00 UIC1551-04-00 UIC2151-12-00 UIC1805-01-00,ECO1104-06-00 YCE1253-01-00,ME FREE,18.0,월금,2,0,1,,1+1+3+1
2313,14.14,MR,YCA1006-01-00,UIC1561-01-00 UIC1551-04-00 UIC2151-12-00 UIC1805-01-00,ECO1104-06-00 YCE1253-01-00,ME FREE,18.0,월금,2,0,1,,1+1+3+1
2314,14.125,Lang,YCA1006-02-00,QRM1001-01-00 UIC1561-01-00 UIC1501-03-00 UIC2151-14-00,ECO1101-06-00 QRM2102-01-00,ECO1101 ME,18.0,,0,0,3,6,3+2
2315,14.125,Lang,YCA1006-02-00,QRM1001-01-00 UIC1561-01-00 UIC1401-03-00 UIC2151-14-00,ECO1101-06-00 QRM2004-01-00,ECO1101 ME,18.0,월,0,1,3,4+7,1+2
2316,14.125,Lang,YCA1006-01-00,QRM1001-01-00 UIC1561-01-00 UIC1401-03-00 UIC1751-01-00,ECO1101-06-00 STA2102-05-00,ECO1101 ME,18.0,월,0,1,2,6+4,1+2
2317,14.09,Lang,-,QRM1001-01-00 UIC1561-01-00 ASP2033-01-00 UIC2151-14-00,ECO1101-06-00 UCD1101-01-00,ECO1101 FREE,18.0,월금,0,0,4,4,2+2+1
2318,14.083,Lang,YCA1006-02-00,QRM1001-01-00 UIC1561-01-00 ASP2022-01-00 UIC2151-10-00,ECO1101-06-00 QRM2004-01-00,ECO1101 ME,18.0,금,0,1,2,4+6+4,2+2+2
2319,14.083,Lang,YCA1006-02-00,QRM1001-01-00 UIC1561-01-00 ASP2022-01-00 UIC2151-04-00,ECO1101-06-00 QRM2004-01-00,ECO1101 ME,18.0,금,0,1,2,4+6+4,2+2+2
2320,14.075,Lang,YCA1006-02-00,QRM1001-01-00 UIC1561-01-00 UIC1551-01-00 UIC2151-12-00,ECO1101-06-00 QRM2102-01-00,ECO1101 ME,18.0,월,1,0,3,4,3+3+2+1
2321,14.058,MR,YCA1006-01-00,UIC1561-01-00 UIC1551-04-00 UIC2151-10-00 UIC1805-02-00,ECO1104-06-00 QRM2001-01-00,ME ME,18.0,금,1,1,1,6,2+1+1+2
2322,14.058,MR,YCA1006-01-00,UIC1561-01-00 UIC1551-04-00 UIC2151-04-00 UIC1805-02-00,ECO1104-06-00 QRM2001-01-00,ME ME,18.0,금,1,1,1,6,2+1+1+2
2323,14.058,MR,YCA1006-01-00,UIC1561-01-00 UIC1551-04-00 UIC2151-04-00 UIC1805-02-00,ECO1104-06-00 QRM2001-01-00,ME ME,18.0,금,1,1,1,6,2+1+1+2
2324,14.058,MR,YCA1006-01-00,UIC1561-01-00 UIC1551-04-00 UIC2151-10-00 UIC1805-02-00,ECO1104-06-00 QRM2001-01-00,ME ME,18.0,금,1,1,1,6,2+1+1+2
2325,14.033,Lang,YCA1006-01-00,QRM1001-01-00 UIC1561-01-00 UIC1551-03-00 UIC2151-02-00,ECO1101-06-00 QRM2004-01-00,ECO1101 ME,18.0,금,1,0,2,4+4,2+1+1+2+2
2326,14.033,Lang,YCA1006-01-00,QRM1001-01-00 UIC1561-01-00 UIC1551-02-00 UIC2151-04-00,ECO1101-06-00 QRM2004-01-00,ECO1101 ME,18.0,금,1,0,2,4+4,2+1+1+2+2
2327,14.033,Lang,YCA1006-01-00,QRM1001-01-00 UIC1561-01-00 UIC1501-02-00 UIC2151-03-00,ECO1101-06-00 QRM2004-01-00,ECO1101 ME,18.0,금,1,0,2,4+4,2+1+1+2+2
2328,14.033,Lang,YCA1006-01-00,QRM1001-01-00 UIC1561-01-00 UIC1501-02-00 UIC2151-02-00,ECO1101-06-00 QRM2004-01-00,ECO1101 ME,18.0,금,1,0,2,4+4,2+1+1+2+2
2329,14.033,Lang,YCA1006-01-00,QRM1001-01-00 UIC1561-01-00 UIC1551-02-00 UIC2151-10-00,ECO1101-06-00 QRM2004-01-00,ECO1101 ME,18.0,금,1,0,2,4+4,2+1+1+2+2
2330,14.033,Lang,YCA1006-01-00,QRM1001-01-00 UIC1561-01-00 UIC1551-03-00 UIC2151-03-00,ECO1101-06-00 QRM2004-01-00,ECO1101 ME,18.0,금,1,0,2,4+4,2+1+1+2+2
2331,14.015,MR,YCA1006-01-00,UIC1561-01-00 UIC1551-04-00 UIC2151-05-00 UIC1805-02-00,STA2102-05-00 YCK1998-03-00,ME FREE,18.0,월금,1,0,1,4,2+1+2
2332,14.015,MR,YCA1006-01-00,UIC1561-01-00 UIC1551-04-00 UIC2151-12-00 UIC1806-02-00,STA2102-05-00 YCI1998-02-00,ME FREE,18.0,월금,1,0,1,4,1+2+2
2333,14.015,MR,YCA1006-01-00,UIC1561-01-00 UIC1551-04-00 UIC2151-09-00 UIC1805-01-00,STA2102-05-00 YCK1998-03-00,ME FREE,18.0,월금,1,0,1,4,2+1+2
2334,14.015,MR,YCA1006-01-00,UIC1561-01-00 UIC1551-04-00 UIC2151-09-00 UIC1806-01-00,STA2102-05-00 YCK1998-03-00,ME FREE,18.0,월금,1,0,1,4,2+1+2
2335,14.015,MR,YCA1006-01-00,UIC1561-01-00 UIC1551-04-00 UIC2151-05-00 UIC1805-02-00,STA2102-05-00 YCK1998-03-00,ME FREE,18.0,월금,1,0,1,4,2+1+2
2336,14.015,MR,YCA1006-01-00,UIC1561-01-00 UIC1551-04-00 UIC2151-08-00 UIC1806-01-00,STA2102-05-00 YCK1998-03-00,ME FREE,18.0,월금,1,0,1,4,2+1+2
2337,14.015,MR,YCA1006-01-00,UIC1561-01-00 UIC1551-04-00 UIC2151-08-00 UIC1805-01-00,STA2102-05-00 YCK1998-03-00,ME FREE,18.0,월금,1,0,1,4,2+1+2
2338,14.015,MR,YCA1006-01-00,UIC1561-01-00 UIC1551-04-00 UIC2151-08-00 UIC1805-01-00,STA2102-05-00 YCK1998-03-00,ME FREE,18.0,월금,1,0,1,4,2+1+2
2339,14.015,MR,YCA1006-01-00,UIC1561-01-00 UIC1551-01-00 UIC2151-12-00 UIC1805-02-00,STA2102-05-00 ECO1002-05-00,ME FREE,18.0,월금,1,0,1,4,2+2+1
2340,14.015,MR,YCA1006-01-00,UIC1561-01-00 UIC1551-04-00 UIC2151-12-00 UIC1806-02-00,STA2102-05-00 YCI1998-02-00,ME FREE,18.0,월금,1,0,1,4,1+2+2
2341,14.015,MR,YCA1006-01-00,UIC1561-01-00 UIC1551-04-00 UIC2151-09-00 UIC1806-01-00,STA2102-05-00 YCK1998-03-00,ME FREE,18.0,월금,1,0,1,4,2+1+2
2342,14.015,MR,YCA1006-01-00,UIC1561-01-00 UIC1551-04-00 UIC2151-09-00 UIC1805-01-00,STA2102-05-00 YCK1998-03-00,ME FREE,18.0,월금,1,0,1,4,2+1+2
2343,14.015,MR,YCA1006-01-00,UIC1561-01-00 UIC1551-01-00 UIC2151-12-00 UIC1805-02-00,STA2102-05-00 ECO1002-05-00,ME FREE,18.0,월금,1,0,1,4,2+2+1
2344,14.015,MR,YCA1006-01-00,UIC1561-01-00 UIC1551-04-00 UIC2151-08-00 UIC1806-01-00,STA2102-05-00 YCK1998-03-00,ME FREE,18.0,월금,1,0,1,4,2+1+2
2345,13.983,MR,YCA1006-01-00,UIC1561-01-00 UIC1551-03-00 UIC2151-14-00 UIC1805-02-00,ECO1101-06-00 STA2102-04-00,ECO1101 ME,18.0,금,0,0,3,4+5,2+2+2+2
2346,13.983,MR,YCA1006-01-00,UIC1561-01-00 UIC1501-02-00 UIC2151-14-00 UIC1805-02-00,ECO1101-06-00 STA2102-04-00,ECO1101 ME,18.0,금,0,0,3,4+5,2+2+2+2
2347,13.983,MR,YCA1006-01-00,UIC1561-01-00 UIC1501-02-00 UIC2151-14-00 UIC1805-02-00,ECO1101-06-00 STA2102-04-00,ECO1101 ME,18.0,금,0,0,3,4+5,2+2+2+2
2348,13.983,MR,YCA1006-01-00,UIC1561-01-00 UIC1551-03-00 UIC2151-14-00 UIC1805-02-00,ECO1101-06-00 STA2102-04-00,ECO1101 ME,18.0,금,0,0,3,4+5,2+2+2+2
2349,13.982,Lang,-,QRM1001-01-00 UIC1561-01-00 ASP2033-01-00 UIC2151-14-00,STA2102-05-00 QRM2001-01-00,ME ME,18.0,월금,1,1,1,4+4+5,2
2350,13.982,Lang,-,QRM1001-01-00 UIC1561-01-00 UIC1501-05-00 UIC2151-14-00,QRM2004-01-00 STA2102-05-00,ME ME,18.0,월금,1,1,1,4+8,2
2351,13.925,MR,YCA1006-01-00,UIC1561-01-00 UIC1401-03-00 UIC2151-08-00 UIC1806-02-00,QRM2002-01-00 STA2102-05-00,ME ME,18.0,월,1,0,0,4,1+1
2352,13.925,MR,YCA1006-01-00,UIC1561-01-00 UIC1401-03-00 UIC2151-07-00 UIC1805-02-00,QRM2002-01-00 STA2102-05-00,ME ME,18.0,월,1,0,0,4,1+1
2353,13.925,MR,YCA1006-01-00,UIC1561-01-00 UIC1401-03-00 UIC2151-07-00 UIC1805-02-00,QRM2002-01-00 STA2102-05-00,ME ME,18.0,월,1,0,0,4,1+1
2354,13.925,MR,YCA1006-01-00,UIC1561-01-00 UIC1401-03-00 UIC2151-09-00 UIC1806-02-00,QRM2002-01-00 STA2102-05-00,ME ME,18.0,월,1,0,0,4,1+1
2355,13.925,MR,YCA1006-01-00,UIC1561-01-00 UIC1401-03-00 UIC1751-01-00 UIC1805-02-00,ECO1104-06-00 STA2102-05-00,ME ME,18.0,월,0,1,0,4+4,1+1
2356,13.925,MR,YCA1006-01-00,UIC1561-01-00 UIC1401-03-00 UIC1751-01-00 UIC1805-02-00,ECO1104-06-00 STA2102-05-00,ME ME,18.0,월,0,1,0,4+4,1+1
2357,13.925,MR,YCA1006-01-00,UIC1561-01-00 UIC1401-03-00 UIC2151-06-00 UIC1805-02-00,QRM2002-01-00 STA2102-05-00,ME ME,18.0,월,1,0,0,4,1+1
2358,13.925,MR,YCA1006-01-00,UIC1561-01-00 UIC1401-03-00 UIC2151-09-00 UIC1806-02-00,QRM2002-01-00 STA2102-05-00,ME ME,18.0,월,1,0,0,4,1+1
2359,13.925,MR,YCA1006-01-00,UIC1561-01-00 UIC1401-03-00 UIC2151-06-00 UIC1805-02-00,QRM2002-01-00 STA2102-05-00,ME ME,18.0,월,1,0,0,4,1+1
2360,13.925,MR,YCA1006-01-00,UIC1561-01-00 UIC1401-03-00 UIC2151-08-00 UIC1806-02-00,QRM2002-01-00 STA2102-05-00,ME ME,18.0,월,1,0,0,4,1+1
2361,13.9,MR,YCA1006-02-00,UIC1561-01-00 UIC1401-03-00 UIC2151-14-00 UIC1805-02-00,ECO1101-06-00 STA2102-04-00,ECO1101 ME,18.0,월,0,0,3,4+5,1+1+2
2362,13.9,MR,YCA1006-02-00,UIC1561-01-00 UIC1401-03-00 UIC2151-14-00 UIC1805-02-00,ECO1101-06-00 STA2102-04-00,ECO1101 ME,18.0,월,0,0,3,4+5,1+1+2
2363,13.899,Lang,-,QRM1001-01-00 UIC1561-01-00 UIC1401-03-00 UIC2151-12-00,QRM2002-01-00 YCK1998-03-00,ME FREE,18.0,월화,2,0,0,,1+1+1
2364,13.883,-,YCA1006-01-00,QRM1001-01-00 UIC1561-01-00 UIC1551-03-00 UIC2151-14-00 UIC1805-01-00,QRM2004-01-00,ME,18.0,금,1,1,1,6+5,2+1+2
2365,13.883,-,YCA1006-01-00,QRM1001-01-00 UIC1561-01-00 UIC1551-03-00 UIC2151-14-00 UIC1805-01-00,QRM2004-01-00,ME,18.0,금,1,1,1,6+5,2+1+2
2366,13.883,-,YCA1006-01-00,QRM1001-01-00 UIC1561-01-00 UIC1501-02-00 UIC2151-14-00 UIC1805-01-00,QRM2004-01-00,ME,18.0,금,1,1,1,6+5,2+1+2
2367,13.883,-,YCA1006-01-00,QRM1001-01-00 UIC1561-01-00 UIC1501-02-00 UIC2151-14-00 UIC1806-01-00,QRM2004-01-00,ME,18.0,금,1,1,1,6+5,2+1+2
2368,13.883,-,YCA1006-01-00,QRM1001-01-00 UIC1561-01-00 UIC1551-03-00 UIC2151-14-00 UIC1806-01-00,QRM2004-01-00,ME,18.0,금,1,1,1,6+5,2+1+2
2369,13.883,-,YCA1006-01-00,QRM1001-01-00 UIC1561-01-00 UIC1501-02-00 UIC2151-14-00 UIC1806-01-00,QRM2004-01-00,ME,18.0,금,1,1,1,6+5,2+1+2
2370,13.883,-,YCA1006-01-00,QRM1001-01-00 UIC1561-01-00 UIC1551-03-00 UIC2151-14-00 UIC1806-01-00,QRM2004-01-00,ME,18.0,금,1,1,1,6+5,2+1+2
2371,13.883,-,YCA1006-01-00,QRM1001-01-00 UIC1561-01-00 UIC1501-02-00 UIC2151-14-00 UIC1805-01-00,QRM2004-01-00,ME,18.0,금,1,1,1,6+5,2+1+2
2372,13.875,Lang,YCA1006-02-00,QRM1001-01-00 UIC1561-01-00 UIC1551-01-00 UIC2151-10-00,ECO1103-02-00 STA2102-05-00,ME ME,18.0,금,1,1,1,8,3+1+1+1
2373,13.875,Lang,YCA1006-02-00,QRM1001-01-00 UIC1561-01-00 UIC1551-01-00 UIC2151-04-00,ECO1103-02-00 STA2102-05-00,ME ME,18.0,금,1,1,1,8,3+1+1+1
2374,13.874,-,YCA1006-01-00,QRM1001-01-00 UIC1561-01-00 UIC1551-01-00 UIC2151-12-00 UIC1806-01-00,ECO1101-06-00,ECO1101,18.0,월금,2,1,3,4+5,4+3+2+1
2375,13.874,-,YCA1006-01-00,QRM1001-01-00 UIC1561-01-00 UIC1551-01-00 UIC2151-12-00 UIC1805-01-00,ECO1101-06-00,ECO1101,18.0,월금,2,1,3,4+5,4+3+2+1
2376,13.874,-,YCA1006-01-00,QRM1001-01-00 UIC1561-01-00 UIC1551-01-00 UIC2151-12-00 UIC1806-01-00,ECO1101-06-00,ECO1101,18.0,월금,2,1,3,4+5,4+3+2+1
2377,13.874,-,YCA1006-01-00,QRM1001-01-00 UIC1561-01-00 UIC1551-01-00 UIC2151-12-00 UIC1805-01-00,ECO1101-06-00,ECO1101,18.0,월금,2,1,3,4+5,4+3+2+1
2378,13.865,MR,-,UIC1561-01-00 UIC1551-01-00 UIC2151-12-00 UIC1806-02-00,STA2102-05-00 QRM2001-01-00,ME ME,18.0,월금,2,0,1,4,2+2+2+1+1
2379,13.865,MR,-,UIC1561-01-00 UIC1551-01-00 UIC2151-12-00 UIC1806-02-00,STA2102-05-00 QRM2001-01-00,ME ME,18.0,월금,2,0,1,4,2+2+2+1+1
2380,13.858,Lang,YCA1006-02-00,QRM1001-01-00 UIC1561-01-00 UIC1551-01-00 UIC2151-04-00,ECO1101-06-00 YCE1253-01-00,ECO1101 FREE,18.0,금,0,0,3,4,2+1+2+2+1
2381,13.858,Lang,YCA1006-02-00,QRM1001-01-00 UIC1561-01-00 UIC1551-01-00 UIC2151-10-00,ECO1101-06-00 YCE1253-01-00,ECO1101 FREE,18.0,금,0,0,3,4,2+1+2+2+1
2382,13.85,MR,YCA1006-01-00,UIC1561-01-00 UIC1351-02-00 UIC2151-14-00 UIC1805-02-00,ECO1104-06-00 STA2102-05-00,ME ME,18.0,월,0,0,1,4+6,1+2
2383,13.85,MR,YCA1006-01-00,UIC1561-01-00 UIC1351-02-00 UIC2151-14-00 UIC1805-02-00,ECO1104-06-00 STA2102-05-00,ME ME,18.0,월,0,0,1,4+6,1+2
2384,13.85,MR,YCA1006-01-00,UIC1561-01-00 UIC1501-01-00 UIC2151-14-00 UIC1805-02-00,ECO1104-06-00 STA2102-05-00,ME ME,18.0,월,0,0,1,4+6,1+2
2385,13.85,MR,YCA1006-01-00,UIC1561-01-00 UIC1501-01-00 UIC2151-14-00 UIC1805-02-00,ECO1104-06-00 STA2102-05-00,ME ME,18.0,월,0,0,1,4+6,1+2
2386,13.828,Lang,-,QRM1001-01-00 UIC1561-01-00 UIC1401-03-00 UIC2151-12-00,STA2102-05-00 YCH1202-01-00,ME FREE,18.0,월화,1,0,1,4,1+1
2387,13.806,Lang,YCA1006-01-00,QRM1001-01-00 UIC1561-01-00 UIC1551-01-00 UIC2151-12-00,QRM2004-01-00 YCG1804-01-00,ME FREE,18.0,월금,1,0,1,4,1+3+1+1
2388,13.8,Lang,YCA1006-01-00,QRM1001-01-00 UIC1561-01-00 UIC1551-04-00 UIC2151-02-00,QRM2004-01-00 STA2102-05-00,ME ME,18.0,금,1,0,1,4+4,2+1+1+3
2389,13.8,Lang,YCA1006-01-00,QRM1001-01-00 UIC1561-01-00 UIC1551-04-00 UIC2151-03-00,QRM2004-01-00 STA2102-05-00,ME ME,18.0,금,1,0,1,4+4,2+1+1+3
2390,13.8,Lang,YCA1006-01-00,QRM1001-01-00 UIC1561-01-00 UIC1551-01-00 UIC2151-03-00,QRM2004-01-00 STA2102-05-00,ME ME,18.0,금,1,0,1,4+4,2+1+3+1
2391,13.8,Lang,YCA1006-01-00,QRM1001-01-00 UIC1561-01-00 UIC1551-01-00 UIC2151-02-00,QRM2004-01-00 STA2102-05-00,ME ME,18.0,금,1,0,1,4+4,2+1+3+1
2392,13.783,Lang,YCA1006-02-00,QRM1001-01-00 UIC1561-01-00 UIC1551-01-00 UIC2151-11-00,ECO1101-06-00 YCH1605-01-00,ECO1101 FREE,18.0,금,0,0,3,6,2+2+1
2393,13.75,MR,YCA1006-02-00,UIC1561-01-00 UIC1551-01-00 UIC2151-07-00 UIC1805-02-00,STA2102-05-00 QRM2102-01-00,ME ME,18.0,월,0,1,1,4+5,1
2394,13.75,MR,YCA1006-02-00,UIC1561-01-00 UIC1551-01-00 UIC2151-09-00 UIC1806-02-00,STA2102-05-00 QRM2102-01-00,ME ME,18.0,월,0,1,1,4+5,1
2395,13.75,MR,YCA1006-02-00,UIC1561-01-00 UIC1551-01-00 UIC2151-06-00 UIC1805-02-00,STA2102-05-00 QRM2102-01-00,ME ME,18.0,월,0,1,1,4+5,1
2396,13.75,MR,YCA1006-02-00,UIC1561-01-00 UIC1551-01-00 UIC2151-07-00 UIC1805-02-00,STA2102-05-00 QRM2102-01-00,ME ME,18.0,월,0,1,1,4+5,1
2397,13.75,MR,YCA1006-02-00,UIC1561-01-00 UIC1551-01-00 UIC2151-06-00 UIC1805-02-00,STA2102-05-00 QRM2102-01-00,ME ME,18.0,월,0,1,1,4+5,1
2398,13.75,MR,YCA1006-02-00,UIC1561-01-00 UIC1551-01-00 UIC2151-09-00 UIC1806-02-00,STA2102-05-00 QRM2102-01-00,ME ME,18.0,월,0,1,1,4+5,1
2399,13.75,MR,YCA1006-02-00,UIC1561-01-00 UIC1551-01-00 UIC2151-08-00 UIC1806-02-00,STA2102-05-00 QRM2102-01-00,ME ME,18.0,월,0,1,1,4+5,1
2400,13.75,MR,YCA1006-02-00,UIC1561-01-00 UIC1551-01-00 UIC2151-08-00 UIC1806-02-00,STA2102-05-00 QRM2102-01-00,ME ME,18.0,월,0,1,1,4+5,1
2401,13.69,WCiv,-,QRM1001-01-00 UIC1551-01-00 UIC2151-13-00 UIC1806-01-00,QRM2004-01-00 STA2102-05-00,ME ME,18.0,월금,1,1,2,4+4+5,2+1
2402,13.69,WCiv,-,QRM1001-01-00 UIC1551-01-00 UIC2151-13-00 UIC1805-01-00,QRM2004-01-00 STA2102-05-00,ME ME,18.0,월금,1,1,2,4+4+5,2+1
2403,13.69,WCiv,-,QRM1001-01-00 UIC1551-01-00 UIC2151-13-00 UIC1805-01-00,QRM2004-01-00 STA2102-05-00,ME ME,18.0,월금,1,1,2,4+4+5,2+1
2404,13.69,WCiv,-,QRM1001-01-00 UIC1551-01-00 UIC2151-13-00 UIC1806-01-00,QRM2004-01-00 STA2102-05-00,ME ME,18.0,월금,1,1,2,4+4+5,2+1
2405,13.69,WCiv,YCA1006-01-00,QRM1001-01-00 UIC1551-04-00 UIC2151-13-00 UIC1805-01-00,QRM2004-01-00 STA1002-04-00,ME FREE,18.0,월금,1,1,2,6,1+1+2
2406,13.69,WCiv,YCA1006-01-00,QRM1001-01-00 UIC1551-04-00 UIC2151-13-00 UIC1806-01-00,QRM2004-01-00 STA1002-04-00,ME FREE,18.0,월금,1,1,2,6,1+1+2
2407,13.69,WCiv,YCA1006-01-00,QRM1001-01-00 UIC1551-04-00 UIC2151-13-00 UIC1806-01-00,QRM2004-01-00 STA1002-04-00,ME FREE,18.0,월금,1,1,2,6,1+1+2
2408,13.69,WCiv,YCA1006-01-00,QRM1001-01-00 UIC1551-04-00 UIC2151-13-00 UIC1805-01-00,QRM2004-01-00 STA1002-04-00,ME FREE,18.0,월금,1,1,2,6,1+1+2
2409,13.682,Lang,YCA1006-01-00,QRM1001-01-00 UIC1561-01-00 ASP2022-01-00 UIC2151-12-00,STA2102-05-00 YCH1605-01-00,ME FREE,18.0,월금,1,0,0,4+4,1+2+2
2410,13.68,Lang,-,QRM1001-01-00 UIC1561-01-00 UIC1401-03-00 UIC2151-12-00,ECO1101-06-00 QRM3007-01-00,ECO1101 ME,18.0,월화,1,0,2,4,1+1+2+2
2411,13.658,Lang,-,QRM1001-01-00 UIC1561-01-00 UIC1551-03-00 UIC2151-14-00,ECO1101-06-00 STA2102-05-00,ECO1101 ME,18.0,금,0,1,3,8,1+2
2412,13.658,Lang,-,QRM1001-01-00 UIC1561-01-00 UIC1501-02-00 UIC2151-14-00,ECO1101-06-00 STA2102-05-00,ECO1101 ME,18.0,금,0,1,3,8,1+2
2413,13.633,MR,YCA1006-01-00,UIC1561-01-00 UIC1551-04-00 UIC2151-04-00 UIC1805-02-00,ECO1104-06-00 ECO1103-02-00,ME ME,18.0,금,1,0,1,4+4,2+1+1+1+2
2414,13.633,MR,YCA1006-01-00,UIC1561-01-00 UIC1551-01-00 UIC2151-04-00 UIC1805-02-00,ECO1104-06-00 ECO1103-02-00,ME ME,18.0,금,1,0,1,4+4,2+1+1+2+1
2415,13.633,MR,YCA1006-01-00,UIC1561-01-00 UIC1551-01-00 UIC2151-10-00 UIC1805-02-00,ECO1104-06-00 ECO1103-02-00,ME ME,18.0,금,1,0,1,4+4,2+1+1+2+1
2416,13.633,MR,YCA1006-01-00,UIC1561-01-00 UIC1551-04-00 UIC2151-10-00 UIC1805-02-00,ECO1104-06-00 ECO1103-02-00,ME ME,18.0,금,1,0,1,4+4,2+1+1+1+2
2417,13.633,MR,YCA1006-01-00,UIC1561-01-00 UIC1551-01-00 UIC2151-04-00 UIC1805-02-00,ECO1104-06-00 ECO1103-02-00,ME ME,18.0,금,1,0,1,4+4,2+1+1+2+1
2418,13.633,MR,YCA1006-01-00,UIC1561-01-00 UIC1551-04-00 UIC2151-10-00 UIC1805-02-00,ECO1104-06-00 ECO1103-02-00,ME ME,18.0,금,1,0,1,4+4,2+1+1+1+2
2419,13.633,MR,YCA1006-01-00,UIC1561-01-00 UIC1551-01-00 UIC2151-10-00 UIC1805-02-00,ECO1104-06-00 ECO1103-02-00,ME ME,18.0,금,1,0,1,4+4,2+1+1+2+1
2420,13.633,MR,YCA1006-01-00,UIC1561-01-00 UIC1551-04-00 UIC2151-04-00 UIC1805-02-00,ECO1104-06-00 ECO1103-02-00,ME ME,18.0,금,1,0,1,4+4,2+1+1+1+2
2421,13.632,SciRD,YCA1006-02-00,QRM1001-01-00 UIC1561-01-00 UIC1551-01-00 UIC1806-01-00,STA2102-05-00 YCE1253-01-00,ME FREE,18.0,월금,1,1,1,4+5,1+1+1
2422,13.632,SciRD,YCA1006-02-00,QRM1001-01-00 UIC1561-01-00 UIC1551-01-00 UIC1806-01-00,STA2102-05-00 YCE1253-01-00,ME FREE,18.0,월금,1,1,1,4+5,1+1+1
2423,13.632,SciRD,YCA1006-02-00,QRM1001-01-00 UIC1561-01-00 UIC1551-01-00 UIC1805-01-00,STA2102-05-00 YCE1253-01-00,ME FREE,18.0,월금,1,1,1,4+5,1+1+1
2424,13.632,SciRD,YCA1006-02-00,QRM1001-01-00 UIC1561-01-00 UIC1551-01-00 UIC1805-01-00,STA2102-05-00 YCE1253-01-00,ME FREE,18.0,월금,1,1,1,4+5,1+1+1
2425,13.632,Lang,YCA1006-02-00,QRM1001-01-00 UIC1561-01-00 UIC1551-01-00 UIC2151-05-00,STA2102-05-00 YCE1253-01-00,ME FREE,18.0,월금,1,1,1,4+5,1+1+1
2426,13.625,MR,YCA1006-01-00,UIC1561-01-00 UIC1501-01-00 UIC2151-09-00 UIC1806-02-00,ECO1101-06-00 STA2102-05-00,ECO1101 ME,18.0,월,0,0,2,6,1+2+2
2427,13.625,MR,YCA1006-01-00,UIC1561-01-00 UIC1351-02-00 UIC2151-09-00 UIC1806-02-00,ECO1101-06-00 STA2102-05-00,ECO1101 ME,18.0,월,0,0,2,6,1+2+2
2428,13.625,Lang,YCA1006-02-00,QRM1001-01-00 UIC1561-01-00 ASP2022-01-00 UIC1751-01-00,ECO1101-06-00 STA2102-05-00,ECO1101 ME,18.0,월,0,0,2,6+4,3+2+2
2429,13.625,MR,YCA1006-01-00,UIC1561-01-00 UIC1351-02-00 UIC2151-08-00 UIC1806-02-00,ECO1101-06-00 STA2102-05-00,ECO1101 ME,18.0,월,0,0,2,6,1+2+2
2430,13.625,MR,YCA1006-01-00,UIC1561-01-00 UIC1351-02-00 UIC2151-06-00 UIC1805-02-00,ECO1101-06-00 STA2102-05-00,ECO1101 ME,18.0,월,0,0,2,6,1+2+2
2431,13.625,MR,YCA1006-01-00,UIC1561-01-00 UIC1501-01-00 UIC2151-06-00 UIC1805-02-00,ECO1101-06-00 STA2102-05-00,ECO1101 ME,18.0,월,0,0,2,6,1+2+2
2432,13.625,MR,YCA1006-01-00,UIC1561-01-00 UIC1501-01-00 UIC2151-09-00 UIC1806-02-00,ECO1101-06-00 STA2102-05-00,ECO1101 ME,18.0,월,0,0,2,6,1+2+2
2433,13.625,MR,YCA1006-01-00,UIC1561-01-00 UIC1351-02-00 UIC2151-09-00 UIC1806-02-00,ECO1101-06-00 STA2102-05-00,ECO1101 ME,18.0,월,0,0,2,6,1+2+2
2434,13.625,MR,YCA1006-01-00,UIC1561-01-00 UIC1351-02-00 UIC2151-07-00 UIC1805-02-00,ECO1101-06-00 STA2102-05-00,ECO1101 ME,18.0,월,0,0,2,6,1+2+2
2435,13.625,MR,YCA1006-01-00,UIC1561-01-00 UIC1251-02-00 UIC1751-01-00 UIC1805-02-00,ECO1101-06-00 STA2102-05-00,ECO1101 ME,18.0,월,0,0,2,6,1+2+2
2436,13.625,MR,YCA1006-01-00,UIC1561-01-00 UIC1501-01-00 UIC2151-07-00 UIC1805-02-00,ECO1101-06-00 STA2102-05-00,ECO1101 ME,18.0,월,0,0,2,6,1+2+2
2437,13.625,MR,YCA1006-01-00,UIC1561-01-00 UIC1251-02-00 UIC1751-01-00 UIC1805-02-00,ECO1101-06-00 STA2102-05-00,ECO1101 ME,18.0,월,0,0,2,6,1+2+2
2438,13.625,MR,YCA1006-01-00,UIC1561-01-00 UIC1501-01-00 UIC2151-08-00 UIC1806-02-00,ECO1101-06-00 STA2102-05-00,ECO1101 ME,18.0,월,0,0,2,6,1+2+2
2439,13.625,MR,YCA1006-01-00,UIC1561-01-00 UIC1401-02-00 UIC1751-01-00 UIC1806-02-00,ECO1101-06-00 STA2102-05-00,ECO1101 ME,18.0,월,0,0,2,6,1+2+2
2440,13.625,MR,YCA1006-01-00,UIC1561-01-00 UIC1401-02-00 UIC1751-01-00 UIC1806-02-00,ECO1101-06-00 STA2102-05-00,ECO1101 ME,18.0,월,0,0,2,6,1+2+2
2441,13.625,MR,YCA1006-01-00,UIC1561-01-00 UIC1351-02-00 UIC2151-06-00 UIC1805-02-00,ECO1101-06-00 STA2102-05-00,ECO1101 ME,18.0,월,0,0,2,6,1+2+2
2442,13.625,MR,YCA1006-01-00,UIC1561-01-00 UIC1351-02-00 UIC2151-07-00 UIC1805-02-00,ECO1101-06-00 STA2102-05-00,ECO1101 ME,18.0,월,0,0,2,6,1+2+2
2443,13.625,MR,YCA1006-01-00,UIC1561-01-00 UIC1501-01-00 UIC2151-06-00 UIC1805-02-00,ECO1101-06-00 STA2102-05-00,ECO1101 ME,18.0,월,0,0,2,6,1+2+2
2444,13.625,MR,YCA1006-01-00,UIC1561-01-00 UIC1501-01-00 UIC2151-07-00 UIC1805-02-00,ECO1101-06-00 STA2102-05-00,ECO1101 ME,18.0,월,0,0,2,6,1+2+2
2445,13.625,MR,YCA1006-01-00,UIC1561-01-00 UIC1351-02-00 UIC2151-08-00 UIC1806-02-00,ECO1101-06-00 STA2102-05-00,ECO1101 ME,18.0,월,0,0,2,6,1+2+2
2446,13.625,MR,YCA1006-01-00,UIC1561-01-00 UIC1501-01-00 UIC2151-08-00 UIC1806-02-00,ECO1101-06-00 STA2102-05-00,ECO1101 ME,18.0,월,0,0,2,6,1+2+2
2447,13.607,Lang,YCA1006-01-00,QRM1001-01-00 UIC1561-01-00 UIC1551-04-00 UIC2151-12-00,QRM2004-01-00 SED2104-01-00,ME FREE,18.0,월금,1,0,3,6,1+1+3+1
2448,13.592,Lang,YCA1006-02-00,QRM1001-01-00 UIC1561-01-00 UIC1501-02-00 UIC2151-14-00,QRM2002-01-00 QRM2102-01-00,ME ME,18.0,,1,0,1,,2+3+2+1
2449,13.592,Lang,YCA1006-02-00,QRM1001-01-00 UIC1561-01-00 UIC1551-03-00 UIC2151-14-00,QRM2002-01-00 QRM2102-01-00,ME ME,18.0,,1,0,1,,2+3+2+1
2450,13.565,MR,-,UIC1561-01-00 UIC1501-05-00 UIC2151-14-00 UIC1806-01-00,ECO1101-06-00 STA2102-05-00,ECO1101 ME,18.0,월금,2,0,3,6,3+2
2451,13.565,MR,-,UIC1561-01-00 UIC1501-05-00 UIC2151-14-00 UIC1805-01-00,ECO1101-06-00 STA2102-05-00,ECO1101 ME,18.0,월금,2,0,3,6,3+2
2452,13.565,MR,-,UIC1561-01-00 UIC1501-05-00 UIC2151-14-00 UIC1805-01-00,ECO1101-06-00 STA2102-05-00,ECO1101 ME,18.0,월금,2,0,3,6,3+2
2453,13.565,MR,-,UIC1561-01-00 UIC1501-05-00 UIC2151-14-00 UIC1806-01-00,ECO1101-06-00 STA2102-05-00,ECO1101 ME,18.0,월금,2,0,3,6,3+2
2454,13.565,MR,YCA1006-01-00,UIC1561-01-00 ASP2022-01-00 UIC2151-12-00 UIC1805-02-00,ECO1104-06-00 QRM2001-01-00,ME ME,18.0,월금,2,1,0,5+6,1+3
2455,13.565,MR,YCA1006-01-00,UIC1561-01-00 ASP2022-01-00 UIC2151-12-00 UIC1805-02-00,ECO1104-06-00 QRM2001-01-00,ME ME,18.0,월금,2,1,0,5+6,1+3
2456,13.565,MR,YCA1006-02-00,UIC1561-01-00 UIC1551-04-00 UIC2151-12-00 UIC1805-02-00,STA2102-04-00 UCD1101-01-00,ME FREE,18.0,월금,1,0,2,6,1+1+3
2457,13.565,MR,YCA1006-02-00,UIC1561-01-00 UIC1551-04-00 UIC2151-12-00 UIC1805-02-00,STA2102-04-00 UCD1101-01-00,ME FREE,18.0,월금,1,0,2,6,1+1+3
2458,13.557,Lang,YCA1006-01-00,QRM1001-01-00 UIC1561-01-00 UIC1551-04-00 UIC2151-12-00,STA2102-05-00 YCH1605-01-00,ME FREE,18.0,월금,1,0,1,4+4,1+3+2
2459,13.55,MR,YCA1006-02-00,UIC1561-01-00 UIC1551-01-00 UIC2151-12-00 UIC1806-02-00,STA2102-05-00 QRM2102-01-00,ME ME,18.0,월,1,0,1,4,2+2+1
2460,13.55,MR,YCA1006-02-00,UIC1561-01-00 UIC1551-01-00 UIC2151-12-00 UIC1806-02-00,STA2102-05-00 QRM2102-01-00,ME ME,18.0,월,1,0,1,4,2+2+1
2461,13.541,WCiv,YCA1006-01-00,QRM1001-01-00 UIC1551-04-00 UIC2151-11-00 UIC1806-01-00,ECO1101-06-00 QRM2004-01-00,ECO1101 ME,18.0,금,1,1,3,6,2+1+1+3
2462,13.541,WCiv,YCA1006-01-00,QRM1001-01-00 UIC1551-04-00 UIC2151-11-00 UIC1805-01-00,ECO1101-06-00 QRM2004-01-00,ECO1101 ME,18.0,금,1,1,3,6,2+1+1+3
2463,13.541,WCiv,YCA1006-01-00,QRM1001-01-00 UIC1551-04-00 UIC2151-11-00 UIC1805-01-00,ECO1101-06-00 QRM2004-01-00,ECO1101 ME,18.0,금,1,1,3,6,2+1+1+3
2464,13.541,WCiv,YCA1006-01-00,QRM1001-01-00 UIC1551-04-00 UIC2151-11-00 UIC1806-01-00,ECO1101-06-00 QRM2004-01-00,ECO1101 ME,18.0,금,1,1,3,6,2+1+1+3
2465,13.536,Lang,YCA1006-01-00,QRM1001-01-00 UIC1561-01-00 UIC1551-04-00 UIC2151-12-00,QRM2004-01-00 YCH1202-01-00,ME FREE,18.0,월금,1,0,2,7,1+1+3
2466,13.5,Lang,YCA1006-01-00,QRM1001-01-00 UIC1561-01-00 UIC1501-01-00 UIC2151-14-00,ECO1101-06-00 QRM2004-01-00,ECO1101 ME,18.0,월,0,0,3,4+6,1+3+2
2467,13.5,Lang,YCA1006-01-00,QRM1001-01-00 UIC1561-01-00 UIC1351-02-00 UIC2151-14-00,ECO1101-06-00 QRM2004-01-00,ECO1101 ME,18.0,월,0,0,3,4+6,1+3+2
2468,13.5,Lang,YCA1006-02-00,QRM1001-01-00 UIC1561-01-00 UIC1551-01-00 UIC2151-11-00,ECO1101-06-00 QRM2102-01-00,ECO1101 ME,18.0,,0,0,3,6,3+2+1
2469,13.49,-,YCA1006-01-00,QRM1001-01-00 UIC1561-01-00 UIC1551-04-00 UIC2151-12-00 UIC1806-01-00,STA2102-05-00,ME,18.0,월금,2,1,1,4+6,5+2
2470,13.49,-,YCA1006-01-00,QRM1001-01-00 UIC1561-01-00 UIC1551-04-00 UIC2151-12-00 UIC1805-01-00,STA2102-05-00,ME,18.0,월금,2,1,1,4+6,5+2
2471,13.49,-,YCA1006-01-00,QRM1001-01-00 UIC1561-01-00 UIC1551-04-00 UIC2151-12-00 UIC1805-01-00,STA2102-05-00,ME,18.0,월금,2,1,1,4+6,5+2
2472,13.49,-,YCA1006-01-00,QRM1001-01-00 UIC1561-01-00 UIC1551-04-00 UIC2151-12-00 UIC1806-01-00,STA2102-05-00,ME,18.0,월금,2,1,1,4+6,5+2
2473,13.483,MR,YCA1006-02-00,UIC1561-01-00 UIC1501-02-00 UIC2151-14-00 UIC1805-02-00,ECO1104-06-00 STA2102-05-00,ME ME,18.0,금,0,2,1,6+7,1
2474,13.483,MR,YCA1006-02-00,UIC1561-01-00 UIC1501-02-00 UIC2151-14-00 UIC1805-02-00,ECO1104-06-00 STA2102-05-00,ME ME,18.0,금,0,2,1,6+7,1
2475,13.483,MR,YCA1006-02-00,UIC1561-01-00 UIC1551-03-00 UIC2151-14-00 UIC1805-02-00,ECO1104-06-00 STA2102-05-00,ME ME,18.0,금,0,2,1,6+7,1
2476,13.483,MR,YCA1006-02-00,UIC1561-01-00 UIC1551-03-00 UIC2151-14-00 UIC1805-02-00,ECO1104-06-00 STA2102-05-00,ME ME,18.0,금,0,2,1,6+7,1
2477,13.465,SciRD,-,QRM1001-01-00 UIC1561-01-00 UIC1551-01-00 UIC1805-01-00,ECO1101-06-00 QRM2004-01-00,ECO1101 ME,18.0,월금,1,1,3,4+4+5,2+2+1
2478,13.465,SciRD,-,QRM1001-01-00 UIC1561-01-00 UIC1551-01-00 UIC1806-01-00,ECO1101-06-00 QRM2004-01-00,ECO1101 ME,18.0,월금,1,1,3,4+4+5,2+2+1
2479,13.465,Lang,-,QRM1001-01-00 UIC1561-01-00 UIC1551-01-00 UIC2151-05-00,ECO1101-06-00 QRM2004-01-00,ECO1101 ME,18.0,월금,1,1,3,4+4+5,2+2+1
2480,13.465,SciRD,-,QRM1001-01-00 UIC1561-01-00 UIC1551-01-00 UIC1805-01-00,ECO1101-06-00 QRM2004-01-00,ECO1101 ME,18.0,월금,1,1,3,4+4+5,2+2+1
2481,13.465,SciRD,-,QRM1001-01-00 UIC1561-01-00 UIC1551-01-00 UIC1806-01-00,ECO1101-06-00 QRM2004-01-00,ECO1101 ME,18.0,월금,1,1,3,4+4+5,2+2+1
2482,13.458,MR,YCA1006-02-00,UIC1561-01-00 UIC1551-04-00 UIC2151-11-00 UIC1805-02-00,ECO1104-06-00 ECO1101-06-00,ME ECO1101,18.0,금,0,1,3,6+4+4,1+2
2483,13.458,MR,YCA1006-02-00,UIC1561-01-00 UIC1551-04-00 UIC2151-11-00 UIC1805-02-00,ECO1104-06-00 ECO1101-06-00,ME ECO1101,18.0,금,0,1,3,6+4+4,1+2
2484,13.458,-,YCA1006-01-00,QRM1001-01-00 UIC1561-01-00 UIC1551-01-00 UIC2151-11-00 UIC1806-01-00,QRM2004-01-00,ME,18.0,금,1,1,1,4+4+5,1+1
2485,13.458,-,YCA1006-01-00,QRM1001-01-00 UIC1561-01-00 UIC1551-01-00 UIC2151-11-00 UIC1805-01-00,QRM2004-01-00,ME,18.0,금,1,1,1,4+4+5,1+1
2486,13.458,-,YCA1006-01-00,QRM1001-01-00 UIC1561-01-00 UIC1551-01-00 UIC2151-11-00 UIC1805-01-00,QRM2004-01-00,ME,18.0,금,1,1,1,4+4+5,1+1
2487,13.458,-,YCA1006-01-00,QRM1001-01-00 UIC1561-01-00 UIC1551-01-00 UIC2151-11-00 UIC1806-01-00,QRM2004-01-00,ME,18.0,금,1,1,1,4+4+5,1+1
2488,13.44,MR,YCA1006-02-00,UIC1561-01-00 UIC1551-04-00 UIC2151-12-00 UIC1805-01-00,QRM2004-01-00 STA2102-05-00,ME ME,18.0,월금,2,1,1,4+4,1+1+2+3
2489,13.44,MR,YCA1006-02-00,UIC1561-01-00 UIC1551-04-00 UIC2151-12-00 UIC1806-01-00,QRM2004-01-00 STA2102-05-00,ME ME,18.0,월금,2,1,1,4+4,1+1+2+3
2490,13.44,MR,YCA1006-02-00,UIC1561-01-00 UIC1551-04-00 UIC2151-12-00 UIC1805-01-00,QRM2004-01-00 STA2102-05-00,ME ME,18.0,월금,2,1,1,4+4,1+1+2+3
2491,13.44,MR,YCA1006-02-00,UIC1561-01-00 UIC1551-04-00 UIC2151-12-00 UIC1806-01-00,QRM2004-01-00 STA2102-05-00,ME ME,18.0,월금,2,1,1,4+4,1+1+2+3
2492,13.44,MR,YCA1006-02-00,UIC1561-01-00 UIC1251-02-00 UIC2151-14-00 UIC1805-02-00,STA2102-05-00 YCK1998-03-00,ME FREE,18.0,월금,0,1,1,4+7,
2493,13.44,MR,YCA1006-02-00,UIC1561-01-00 UIC1251-02-00 UIC2151-14-00 UIC1805-02-00,STA2102-05-00 YCK1998-03-00,ME FREE,18.0,월금,0,1,1,4+7,
2494,13.44,MR,YCA1006-02-00,UIC1561-01-00 UIC1401-02-00 UIC2151-14-00 UIC1806-02-00,STA2102-05-00 YCK1998-03-00,ME FREE,18.0,월금,0,1,1,4+7,
2495,13.44,MR,YCA1006-02-00,UIC1561-01-00 UIC1401-02-00 UIC2151-14-00 UIC1806-02-00,STA2102-05-00 YCK1998-03-00,ME FREE,18.0,월금,0,1,1,4+7,
2496,13.432,MR,YCA1006-02-00,UIC1561-01-00 UIC1551-01-00 UIC2151-12-00 UIC1805-02-00,STA2102-04-00 YCG1853-01-00,ME FREE,18.0,월금,1,0,2,,1+3+1
2497,13.432,MR,YCA1006-02-00,UIC1561-01-00 UIC1551-01-00 UIC2151-12-00 UIC1805-02-00,STA2102-04-00 YCG1853-01-00,ME FREE,18.0,월금,1,0,2,,1+3+1
2498,13.425,MR,YCA1006-01-00,UIC1561-01-00 UIC1551-01-00 UIC2151-12-00 UIC1805-02-00,STA2102-04-00 QRM2102-01-00,ME ME,18.0,월,1,0,1,,2+3+1
2499,13.425,MR,YCA1006-01-00,UIC1561-01-00 UIC1551-01-00 UIC2151-12-00 UIC1805-02-00,STA2102-04-00 QRM2102-01-00,ME ME,18.0,월,1,0,1,,2+3+1
2500,13.39,MR,YCA1006-01-00,UIC1561-01-00 UIC1551-01-00 UIC2151-12-00 UIC1806-02-00,STA2102-05-00 YCK1998-03-00,ME FREE,18.0,월금,1,0,1,4,1+2+2+1
2501,13.39,MR,YCA1006-02-00,UIC1561-01-00 UIC1551-04-00 UIC2151-12-00 UIC1805-02-00,STA2102-05-00 ECO1002-04-00,ME FREE,18.0,월금,1,0,1,4,1+1+2+2
2502,13.39,MR,YCA1006-01-00,UIC1561-01-00 UIC1551-01-00 UIC2151-12-00 UIC1806-02-00,STA2102-05-00 YCK1998-03-00,ME FREE,18.0,월금,1,0,1,4,1+2+2+1
2503,13.39,MR,YCA1006-01-00,UIC1561-01-00 UIC1551-01-00 UIC2151-12-00 UIC1806-02-00,STA2102-05-00 ECO1002-06-00,ME FREE,18.0,월금,1,0,1,4,1+2+2+1
2504,13.39,MR,YCA1006-02-00,UIC1561-01-00 UIC1551-01-00 UIC2151-12-00 UIC1806-02-00,STA2102-05-00 ECO1002-04-00,ME FREE,18.0,월금,1,0,1,4,2+2+1+1
2505,13.39,WCiv,YCA1006-01-00,QRM1001-01-00 UIC1551-01-00 UIC2151-13-00 UIC1806-01-00,QRM2004-01-00 YCI1901-01-00,ME FREE,18.0,월금,1,1,3,6+5,1+1
2506,13.39,MR,YCA1006-02-00,UIC1561-01-00 UIC1551-04-00 UIC2151-12-00 UIC1805-02-00,STA2102-05-00 ECO1002-04-00,ME FREE,18.0,월금,1,0,1,4,1+1+2+2
2507,13.39,MR,YCA1006-01-00,UIC1561-01-00 UIC1551-04-00 UIC2151-12-00 UIC1805-02-00,STA2102-05-00 YCH1605-01-00,ME FREE,18.0,월금,1,0,1,4,1+1+2+2
2508,13.39,MR,YCA1006-01-00,UIC1561-01-00 UIC1551-04-00 UIC2151-12-00 UIC1805-02-00,STA2102-05-00 YCH1605-01-00,ME FREE,18.0,월금,1,0,1,4,1+1+2+2
2509,13.39,WCiv,YCA1006-01-00,QRM1001-01-00 UIC1551-01-00 UIC2151-13-00 UIC1805-01-00,QRM2004-01-00 YCI1901-01-00,ME FREE,18.0,월금,1,1,3,6+5,1+1
2510,13.39,WCiv,YCA1006-01-00,QRM1001-01-00 UIC1551-01-00 UIC2151-13-00 UIC1806-01-00,QRM2004-01-00 YCI1901-01-00,ME FREE,18.0,월금,1,1,3,6+5,1+1
2511,13.39,MR,YCA1006-01-00,UIC1561-01-00 UIC1551-01-00 UIC2151-12-00 UIC1806-02-00,STA2102-05-00 ECO1002-06-00,ME FREE,18.0,월금,1,0,1,4,1+2+2+1
2512,13.39,MR,YCA1006-02-00,UIC1561-01-00 UIC1551-01-00 UIC2151-12-00 UIC1806-02-00,STA2102-05-00 ECO1002-04-00,ME FREE,18.0,월금,1,0,1,4,2+2+1+1
2513,13.39,WCiv,YCA1006-01-00,QRM1001-01-00 UIC1551-01-00 UIC2151-13-00 UIC1805-01-00,QRM2004-01-00 YCI1901-01-00,ME FREE,18.0,월금,1,1,3,6+5,1+1
2514,13.358,MR,YCA1006-02-00,UIC1561-01-00 UIC1551-03-00 UIC2151-14-00 UIC1806-02-00,ECO1101-06-00 STA2102-05-00,ECO1101 ME,18.0,금,0,1,3,8,2+1+2
2515,13.358,MR,YCA1006-02-00,UIC1561-01-00 UIC1501-02-00 UIC2151-14-00 UIC1806-02-00,ECO1101-06-00 STA2102-05-00,ECO1101 ME,18.0,금,0,1,3,8,2+1+2
2516,13.358,MR,YCA1006-02-00,UIC1561-01-00 UIC1501-02-00 UIC2151-14-00 UIC1806-02-00,ECO1101-06-00 STA2102-05-00,ECO1101 ME,18.0,금,0,1,3,8,2+1+2
2517,13.358,MR,YCA1006-02-00,UIC1561-01-00 UIC1551-03-00 UIC2151-14-00 UIC1806-02-00,ECO1101-06-00 STA2102-05-00,ECO1101 ME,18.0,금,0,1,3,8,2+1+2
2518,13.35,Lang,YCA1006-02-00,QRM1001-01-00 UIC1561-01-00 UIC1501-02-00 UIC2151-14-00,ECO1103-02-00 QRM2004-01-00,ME ME,18.0,금,1,1,1,4+7,2+1+2
2519,13.35,Lang,YCA1006-02-00,QRM1001-01-00 UIC1561-01-00 UIC1551-03-00 UIC2151-14-00,ECO1103-02-00 QRM2004-01-00,ME ME,18.0,금,1,1,1,4+7,2+1+2
2520,13.339,Lang,YCA1006-01-00,QRM1001-01-00 UIC1561-01-00 UIC1401-03-00 UIC2151-12-00,QRM2004-01-00 QRM3001-01-00,ME ME,18.0,월,1,0,0,,1+1+1
2521,13.333,MR,YCA1006-01-00,UIC1561-01-00 UIC1501-03-00 UIC2151-14-00 UIC1806-02-00,ECO1101-06-00 QRM2001-01-00,ECO1101 ME,18.0,금,1,0,3,6,1+2+2+1
2522,13.333,MR,YCA1006-02-00,UIC1561-01-00 UIC1501-03-00 UIC2151-14-00 UIC1806-02-00,ECO1101-06-00 QRM2001-01-00,ECO1101 ME,18.0,금,1,0,3,6,1+2+2+1
2523,13.333,MR,YCA1006-02-00,UIC1561-01-00 UIC1501-03-00 UIC2151-14-00 UIC1806-02-00,ECO1101-06-00 QRM2001-01-00,ECO1101 ME,18.0,금,1,0,3,6,1+2+2+1
2524,13.333,MR,YCA1006-01-00,UIC1561-01-00 UIC1501-03-00 UIC2151-14-00 UIC1806-02-00,ECO1101-06-00 QRM2001-01-00,ECO1101 ME,18.0,금,1,0,3,6,1+2+2+1
2525,13.333,WCiv,YCA1006-01-00,QRM1001-01-00 UIC1551-01-00 UIC2151-04-00 UIC1805-01-00,ECO1101-05-00 QRM2004-01-00,ECO1101 ME,18.0,금,1,1,1,4+5,2+1+3+1
2526,13.333,WCiv,YCA1006-01-00,QRM1001-01-00 UIC1551-01-00 UIC2151-10-00 UIC1806-01-00,ECO1101-05-00 QRM2004-01-00,ECO1101 ME,18.0,금,1,1,1,4+5,2+1+3+1
2527,13.333,WCiv,YCA1006-01-00,QRM1001-01-00 UIC1551-01-00 UIC2151-10-00 UIC1805-01-00,ECO1101-05-00 QRM2004-01-00,ECO1101 ME,18.0,금,1,1,1,4+5,2+1+3+1
2528,13.333,WCiv,YCA1006-01-00,QRM1001-01-00 UIC1551-01-00 UIC2151-10-00 UIC1806-01-00,ECO1101-05-00 QRM2004-01-00,ECO1101 ME,18.0,금,1,1,1,4+5,2+1+3+1
2529,13.333,WCiv,YCA1006-01-00,QRM1001-01-00 UIC1551-01-00 UIC2151-04-00 UIC1805-01-00,ECO1101-05-00 QRM2004-01-00,ECO1101 ME,18.0,금,1,1,1,4+5,2+1+3+1
2530,13.333,WCiv,YCA1006-01-00,QRM1001-01-00 UIC1551-01-00 UIC2151-04-00 UIC1806-01-00,ECO1101-05-00 QRM2004-01-00,ECO1101 ME,18.0,금,1,1,1,4+5,2+1+3+1
2531,13.333,WCiv,YCA1006-01-00,QRM1001-01-00 UIC1551-01-00 UIC2151-10-00 UIC1805-01-00,ECO1101-05-00 QRM2004-01-00,ECO1101 ME,18.0,금,1,1,1,4+5,2+1+3+1
2532,13.333,WCiv,YCA1006-01-00,QRM1001-01-00 UIC1551-01-00 UIC2151-04-00 UIC1806-01-00,ECO1101-05-00 QRM2004-01-00,ECO1101 ME,18.0,금,1,1,1,4+5,2+1+3+1
2533,13.325,Lang,YCA1006-01-00,QRM1001-01-00 UIC1561-01-00 UIC1351-02-00 UIC2151-04-00,ECO1101-06-00 QRM2004-01-00,ECO1101 ME,18.0,,0,0,2,4,2+1+2+2
2534,13.325,Lang,YCA1006-01-00,QRM1001-01-00 UIC1561-01-00 UIC1501-01-00 UIC2151-10-00,ECO1101-06-00 QRM2004-01-00,ECO1101 ME,18.0,,0,0,2,4,2+1+2+2
2535,13.325,Lang,YCA1006-01-00,QRM1001-01-00 UIC1561-01-00 UIC1501-02-00 UIC1751-01-00,ECO1101-06-00 QRM2004-01-00,ECO1101 ME,18.0,,0,0,2,4,2+1+2+2
2536,13.325,Lang,YCA1006-01-00,QRM1001-01-00 UIC1561-01-00 UIC1551-03-00 UIC1751-01-00,ECO1101-06-00 QRM2004-01-00,ECO1101 ME,18.0,,0,0,2,4,2+1+2+2
2537,13.325,Lang,YCA1006-01-00,QRM1001-01-00 UIC1561-01-00 UIC1351-02-00 UIC2151-10-00,ECO1101-06-00 QRM2004-01-00,ECO1101 ME,18.0,,0,0,2,4,2+1+2+2
2538,13.325,Lang,YCA1006-01-00,QRM1001-01-00 UIC1561-01-00 UIC1501-01-00 UIC2151-04-00,ECO1101-06-00 QRM2004-01-00,ECO1101 ME,18.0,,0,0,2,4,2+1+2+2
2539,13.299,WCiv,-,QRM1001-01-00 UIC1551-01-00 UIC2151-13-00 UIC1805-01-00,ECO1101-06-00 QRM2004-01-00,ECO1101 ME,18.0,월금,1,1,3,4+4+5,2+1
2540,13.299,WCiv,-,QRM1001-01-00 UIC1551-01-00 UIC2151-13-00 UIC1805-01-00,ECO1101-06-00 QRM2004-01-00,ECO1101 ME,18.0,월금,1,1,3,4+4+5,2+1
2541,13.299,WCiv,-,QRM1001-01-00 UIC1551-01-00 UIC2151-13-00 UIC1806-01-00,ECO1101-06-00 QRM2004-01-00,ECO1101 ME,18.0,월금,1,1,3,4+4+5,2+1
2542,13.299,WCiv,-,QRM1001-01-00 UIC1551-01-00 UIC2151-13-00 UIC1806-01-00,ECO1101-06-00 QRM2004-01-00,ECO1101 ME,18.0,월금,1,1,3,4+4+5,2+1
2543,13.258,MR,-,UIC1561-01-00 UIC1551-01-00 UIC2151-11-00 UIC1805-02-00,ECO1104-06-00 ECO1101-06-00,ME ECO1101,18.0,금,0,0,3,6+4,2+1
2544,13.258,MR,-,UIC1561-01-00 UIC1551-01-00 UIC2151-11-00 UIC1805-02-00,ECO1104-06-00 ECO1101-06-00,ME ECO1101,18.0,금,0,0,3,6+4,2+1
2545,13.258,MR,-,UIC1561-01-00 UIC1551-04-00 UIC2151-11-00 UIC1805-02-00,ECO1104-06-00 ECO1101-06-00,ME ECO1101,18.0,금,0,0,3,6+4,1+2
2546,13.258,MR,-,UIC1561-01-00 UIC1551-04-00 UIC2151-11-00 UIC1805-02-00,ECO1104-06-00 ECO1101-06-00,ME ECO1101,18.0,금,0,0,3,6+4,1+2
2547,13.258,-,YCA1006-01-00,QRM1001-01-00 UIC1561-01-00 UIC1551-03-00 UIC2151-11-00 UIC1806-01-00,QRM2004-01-00,ME,18.0,금,1,2,0,6+5,1+1
2548,13.258,MR,YCA1006-01-00,UIC1561-01-00 UIC1551-01-00 UIC2151-11-00 UIC1805-02-00,ECO1103-02-00 STA2102-04-00,ME ME,18.0,금,1,0,1,4,2+2+3+1
2549,13.258,-,YCA1006-01-00,QRM1001-01-00 UIC1561-01-00 UIC1551-03-00 UIC2151-11-00 UIC1805-01-00,QRM2004-01-00,ME,18.0,금,1,2,0,6+5,1+1
2550,13.258,-,YCA1006-01-00,QRM1001-01-00 UIC1561-01-00 UIC1501-02-00 UIC2151-11-00 UIC1806-01-00,QRM2004-01-00,ME,18.0,금,1,2,0,6+5,1+1
2551,13.258,-,YCA1006-01-00,QRM1001-01-00 UIC1561-01-00 UIC1501-03-00 UIC2151-04-00 UIC1806-01-00,QRM2004-01-00,ME,18.0,금,1,2,0,6+5,1+1
2552,13.258,-,YCA1006-01-00,QRM1001-01-00 UIC1561-01-00 UIC1501-02-00 UIC2151-11-00 UIC1805-01-00,QRM2004-01-00,ME,18.0,금,1,2,0,6+5,1+1
2553,13.258,-,YCA1006-01-00,QRM1001-01-00 UIC1561-01-00 UIC1551-03-00 UIC2151-11-00 UIC1806-01-00,QRM2004-01-00,ME,18.0,금,1,2,0,6+5,1+1
2554,13.258,-,YCA1006-01-00,QRM1001-01-00 UIC1561-01-00 UIC1551-03-00 UIC2151-11-00 UIC1805-01-00,QRM2004-01-00,ME,18.0,금,1,2,0,6+5,1+1
2555,13.258,MR,YCA1006-01-00,UIC1561-01-00 UIC1551-01-00 UIC2151-11-00 UIC1805-02-00,ECO1103-02-00 STA2102-04-00,ME ME,18.0,금,1,0,1,4,2+2+3+1
2556,13.258,-,YCA1006-01-00,QRM1001-01-00 UIC1561-01-00 UIC1501-03-00 UIC2151-04-00 UIC1805-01-00,QRM2004-01-00,ME,18.0,금,1,2,0,6+5,1+1
2557,13.258,-,YCA1006-01-00,QRM1001-01-00 UIC1561-01-00 UIC1501-03-00 UIC2151-10-00 UIC1805-01-00,QRM2004-01-00,ME,18.0,금,1,2,0,6+5,1+1
2558,13.258,-,YCA1006-01-00,QRM1001-01-00 UIC1561-01-00 UIC1501-02-00 UIC2151-11-00 UIC1805-01-00,QRM2004-01-00,ME,18.0,금,1,2,0,6+5,1+1
2559,13.258,-,YCA1006-01-00,QRM1001-01-00 UIC1561-01-00 UIC1501-03-00 UIC2151-10-00 UIC1805-01-00,QRM2004-01-00,ME,18.0,금,1,2,0,6+5,1+1
2560,13.258,-,YCA1006-01-00,QRM1001-01-00 UIC1561-01-00 UIC1501-03-00 UIC2151-04-00 UIC1806-01-00,QRM2004-01-00,ME,18.0,금,1,2,0,6+5,1+1
2561,13.258,-,YCA1006-01-00,QRM1001-01-00 UIC1561-01-00 UIC1501-02-00 UIC2151-11-00 UIC1806-01-00,QRM2004-01-00,ME,18.0,금,1,2,0,6+5,1+1
2562,13.258,-,YCA1006-01-00,QRM1001-01-00 UIC1561-01-00 UIC1501-03-00 UIC2151-10-00 UIC1806-01-00,QRM2004-01-00,ME,18.0,금,1,2,0,6+5,1+1
2563,13.258,-,YCA1006-01-00,QRM1001-01-00 UIC1561-01-00 UIC1501-03-00 UIC2151-10-00 UIC1806-01-00,QRM2004-01-00,ME,18.0,금,1,2,0,6+5,1+1
2564,13.258,-,YCA1006-01-00,QRM1001-01-00 UIC1561-01-00 UIC1501-03-00 UIC2151-04-00 UIC1805-01-00,QRM2004-01-00,ME,18.0,금,1,2,0,6+5,1+1
2565,13.257,Lang,YCA1006-01-00,QRM1001-01-00 UIC1561-01-00 ASP2022-01-00 UIC2151-12-00,QRM2004-01-00 BIZ1101-09-00,ME FREE,18.0,월금,1,0,0,5+4,1+1
2566,13.24,MR,-,UIC1561-01-00 UIC1551-01-00 UIC2151-12-00 UIC1806-01-00,STA2102-04-00 QRM2004-01-00,ME ME,18.0,월금,2,0,1,4,2+3+1+1
2567,13.24,MR,-,UIC1561-01-00 UIC1551-01-00 UIC2151-12-00 UIC1806-01-00,STA2102-04-00 QRM2004-01-00,ME ME,18.0,월금,2,0,1,4,2+3+1+1
2568,13.24,MR,-,UIC1561-01-00 UIC1551-01-00 UIC2151-12-00 UIC1805-01-00,STA2102-04-00 QRM2004-01-00,ME ME,18.0,월금,2,0,1,4,2+3+1+1
2569,13.24,MR,-,UIC1561-01-00 UIC1551-01-00 UIC2151-12-00 UIC1805-01-00,STA2102-04-00 QRM2004-01-00,ME ME,18.0,월금,2,0,1,4,2+3+1+1
2570,13.232,SciRD,YCA1006-01-00,QRM1001-01-00 UIC1561-01-00 UIC1551-04-00 UIC1806-01-00,QRM2004-01-00 CTM1001-02-00,ME FREE,18.0,월금,1,2,1,6,1+1+1
2571,13.232,SciRD,YCA1006-01-00,QRM1001-01-00 UIC1561-01-00 UIC1551-04-00 UIC1805-01-00,QRM2004-01-00 CTM1001-02-00,ME FREE,18.0,월금,1,2,1,6,1+1+1
2572,13.232,SciRD,YCA1006-01-00,QRM1001-01-00 UIC1561-01-00 UIC1551-04-00 UIC1805-01-00,QRM2004-01-00 CTM1001-02-00,ME FREE,18.0,월금,1,2,1,6,1+1+1
2573,13.232,Lang,YCA1006-01-00,QRM1001-01-00 UIC1561-01-00 UIC1551-04-00 UIC2151-05-00,QRM2004-01-00 CTM1001-02-00,ME FREE,18.0,월금,1,2,1,6,1+1+1
2574,13.232,SciRD,YCA1006-01-00,QRM1001-01-00 UIC1561-01-00 UIC1551-04-00 UIC1806-01-00,QRM2004-01-00 CTM1001-02-00,ME FREE,18.0,월금,1,2,1,6,1+1+1
2575,13.19,MR,-,UIC1561-01-00 ASP2022-01-00 UIC2151-12-00 UIC1805-02-00,ECO1101-06-00 STA2102-05-00,ECO1101 ME,18.0,월금,1,0,2,6+4,2+2+2
2576,13.19,MR,-,UIC1561-01-00 ASP2022-01-00 UIC2151-12-00 UIC1805-02-00,ECO1101-06-00 STA2102-05-00,ECO1101 ME,18.0,월금,1,0,2,6+4,2+2+2
2577,13.19,MR,-,UIC1561-01-00 UIC1551-01-00 UIC2151-12-00 UIC1805-02-00,STA2102-04-00 BIZ1101-09-00,ME FREE,18.0,월금,1,0,1,,1+1
2578,13.19,MR,-,UIC1561-01-00 UIC1551-01-00 UIC2151-12-00 UIC1805-02-00,STA2102-04-00 BIZ1101-09-00,ME FREE,18.0,월금,1,0,1,,1+1
2579,13.19,MR,YCA1006-01-00,UIC1561-01-00 UIC1551-04-00 UIC2151-08-00 UIC1806-01-00,ECO1104-06-00 YCK1998-03-00,ME FREE,18.0,월금,1,1,1,6,1+1
2580,13.19,MR,YCA1006-01-00,UIC1561-01-00 UIC1551-04-00 UIC2151-08-00 UIC1805-01-00,ECO1104-06-00 YCK1998-03-00,ME FREE,18.0,월금,1,1,1,6,1+1
2581,13.19,MR,YCA1006-01-00,UIC1561-01-00 UIC1551-04-00 UIC2151-08-00 UIC1805-01-00,ECO1104-06-00 YCK1998-03-00,ME FREE,18.0,월금,1,1,1,6,1+1
2582,13.19,MR,YCA1006-01-00,UIC1561-01-00 UIC1551-04-00 UIC2151-08-00 UIC1806-01-00,ECO1104-06-00 YCK1998-03-00,ME FREE,18.0,월금,1,1,1,6,1+1
2583,13.19,MR,YCA1006-01-00,UIC1561-01-00 UIC1551-04-00 UIC2151-05-00 UIC1805-02-00,ECO1104-06-00 YCK1998-03-00,ME FREE,18.0,월금,1,1,1,6,1+1
2584,13.19,MR,YCA1006-01-00,UIC1561-01-00 UIC1551-04-00 UIC2151-09-00 UIC1806-01-00,ECO1104-06-00 YCK1998-03-00,ME FREE,18.0,월금,1,1,1,6,1+1
2585,13.19,MR,YCA1006-01-00,UIC1561-01-00 UIC1551-04-00 UIC2151-09-00 UIC1805-01-00,ECO1104-06-00 YCK1998-03-00,ME FREE,18.0,월금,1,1,1,6,1+1
2586,13.19,MR,YCA1006-01-00,UIC1561-01-00 UIC1551-04-00 UIC2151-09-00 UIC1806-01-00,ECO1104-06-00 YCK1998-03-00,ME FREE,18.0,월금,1,1,1,6,1+1
2587,13.19,MR,YCA1006-01-00,UIC1561-01-00 UIC1551-04-00 UIC2151-05-00 UIC1805-02-00,ECO1104-06-00 YCK1998-03-00,ME FREE,18.0,월금,1,1,1,6,1+1
2588,13.19,MR,YCA1006-01-00,UIC1561-01-00 UIC1551-04-00 UIC2151-09-00 UIC1805-01-00,ECO1104-06-00 YCK1998-03-00,ME FREE,18.0,월금,1,1,1,6,1+1
2589,13.182,Lang,YCA1006-02-00,QRM1001-01-00 UIC1561-01-00 ASP2022-01-00 UIC2151-12-00,STA2102-05-00 YCE1253-01-00,ME FREE,18.0,월금,1,0,0,4+4+4,1+2
2590,13.167,Lang,YCA1006-01-00,QRM1001-01-00 UIC1561-01-00 UIC1551-04-00 UIC1751-01-00,QRM2004-01-00 QRM2102-01-00,ME ME,18.0,월,0,1,1,4+5,1+1+3
2591,13.167,Lang,YCA1006-01-00,QRM1001-01-00 UIC1561-01-00 UIC1551-01-00 UIC1751-01-00,QRM2004-01-00 QRM2102-01-00,ME ME,18.0,월,0,1,1,4+5,1+3+1
2592,13.165,-,YCA1006-02-00,QRM1001-01-00 UIC1561-01-00 ASP2022-01-00 UIC2151-12-00 UIC1805-01-00,QRM2004-01-00,ME,18.0,월금,2,2,0,6+6,1+3
2593,13.165,-,YCA1006-02-00,QRM1001-01-00 UIC1561-01-00 ASP2022-01-00 UIC2151-12-00 UIC1806-01-00,QRM2004-01-00,ME,18.0,월금,2,2,0,6+6,1+3
2594,13.165,-,YCA1006-02-00,QRM1001-01-00 UIC1561-01-00 ASP2022-01-00 UIC2151-12-00 UIC1806-01-00,QRM2004-01-00,ME,18.0,월금,2,2,0,6+6,1+3
2595,13.165,-,YCA1006-02-00,QRM1001-01-00 UIC1561-01-00 ASP2022-01-00 UIC2151-12-00 UIC1805-01-00,QRM2004-01-00,ME,18.0,월금,2,2,0,6+6,1+3
2596,13.158,Lang,YCA1006-02-00,QRM1001-01-00 UIC1561-01-00 UIC1501-03-00 UIC2151-14-00,ECO1101-06-00 YCK1998-03-00,ECO1101 FREE,18.0,금,0,0,3,6,3+1
2597,13.15,Lang,YCA1006-02-00,QRM1001-01-00 UIC1561-01-00 ASP2022-01-00 UIC2151-04-00,QRM2004-01-00 STA2102-05-00,ME ME,18.0,금,0,2,0,6+6+4,1
2598,13.15,Lang,YCA1006-02-00,QRM1001-01-00 UIC1561-01-00 ASP2022-01-00 UIC2151-10-00,QRM2004-01-00 STA2102-05-00,ME ME,18.0,금,0,2,0,6+6+4,1
2599,13.14,MR,YCA1006-02-00,UIC1561-01-00 UIC1551-04-00 UIC2151-09-00 UIC1806-01-00,ECO1104-06-00 ECO1101-06-00,ME ECO1101,18.0,월금,1,2,3,4+4+6,1+1+2
2600,13.14,MR,YCA1006-02-00,UIC1561-01-00 UIC1551-04-00 UIC2151-05-00 UIC1805-02-00,ECO1104-06-00 ECO1101-06-00,ME ECO1101,18.0,월금,1,2,3,4+4+6,1+1+2
2601,13.14,MR,YCA1006-02-00,UIC1561-01-00 UIC1551-04-00 UIC2151-05-00 UIC1805-02-00,ECO1104-06-00 ECO1101-06-00,ME ECO1101,18.0,월금,1,2,3,4+4+6,1+1+2
2602,13.14,MR,YCA1006-02-00,UIC1561-01-00 UIC1551-04-00 UIC2151-08-00 UIC1805-01-00,ECO1104-06-00 ECO1101-06-00,ME ECO1101,18.0,월금,1,2,3,4+4+6,1+1+2
2603,13.14,MR,YCA1006-02-00,UIC1561-01-00 UIC1551-04-00 UIC2151-09-00 UIC1805-01-00,ECO1104-06-00 ECO1101-06-00,ME ECO1101,18.0,월금,1,2,3,4+4+6,1+1+2
2604,13.14,MR,YCA1006-02-00,UIC1561-01-00 UIC1551-04-00 UIC2151-09-00 UIC1805-01-00,ECO1104-06-00 ECO1101-06-00,ME ECO1101,18.0,월금,1,2,3,4+4+6,1+1+2
2605,13.14,MR,YCA1006-02-00,UIC1561-01-00 UIC1551-04-00 UIC2151-08-00 UIC1806-01-00,ECO1104-06-00 ECO1101-06-00,ME ECO1101,18.0,월금,1,2,3,4+4+6,1+1+2
2606,13.14,MR,YCA1006-02-00,UIC1561-01-00 UIC1551-04-00 UIC2151-09-00 UIC1806-01-00,ECO1104-06-00 ECO1101-06-00,ME ECO1101,18.0,월금,1,2,3,4+4+6,1+1+2
2607,13.14,MR,YCA1006-02-00,UIC1561-01-00 UIC1551-04-00 UIC2151-08-00 UIC1805-01-00,ECO1104-06-00 ECO1101-06-00,ME ECO1101,18.0,월금,1,2,3,4+4+6,1+1+2
2608,13.14,MR,YCA1006-02-00,UIC1561-01-00 UIC1551-04-00 UIC2151-08-00 UIC1806-01-00,ECO1104-06-00 ECO1101-06-00,ME ECO1101,18.0,월금,1,2,3,4+4+6,1+1+2
2609,13.1,MR,YCA1006-01-00,UIC1561-01-00 UIC1401-03-00 UIC2151-14-00 UIC1805-02-00,ECO1104-06-00 QRM2002-01-00,ME ME,18.0,월,1,0,1,6,1+1+1
2610,13.1,MR,YCA1006-01-00,UIC1561-01-00 UIC1401-03-00 UIC2151-14-00 UIC1805-02-00,ECO1104-06-00 QRM2002-01-00,ME ME,18.0,월,1,0,1,6,1+1+1
2611,13.083,MR,YCA1006-02-00,UIC1561-01-00 UIC1551-03-00 UIC2151-14-00 UIC1805-02-00,ECO1104-06-00 ECO1101-06-00,ME ECO1101,18.0,금,0,1,3,4+7,2+2+2
2612,13.083,MR,YCA1006-02-00,UIC1561-01-00 UIC1551-03-00 UIC2151-14-00 UIC1805-02-00,ECO1104-06-00 ECO1101-06-00,ME ECO1101,18.0,금,0,1,3,4+7,2+2+2
2613,13.083,MR,YCA1006-01-00,UIC1561-01-00 UIC1501-03-00 UIC2151-12-00 UIC1805-02-00,ECO1101-06-00 STA2102-04-00,ECO1101 ME,18.0,금,1,0,2,6,2+2+2
2614,13.083,MR,YCA1006-02-00,UIC1561-01-00 UIC1501-02-00 UIC2151-14-00 UIC1805-02-00,ECO1104-06-00 ECO1101-06-00,ME ECO1101,18.0,금,0,1,3,4+7,2+2+2
2615,13.083,MR,YCA1006-02-00,UIC1561-01-00 UIC1501-02-00 UIC2151-14-00 UIC1805-02-00,ECO1104-06-00 ECO1101-06-00,ME ECO1101,18.0,금,0,1,3,4+7,2+2+2
2616,13.083,MR,YCA1006-01-00,UIC1561-01-00 UIC1501-03-00 UIC2151-12-00 UIC1805-02-00,ECO1101-06-00 STA2102-04-00,ECO1101 ME,18.0,금,1,0,2,6,2+2+2
2617,13.075,MR,YCA1006-02-00,UIC1561-01-00 UIC1401-03-00 UIC2151-12-00 UIC1805-02-00,ECO1101-06-00 STA2102-04-00,ECO1101 ME,18.0,월,1,0,2,4,1+1+1+2
2618,13.075,MR,YCA1006-02-00,UIC1561-01-00 UIC1401-03-00 UIC2151-12-00 UIC1805-02-00,ECO1101-06-00 STA2102-04-00,ECO1101 ME,18.0,월,1,0,2,4,1+1+1+2
2619,13.058,MR,YCA1006-01-00,UIC1561-01-00 UIC1501-03-00 UIC2151-14-00 UIC1806-01-00,STA2102-04-00 QRM2004-01-00,ME ME,18.0,금,1,0,1,4+6,1+1
2620,13.058,MR,YCA1006-01-00,UIC1561-01-00 UIC1501-03-00 UIC2151-14-00 UIC1805-01-00,STA2102-04-00 QRM2004-01-00,ME ME,18.0,금,1,0,1,4+6,1+1
2621,13.058,MR,YCA1006-01-00,UIC1561-01-00 UIC1501-03-00 UIC2151-14-00 UIC1806-01-00,STA2102-04-00 QRM2004-01-00,ME ME,18.0,금,1,0,1,4+6,1+1
2622,13.058,MR,YCA1006-01-00,UIC1561-01-00 UIC1501-03-00 UIC2151-14-00 UIC1805-01-00,STA2102-04-00 QRM2004-01-00,ME ME,18.0,금,1,0,1,4+6,1+1
2623,13.033,Lang,-,QRM1001-01-00 UIC1561-01-00 UIC1551-01-00 UIC2151-10-00,ECO1101-06-00 STA2102-05-00,ECO1101 ME,18.0,금,0,1,3,8,1+2+1
2624,13.033,Lang,-,QRM1001-01-00 UIC1561-01-00 UIC1551-01-00 UIC2151-04-00,ECO1101-06-00 STA2102-05-00,ECO1101 ME,18.0,금,0,1,3,8,1+2+1
2625,13.017,Lang,YCA1006-01-00,QRM1001-01-00 UIC1561-01-00 UIC1551-03-00 UIC2151-14-00,QRM2004-01-00 QRM2102-01-00,ME ME,18.0,,0,0,1,6,2+1+2
2626,13.017,Lang,YCA1006-01-00,QRM1001-01-00 UIC1561-01-00 UIC1501-02-00 UIC2151-14-00,QRM2004-01-00 QRM2102-01-00,ME ME,18.0,,0,0,1,6,2+1+2
2627,13.015,MR,YCA1006-01-00,UIC1561-01-00 UIC1551-04-00 UIC2151-08-00 UIC1806-01-00,STA2102-05-00 UCD1101-01-00,ME FREE,18.0,월금,1,0,2,4,2+1+2
2628,13.015,MR,YCA1006-01-00,UIC1561-01-00 UIC1551-04-00 UIC2151-09-00 UIC1805-01-00,STA2102-05-00 UCD1101-01-00,ME FREE,18.0,월금,1,0,2,4,2+1+2
2629,13.015,MR,YCA1006-01-00,UIC1561-01-00 UIC1551-04-00 UIC2151-08-00 UIC1806-01-00,STA2102-05-00 UCD1101-01-00,ME FREE,18.0,월금,1,0,2,4,2+1+2
2630,13.015,MR,YCA1006-01-00,UIC1561-01-00 UIC1551-04-00 UIC2151-05-00 UIC1805-02-00,STA2102-05-00 UCD1101-01-00,ME FREE,18.0,월금,1,0,2,4,2+1+2
2631,13.015,MR,YCA1006-01-00,UIC1561-01-00 UIC1551-04-00 UIC2151-05-00 UIC1805-02-00,STA2102-05-00 UCD1101-01-00,ME FREE,18.0,월금,1,0,2,4,2+1+2
2632,13.015,MR,YCA1006-01-00,UIC1561-01-00 UIC1551-04-00 UIC2151-09-00 UIC1805-01-00,STA2102-05-00 UCD1101-01-00,ME FREE,18.0,월금,1,0,2,4,2+1+2
2633,13.015,MR,YCA1006-01-00,UIC1561-01-00 UIC1551-04-00 UIC2151-09-00 UIC1806-01-00,STA2102-05-00 UCD1101-01-00,ME FREE,18.0,월금,1,0,2,4,2+1+2
2634,13.015,MR,YCA1006-01-00,UIC1561-01-00 UIC1551-04-00 UIC2151-08-00 UIC1805-01-00,STA2102-05-00 UCD1101-01-00,ME FREE,18.0,월금,1,0,2,4,2+1+2
2635,13.015,MR,YCA1006-01-00,UIC1561-01-00 UIC1551-04-00 UIC2151-09-00 UIC1806-01-00,STA2102-05-00 UCD1101-01-00,ME FREE,18.0,월금,1,0,2,4,2+1+2
2636,13.015,MR,YCA1006-01-00,UIC1561-01-00 UIC1551-04-00 UIC2151-08-00 UIC1805-01-00,STA2102-05-00 UCD1101-01-00,ME FREE,18.0,월금,1,0,2,4,2+1+2
2637,12.974,WCiv,YCA1006-02-00,QRM1001-01-00 UIC1551-04-00 UIC2151-12-00 UIC1806-01-00,ECO1101-06-00 STA2102-05-00,ECO1101 ME,18.0,월금,2,1,3,6,2+1+4+2+3
2638,12.974,WCiv,YCA1006-02-00,QRM1001-01-00 UIC1551-04-00 UIC2151-12-00 UIC1805-01-00,ECO1101-06-00 STA2102-05-00,ECO1101 ME,18.0,월금,2,1,3,6,2+1+4+2+3
2639,12.974,WCiv,YCA1006-02-00,QRM1001-01-00 UIC1551-04-00 UIC2151-12-00 UIC1805-01-00,ECO1101-06-00 STA2102-05-00,ECO1101 ME,18.0,월금,2,1,3,6,2+1+4+2+3
2640,12.974,WCiv,YCA1006-02-00,QRM1001-01-00 UIC1551-04-00 UIC2151-12-00 UIC1806-01-00,ECO1101-06-00 STA2102-05-00,ECO1101 ME,18.0,월금,2,1,3,6,2+1+4+2+3
2641,12.967,Lang,YCA1006-02-00,QRM1001-01-00 UIC1561-01-00 UIC1551-01-00 UIC2151-10-00,QRM2002-01-00 QRM2102-01-00,ME ME,18.0,,1,0,1,,2+3+2+1+1
2642,12.967,Lang,YCA1006-02-00,QRM1001-01-00 UIC1561-01-00 UIC1401-03-00 UIC2151-12-00,QRM2004-01-00 QRM2002-01-00,ME ME,18.0,월,2,1,0,4,1+1+1
2643,12.967,Lang,YCA1006-02-00,QRM1001-01-00 UIC1561-01-00 UIC1551-01-00 UIC2151-04-00,QRM2002-01-00 QRM2102-01-00,ME ME,18.0,,1,0,1,,2+3+2+1+1
2644,12.94,MR,-,UIC1561-01-00 UIC1551-01-00 UIC2151-09-00 UIC1806-01-00,ECO1101-06-00 STA2102-05-00,ECO1101 ME,18.0,월금,1,0,3,6,3+2+3
2645,12.94,MR,-,UIC1561-01-00 UIC1551-01-00 UIC2151-05-00 UIC1805-02-00,ECO1101-06-00 STA2102-05-00,ECO1101 ME,18.0,월금,1,0,3,6,3+2+3
2646,12.94,MR,-,UIC1561-01-00 UIC1551-01-00 UIC2151-08-00 UIC1805-01-00,ECO1101-06-00 STA2102-05-00,ECO1101 ME,18.0,월금,1,0,3,6,3+2+3
2647,12.94,MR,-,UIC1561-01-00 UIC1551-01-00 UIC2151-09-00 UIC1805-01-00,ECO1101-06-00 STA2102-05-00,ECO1101 ME,18.0,월금,1,0,3,6,3+2+3
2648,12.94,MR,-,UIC1561-01-00 UIC1551-01-00 UIC2151-08-00 UIC1805-01-00,ECO1101-06-00 STA2102-05-00,ECO1101 ME,18.0,월금,1,0,3,6,3+2+3
2649,12.94,MR,-,UIC1561-01-00 UIC1551-01-00 UIC2151-08-00 UIC1806-01-00,ECO1101-06-00 STA2102-05-00,ECO1101 ME,18.0,월금,1,0,3,6,3+2+3
2650,12.94,MR,-,UIC1561-01-00 UIC1551-01-00 UIC2151-09-00 UIC1806-01-00,ECO1101-06-00 STA2102-05-00,ECO1101 ME,18.0,월금,1,0,3,6,3+2+3
2651,12.94,MR,-,UIC1561-01-00 UIC1551-01-00 UIC2151-08-00 UIC1806-01-00,ECO1101-06-00 STA2102-05-00,ECO1101 ME,18.0,월금,1,0,3,6,3+2+3
2652,12.94,MR,-,UIC1561-01-00 UIC1551-01-00 UIC2151-05-00 UIC1805-02-00,ECO1101-06-00 STA2102-05-00,ECO1101 ME,18.0,월금,1,0,3,6,3+2+3
2653,12.94,MR,-,UIC1561-01-00 UIC1551-01-00 UIC2151-09-00 UIC1805-01-00,ECO1101-06-00 STA2102-05-00,ECO1101 ME,18.0,월금,1,0,3,6,3+2+3
2654,12.933,MR,YCA1006-02-00,UIC1561-01-00 ASP2022-01-00 UIC2151-10-00 UIC1806-01-00,ECO1104-06-00 STA2102-05-00,ME ME,18.0,금,1,1,0,6,1+2+1+1
2655,12.933,MR,YCA1006-02-00,UIC1561-01-00 ASP2022-01-00 UIC2151-04-00 UIC1805-01-00,ECO1104-06-00 STA2102-05-00,ME ME,18.0,금,1,1,0,6,1+2+1+1
2656,12.933,MR,YCA1006-02-00,UIC1561-01-00 ASP2022-01-00 UIC2151-10-00 UIC1806-01-00,ECO1104-06-00 STA2102-05-00,ME ME,18.0,금,1,1,0,6,1+2+1+1
2657,12.933,MR,YCA1006-02-00,UIC1561-01-00 ASP2022-01-00 UIC2151-10-00 UIC1805-01-00,ECO1104-06-00 STA2102-05-00,ME ME,18.0,금,1,1,0,6,1+2+1+1
2658,12.933,MR,YCA1006-01-00,UIC1561-01-00 ASP2022-01-00 UIC2151-10-00 UIC1806-01-00,ECO1104-06-00 STA2102-05-00,ME ME,18.0,금,1,1,0,6,1+2+1+1
2659,12.933,MR,YCA1006-01-00,UIC1561-01-00 ASP2022-01-00 UIC2151-10-00 UIC1806-01-00,ECO1104-06-00 STA2102-05-00,ME ME,18.0,금,1,1,0,6,1+2+1+1
2660,12.933,MR,YCA1006-01-00,UIC1561-01-00 ASP2022-01-00 UIC2151-10-00 UIC1805-01-00,ECO1104-06-00 STA2102-05-00,ME ME,18.0,금,1,1,0,6,1+2+1+1
2661,12.933,MR,YCA1006-02-00,UIC1561-01-00 ASP2022-01-00 UIC2151-10-00 UIC1805-01-00,ECO1104-06-00 STA2102-05-00,ME ME,18.0,금,1,1,0,6,1+2+1+1
2662,12.933,MR,YCA1006-02-00,UIC1561-01-00 ASP2022-01-00 UIC2151-04-00 UIC1806-01-00,ECO1104-06-00 STA2102-05-00,ME ME,18.0,금,1,1,0,6,1+2+1+1
2663,12.933,MR,YCA1006-02-00,UIC1561-01-00 ASP2022-01-00 UIC2151-04-00 UIC1806-01-00,ECO1104-06-00 STA2102-05-00,ME ME,18.0,금,1,1,0,6,1+2+1+1
2664,12.933,MR,YCA1006-02-00,UIC1561-01-00 ASP2022-01-00 UIC2151-04-00 UIC1805-01-00,ECO1104-06-00 STA2102-05-00,ME ME,18.0,금,1,1,0,6,1+2+1+1
2665,12.933,MR,YCA1006-01-00,UIC1561-01-00 ASP2022-01-00 UIC2151-04-00 UIC1806-01-00,ECO1104-06-00 STA2102-05-00,ME ME,18.0,금,1,1,0,6,1+2+1+1
2666,12.933,MR,YCA1006-01-00,UIC1561-01-00 ASP2022-01-00 UIC2151-04-00 UIC1805-01-00,ECO1104-06-00 STA2102-05-00,ME ME,18.0,금,1,1,0,6,1+2+1+1
2667,12.933,MR,YCA1006-01-00,UIC1561-01-00 ASP2022-01-00 UIC2151-04-00 UIC1806-01-00,ECO1104-06-00 STA2102-05-00,ME ME,18.0,금,1,1,0,6,1+2+1+1
2668,12.933,MR,YCA1006-01-00,UIC1561-01-00 ASP2022-01-00 UIC2151-10-00 UIC1805-01-00,ECO1104-06-00 STA2102-05-00,ME ME,18.0,금,1,1,0,6,1+2+1+1
2669,12.933,MR,YCA1006-01-00,UIC1561-01-00 ASP2022-01-00 UIC2151-04-00 UIC1805-01-00,ECO1104-06-00 STA2102-05-00,ME ME,18.0,금,1,1,0,6,1+2+1+1
2670,12.925,MR,YCA1006-02-00,UIC1561-01-00 UIC1551-04-00 UIC2151-12-00 UIC1805-02-00,STA2102-05-00 QRM2102-01-00,ME ME,18.0,월,1,0,1,4,1+1+2+2
2671,12.925,MR,YCA1006-02-00,UIC1561-01-00 UIC1551-04-00 UIC2151-12-00 UIC1805-02-00,STA2102-05-00 QRM2102-01-00,ME ME,18.0,월,1,0,1,4,1+1+2+2
2672,12.925,Lang,YCA1006-02-00,QRM1001-01-00 UIC1561-01-00 UIC1551-01-00 UIC2151-04-00,STA2102-05-00 YCE1253-01-00,ME FREE,18.0,금,0,1,1,6,1+1+1
2673,12.925,Lang,YCA1006-02-00,QRM1001-01-00 UIC1561-01-00 UIC1551-01-00 UIC2151-10-00,STA2102-05-00 YCE1253-01-00,ME FREE,18.0,금,0,1,1,6,1+1+1
2674,12.899,-,-,QRM1001-01-00 UIC1561-01-00 UIC1501-05-00 UIC2151-14-00 UIC1806-01-00,ECO1101-06-00,ECO1101,18.0,월금,2,1,3,4+6,3+2
2675,12.899,-,-,QRM1001-01-00 UIC1561-01-00 UIC1501-05-00 UIC2151-14-00 UIC1805-01-00,ECO1101-06-00,ECO1101,18.0,월금,2,1,3,4+6,3+2
2676,12.899,-,-,QRM1001-01-00 UIC1561-01-00 UIC1501-05-00 UIC2151-14-00 UIC1806-01-00,ECO1101-06-00,ECO1101,18.0,월금,2,1,3,4+6,3+2
2677,12.899,-,-,QRM1001-01-00 UIC1561-01-00 UIC1501-05-00 UIC2151-14-00 UIC1805-01-00,ECO1101-06-00,ECO1101,18.0,월금,2,1,3,4+6,3+2
2678,12.89,MR,YCA1006-02-00,UIC1561-01-00 ASP2022-01-00 UIC2151-06-00 UIC1806-01-00,STA2102-05-00 YCK1998-03-00,ME FREE,18.0,월금,1,0,0,4,1+2+1
2679,12.89,MR,YCA1006-02-00,UIC1561-01-00 ASP2022-01-00 UIC2151-06-00 UIC1805-01-00,STA2102-05-00 YCK1998-03-00,ME FREE,18.0,월금,1,0,0,4,1+2+1
2680,12.89,MR,YCA1006-01-00,UIC1561-01-00 ASP2022-01-00 UIC2151-05-00 UIC1806-02-00,STA2102-05-00 YCK1998-03-00,ME FREE,18.0,월금,1,0,0,4,1+2+1
2681,12.89,MR,YCA1006-02-00,UIC1561-01-00 ASP2022-01-00 UIC2151-06-00 UIC1805-01-00,STA2102-05-00 YCK1998-03-00,ME FREE,18.0,월금,1,0,0,4,1+2+1
2682,12.89,MR,YCA1006-01-00,UIC1561-01-00 ASP2022-01-00 UIC2151-06-00 UIC1805-01-00,STA2102-05-00 YCK1998-03-00,ME FREE,18.0,월금,1,0,0,4,1+2+1
2683,12.89,MR,YCA1006-02-00,UIC1561-01-00 UIC1551-04-00 UIC2151-12-00 UIC1805-02-00,STA2102-05-00 ECO1002-05-00,ME FREE,18.0,월금,1,0,1,4+4,1+1+2
2684,12.89,MR,YCA1006-01-00,UIC1561-01-00 ASP2022-01-00 UIC2151-06-00 UIC1805-01-00,STA2102-05-00 YCK1998-03-00,ME FREE,18.0,월금,1,0,0,4,1+2+1
2685,12.89,MR,YCA1006-02-00,UIC1561-01-00 ASP2022-01-00 UIC2151-07-00 UIC1805-01-00,STA2102-05-00 YCK1998-03-00,ME FREE,18.0,월금,1,0,0,4,1+2+1
2686,12.89,MR,YCA1006-01-00,UIC1561-01-00 ASP2022-01-00 UIC2151-07-00 UIC1806-01-00,STA2102-05-00 YCK1998-03-00,ME FREE,18.0,월금,1,0,0,4,1+2+1
2687,12.89,MR,YCA1006-02-00,UIC1561-01-00 ASP2022-01-00 UIC2151-07-00 UIC1806-01-00,STA2102-05-00 YCK1998-03-00,ME FREE,18.0,월금,1,0,0,4,1+2+1
2688,12.89,MR,YCA1006-01-00,UIC1561-01-00 ASP2022-01-00 UIC2151-07-00 UIC1806-01-00,STA2102-05-00 YCK1998-03-00,ME FREE,18.0,월금,1,0,0,4,1+2+1
2689,12.89,MR,YCA1006-01-00,UIC1561-01-00 ASP2022-01-00 UIC2151-05-00 UIC1806-02-00,STA2102-05-00 YCK1998-03-00,ME FREE,18.0,월금,1,0,0,4,1+2+1
2690,12.89,MR,YCA1006-02-00,UIC1561-01-00 ASP2022-01-00 UIC2151-05-00 UIC1806-02-00,STA2102-05-00 YCK1998-03-00,ME FREE,18.0,월금,1,0,0,4,1+2+1
2691,12.89,MR,YCA1006-02-00,UIC1561-01-00 ASP2022-01-00 UIC2151-07-00 UIC1805-01-00,STA2102-05-00 YCK1998-03-00,ME FREE,18.0,월금,1,0,0,4,1+2+1
2692,12.89,MR,YCA1006-02-00,UIC1561-01-00 ASP2022-01-00 UIC2151-06-00 UIC1806-01-00,STA2102-05-00 YCK1998-03-00,ME FREE,18.0,월금,1,0,0,4,1+2+1
2693,12.89,MR,YCA1006-01-00,UIC1561-01-00 ASP2022-01-00 UIC2151-06-00 UIC1806-01-00,STA2102-05-00 YCK1998-03-00,ME FREE,18.0,월금,1,0,0,4,1+2+1
2694,12.89,MR,YCA1006-01-00,UIC1561-01-00 ASP2022-01-00 UIC2151-07-00 UIC1805-01-00,STA2102-05-00 YCK1998-03-00,ME FREE,18.0,월금,1,0,0,4,1+2+1
2695,12.89,MR,YCA1006-02-00,UIC1561-01-00 ASP2022-01-00 UIC2151-07-00 UIC1806-01-00,STA2102-05-00 YCK1998-03-00,ME FREE,18.0,월금,1,0,0,4,1+2+1
2696,12.89,MR,YCA1006-01-00,UIC1561-01-00 ASP2022-01-00 UIC2151-06-00 UIC1806-01-00,STA2102-05-00 YCK1998-03-00,ME FREE,18.0,월금,1,0,0,4,1+2+1
2697,12.89,MR,YCA1006-01-00,UIC1561-01-00 ASP2022-01-00 UIC2151-07-00 UIC1805-01-00,STA2102-05-00 YCK1998-03-00,ME FREE,18.0,월금,1,0,0,4,1+2+1
2698,12.89,MR,YCA1006-02-00,UIC1561-01-00 UIC1551-04-00 UIC2151-12-00 UIC1805-02-00,STA2102-05-00 ECO1002-05-00,ME FREE,18.0,월금,1,0,1,4+4,1+1+2
2699,12.89,MR,YCA1006-02-00,UIC1561-01-00 ASP2022-01-00 UIC2151-05-00 UIC1806-02-00,STA2102-05-00 YCK1998-03-00,ME FREE,18.0,월금,1,0,0,4,1+2+1
2700,12.865,WCiv,YCA1006-01-00,QRM1001-01-00 UIC1551-04-00 UIC2151-12-00 UIC1805-01-00,ECO1101-05-00 STA2102-05-00,ECO1101 ME,18.0,월금,2,1,1,4+6,5+2+1
2701,12.865,WCiv,YCA1006-01-00,QRM1001-01-00 UIC1551-04-00 UIC2151-12-00 UIC1806-01-00,ECO1101-05-00 STA2102-05-00,ECO1101 ME,18.0,월금,2,1,1,4+6,5+2+1
2702,12.865,WCiv,YCA1006-01-00,QRM1001-01-00 UIC1551-04-00 UIC2151-12-00 UIC1805-01-00,ECO1101-05-00 STA2102-05-00,ECO1101 ME,18.0,월금,2,1,1,4+6,5+2+1
2703,12.865,WCiv,YCA1006-01-00,QRM1001-01-00 UIC1551-04-00 UIC2151-12-00 UIC1806-01-00,ECO1101-05-00 STA2102-05-00,ECO1101 ME,18.0,월금,2,1,1,4+6,5+2+1
2704,12.858,Lang,YCA1006-01-00,QRM1001-01-00 UIC1561-01-00 UIC1551-03-00 UIC2151-14-00,ECO1101-06-00 STA2102-05-00,ECO1101 ME,18.0,금,0,1,3,8,4+1+2
2705,12.858,LHP,YCA1006-01-00,QRM1001-01-00 UIC1561-01-00 UIC2151-10-00 UIC1806-01-00,ECO1101-06-00 QRM2004-01-00,ECO1101 ME,18.0,금,1,1,2,4+5,2+1+2+2
2706,12.858,LHP,YCA1006-01-00,QRM1001-01-00 UIC1561-01-00 UIC2151-10-00 UIC1806-01-00,ECO1101-06-00 QRM2004-01-00,ECO1101 ME,18.0,금,1,1,2,4+5,2+1+2+2
2707,12.858,SciRD,YCA1006-01-00,QRM1001-01-00 UIC1561-01-00 UIC1501-02-00 UIC1805-01-00,ECO1101-06-00 QRM2004-01-00,ECO1101 ME,18.0,금,1,1,2,4+5,2+1+2+2
2708,12.858,Lang,YCA1006-01-00,QRM1001-01-00 UIC1561-01-00 UIC1501-02-00 UIC2151-05-00,ECO1101-06-00 QRM2004-01-00,ECO1101 ME,18.0,금,1,1,2,4+5,2+1+2+2
2709,12.858,Lang,YCA1006-01-00,QRM1001-01-00 UIC1561-01-00 UIC1501-04-00 UIC2151-04-00,ECO1101-06-00 QRM2004-01-00,ECO1101 ME,18.0,금,1,1,2,4+5,2+1+2+2
2710,12.858,LHP,YCA1006-01-00,QRM1001-01-00 UIC1561-01-00 UIC2151-10-00 UIC1805-01-00,ECO1101-06-00 QRM2004-01-00,ECO1101 ME,18.0,금,1,1,2,4+5,2+1+2+2
2711,12.858,LHP,YCA1006-01-00,QRM1001-01-00 UIC1561-01-00 UIC2151-04-00 UIC1805-01-00,ECO1101-06-00 QRM2004-01-00,ECO1101 ME,18.0,금,1,1,2,4+5,2+1+2+2
2712,12.858,Lang,YCA1006-01-00,QRM1001-01-00 UIC1561-01-00 UIC1501-04-00 UIC2151-10-00,ECO1101-06-00 QRM2004-01-00,ECO1101 ME,18.0,금,1,1,2,4+5,2+1+2+2
2713,12.858,SciRD,YCA1006-01-00,QRM1001-01-00 UIC1561-01-00 UIC1551-03-00 UIC1805-01-00,ECO1101-06-00 QRM2004-01-00,ECO1101 ME,18.0,금,1,1,2,4+5,2+1+2+2
2714,12.858,SciRD,YCA1006-01-00,QRM1001-01-00 UIC1561-01-00 UIC1501-02-00 UIC1806-01-00,ECO1101-06-00 QRM2004-01-00,ECO1101 ME,18.0,금,1,1,2,4+5,2+1+2+2
2715,12.858,LHP,YCA1006-01-00,QRM1001-01-00 UIC1561-01-00 UIC2151-10-00 UIC1805-01-00,ECO1101-06-00 QRM2004-01-00,ECO1101 ME,18.0,금,1,1,2,4+5,2+1+2+2
2716,12.858,SciRD,YCA1006-01-00,QRM1001-01-00 UIC1561-01-00 UIC1551-03-00 UIC1805-01-00,ECO1101-06-00 QRM2004-01-00,ECO1101 ME,18.0,금,1,1,2,4+5,2+1+2+2
2717,12.858,Lang,YCA1006-01-00,QRM1001-01-00 UIC1561-01-00 UIC1501-02-00 UIC2151-14-00,ECO1101-06-00 STA2102-05-00,ECO1101 ME,18.0,금,0,1,3,8,4+1+2
2718,12.858,LHP,YCA1006-01-00,QRM1001-01-00 UIC1561-01-00 UIC2151-04-00 UIC1805-01-00,ECO1101-06-00 QRM2004-01-00,ECO1101 ME,18.0,금,1,1,2,4+5,2+1+2+2
2719,12.858,Lang,YCA1006-01-00,QRM1001-01-00 UIC1561-01-00 UIC1551-03-00 UIC2151-05-00,ECO1101-06-00 QRM2004-01-00,ECO1101 ME,18.0,금,1,1,2,4+5,2+1+2+2
2720,12.858,LHP,YCA1006-01-00,QRM1001-01-00 UIC1561-01-00 UIC2151-04-00 UIC1806-01-00,ECO1101-06-00 QRM2004-01-00,ECO1101 ME,18.0,금,1,1,2,4+5,2+1+2+2
2721,12.858,SciRD,YCA1006-01-00,QRM1001-01-00 UIC1561-01-00 UIC1501-02-00 UIC1806-01-00,ECO1101-06-00 QRM2004-01-00,ECO1101 ME,18.0,금,1,1,2,4+5,2+1+2+2
2722,12.858,SciRD,YCA1006-01-00,QRM1001-01-00 UIC1561-01-00 UIC1501-02-00 UIC1805-01-00,ECO1101-06-00 QRM2004-01-00,ECO1101 ME,18.0,금,1,1,2,4+5,2+1+2+2
2723,12.858,LHP,YCA1006-01-00,QRM1001-01-00 UIC1561-01-00 UIC2151-04-00 UIC1806-01-00,ECO1101-06-00 QRM2004-01-00,ECO1101 ME,18.0,금,1,1,2,4+5,2+1+2+2
2724,12.858,SciRD,YCA1006-01-00,QRM1001-01-00 UIC1561-01-00 UIC1551-03-00 UIC1806-01-00,ECO1101-06-00 QRM2004-01-00,ECO1101 ME,18.0,금,1,1,2,4+5,2+1+2+2
2725,12.858,SciRD,YCA1006-01-00,QRM1001-01-00 UIC1561-01-00 UIC1551-03-00 UIC1806-01-00,ECO1101-06-00 QRM2004-01-00,ECO1101 ME,18.0,금,1,1,2,4+5,2+1+2+2
2726,12.857,Lang,YCA1006-01-00,QRM1001-01-00 UIC1561-01-00 UIC1551-01-00 UIC2151-12-00,QRM2004-01-00 UCB1105-02-00,ME FREE,18.0,월금,1,0,1,4+6,1+3
2727,12.857,Lang,YCA1006-01-00,QRM1001-01-00 UIC1561-01-00 UIC1551-04-00 UIC2151-12-00,QRM2004-01-00 YCI1998-02-00,ME FREE,18.0,월금,1,0,1,6+4,1+3
2728,12.849,-,YCA1006-02-00,QRM1001-01-00 UIC1561-01-00 ASP2022-01-00 UIC2151-12-00 UIC1806-01-00,ECO1101-06-00,ECO1101,18.0,월금,2,1,2,4+6,1+3+3+2
2729,12.849,-,YCA1006-02-00,QRM1001-01-00 UIC1561-01-00 ASP2022-01-00 UIC2151-12-00 UIC1805-01-00,ECO1101-06-00,ECO1101,18.0,월금,2,1,2,4+6,1+3+3+2
2730,12.849,-,YCA1006-02-00,QRM1001-01-00 UIC1561-01-00 ASP2022-01-00 UIC2151-12-00 UIC1806-01-00,ECO1101-06-00,ECO1101,18.0,월금,2,1,2,4+6,1+3+3+2
2731,12.849,-,YCA1006-02-00,QRM1001-01-00 UIC1561-01-00 ASP2022-01-00 UIC2151-12-00 UIC1805-01-00,ECO1101-06-00,ECO1101,18.0,월금,2,1,2,4+6,1+3+3+2
2732,12.84,Lang,-,QRM1001-01-00 UIC1561-01-00 UIC1551-01-00 UIC2151-12-00,ECO1101-06-00 YCK1998-03-00,ECO1101 FREE,18.0,월금,1,0,3,4,3+1+1
2733,12.833,WCiv,YCA1006-01-00,QRM1001-01-00 UIC1551-01-00 UIC2151-11-00 UIC1805-01-00,ECO1101-05-00 QRM2004-01-00,ECO1101 ME,18.0,금,1,1,1,4+4+5,1+1+1
2734,12.833,WCiv,YCA1006-01-00,QRM1001-01-00 UIC1551-01-00 UIC2151-11-00 UIC1805-01-00,ECO1101-05-00 QRM2004-01-00,ECO1101 ME,18.0,금,1,1,1,4+4+5,1+1+1
2735,12.833,WCiv,YCA1006-01-00,QRM1001-01-00 UIC1551-01-00 UIC2151-11-00 UIC1806-01-00,ECO1101-05-00 QRM2004-01-00,ECO1101 ME,18.0,금,1,1,1,4+4+5,1+1+1
2736,12.833,WCiv,YCA1006-01-00,QRM1001-01-00 UIC1551-01-00 UIC2151-11-00 UIC1806-01-00,ECO1101-05-00 QRM2004-01-00,ECO1101 ME,18.0,금,1,1,1,4+4+5,1+1+1
2737,12.808,MR,YCA1006-02-00,UIC1561-01-00 UIC1551-04-00 UIC2151-10-00 UIC1806-01-00,ECO1104-06-00 STA2102-05-00,ME ME,18.0,금,1,1,1,6,1+3+1+1
2738,12.808,MR,YCA1006-02-00,UIC1561-01-00 UIC1551-04-00 UIC2151-10-00 UIC1805-01-00,ECO1104-06-00 STA2102-05-00,ME ME,18.0,금,1,1,1,6,1+3+1+1
2739,12.808,MR,YCA1006-02-00,UIC1561-01-00 UIC1551-04-00 UIC2151-04-00 UIC1806-01-00,ECO1104-06-00 STA2102-05-00,ME ME,18.0,금,1,1,1,6,1+3+1+1
2740,12.808,MR,YCA1006-01-00,UIC1561-01-00 UIC1551-04-00 UIC2151-10-00 UIC1805-01-00,ECO1104-06-00 STA2102-05-00,ME ME,18.0,금,1,1,1,6,1+3+1+1
2741,12.808,MR,YCA1006-01-00,UIC1561-01-00 UIC1551-04-00 UIC2151-04-00 UIC1806-01-00,ECO1104-06-00 STA2102-05-00,ME ME,18.0,금,1,1,1,6,1+3+1+1
2742,12.808,MR,YCA1006-01-00,UIC1561-01-00 UIC1551-04-00 UIC2151-04-00 UIC1805-01-00,ECO1104-06-00 STA2102-05-00,ME ME,18.0,금,1,1,1,6,1+3+1+1
2743,12.808,MR,YCA1006-01-00,UIC1561-01-00 UIC1551-04-00 UIC2151-10-00 UIC1806-01-00,ECO1104-06-00 STA2102-05-00,ME ME,18.0,금,1,1,1,6,1+3+1+1
2744,12.808,MR,YCA1006-02-00,UIC1561-01-00 UIC1551-04-00 UIC2151-10-00 UIC1805-01-00,ECO1104-06-00 STA2102-05-00,ME ME,18.0,금,1,1,1,6,1+3+1+1
2745,12.808,MR,YCA1006-02-00,UIC1561-01-00 UIC1551-04-00 UIC2151-04-00 UIC1805-01-00,ECO1104-06-00 STA2102-05-00,ME ME,18.0,금,1,1,1,6,1+3+1+1
2746,12.808,MR,YCA1006-02-00,UIC1561-01-00 UIC1551-04-00 UIC2151-04-00 UIC1806-01-00,ECO1104-06-00 STA2102-05-00,ME ME,18.0,금,1,1,1,6,1+3+1+1
2747,12.808,MR,YCA1006-01-00,UIC1561-01-00 UIC1551-04-00 UIC2151-04-00 UIC1805-01-00,ECO1104-06-00 STA2102-05-00,ME ME,18.0,금,1,1,1,6,1+3+1+1
2748,12.808,MR,YCA1006-01-00,UIC1561-01-00 UIC1551-04-00 UIC2151-10-00 UIC1805-01-00,ECO1104-06-00 STA2102-05-00,ME ME,18.0,금,1,1,1,6,1+3+1+1
2749,12.808,MR,YCA1006-01-00,UIC1561-01-00 UIC1551-04-00 UIC2151-04-00 UIC1806-01-00,ECO1104-06-00 STA2102-05-00,ME ME,18.0,금,1,1,1,6,1+3+1+1
2750,12.808,MR,YCA1006-01-00,UIC1561-01-00 UIC1551-04-00 UIC2151-10-00 UIC1806-01-00,ECO1104-06-00 STA2102-05-00,ME ME,18.0,금,1,1,1,6,1+3+1+1
2751,12.808,MR,YCA1006-02-00,UIC1561-01-00 UIC1551-04-00 UIC2151-04-00 UIC1805-01-00,ECO1104-06-00 STA2102-05-00,ME ME,18.0,금,1,1,1,6,1+3+1+1
2752,12.808,MR,YCA1006-02-00,UIC1561-01-00 UIC1551-04-00 UIC2151-10-00 UIC1806-01-00,ECO1104-06-00 STA2102-05-00,ME ME,18.0,금,1,1,1,6,1+3+1+1
2753,12.79,MR,YCA1006-02-00,UIC1561-01-00 ASP2022-01-00 UIC2151-08-00 UIC1806-01-00,ECO1104-06-00 STA2102-05-00,ME ME,18.0,월금,1,2,0,4+6+6,1
2754,12.79,MR,YCA1006-02-00,UIC1561-01-00 ASP2022-01-00 UIC2151-05-00 UIC1805-02-00,ECO1104-06-00 STA2102-05-00,ME ME,18.0,월금,1,2,0,4+6+6,1
2755,12.79,MR,YCA1006-02-00,UIC1561-01-00 ASP2022-01-00 UIC2151-09-00 UIC1806-01-00,ECO1104-06-00 STA2102-05-00,ME ME,18.0,월금,1,2,0,4+6+6,1
2756,12.79,MR,YCA1006-02-00,UIC1561-01-00 ASP2022-01-00 UIC2151-09-00 UIC1805-01-00,ECO1104-06-00 STA2102-05-00,ME ME,18.0,월금,1,2,0,4+6+6,1
2757,12.79,MR,YCA1006-02-00,UIC1561-01-00 ASP2022-01-00 UIC2151-08-00 UIC1805-01-00,ECO1104-06-00 STA2102-05-00,ME ME,18.0,월금,1,2,0,4+6+6,1
2758,12.79,MR,YCA1006-02-00,UIC1561-01-00 ASP2022-01-00 UIC2151-05-00 UIC1805-02-00,ECO1104-06-00 STA2102-05-00,ME ME,18.0,월금,1,2,0,4+6+6,1
2759,12.79,MR,YCA1006-02-00,UIC1561-01-00 ASP2022-01-00 UIC2151-09-00 UIC1805-01-00,ECO1104-06-00 STA2102-05-00,ME ME,18.0,월금,1,2,0,4+6+6,1
2760,12.79,MR,YCA1006-02-00,UIC1561-01-00 ASP2022-01-00 UIC2151-09-00 UIC1806-01-00,ECO1104-06-00 STA2102-05-00,ME ME,18.0,월금,1,2,0,4+6+6,1
2761,12.79,MR,YCA1006-02-00,UIC1561-01-00 ASP2022-01-00 UIC2151-08-00 UIC1805-01-00,ECO1104-06-00 STA2102-05-00,ME ME,18.0,월금,1,2,0,4+6+6,1
2762,12.79,MR,YCA1006-02-00,UIC1561-01-00 ASP2022-01-00 UIC2151-08-00 UIC1806-01-00,ECO1104-06-00 STA2102-05-00,ME ME,18.0,월금,1,2,0,4+6+6,1
2763,12.767,Lang,-,QRM1001-01-00 UIC1561-01-00 UIC1401-03-00 UIC2151-12-00,QRM2004-01-00 QRM2002-01-00,ME ME,18.0,월,2,0,0,,1+1+1
2764,12.765,MR,YCA1006-01-00,UIC1561-01-00 UIC1551-01-00 UIC2151-12-00 UIC1805-02-00,STA2102-04-00 YCH1605-01-00,ME FREE,18.0,월금,1,0,1,4,1+3+1
2765,12.765,MR,YCA1006-02-00,UIC1561-01-00 UIC1551-04-00 UIC2151-05-00 UIC1806-02-00,STA2102-05-00 YCK1998-03-00,ME FREE,18.0,월금,1,0,1,4,1+3+1
2766,12.765,MR,YCA1006-02-00,UIC1561-01-00 UIC1551-04-00 UIC2151-07-00 UIC1805-01-00,STA2102-05-00 YCK1998-03-00,ME FREE,18.0,월금,1,0,1,4,1+3+1
2767,12.765,MR,YCA1006-02-00,UIC1561-01-00 UIC1551-01-00 UIC2151-09-00 UIC1806-01-00,STA2102-05-00 YCK1998-03-00,ME FREE,18.0,월금,1,0,1,4,1+1+3
2768,12.765,MR,YCA1006-01-00,UIC1561-01-00 UIC1551-04-00 UIC2151-06-00 UIC1806-01-00,STA2102-05-00 YCK1998-03-00,ME FREE,18.0,월금,1,0,1,4,1+3+1
2769,12.765,MR,YCA1006-02-00,UIC1561-01-00 UIC1551-01-00 UIC2151-08-00 UIC1806-01-00,STA2102-05-00 YCK1998-03-00,ME FREE,18.0,월금,1,0,1,4,1+1+3
2770,12.765,MR,YCA1006-02-00,UIC1561-01-00 UIC1551-01-00 UIC2151-05-00 UIC1805-02-00,STA2102-05-00 YCK1998-03-00,ME FREE,18.0,월금,1,0,1,4,1+1+3
2771,12.765,MR,YCA1006-01-00,UIC1561-01-00 UIC1551-04-00 UIC2151-06-00 UIC1806-01-00,STA2102-05-00 YCK1998-03-00,ME FREE,18.0,월금,1,0,1,4,1+3+1
2772,12.765,MR,YCA1006-01-00,UIC1561-01-00 UIC1551-04-00 UIC2151-06-00 UIC1805-01-00,STA2102-05-00 YCK1998-03-00,ME FREE,18.0,월금,1,0,1,4,1+3+1
2773,12.765,MR,YCA1006-01-00,UIC1561-01-00 UIC1551-01-00 UIC2151-12-00 UIC1805-02-00,STA2102-04-00 YCH1605-01-00,ME FREE,18.0,월금,1,0,1,4,1+3+1
2774,12.765,MR,YCA1006-01-00,UIC1561-01-00 UIC1551-04-00 UIC2151-06-00 UIC1805-01-00,STA2102-05-00 YCK1998-03-00,ME FREE,18.0,월금,1,0,1,4,1+3+1
2775,12.765,MR,YCA1006-02-00,UIC1561-01-00 UIC1551-04-00 UIC2151-06-00 UIC1806-01-00,STA2102-05-00 YCK1998-03-00,ME FREE,18.0,월금,1,0,1,4,1+3+1
2776,12.765,MR,YCA1006-02-00,UIC1561-01-00 UIC1551-01-00 UIC2151-09-00 UIC1805-01-00,STA2102-05-00 YCK1998-03-00,ME FREE,18.0,월금,1,0,1,4,1+1+3
2777,12.765,MR,YCA1006-01-00,UIC1561-01-00 UIC1551-04-00 UIC2151-05-00 UIC1806-02-00,STA2102-05-00 YCK1998-03-00,ME FREE,18.0,월금,1,0,1,4,1+3+1
2778,12.765,MR,YCA1006-02-00,UIC1561-01-00 UIC1551-01-00 UIC2151-09-00 UIC1806-01-00,STA2102-05-00 YCK1998-03-00,ME FREE,18.0,월금,1,0,1,4,1+1+3
2779,12.765,MR,YCA1006-02-00,UIC1561-01-00 UIC1551-01-00 UIC2151-08-00 UIC1805-01-00,STA2102-05-00 YCK1998-03-00,ME FREE,18.0,월금,1,0,1,4,1+1+3
2780,12.765,MR,YCA1006-02-00,UIC1561-01-00 UIC1551-04-00 UIC2151-06-00 UIC1805-01-00,STA2102-05-00 YCK1998-03-00,ME FREE,18.0,월금,1,0,1,4,1+3+1
2781,12.765,MR,YCA1006-01-00,UIC1561-01-00 UIC1551-04-00 UIC2151-07-00 UIC1806-01-00,STA2102-05-00 YCK1998-03-00,ME FREE,18.0,월금,1,0,1,4,1+3+1
2782,12.765,MR,YCA1006-02-00,UIC1561-01-00 UIC1551-04-00 UIC2151-06-00 UIC1806-01-00,STA2102-05-00 YCK1998-03-00,ME FREE,18.0,월금,1,0,1,4,1+3+1
2783,12.765,MR,YCA1006-01-00,UIC1561-01-00 UIC1551-04-00 UIC2151-12-00 UIC1805-02-00,STA2102-04-00 YCH1605-01-00,ME FREE,18.0,월금,1,0,1,4,1+1+3
2784,12.765,MR,YCA1006-02-00,UIC1561-01-00 UIC1551-04-00 UIC2151-06-00 UIC1805-01-00,STA2102-05-00 YCK1998-03-00,ME FREE,18.0,월금,1,0,1,4,1+3+1
2785,12.765,MR,YCA1006-02-00,UIC1561-01-00 UIC1551-01-00 UIC2151-08-00 UIC1805-01-00,STA2102-05-00 YCK1998-03-00,ME FREE,18.0,월금,1,0,1,4,1+1+3
2786,12.765,MR,YCA1006-02-00,UIC1561-01-00 UIC1551-04-00 UIC2151-05-00 UIC1806-02-00,STA2102-05-00 YCK1998-03-00,ME FREE,18.0,월금,1,0,1,4,1+3+1
2787,12.765,MR,YCA1006-01-00,UIC1561-01-00 UIC1551-04-00 UIC2151-07-00 UIC1806-01-00,STA2102-05-00 YCK1998-03-00,ME FREE,18.0,월금,1,0,1,4,1+3+1
2788,12.765,MR,YCA1006-02-00,UIC1561-01-00 UIC1551-01-00 UIC2151-08-00 UIC1806-01-00,STA2102-05-00 YCK1998-03-00,ME FREE,18.0,월금,1,0,1,4,1+1+3
2789,12.765,MR,YCA1006-01-00,UIC1561-01-00 UIC1551-04-00 UIC2151-05-00 UIC1806-02-00,STA2102-05-00 YCK1998-03-00,ME FREE,18.0,월금,1,0,1,4,1+3+1
2790,12.765,MR,YCA1006-02-00,UIC1561-01-00 UIC1551-01-00 UIC2151-05-00 UIC1805-02-00,STA2102-05-00 YCK1998-03-00,ME FREE,18.0,월금,1,0,1,4,1+1+3
2791,12.765,MR,YCA1006-01-00,UIC1561-01-00 UIC1551-04-00 UIC2151-12-00 UIC1805-02-00,STA2102-04-00 YCH1605-01-00,ME FREE,18.0,월금,1,0,1,4,1+1+3
2792,12.765,MR,YCA1006-01-00,UIC1561-01-00 UIC1551-04-00 UIC2151-07-00 UIC1805-01-00,STA2102-05-00 YCK1998-03-00,ME FREE,18.0,월금,1,0,1,4,1+3+1
2793,12.765,MR,YCA1006-01-00,UIC1561-01-00 UIC1551-04-00 UIC2151-07-00 UIC1805-01-00,STA2102-05-00 YCK1998-03-00,ME FREE,18.0,월금,1,0,1,4,1+3+1
2794,12.765,MR,YCA1006-02-00,UIC1561-01-00 UIC1551-04-00 UIC2151-07-00 UIC1805-01-00,STA2102-05-00 YCK1998-03-00,ME FREE,18.0,월금,1,0,1,4,1+3+1
2795,12.765,MR,YCA1006-02-00,UIC1561-01-00 UIC1551-04-00 UIC2151-07-00 UIC1806-01-00,STA2102-05-00 YCK1998-03-00,ME FREE,18.0,월금,1,0,1,4,1+3+1
2796,12.765,MR,YCA1006-02-00,UIC1561-01-00 UIC1551-01-00 UIC2151-09-00 UIC1805-01-00,STA2102-05-00 YCK1998-03-00,ME FREE,18.0,월금,1,0,1,4,1+1+3
2797,12.765,MR,YCA1006-02-00,UIC1561-01-00 UIC1551-04-00 UIC2151-07-00 UIC1806-01-00,STA2102-05-00 YCK1998-03-00,ME FREE,18.0,월금,1,0,1,4,1+3+1
2798,12.758,MR,YCA1006-01-00,UIC1561-01-00 UIC1501-03-00 UIC2151-12-00 UIC1805-01-00,STA2102-04-00 QRM2004-01-00,ME ME,18.0,금,2,0,0,4,1+2+1
2799,12.758,MR,YCA1006-01-00,UIC1561-01-00 UIC1501-03-00 UIC2151-12-00 UIC1805-01-00,STA2102-04-00 QRM2004-01-00,ME ME,18.0,금,2,0,0,4,1+2+1
2800,12.758,MR,YCA1006-01-00,UIC1561-01-00 UIC1501-03-00 UIC2151-12-00 UIC1806-01-00,STA2102-04-00 QRM2004-01-00,ME ME,18.0,금,2,0,0,4,1+2+1
2801,12.758,MR,YCA1006-01-00,UIC1561-01-00 UIC1501-03-00 UIC2151-12-00 UIC1806-01-00,STA2102-04-00 QRM2004-01-00,ME ME,18.0,금,2,0,0,4,1+2+1
2802,12.75,MR,YCA1006-02-00,UIC1561-01-00 ASP2022-01-00 UIC1751-01-00 UIC1806-02-00,ECO1101-06-00 STA2102-05-00,ECO1101 ME,18.0,월,0,0,2,6,2+2+2
2803,12.75,MR,YCA1006-02-00,UIC1561-01-00 ASP2022-01-00 UIC1751-01-00 UIC1806-02-00,ECO1101-06-00 STA2102-05-00,ECO1101 ME,18.0,월,0,0,2,6,2+2+2
2804,12.75,Lang,YCA1006-01-00,QRM1001-01-00 UIC1561-01-00 UIC1551-04-00 UIC2151-10-00,QRM2004-01-00 YCK1998-03-00,ME FREE,18.0,금,0,0,1,4,2+1+1+2
2805,12.75,Lang,YCA1006-01-00,QRM1001-01-00 UIC1561-01-00 UIC1551-01-00 UIC2151-10-00,QRM2004-01-00 YCK1998-03-00,ME FREE,18.0,금,0,0,1,4,2+1+2+1
2806,12.75,Lang,YCA1006-01-00,QRM1001-01-00 UIC1561-01-00 UIC1551-01-00 UIC2151-04-00,QRM2004-01-00 YCK1998-03-00,ME FREE,18.0,금,0,0,1,4,2+1+2+1
2807,12.75,Lang,YCA1006-01-00,QRM1001-01-00 UIC1561-01-00 UIC1551-04-00 UIC2151-04-00,QRM2004-01-00 YCK1998-03-00,ME FREE,18.0,금,0,0,1,4,2+1+1+2
2808,12.736,Lang,YCA1006-01-00,QRM1001-01-00 UIC1561-01-00 UIC1551-01-00 UIC2151-12-00,QRM2004-01-00 ANT2105-01-00,ME FREE,18.0,월금,1,0,2,4+4,1+3+1
2809,12.736,Lang,YCA1006-01-00,QRM1001-01-00 UIC1561-01-00 UIC1551-04-00 UIC2151-12-00,QRM2004-01-00 ANT2105-01-00,ME FREE,18.0,월금,1,0,2,4+4,1+1+3
2810,12.733,MR,YCA1006-02-00,UIC1561-01-00 UIC1551-01-00 UIC2151-10-00 UIC1806-02-00,ECO1101-06-00 STA2102-05-00,ECO1101 ME,18.0,금,0,1,3,8,2+1+2+1
2811,12.733,MR,YCA1006-02-00,UIC1561-01-00 UIC1551-01-00 UIC2151-04-00 UIC1806-02-00,ECO1101-06-00 STA2102-05-00,ECO1101 ME,18.0,금,0,1,3,8,2+1+2+1
2812,12.733,MR,YCA1006-02-00,UIC1561-01-00 UIC1551-01-00 UIC2151-04-00 UIC1806-02-00,ECO1101-06-00 STA2102-05-00,ECO1101 ME,18.0,금,0,1,3,8,2+1+2+1
2813,12.733,MR,YCA1006-02-00,UIC1561-01-00 UIC1551-01-00 UIC2151-10-00 UIC1806-02-00,ECO1101-06-00 STA2102-05-00,ECO1101 ME,18.0,금,0,1,3,8,2+1+2+1
2814,12.708,MR,YCA1006-02-00,UIC1561-01-00 UIC1551-01-00 UIC2151-11-00 UIC1806-02-00,ECO1101-06-00 QRM2001-01-00,ECO1101 ME,18.0,금,1,0,3,6,1+2+2+1+1
2815,12.708,MR,YCA1006-02-00,UIC1561-01-00 UIC1551-01-00 UIC2151-11-00 UIC1806-02-00,ECO1101-06-00 QRM2001-01-00,ECO1101 ME,18.0,금,1,0,3,6,1+2+2+1+1
2816,12.708,MR,YCA1006-01-00,UIC1561-01-00 UIC1551-01-00 UIC2151-11-00 UIC1806-02-00,ECO1101-06-00 QRM2001-01-00,ECO1101 ME,18.0,금,1,0,3,6,1+2+2+1+1
2817,12.708,MR,YCA1006-02-00,UIC1561-01-00 UIC1551-04-00 UIC2151-11-00 UIC1805-02-00,ECO1101-06-00 QRM2001-01-00,ECO1101 ME,18.0,금,1,0,3,6,1+1+1+2+2
2818,12.708,MR,YCA1006-01-00,UIC1561-01-00 UIC1551-01-00 UIC2151-11-00 UIC1806-02-00,ECO1101-06-00 QRM2001-01-00,ECO1101 ME,18.0,금,1,0,3,6,1+2+2+1+1
2819,12.708,MR,YCA1006-02-00,UIC1561-01-00 UIC1551-04-00 UIC2151-11-00 UIC1805-02-00,ECO1101-06-00 QRM2001-01-00,ECO1101 ME,18.0,금,1,0,3,6,1+1+1+2+2
2820,12.658,MR,YCA1006-02-00,UIC1561-01-00 UIC1551-03-00 UIC2151-12-00 UIC1805-02-00,ECO1101-06-00 STA2102-04-00,ECO1101 ME,18.0,금,1,0,2,4+4,2+1+2+2
2821,12.658,MR,YCA1006-02-00,UIC1561-01-00 UIC1501-02-00 UIC2151-12-00 UIC1805-02-00,ECO1101-06-00 STA2102-04-00,ECO1101 ME,18.0,금,1,0,2,4+4,2+1+2+2
2822,12.658,MR,YCA1006-02-00,UIC1561-01-00 UIC1551-03-00 UIC2151-12-00 UIC1805-02-00,ECO1101-06-00 STA2102-04-00,ECO1101 ME,18.0,금,1,0,2,4+4,2+1+2+2
2823,12.658,MR,YCA1006-02-00,UIC1561-01-00 UIC1501-02-00 UIC2151-12-00 UIC1805-02-00,ECO1101-06-00 STA2102-04-00,ECO1101 ME,18.0,금,1,0,2,4+4,2+1+2+2
2824,12.64,MR,YCA1006-02-00,UIC1561-01-00 UIC1551-01-00 UIC2151-12-00 UIC1805-01-00,ECO1104-06-00 BIZ1101-09-00,ME FREE,18.0,월금,2,0,1,,1+2+1+1+1
2825,12.64,MR,YCA1006-01-00,UIC1561-01-00 UIC1551-01-00 UIC2151-12-00 UIC1806-01-00,ECO1104-06-00 BIZ1101-09-00,ME FREE,18.0,월금,2,0,1,,1+2+1+1+1
2826,12.64,MR,YCA1006-02-00,UIC1561-01-00 UIC1551-01-00 UIC2151-12-00 UIC1806-01-00,ECO1104-06-00 BIZ1101-09-00,ME FREE,18.0,월금,2,0,1,,1+2+1+1+1
2827,12.64,MR,YCA1006-01-00,UIC1561-01-00 UIC1551-01-00 UIC2151-12-00 UIC1805-01-00,ECO1104-06-00 BIZ1101-09-00,ME FREE,18.0,월금,2,0,1,,1+2+1+1+1
2828,12.64,MR,YCA1006-01-00,UIC1561-01-00 UIC1551-01-00 UIC2151-12-00 UIC1806-01-00,ECO1104-06-00 BIZ1101-09-00,ME FREE,18.0,월금,2,0,1,,1+2+1+1+1
2829,12.64,MR,YCA1006-02-00,UIC1561-01-00 UIC1551-01-00 UIC2151-12-00 UIC1806-01-00,ECO1104-06-00 BIZ1101-09-00,ME FREE,18.0,월금,2,0,1,,1+2+1+1+1
2830,12.64,MR,YCA1006-01-00,UIC1561-01-00 UIC1551-01-00 UIC2151-12-00 UIC1805-01-00,ECO1104-06-00 BIZ1101-09-00,ME FREE,18.0,월금,2,0,1,,1+2+1+1+1
2831,12.64,MR,YCA1006-02-00,UIC1561-01-00 UIC1551-01-00 UIC2151-12-00 UIC1805-01-00,ECO1104-06-00 BIZ1101-09-00,ME FREE,18.0,월금,2,0,1,,1+2+1+1+1
2832,12.633,WCiv,YCA1006-01-00,QRM1001-01-00 UIC1551-03-00 UIC2151-11-00 UIC1806-01-00,ECO1101-05-00 QRM2004-01-00,ECO1101 ME,18.0,금,1,2,0,6+5,1+1+1
2833,12.633,WCiv,YCA1006-01-00,QRM1001-01-00 UIC1551-03-00 UIC2151-11-00 UIC1805-01-00,ECO1101-05-00 QRM2004-01-00,ECO1101 ME,18.0,금,1,2,0,6+5,1+1+1
2834,12.633,MR,YCA1006-02-00,UIC1561-01-00 UIC1551-04-00 UIC2151-04-00 UIC1805-01-00,STA2102-04-00 QRM2004-01-00,ME ME,18.0,금,1,1,1,4,2+1+1+2+1
2835,12.633,MR,YCA1006-02-00,UIC1561-01-00 UIC1551-04-00 UIC2151-04-00 UIC1806-01-00,STA2102-04-00 QRM2004-01-00,ME ME,18.0,금,1,1,1,4,2+1+1+2+1
2836,12.633,MR,YCA1006-02-00,UIC1561-01-00 UIC1551-04-00 UIC2151-10-00 UIC1805-01-00,STA2102-04-00 QRM2004-01-00,ME ME,18.0,금,1,1,1,4,2+1+1+2+1
2837,12.633,WCiv,YCA1006-01-00,QRM1001-01-00 UIC1551-03-00 UIC2151-11-00 UIC1806-01-00,ECO1101-05-00 QRM2004-01-00,ECO1101 ME,18.0,금,1,2,0,6+5,1+1+1
2838,12.633,WCiv,YCA1006-01-00,QRM1001-01-00 UIC1501-02-00 UIC2151-11-00 UIC1806-01-00,ECO1101-05-00 QRM2004-01-00,ECO1101 ME,18.0,금,1,2,0,6+5,1+1+1
2839,12.633,MR,YCA1006-02-00,UIC1561-01-00 UIC1551-04-00 UIC2151-10-00 UIC1806-01-00,STA2102-04-00 QRM2004-01-00,ME ME,18.0,금,1,1,1,4,2+1+1+2+1
2840,12.633,WCiv,YCA1006-01-00,QRM1001-01-00 UIC1501-03-00 UIC2151-04-00 UIC1806-01-00,ECO1101-05-00 QRM2004-01-00,ECO1101 ME,18.0,금,1,2,0,6+5,1+1+1
2841,12.633,WCiv,YCA1006-01-00,QRM1001-01-00 UIC1501-03-00 UIC2151-10-00 UIC1806-01-00,ECO1101-05-00 QRM2004-01-00,ECO1101 ME,18.0,금,1,2,0,6+5,1+1+1
2842,12.633,WCiv,YCA1006-01-00,QRM1001-01-00 UIC1501-03-00 UIC2151-10-00 UIC1805-01-00,ECO1101-05-00 QRM2004-01-00,ECO1101 ME,18.0,금,1,2,0,6+5,1+1+1
2843,12.633,WCiv,YCA1006-01-00,QRM1001-01-00 UIC1501-03-00 UIC2151-10-00 UIC1805-01-00,ECO1101-05-00 QRM2004-01-00,ECO1101 ME,18.0,금,1,2,0,6+5,1+1+1
2844,12.633,WCiv,YCA1006-01-00,QRM1001-01-00 UIC1501-02-00 UIC2151-11-00 UIC1805-01-00,ECO1101-05-00 QRM2004-01-00,ECO1101 ME,18.0,금,1,2,0,6+5,1+1+1
2845,12.633,WCiv,YCA1006-01-00,QRM1001-01-00 UIC1501-02-00 UIC2151-11-00 UIC1806-01-00,ECO1101-05-00 QRM2004-01-00,ECO1101 ME,18.0,금,1,2,0,6+5,1+1+1
2846,12.633,MR,YCA1006-02-00,UIC1561-01-00 UIC1551-04-00 UIC2151-04-00 UIC1805-01-00,STA2102-04-00 QRM2004-01-00,ME ME,18.0,금,1,1,1,4,2+1+1+2+1
2847,12.633,MR,YCA1006-02-00,UIC1561-01-00 UIC1551-04-00 UIC2151-10-00 UIC1806-01-00,STA2102-04-00 QRM2004-01-00,ME ME,18.0,금,1,1,1,4,2+1+1+2+1
2848,12.633,MR,YCA1006-02-00,UIC1561-01-00 UIC1551-04-00 UIC2151-10-00 UIC1805-01-00,STA2102-04-00 QRM2004-01-00,ME ME,18.0,금,1,1,1,4,2+1+1+2+1
2849,12.633,WCiv,YCA1006-01-00,QRM1001-01-00 UIC1551-03-00 UIC2151-11-00 UIC1805-01-00,ECO1101-05-00 QRM2004-01-00,ECO1101 ME,18.0,금,1,2,0,6+5,1+1+1
2850,12.633,WCiv,YCA1006-01-00,QRM1001-01-00 UIC1501-03-00 UIC2151-04-00 UIC1805-01-00,ECO1101-05-00 QRM2004-01-00,ECO1101 ME,18.0,금,1,2,0,6+5,1+1+1
2851,12.633,MR,YCA1006-02-00,UIC1561-01-00 UIC1551-04-00 UIC2151-04-00 UIC1806-01-00,STA2102-04-00 QRM2004-01-00,ME ME,18.0,금,1,1,1,4,2+1+1+2+1
2852,12.633,WCiv,YCA1006-01-00,QRM1001-01-00 UIC1501-03-00 UIC2151-10-00 UIC1806-01-00,ECO1101-05-00 QRM2004-01-00,ECO1101 ME,18.0,금,1,2,0,6+5,1+1+1
2853,12.633,WCiv,YCA1006-01-00,QRM1001-01-00 UIC1501-02-00 UIC2151-11-00 UIC1805-01-00,ECO1101-05-00 QRM2004-01-00,ECO1101 ME,18.0,금,1,2,0,6+5,1+1+1
2854,12.633,WCiv,YCA1006-01-00,QRM1001-01-00 UIC1501-03-00 UIC2151-04-00 UIC1805-01-00,ECO1101-05-00 QRM2004-01-00,ECO1101 ME,18.0,금,1,2,0,6+5,1+1+1
2855,12.633,WCiv,YCA1006-01-00,QRM1001-01-00 UIC1501-03-00 UIC2151-04-00 UIC1806-01-00,ECO1101-05-00 QRM2004-01-00,ECO1101 ME,18.0,금,1,2,0,6+5,1+1+1
2856,12.631,Lang,YCA1006-02-00,QRM1001-01-00 UIC1561-01-00 UIC1551-01-00 UIC2151-12-00,QRM2004-01-00 YCG1804-01-00,ME FREE,18.0,월금,1,1,1,5,3+1+1
2857,12.625,MR,YCA1006-02-00,UIC1561-01-00 UIC1551-04-00 UIC1751-01-00 UIC1806-02-00,ECO1101-06-00 STA2102-05-00,ECO1101 ME,18.0,월,0,0,3,6,3+2+2
2858,12.625,Lang,YCA1006-01-00,QRM1001-01-00 UIC1561-01-00 UIC1351-02-00 UIC2151-11-00,ECO1101-06-00 QRM2004-01-00,ECO1101 ME,18.0,,0,0,2,6,1+2+2
2859,12.625,MR,YCA1006-01-00,UIC1561-01-00 UIC1401-03-00 UIC2151-14-00 UIC1806-02-00,ECO1101-06-00 STA2102-05-00,ECO1101 ME,18.0,월,0,0,3,6,1+2+2
2860,12.625,MR,YCA1006-01-00,UIC1561-01-00 UIC1401-03-00 UIC2151-14-00 UIC1806-02-00,ECO1101-06-00 STA2102-05-00,ECO1101 ME,18.0,월,0,0,3,6,1+2+2
2861,12.625,MR,YCA1006-02-00,UIC1561-01-00 UIC1551-04-00 UIC1751-01-00 UIC1806-02-00,ECO1101-06-00 STA2102-05-00,ECO1101 ME,18.0,월,0,0,3,6,3+2+2
2862,12.625,Lang,YCA1006-01-00,QRM1001-01-00 UIC1561-01-00 UIC1501-03-00 UIC1751-01-00,ECO1101-06-00 QRM2004-01-00,ECO1101 ME,18.0,,0,0,2,6,1+2+2
2863,12.625,Lang,YCA1006-01-00,QRM1001-01-00 UIC1561-01-00 UIC1501-01-00 UIC2151-11-00,ECO1101-06-00 QRM2004-01-00,ECO1101 ME,18.0,,0,0,2,6,1+2+2
2864,12.625,Lang,YCA1006-02-00,QRM1001-01-00 UIC1561-01-00 UIC1551-01-00 UIC2151-02-00,QRM2004-01-00 STA2102-05-00,ME ME,18.0,금,1,1,1,4+5,2+3+1
2865,12.625,Lang,YCA1006-02-00,QRM1001-01-00 UIC1561-01-00 UIC1551-01-00 UIC2151-03-00,QRM2004-01-00 STA2102-05-00,ME ME,18.0,금,1,1,1,4+5,2+3+1
2866,12.615,WCiv,YCA1006-01-00,QRM1001-01-00 UIC1551-04-00 UIC2151-13-00 UIC1805-01-00,QRM2004-01-00 YCI1998-02-00,ME FREE,18.0,월금,1,1,2,6+6,1
2867,12.615,WCiv,YCA1006-01-00,QRM1001-01-00 UIC1551-04-00 UIC2151-13-00 UIC1806-01-00,QRM2004-01-00 YCI1998-02-00,ME FREE,18.0,월금,1,1,2,6+6,1
2868,12.615,WCiv,YCA1006-01-00,QRM1001-01-00 UIC1551-04-00 UIC2151-13-00 UIC1805-01-00,QRM2004-01-00 YCI1998-02-00,ME FREE,18.0,월금,1,1,2,6+6,1
2869,12.615,WCiv,YCA1006-01-00,QRM1001-01-00 UIC1551-04-00 UIC2151-13-00 UIC1806-01-00,QRM2004-01-00 YCI1998-02-00,ME FREE,18.0,월금,1,1,2,6+6,1
2870,12.608,Lang,YCA1006-02-00,QRM1001-01-00 UIC1561-01-00 UIC1551-03-00 UIC2151-14-00,ECO1101-06-00 YCH1605-01-00,ECO1101 FREE,18.0,금,0,0,3,4,2+2+2+2
2871,12.608,Lang,YCA1006-02-00,QRM1001-01-00 UIC1561-01-00 UIC1501-02-00 UIC2151-14-00,ECO1101-06-00 YCH1605-01-00,ECO1101 FREE,18.0,금,0,0,3,4,2+2+2+2
2872,12.592,Lang,YCA1006-01-00,QRM1001-01-00 UIC1561-01-00 UIC1551-04-00 UIC2151-11-00,QRM2004-01-00 QRM2102-01-00,ME ME,18.0,,0,0,1,4+4,1+1
2873,12.592,Lang,YCA1006-01-00,QRM1001-01-00 UIC1561-01-00 UIC1551-01-00 UIC2151-11-00,QRM2004-01-00 QRM2102-01-00,ME ME,18.0,,0,0,1,4+4,1+1
2874,12.59,WCiv,YCA1006-01-00,QRM1001-01-00 UIC1551-04-00 UIC2151-13-00 UIC1806-01-00,QRM2004-01-00 UCD1101-01-00,ME FREE,18.0,월금,1,1,3,8,1+1
2875,12.59,WCiv,YCA1006-01-00,QRM1001-01-00 UIC1551-04-00 UIC2151-13-00 UIC1806-01-00,QRM2004-01-00 UCD1101-01-00,ME FREE,18.0,월금,1,1,3,8,1+1
2876,12.59,WCiv,YCA1006-01-00,QRM1001-01-00 UIC1551-04-00 UIC2151-13-00 UIC1805-01-00,QRM2004-01-00 UCD1101-01-00,ME FREE,18.0,월금,1,1,3,8,1+1
2877,12.59,WCiv,YCA1006-01-00,QRM1001-01-00 UIC1551-04-00 UIC2151-13-00 UIC1805-01-00,QRM2004-01-00 UCD1101-01-00,ME FREE,18.0,월금,1,1,3,8,1+1
2878,12.569,MR,YCA1006-01-00,UIC1561-01-00 UIC1501-04-00 UIC2151-14-00 UIC1806-02-00,STA2102-05-00 YCH1202-01-00,ME FREE,18.0,월금,1,0,2,4,1+2+1+1
2879,12.569,MR,YCA1006-02-00,UIC1561-01-00 UIC1251-02-00 UIC2151-14-00 UIC1805-01-00,STA2102-05-00 YCH1202-01-00,ME FREE,18.0,월금,1,0,2,4,1+2+1+1
2880,12.569,MR,YCA1006-01-00,UIC1561-01-00 UIC1251-02-00 UIC2151-14-00 UIC1805-01-00,STA2102-05-00 YCH1202-01-00,ME FREE,18.0,월금,1,0,2,4,1+2+1+1
2881,12.569,MR,YCA1006-01-00,UIC1561-01-00 UIC1251-02-00 UIC2151-14-00 UIC1806-01-00,STA2102-05-00 YCH1202-01-00,ME FREE,18.0,월금,1,0,2,4,1+2+1+1
2882,12.569,MR,YCA1006-02-00,UIC1561-01-00 UIC1251-02-00 UIC2151-14-00 UIC1805-01-00,STA2102-05-00 YCH1202-01-00,ME FREE,18.0,월금,1,0,2,4,1+2+1+1
2883,12.569,MR,YCA1006-02-00,UIC1561-01-00 UIC1501-04-00 UIC2151-14-00 UIC1806-02-00,STA2102-05-00 YCH1202-01-00,ME FREE,18.0,월금,1,0,2,4,1+2+1+1
2884,12.569,MR,YCA1006-01-00,UIC1561-01-00 UIC1251-02-00 UIC2151-14-00 UIC1805-01-00,STA2102-05-00 YCH1202-01-00,ME FREE,18.0,월금,1,0,2,4,1+2+1+1
2885,12.569,MR,YCA1006-02-00,UIC1561-01-00 UIC1501-04-00 UIC2151-14-00 UIC1806-02-00,STA2102-05-00 YCH1202-01-00,ME FREE,18.0,월금,1,0,2,4,1+2+1+1
2886,12.569,MR,YCA1006-01-00,UIC1561-01-00 UIC1501-04-00 UIC2151-14-00 UIC1806-02-00,STA2102-05-00 YCH1202-01-00,ME FREE,18.0,월금,1,0,2,4,1+2+1+1
2887,12.569,MR,YCA1006-01-00,UIC1561-01-00 UIC1251-02-00 UIC2151-14-00 UIC1806-01-00,STA2102-05-00 YCH1202-01-00,ME FREE,18.0,월금,1,0,2,4,1+2+1+1
2888,12.569,MR,YCA1006-02-00,UIC1561-01-00 UIC1251-02-00 UIC2151-14-00 UIC1806-01-00,STA2102-05-00 YCH1202-01-00,ME FREE,18.0,월금,1,0,2,4,1+2+1+1
2889,12.569,MR,YCA1006-02-00,UIC1561-01-00 UIC1251-02-00 UIC2151-14-00 UIC1806-01-00,STA2102-05-00 YCH1202-01-00,ME FREE,18.0,월금,1,0,2,4,1+2+1+1
2890,12.565,MR,YCA1006-01-00,UIC1561-01-00 UIC1551-04-00 UIC2151-12-00 UIC1805-02-00,ECO1104-06-00 UCD1101-01-00,ME FREE,18.0,월금,1,0,2,6,1+1+3
2891,12.565,MR,YCA1006-01-00,UIC1561-01-00 UIC1551-01-00 UIC2151-12-00 UIC1805-02-00,ECO1104-06-00 YCI1901-01-00,ME FREE,18.0,월금,1,0,2,6,1+3+1
2892,12.565,MR,YCA1006-01-00,UIC1561-01-00 UIC1551-01-00 UIC2151-12-00 UIC1805-02-00,ECO1104-06-00 YCI1901-01-00,ME FREE,18.0,월금,1,0,2,6,1+3+1
2893,12.565,MR,YCA1006-01-00,UIC1561-01-00 UIC1551-04-00 UIC2151-12-00 UIC1805-02-00,ECO1104-06-00 UCD1101-01-00,ME FREE,18.0,월금,1,0,2,6,1+1+3
2894,12.55,Lang,YCA1006-01-00,QRM1001-01-00 UIC1561-01-00 UIC1501-02-00 UIC2151-14-00,QRM2004-01-00 QRM2001-01-00,ME ME,18.0,금,1,1,1,6+5,2+1+2
2895,12.55,Lang,YCA1006-01-00,QRM1001-01-00 UIC1561-01-00 UIC1551-03-00 UIC2151-14-00,QRM2004-01-00 QRM2001-01-00,ME ME,18.0,금,1,1,1,6+5,2+1+2
2896,12.54,Lang,YCA1006-01-00,QRM1001-01-00 UIC1561-01-00 UIC1551-01-00 UIC2151-12-00,ECO1101-06-00 QRM2001-01-00,ECO1101 ME,18.0,월금,2,1,3,4+5,4+3+2+1
2897,12.54,MR,YCA1006-02-00,UIC1561-01-00 UIC1501-04-00 UIC2151-14-00 UIC1806-02-00,ECO1101-06-00 YCK1998-03-00,ECO1101 FREE,18.0,월금,1,0,3,4,1+2+1+1
2898,12.54,MR,YCA1006-01-00,UIC1561-01-00 UIC1251-02-00 UIC2151-14-00 UIC1805-01-00,ECO1101-06-00 YCK1998-03-00,ECO1101 FREE,18.0,월금,1,0,3,4,1+2+1+1
2899,12.54,MR,YCA1006-02-00,UIC1561-01-00 UIC1501-04-00 UIC2151-14-00 UIC1806-02-00,ECO1101-06-00 YCK1998-03-00,ECO1101 FREE,18.0,월금,1,0,3,4,1+2+1+1
2900,12.54,MR,YCA1006-01-00,UIC1561-01-00 UIC1551-04-00 UIC2151-06-00 UIC1805-01-00,ECO1101-06-00 YCE1253-01-00,ECO1101 FREE,18.0,월금,1,0,3,4,1+1+2+1
2901,12.54,MR,YCA1006-01-00,UIC1561-01-00 UIC1551-04-00 UIC2151-06-00 UIC1806-01-00,ECO1101-06-00 YCE1253-01-00,ECO1101 FREE,18.0,월금,1,0,3,4,1+1+2+1
2902,12.54,MR,YCA1006-01-00,UIC1561-01-00 UIC1551-04-00 UIC2151-07-00 UIC1806-01-00,ECO1101-06-00 YCE1253-01-00,ECO1101 FREE,18.0,월금,1,0,3,4,1+1+2+1
2903,12.54,MR,YCA1006-01-00,UIC1561-01-00 UIC1251-02-00 UIC2151-14-00 UIC1806-01-00,ECO1101-06-00 YCK1998-03-00,ECO1101 FREE,18.0,월금,1,0,3,4,1+2+1+1
2904,12.54,MR,YCA1006-02-00,UIC1561-01-00 UIC1251-02-00 UIC2151-14-00 UIC1806-01-00,ECO1101-06-00 YCK1998-03-00,ECO1101 FREE,18.0,월금,1,0,3,4,1+2+1+1
2905,12.54,MR,YCA1006-01-00,UIC1561-01-00 UIC1551-04-00 UIC2151-07-00 UIC1806-01-00,ECO1101-06-00 YCE1253-01-00,ECO1101 FREE,18.0,월금,1,0,3,4,1+1+2+1
2906,12.54,MR,YCA1006-01-00,UIC1561-01-00 UIC1251-02-00 UIC2151-14-00 UIC1806-01-00,ECO1101-06-00 YCK1998-03-00,ECO1101 FREE,18.0,월금,1,0,3,4,1+2+1+1
2907,12.54,MR,YCA1006-01-00,UIC1561-01-00 UIC1551-04-00 UIC2151-07-00 UIC1805-01-00,ECO1101-06-00 YCE1253-01-00,ECO1101 FREE,18.0,월금,1,0,3,4,1+1+2+1
2908,12.54,MR,YCA1006-02-00,UIC1561-01-00 UIC1251-02-00 UIC2151-14-00 UIC1805-01-00,ECO1101-06-00 YCK1998-03-00,ECO1101 FREE,18.0,월금,1,0,3,4,1+2+1+1
2909,12.54,MR,YCA1006-01-00,UIC1561-01-00 UIC1551-04-00 UIC2151-05-00 UIC1806-02-00,ECO1101-06-00 YCE1253-01-00,ECO1101 FREE,18.0,월금,1,0,3,4,1+1+2+1
2910,12.54,MR,YCA1006-01-00,UIC1561-01-00 UIC1551-04-00 UIC2151-07-00 UIC1805-01-00,ECO1101-06-00 YCE1253-01-00,ECO1101 FREE,18.0,월금,1,0,3,4,1+1+2+1
2911,12.54,MR,YCA1006-01-00,UIC1561-01-00 UIC1551-04-00 UIC2151-06-00 UIC1806-01-00,ECO1101-06-00 YCE1253-01-00,ECO1101 FREE,18.0,월금,1,0,3,4,1+1+2+1
2912,12.54,MR,YCA1006-01-00,UIC1561-01-00 UIC1251-02-00 UIC2151-14-00 UIC1805-01-00,ECO1101-06-00 YCK1998-03-00,ECO1101 FREE,18.0,월금,1,0,3,4,1+2+1+1
2913,12.54,MR,YCA1006-02-00,UIC1561-01-00 UIC1551-01-00 UIC2151-12-00 UIC1805-02-00,ECO1101-06-00 ECO1002-05-00,ECO1101 FREE,18.0,월금,1,0,3,4,1+3+2+1
2914,12.54,MR,YCA1006-01-00,UIC1561-01-00 UIC1501-04-00 UIC2151-14-00 UIC1806-02-00,ECO1101-06-00 YCK1998-03-00,ECO1101 FREE,18.0,월금,1,0,3,4,1+2+1+1
2915,12.54,MR,YCA1006-02-00,UIC1561-01-00 UIC1251-02-00 UIC2151-14-00 UIC1805-01-00,ECO1101-06-00 YCK1998-03-00,ECO1101 FREE,18.0,월금,1,0,3,4,1+2+1+1
2916,12.54,MR,YCA1006-02-00,UIC1561-01-00 UIC1551-01-00 UIC2151-12-00 UIC1806-02-00,ECO1101-06-00 YCK1998-03-00,ECO1101 FREE,18.0,월금,1,0,3,4,2+3+1+1
2917,12.54,MR,YCA1006-01-00,UIC1561-01-00 UIC1551-04-00 UIC2151-06-00 UIC1805-01-00,ECO1101-06-00 YCE1253-01-00,ECO1101 FREE,18.0,월금,1,0,3,4,1+1+2+1
2918,12.54,MR,YCA1006-01-00,UIC1561-01-00 UIC1501-04-00 UIC2151-14-00 UIC1806-02-00,ECO1101-06-00 YCK1998-03-00,ECO1101 FREE,18.0,월금,1,0,3,4,1+2+1+1
2919,12.54,MR,YCA1006-02-00,UIC1561-01-00 UIC1251-02-00 UIC2151-14-00 UIC1806-01-00,ECO1101-06-00 YCK1998-03-00,ECO1101 FREE,18.0,월금,1,0,3,4,1+2+1+1
2920,12.54,MR,YCA1006-02-00,UIC1561-01-00 UIC1551-01-00 UIC2151-12-00 UIC1806-02-00,ECO1101-06-00 YCK1998-03-00,ECO1101 FREE,18.0,월금,1,0,3,4,2+3+1+1
2921,12.54,MR,YCA1006-01-00,UIC1561-01-00 UIC1551-04-00 UIC2151-05-00 UIC1806-02-00,ECO1101-06-00 YCE1253-01-00,ECO1101 FREE,18.0,월금,1,0,3,4,1+1+2+1
2922,12.54,MR,YCA1006-02-00,UIC1561-01-00 UIC1551-01-00 UIC2151-12-00 UIC1805-02-00,ECO1101-06-00 ECO1002-05-00,ECO1101 FREE,18.0,월금,1,0,3,4,1+3+2+1
2923,12.533,MR,YCA1006-01-00,UIC1561-01-00 ASP2022-01-00 UIC2151-10-00 UIC1806-01-00,ECO1104-06-00 ECO1101-06-00,ME ECO1101,18.0,금,1,0,2,4,2+1+2+2+2+1
2924,12.533,MR,YCA1006-02-00,UIC1561-01-00 ASP2022-01-00 UIC2151-10-00 UIC1806-01-00,ECO1104-06-00 ECO1101-06-00,ME ECO1101,18.0,금,1,0,2,4,2+1+2+2+2+1
2925,12.533,MR,YCA1006-01-00,UIC1561-01-00 ASP2022-01-00 UIC2151-04-00 UIC1805-01-00,ECO1104-06-00 ECO1101-06-00,ME ECO1101,18.0,금,1,0,2,4,2+1+2+2+2+1
2926,12.533,MR,YCA1006-01-00,UIC1561-01-00 ASP2022-01-00 UIC2151-10-00 UIC1805-01-00,ECO1104-06-00 ECO1101-06-00,ME ECO1101,18.0,금,1,0,2,4,2+1+2+2+2+1
2927,12.533,MR,YCA1006-02-00,UIC1561-01-00 ASP2022-01-00 UIC2151-04-00 UIC1806-01-00,ECO1104-06-00 ECO1101-06-00,ME ECO1101,18.0,금,1,0,2,4,2+1+2+2+2+1
2928,12.533,MR,YCA1006-01-00,UIC1561-01-00 ASP2022-01-00 UIC2151-04-00 UIC1805-01-00,ECO1104-06-00 ECO1101-06-00,ME ECO1101,18.0,금,1,0,2,4,2+1+2+2+2+1
2929,12.533,MR,YCA1006-02-00,UIC1561-01-00 ASP2022-01-00 UIC2151-10-00 UIC1805-01-00,ECO1104-06-00 ECO1101-06-00,ME ECO1101,18.0,금,1,0,2,4,2+1+2+2+2+1
2930,12.533,MR,YCA1006-01-00,UIC1561-01-00 ASP2022-01-00 UIC2151-10-00 UIC1805-01-00,ECO1104-06-00 ECO1101-06-00,ME ECO1101,18.0,금,1,0,2,4,2+1+2+2+2+1
2931,12.533,MR,YCA1006-02-00,UIC1561-01-00 ASP2022-01-00 UIC2151-04-00 UIC1806-01-00,ECO1104-06-00 ECO1101-06-00,ME ECO1101,18.0,금,1,0,2,4,2+1+2+2+2+1
2932,12.533,MR,YCA1006-02-00,UIC1561-01-00 ASP2022-01-00 UIC2151-04-00 UIC1805-01-00,ECO1104-06-00 ECO1101-06-00,ME ECO1101,18.0,금,1,0,2,4,2+1+2+2+2+1
2933,12.533,MR,YCA1006-02-00,UIC1561-01-00 ASP2022-01-00 UIC2151-04-00 UIC1805-01-00,ECO1104-06-00 ECO1101-06-00,ME ECO1101,18.0,금,1,0,2,4,2+1+2+2+2+1
2934,12.533,MR,YCA1006-01-00,UIC1561-01-00 ASP2022-01-00 UIC2151-04-00 UIC1806-01-00,ECO1104-06-00 ECO1101-06-00,ME ECO1101,18.0,금,1,0,2,4,2+1+2+2+2+1
2935,12.533,MR,YCA1006-01-00,UIC1561-01-00 ASP2022-01-00 UIC2151-04-00 UIC1806-01-00,ECO1104-06-00 ECO1101-06-00,ME ECO1101,18.0,금,1,0,2,4,2+1+2+2+2+1
2936,12.533,MR,YCA1006-01-00,UIC1561-01-00 ASP2022-01-00 UIC2151-10-00 UIC1806-01-00,ECO1104-06-00 ECO1101-06-00,ME ECO1101,18.0,금,1,0,2,4,2+1+2+2+2+1
2937,12.533,MR,YCA1006-02-00,UIC1561-01-00 ASP2022-01-00 UIC2151-10-00 UIC1805-01-00,ECO1104-06-00 ECO1101-06-00,ME ECO1101,18.0,금,1,0,2,4,2+1+2+2+2+1
2938,12.533,MR,YCA1006-02-00,UIC1561-01-00 ASP2022-01-00 UIC2151-10-00 UIC1806-01-00,ECO1104-06-00 ECO1101-06-00,ME ECO1101,18.0,금,1,0,2,4,2+1+2+2+2+1
2939,12.533,Lang,YCA1006-02-00,QRM1001-01-00 UIC1561-01-00 UIC1551-01-00 UIC2151-11-00,ECO1101-06-00 YCK1998-03-00,ECO1101 FREE,18.0,금,0,0,3,6,3+1+1
2940,12.517,Lang,-,QRM1001-01-00 UIC1561-01-00 UIC1551-01-00 UIC2151-12-00,STA2102-05-00 QRM2102-01-00,ME ME,18.0,월,1,0,1,4,2+1
2941,12.458,MR,YCA1006-02-00,UIC1561-01-00 ASP2022-01-00 UIC2151-11-00 UIC1805-02-00,ECO1101-06-00 STA2102-04-00,ECO1101 ME,18.0,금,0,0,2,6+4+4,1+2
2942,12.458,MR,YCA1006-02-00,UIC1561-01-00 ASP2022-01-00 UIC2151-11-00 UIC1805-02-00,ECO1101-06-00 STA2102-04-00,ECO1101 ME,18.0,금,0,0,2,6+4+4,1+2
2943,12.458,MR,YCA1006-02-00,UIC1561-01-00 UIC1551-01-00 UIC2151-10-00 UIC1805-02-00,ECO1104-06-00 ECO1103-02-00,ME ME,18.0,금,1,1,1,4+5,2+1+2+1
2944,12.458,MR,YCA1006-02-00,UIC1561-01-00 UIC1551-01-00 UIC2151-04-00 UIC1805-02-00,ECO1104-06-00 ECO1103-02-00,ME ME,18.0,금,1,1,1,4+5,2+1+2+1
2945,12.458,MR,YCA1006-02-00,UIC1561-01-00 UIC1551-01-00 UIC2151-10-00 UIC1805-02-00,ECO1104-06-00 ECO1103-02-00,ME ME,18.0,금,1,1,1,4+5,2+1+2+1
2946,12.458,MR,YCA1006-01-00,UIC1561-01-00 ASP2022-01-00 UIC2151-11-00 UIC1806-01-00,STA2102-04-00 QRM2004-01-00,ME ME,18.0,금,1,0,0,4+5,1+1
2947,12.458,MR,YCA1006-02-00,UIC1561-01-00 UIC1551-01-00 UIC2151-04-00 UIC1805-02-00,ECO1104-06-00 ECO1103-02-00,ME ME,18.0,금,1,1,1,4+5,2+1+2+1
2948,12.458,MR,YCA1006-01-00,UIC1561-01-00 ASP2022-01-00 UIC2151-11-00 UIC1805-01-00,STA2102-04-00 QRM2004-01-00,ME ME,18.0,금,1,0,0,4+5,1+1
2949,12.458,MR,YCA1006-01-00,UIC1561-01-00 ASP2022-01-00 UIC2151-11-00 UIC1806-01-00,STA2102-04-00 QRM2004-01-00,ME ME,18.0,금,1,0,0,4+5,1+1
2950,12.458,MR,YCA1006-01-00,UIC1561-01-00 ASP2022-01-00 UIC2151-11-00 UIC1805-01-00,STA2102-04-00 QRM2004-01-00,ME ME,18.0,금,1,0,0,4+5,1+1
2951,12.408,MR,YCA1006-02-00,UIC1561-01-00 UIC1551-04-00 UIC2151-10-00 UIC1805-01-00,ECO1104-06-00 ECO1101-06-00,ME ECO1101,18.0,금,1,0,3,4,2+1+3+2+2+1
2952,12.408,MR,YCA1006-01-00,UIC1561-01-00 UIC1551-04-00 UIC2151-04-00 UIC1805-01-00,ECO1104-06-00 ECO1101-06-00,ME ECO1101,18.0,금,1,0,3,4,2+1+3+2+2+1
2953,12.408,MR,YCA1006-01-00,UIC1561-01-00 UIC1551-04-00 UIC2151-04-00 UIC1806-01-00,ECO1104-06-00 ECO1101-06-00,ME ECO1101,18.0,금,1,0,3,4,2+1+3+2+2+1
2954,12.408,MR,YCA1006-02-00,UIC1561-01-00 UIC1551-04-00 UIC2151-04-00 UIC1806-01-00,ECO1104-06-00 ECO1101-06-00,ME ECO1101,18.0,금,1,0,3,4,2+1+3+2+2+1
2955,12.408,MR,YCA1006-01-00,UIC1561-01-00 UIC1551-04-00 UIC2151-10-00 UIC1805-01-00,ECO1104-06-00 ECO1101-06-00,ME ECO1101,18.0,금,1,0,3,4,2+1+3+2+2+1
2956,12.408,MR,YCA1006-02-00,UIC1561-01-00 UIC1551-04-00 UIC2151-10-00 UIC1805-01-00,ECO1104-06-00 ECO1101-06-00,ME ECO1101,18.0,금,1,0,3,4,2+1+3+2+2+1
2957,12.408,MR,YCA1006-01-00,UIC1561-01-00 UIC1551-04-00 UIC2151-10-00 UIC1805-01-00,ECO1104-06-00 ECO1101-06-00,ME ECO1101,18.0,금,1,0,3,4,2+1+3+2+2+1
2958,12.408,MR,YCA1006-02-00,UIC1561-01-00 UIC1551-04-00 UIC2151-04-00 UIC1805-01-00,ECO1104-06-00 ECO1101-06-00,ME ECO1101,18.0,금,1,0,3,4,2+1+3+2+2+1
2959,12.408,MR,YCA1006-01-00,UIC1561-01-00 UIC1551-04-00 UIC2151-10-00 UIC1806-01-00,ECO1104-06-00 ECO1101-06-00,ME ECO1101,18.0,금,1,0,3,4,2+1+3+2+2+1
2960,12.408,MR,YCA1006-02-00,UIC1561-01-00 UIC1551-04-00 UIC2151-10-00 UIC1806-01-00,ECO1104-06-00 ECO1101-06-00,ME ECO1101,18.0,금,1,0,3,4,2+1+3+2+2+1
2961,12.408,MR,YCA1006-02-00,UIC1561-01-00 UIC1551-04-00 UIC2151-04-00 UIC1805-01-00,ECO1104-06-00 ECO1101-06-00,ME ECO1101,18.0,금,1,0,3,4,2+1+3+2+2+1
2962,12.408,MR,YCA1006-02-00,UIC1561-01-00 UIC1551-04-00 UIC2151-04-00 UIC1806-01-00,ECO1104-06-00 ECO1101-06-00,ME ECO1101,18.0,금,1,0,3,4,2+1+3+2+2+1
2963,12.408,MR,YCA1006-01-00,UIC1561-01-00 UIC1551-04-00 UIC2151-04-00 UIC1806-01-00,ECO1104-06-00 ECO1101-06-00,ME ECO1101,18.0,금,1,0,3,4,2+1+3+2+2+1
2964,12.408,MR,YCA1006-02-00,UIC1561-01-00 UIC1551-04-00 UIC2151-10-00 UIC1806-01-00,ECO1104-06-00 ECO1101-06-00,ME ECO1101,18.0,금,1,0,3,4,2+1+3+2+2+1
2965,12.408,MR,YCA1006-01-00,UIC1561-01-00 UIC1551-04-00 UIC2151-10-00 UIC1806-01-00,ECO1104-06-00 ECO1101-06-00,ME ECO1101,18.0,금,1,0,3,4,2+1+3+2+2+1
2966,12.408,MR,YCA1006-01-00,UIC1561-01-00 UIC1551-04-00 UIC2151-04-00 UIC1805-01-00,ECO1104-06-00 ECO1101-06-00,ME ECO1101,18.0,금,1,0,3,4,2+1+3+2+2+1
2967,12.395,Lang,-,QRM1001-01-00 UIC1561-01-00 ASP2033-01-00 UIC2151-14-00,ECO1101-06-00 YCH1202-01-00,ECO1101 FREE,18.0,월금,0,0,4,4,2+2+1
2968,12.392,Lang,YCA1006-01-00,QRM1001-01-00 UIC1561-01-00 UIC1351-02-00 UIC2151-10-00,QRM2004-01-00 STA2102-05-00,ME ME,18.0,,0,1,0,6,1+1
2969,12.392,Lang,YCA1006-01-00,QRM1001-01-00 UIC1561-01-00 UIC1551-03-00 UIC2151-11-00,QRM2004-01-00 QRM2102-01-00,ME ME,18.0,,0,1,0,6,1+1
2970,12.392,Lang,YCA1006-01-00,QRM1001-01-00 UIC1561-01-00 UIC1501-01-00 UIC2151-10-00,QRM2004-01-00 STA2102-05-00,ME ME,18.0,,0,1,0,6,1+1
2971,12.392,Lang,YCA1006-01-00,QRM1001-01-00 UIC1561-01-00 UIC1501-02-00 UIC2151-11-00,QRM2004-01-00 QRM2102-01-00,ME ME,18.0,,0,1,0,6,1+1
2972,12.392,Lang,YCA1006-01-00,QRM1001-01-00 UIC1561-01-00 UIC1551-03-00 UIC1751-01-00,QRM2004-01-00 STA2102-05-00,ME ME,18.0,,0,1,0,6,1+1
2973,12.392,Lang,YCA1006-01-00,QRM1001-01-00 UIC1561-01-00 UIC1501-03-00 UIC2151-04-00,QRM2004-01-00 QRM2102-01-00,ME ME,18.0,,0,1,0,6,1+1
2974,12.392,Lang,YCA1006-01-00,QRM1001-01-00 UIC1561-01-00 UIC1501-02-00 UIC1751-01-00,QRM2004-01-00 STA2102-05-00,ME ME,18.0,,0,1,0,6,1+1
2975,12.392,Lang,YCA1006-01-00,QRM1001-01-00 UIC1561-01-00 UIC1501-01-00 UIC2151-04-00,QRM2004-01-00 STA2102-05-00,ME ME,18.0,,0,1,0,6,1+1
2976,12.392,Lang,YCA1006-01-00,QRM1001-01-00 UIC1561-01-00 UIC1351-02-00 UIC2151-04-00,QRM2004-01-00 STA2102-05-00,ME ME,18.0,,0,1,0,6,1+1
2977,12.392,Lang,YCA1006-01-00,QRM1001-01-00 UIC1561-01-00 UIC1501-03-00 UIC2151-10-00,QRM2004-01-00 QRM2102-01-00,ME ME,18.0,,0,1,0,6,1+1
2978,12.39,MR,YCA1006-01-00,UIC1561-01-00 UIC1551-01-00 UIC2151-12-00 UIC1806-02-00,STA2102-05-00 YCI1901-01-00,ME FREE,18.0,월금,1,0,2,4,1+2+2+1
2979,12.39,MR,YCA1006-01-00,UIC1561-01-00 UIC1551-01-00 UIC2151-12-00 UIC1806-02-00,STA2102-05-00 YCI1901-01-00,ME FREE,18.0,월금,1,0,2,4,1+2+2+1
2980,12.382,SciRD,YCA1006-01-00,QRM1001-01-00 UIC1561-01-00 UIC1551-01-00 UIC1806-01-00,STA2102-05-00 YCE1253-01-00,ME FREE,18.0,월금,1,1,1,4+5,2+1
2981,12.382,Lang,YCA1006-02-00,QRM1001-01-00 UIC1561-01-00 UIC1501-04-00 UIC2151-14-00,STA2102-05-00 YCH1605-01-00,ME FREE,18.0,월금,1,1,1,4+5,1+2
2982,12.382,LHP,YCA1006-01-00,QRM1001-01-00 UIC1561-01-00 UIC2151-14-00 UIC1806-01-00,STA2102-05-00 YCH1605-01-00,ME FREE,18.0,월금,1,1,1,4+5,1+2
2983,12.382,LHP,YCA1006-02-00,QRM1001-01-00 UIC1561-01-00 UIC2151-14-00 UIC1805-01-00,STA2102-05-00 YCH1605-01-00,ME FREE,18.0,월금,1,1,1,4+5,1+2
2984,12.382,LHP,YCA1006-01-00,QRM1001-01-00 UIC1561-01-00 UIC2151-14-00 UIC1805-01-00,STA2102-05-00 YCH1605-01-00,ME FREE,18.0,월금,1,1,1,4+5,1+2
2985,12.382,SciRD,YCA1006-01-00,QRM1001-01-00 UIC1561-01-00 UIC1551-01-00 UIC1805-01-00,STA2102-05-00 YCE1253-01-00,ME FREE,18.0,월금,1,1,1,4+5,2+1
2986,12.382,SciRD,YCA1006-01-00,QRM1001-01-00 UIC1561-01-00 UIC1551-01-00 UIC1805-01-00,STA2102-05-00 YCE1253-01-00,ME FREE,18.0,월금,1,1,1,4+5,2+1
2987,12.382,Lang,YCA1006-01-00,QRM1001-01-00 UIC1561-01-00 UIC1501-04-00 UIC2151-14-00,STA2102-05-00 YCH1605-01-00,ME FREE,18.0,월금,1,1,1,4+5,1+2
2988,12.382,LHP,YCA1006-02-00,QRM1001-01-00 UIC1561-01-00 UIC2151-14-00 UIC1805-01-00,STA2102-05-00 YCH1605-01-00,ME FREE,18.0,월금,1,1,1,4+5,1+2
2989,12.382,LHP,YCA1006-01-00,QRM1001-01-00 UIC1561-01-00 UIC2151-14-00 UIC1806-01-00,STA2102-05-00 YCH1605-01-00,ME FREE,18.0,월금,1,1,1,4+5,1+2
2990,12.382,Lang,YCA1006-01-00,QRM1001-01-00 UIC1561-01-00 UIC1551-01-00 UIC2151-05-00,STA2102-05-00 YCE1253-01-00,ME FREE,18.0,월금,1,1,1,4+5,2+1
2991,12.382,LHP,YCA1006-02-00,QRM1001-01-00 UIC1561-01-00 UIC2151-14-00 UIC1806-01-00,STA2102-05-00 YCH1605-01-00,ME FREE,18.0,월금,1,1,1,4+5,1+2
2992,12.382,SciRD,YCA1006-01-00,QRM1001-01-00 UIC1561-01-00 UIC1551-01-00 UIC1806-01-00,STA2102-05-00 YCE1253-01-00,ME FREE,18.0,월금,1,1,1,4+5,2+1
2993,12.382,LHP,YCA1006-01-00,QRM1001-01-00 UIC1561-01-00 UIC2151-14-00 UIC1805-01-00,STA2102-05-00 YCH1605-01-00,ME FREE,18.0,월금,1,1,1,4+5,1+2
2994,12.382,LHP,YCA1006-02-00,QRM1001-01-00 UIC1561-01-00 UIC2151-14-00 UIC1806-01-00,STA2102-05-00 YCH1605-01-00,ME FREE,18.0,월금,1,1,1,4+5,1+2
2995,12.357,Lang,-,QRM1001-01-00 UIC1561-01-00 ASP2033-01-00 UIC2151-14-00,STA2102-05-00 SED2104-01-00,ME FREE,18.0,월금,0,0,3,4,2+1+1
2996,12.35,MR,YCA1006-01-00,UIC1561-01-00 UIC1401-02-00 UIC2151-14-00 UIC1806-02-00,STA2102-05-00 QRM2102-01-00,ME ME,18.0,월,0,0,1,4+6,1
2997,12.35,MR,YCA1006-01-00,UIC1561-01-00 UIC1251-02-00 UIC2151-14-00 UIC1805-02-00,STA2102-05-00 QRM2102-01-00,ME ME,18.0,월,0,0,1,4+6,1
2998,12.35,MR,YCA1006-01-00,UIC1561-01-00 UIC1251-02-00 UIC2151-14-00 UIC1805-02-00,STA2102-05-00 QRM2102-01-00,ME ME,18.0,월,0,0,1,4+6,1
2999,12.35,MR,YCA1006-01-00,UIC1561-01-00 UIC1401-02-00 UIC2151-14-00 UIC1806-02-00,STA2102-05-00 QRM2102-01-00,ME ME,18.0,월,0,0,1,4+6,1
3000,12.34,MR,YCA1006-01-00,UIC1561-01-00 ASP2022-01-00 UIC2151-12-00 UIC1805-01-00,ECO1101-06-00 STA2102-04-00,ECO1101 ME,18.0,월금,2,0,2,4,4+3+2+1
3001,12.34,MR,YCA1006-01-00,UIC1561-01-00 ASP2022-01-00 UIC2151-12-00 UIC1806-01-00,ECO1101-06-00 STA2102-04-00,ECO1101 ME,18.0,월금,2,0,2,4,4+3+2+1
3002,12.34,MR,YCA1006-01-00,UIC1561-01-00 ASP2022-01-00 UIC2151-12-00 UIC1805-01-00,ECO1101-06-00 STA2102-04-00,ECO1101 ME,18.0,월금,2,0,2,4,4+3+2+1
3003,12.34,MR,YCA1006-01-00,UIC1561-01-00 ASP2022-01-00 UIC2151-12-00 UIC1806-01-00,ECO1101-06-00 STA2102-04-00,ECO1101 ME,18.0,월금,2,0,2,4,4+3+2+1
3004,12.34,MR,YCA1006-02-00,UIC1561-01-00 UIC1551-01-00 UIC2151-12-00 UIC1805-02-00,ECO1104-06-00 QRM2001-01-00,ME ME,18.0,월금,2,2,1,5+5,1+3+1
3005,12.34,MR,YCA1006-02-00,UIC1561-01-00 UIC1551-01-00 UIC2151-12-00 UIC1805-02-00,ECO1104-06-00 QRM2001-01-00,ME ME,18.0,월금,2,2,1,5+5,1+3+1
3006,12.339,Lang,YCA1006-02-00,QRM1001-01-00 UIC1561-01-00 UIC1401-03-00 UIC2151-14-00,QRM2002-01-00 QRM3001-01-00,ME ME,18.0,월,1,0,1,,3+1+1
3007,12.325,Lang,YCA1006-02-00,QRM1001-01-00 UIC1561-01-00 UIC1501-02-00 UIC2151-14-00,ECO1101-06-00 QRM2102-01-00,ECO1101 ME,18.0,,0,0,3,4,2+3+2+2
3008,12.325,Lang,YCA1006-02-00,QRM1001-01-00 UIC1561-01-00 UIC1551-03-00 UIC2151-14-00,ECO1101-06-00 QRM2102-01-00,ECO1101 ME,18.0,,0,0,3,4,2+3+2+2
3009,12.3,MR,YCA1006-01-00,UIC1561-01-00 UIC1551-04-00 UIC2151-09-00 UIC1806-02-00,QRM2002-01-00 QRM2102-01-00,ME ME,18.0,월수,1,0,1,4,1+1+1
3010,12.3,MR,YCA1006-01-00,UIC1561-01-00 UIC1551-01-00 UIC2151-09-00 UIC1806-02-00,QRM2002-01-00 QRM2102-01-00,ME ME,18.0,월수,1,0,1,4,1+1+1
3011,12.3,MR,YCA1006-01-00,UIC1561-01-00 UIC1551-01-00 UIC2151-06-00 UIC1805-02-00,QRM2002-01-00 QRM2102-01-00,ME ME,18.0,월수,1,0,1,4,1+1+1
3012,12.3,MR,YCA1006-01-00,UIC1561-01-00 UIC1551-04-00 UIC2151-09-00 UIC1806-02-00,QRM2002-01-00 QRM2102-01-00,ME ME,18.0,월수,1,0,1,4,1+1+1
3013,12.3,MR,YCA1006-01-00,UIC1561-01-00 UIC1551-04-00 UIC2151-08-00 UIC1806-02-00,QRM2002-01-00 QRM2102-01-00,ME ME,18.0,월수,1,0,1,4,1+1+1
3014,12.3,MR,YCA1006-01-00,UIC1561-01-00 UIC1551-01-00 UIC2151-08-00 UIC1806-02-00,QRM2002-01-00 QRM2102-01-00,ME ME,18.0,월수,1,0,1,4,1+1+1
3015,12.3,MR,YCA1006-01-00,UIC1561-01-00 UIC1551-01-00 UIC2151-07-00 UIC1805-02-00,QRM2002-01-00 QRM2102-01-00,ME ME,18.0,월수,1,0,1,4,1+1+1
3016,12.3,MR,YCA1006-01-00,UIC1561-01-00 UIC1551-04-00 UIC2151-07-00 UIC1805-02-00,QRM2002-01-00 QRM2102-01-00,ME ME,18.0,월수,1,0,1,4,1+1+1
3017,12.3,MR,YCA1006-01-00,UIC1561-01-00 UIC1551-01-00 UIC2151-08-00 UIC1806-02-00,QRM2002-01-00 QRM2102-01-00,ME ME,18.0,월수,1,0,1,4,1+1+1
3018,12.3,MR,YCA1006-01-00,UIC1561-01-00 UIC1551-01-00 UIC2151-09-00 UIC1806-02-00,QRM2002-01-00 QRM2102-01-00,ME ME,18.0,월수,1,0,1,4,1+1+1
3019,12.3,MR,YCA1006-01-00,UIC1561-01-00 UIC1551-01-00 UIC2151-06-00 UIC1805-02-00,QRM2002-01-00 QRM2102-01-00,ME ME,18.0,월수,1,0,1,4,1+1+1
3020,12.3,MR,YCA1006-02-00,UIC1561-01-00 UIC1551-04-00 UIC2151-12-00 UIC1805-02-00,STA2102-04-00 QRM2102-01-00,ME ME,18.0,월,1,0,1,4,1+1+3
3021,12.3,MR,YCA1006-01-00,UIC1561-01-00 UIC1551-04-00 UIC2151-08-00 UIC1806-02-00,QRM2002-01-00 QRM2102-01-00,ME ME,18.0,월수,1,0,1,4,1+1+1
3022,12.3,MR,YCA1006-01-00,UIC1561-01-00 UIC1551-04-00 UIC2151-06-00 UIC1805-02-00,QRM2002-01-00 QRM2102-01-00,ME ME,18.0,월수,1,0,1,4,1+1+1
3023,12.3,MR,YCA1006-02-00,UIC1561-01-00 UIC1551-04-00 UIC2151-12-00 UIC1805-02-00,STA2102-04-00 QRM2102-01-00,ME ME,18.0,월,1,0,1,4,1+1+3
3024,12.3,MR,YCA1006-01-00,UIC1561-01-00 UIC1551-04-00 UIC2151-06-00 UIC1805-02-00,QRM2002-01-00 QRM2102-01-00,ME ME,18.0,월수,1,0,1,4,1+1+1
3025,12.3,MR,YCA1006-01-00,UIC1561-01-00 UIC1551-01-00 UIC2151-07-00 UIC1805-02-00,QRM2002-01-00 QRM2102-01-00,ME ME,18.0,월수,1,0,1,4,1+1+1
3026,12.3,MR,YCA1006-01-00,UIC1561-01-00 UIC1551-04-00 UIC2151-07-00 UIC1805-02-00,QRM2002-01-00 QRM2102-01-00,ME ME,18.0,월수,1,0,1,4,1+1+1
3027,12.29,Lang,YCA1006-02-00,QRM1001-01-00 UIC1561-01-00 ASP2022-01-00 UIC2151-12-00,ECO1101-06-00 YCH1605-01-00,ECO1101 FREE,18.0,월금,1,0,2,4+4,2+3+2
3028,12.29,MR,-,UIC1561-01-00 UIC1551-04-00 UIC2151-08-00 UIC1806-02-00,STA2102-05-00 QRM2001-01-00,ME ME,18.0,월금,1,1,1,4+6,2+1
3029,12.29,MR,-,UIC1561-01-00 UIC1551-04-00 UIC2151-06-00 UIC1805-02-00,STA2102-05-00 QRM2001-01-00,ME ME,18.0,월금,1,1,1,4+6,2+1
3030,12.29,MR,-,UIC1561-01-00 UIC1551-04-00 UIC2151-06-00 UIC1805-02-00,STA2102-05-00 QRM2001-01-00,ME ME,18.0,월금,1,1,1,4+6,2+1
3031,12.29,WCiv,-,QRM1001-01-00 UIC1551-04-00 UIC2151-12-00 UIC1805-01-00,ECO1101-05-00 QRM2004-01-00,ECO1101 ME,18.0,월금,2,1,1,6,2+1+4
3032,12.29,MR,-,UIC1561-01-00 UIC1551-04-00 UIC2151-09-00 UIC1806-02-00,STA2102-05-00 QRM2001-01-00,ME ME,18.0,월금,1,1,1,4+6,2+1
3033,12.29,WCiv,-,QRM1001-01-00 UIC1551-04-00 UIC2151-12-00 UIC1806-01-00,ECO1101-05-00 QRM2004-01-00,ECO1101 ME,18.0,월금,2,1,1,6,2+1+4
3034,12.29,MR,-,UIC1561-01-00 UIC1551-04-00 UIC2151-07-00 UIC1805-02-00,STA2102-05-00 QRM2001-01-00,ME ME,18.0,월금,1,1,1,4+6,2+1
3035,12.29,MR,-,UIC1561-01-00 UIC1551-04-00 UIC2151-07-00 UIC1805-02-00,STA2102-05-00 QRM2001-01-00,ME ME,18.0,월금,1,1,1,4+6,2+1
3036,12.29,MR,-,UIC1561-01-00 UIC1551-04-00 UIC2151-09-00 UIC1806-02-00,STA2102-05-00 QRM2001-01-00,ME ME,18.0,월금,1,1,1,4+6,2+1
3037,12.29,MR,-,UIC1561-01-00 UIC1551-04-00 UIC2151-08-00 UIC1806-02-00,STA2102-05-00 QRM2001-01-00,ME ME,18.0,월금,1,1,1,4+6,2+1
3038,12.29,WCiv,-,QRM1001-01-00 UIC1551-04-00 UIC2151-12-00 UIC1805-01-00,ECO1101-05-00 QRM2004-01-00,ECO1101 ME,18.0,월금,2,1,1,6,2+1+4
3039,12.29,WCiv,-,QRM1001-01-00 UIC1551-04-00 UIC2151-12-00 UIC1806-01-00,ECO1101-05-00 QRM2004-01-00,ECO1101 ME,18.0,월금,2,1,1,6,2+1+4
3040,12.29,WCiv,YCA1006-02-00,QRM1001-01-00 ASP2022-01-00 UIC2151-12-00 UIC1805-01-00,QRM2004-01-00 STA2102-05-00,ME ME,18.0,월금,2,2,0,6+6,1+2
3041,12.29,WCiv,YCA1006-02-00,QRM1001-01-00 ASP2022-01-00 UIC2151-12-00 UIC1806-01-00,QRM2004-01-00 STA2102-05-00,ME ME,18.0,월금,2,2,0,6+6,1+2
3042,12.29,WCiv,YCA1006-02-00,QRM1001-01-00 ASP2022-01-00 UIC2151-12-00 UIC1805-01-00,QRM2004-01-00 STA2102-05-00,ME ME,18.0,월금,2,2,0,6+6,1+2
3043,12.29,WCiv,YCA1006-02-00,QRM1001-01-00 ASP2022-01-00 UIC2151-12-00 UIC1806-01-00,QRM2004-01-00 STA2102-05-00,ME ME,18.0,월금,2,2,0,6+6,1+2
3044,12.274,Lang,-,QRM1001-01-00 UIC1561-01-00 UIC1401-03-00 UIC2151-12-00,QRM2002-01-00 UCD1101-01-00,ME FREE,18.0,월화,2,0,1,,1+1+1+1
3045,12.265,MR,-,UIC1561-01-00 ASP2033-01-00 UIC2151-14-00 UIC1805-01-00,ECO1101-06-00 STA2102-04-00,ECO1101 ME,18.0,월금,1,0,3,4+4,2+2+1
3046,12.265,MR,-,UIC1561-01-00 ASP2033-01-00 UIC2151-14-00 UIC1805-01-00,ECO1101-06-00 STA2102-04-00,ECO1101 ME,18.0,월금,1,0,3,4+4,2+2+1
3047,12.265,MR,-,UIC1561-01-00 ASP2033-01-00 UIC2151-14-00 UIC1806-01-00,ECO1101-06-00 STA2102-04-00,ECO1101 ME,18.0,월금,1,0,3,4+4,2+2+1
3048,12.265,MR,-,UIC1561-01-00 ASP2033-01-00 UIC2151-14-00 UIC1806-01-00,ECO1101-06-00 STA2102-04-00,ECO1101 ME,18.0,월금,1,0,3,4+4,2+2+1
3049,12.265,MR,-,UIC1561-01-00 UIC1501-05-00 UIC2151-14-00 UIC1805-02-00,ECO1101-06-00 STA2102-05-00,ECO1101 ME,18.0,월금,1,0,3,6+5,1+2+2
3050,12.265,MR,-,UIC1561-01-00 UIC1501-05-00 UIC2151-14-00 UIC1805-02-00,ECO1101-06-00 STA2102-05-00,ECO1101 ME,18.0,월금,1,0,3,6+5,1+2+2
3051,12.265,MR,YCA1006-02-00,UIC1561-01-00 UIC1551-04-00 UIC2151-12-00 UIC1806-01-00,ECO1104-06-00 YCI1998-02-00,ME FREE,18.0,월금,2,0,1,,1+2+3+1
3052,12.265,MR,YCA1006-02-00,UIC1561-01-00 UIC1551-04-00 UIC2151-12-00 UIC1805-01-00,ECO1104-06-00 YCI1998-02-00,ME FREE,18.0,월금,2,0,1,,1+2+3+1
3053,12.265,MR,YCA1006-01-00,UIC1561-01-00 UIC1551-04-00 UIC2151-12-00 UIC1806-01-00,ECO1104-06-00 YCI1998-02-00,ME FREE,18.0,월금,2,0,1,,1+2+3+1
3054,12.265,MR,YCA1006-01-00,UIC1561-01-00 UIC1551-04-00 UIC2151-12-00 UIC1805-01-00,ECO1104-06-00 YCI1998-02-00,ME FREE,18.0,월금,2,0,1,,1+2+3+1
3055,12.265,MR,YCA1006-02-00,UIC1561-01-00 UIC1551-04-00 UIC2151-12-00 UIC1806-01-00,ECO1104-06-00 YCI1998-02-00,ME FREE,18.0,월금,2,0,1,,1+2+3+1
3056,12.265,MR,YCA1006-01-00,UIC1561-01-00 UIC1551-04-00 UIC2151-12-00 UIC1805-01-00,ECO1104-06-00 YCI1998-02-00,ME FREE,18.0,월금,2,0,1,,1+2+3+1
3057,12.265,MR,YCA1006-01-00,UIC1561-01-00 UIC1551-04-00 UIC2151-12-00 UIC1806-01-00,ECO1104-06-00 YCI1998-02-00,ME FREE,18.0,월금,2,0,1,,1+2+3+1
3058,12.265,MR,YCA1006-02-00,UIC1561-01-00 UIC1551-04-00 UIC2151-12-00 UIC1805-01-00,ECO1104-06-00 YCI1998-02-00,ME FREE,18.0,월금,2,0,1,,1+2+3+1
3059,12.257,Lang,YCA1006-01-00,QRM1001-01-00 UIC1561-01-00 ASP2022-01-00 UIC2151-12-00,QRM2004-01-00 YCK1998-03-00,ME FREE,18.0,월금,1,0,0,5+4,1+3
3060,12.25,Lang,YCA1006-02-00,QRM1001-01-00 UIC1561-01-00 UIC1551-04-00 UIC1751-01-00,ECO1101-06-00 STA2102-05-00,ECO1101 ME,18.0,월,0,0,3,6+4,4+2+2
3061,12.233,Lang,YCA1006-01-00,QRM1001-01-00 UIC1561-01-00 UIC1551-01-00 UIC2151-04-00,ECO1101-06-00 STA2102-05-00,ECO1101 ME,18.0,금,0,1,3,8,4+1+2+1
3062,12.233,Lang,YCA1006-01-00,QRM1001-01-00 UIC1561-01-00 UIC1551-01-00 UIC2151-10-00,ECO1101-06-00 STA2102-05-00,ECO1101 ME,18.0,금,0,1,3,8,4+1+2+1
3063,12.217,Lang,YCA1006-02-00,QRM1001-01-00 UIC1561-01-00 UIC1401-03-00 UIC1751-01-00,QRM2004-01-00 STA2102-05-00,ME ME,18.0,월,0,2,0,4+4+4,1
3064,12.19,MR,-,UIC1561-01-00 UIC1551-01-00 UIC2151-12-00 UIC1805-02-00,STA2102-04-00 YCK1998-03-00,ME FREE,18.0,월금,1,0,1,,3+1
3065,12.19,MR,-,UIC1561-01-00 UIC1551-01-00 UIC2151-12-00 UIC1805-02-00,STA2102-04-00 YCK1998-03-00,ME FREE,18.0,월금,1,0,1,,3+1
3066,12.165,Lang,YCA1006-02-00,QRM1001-01-00 UIC1561-01-00 UIC1551-01-00 UIC2151-12-00,ECO1101-06-00 STA1002-04-00,ECO1101 FREE,18.0,월금,1,0,3,4+4,2+3+2+2+1
3067,12.165,Lang,YCA1006-02-00,QRM1001-01-00 UIC1561-01-00 UIC1551-04-00 UIC2151-12-00,ECO1101-06-00 YCI1998-02-00,ECO1101 FREE,18.0,월금,1,0,3,4+4,3+3+2
3068,12.165,Lang,YCA1006-02-00,QRM1001-01-00 UIC1561-01-00 UIC1551-04-00 UIC2151-12-00,ECO1101-06-00 YCH1605-01-00,ECO1101 FREE,18.0,월금,1,0,3,4+4,3+3+2
3069,12.157,Lang,YCA1006-01-00,QRM1001-01-00 UIC1561-01-00 UIC1551-04-00 UIC2151-12-00,STA2102-05-00 QRM2001-01-00,ME ME,18.0,월금,2,1,1,4+6,5+2
3070,12.14,MR,YCA1006-02-00,UIC1561-01-00 ASP2022-01-00 UIC2151-08-00 UIC1805-01-00,ECO1101-06-00 STA2102-04-00,ECO1101 ME,18.0,월금,1,1,2,4+4+6,1+1+2
3071,12.14,MR,YCA1006-02-00,UIC1561-01-00 ASP2022-01-00 UIC2151-08-00 UIC1806-01-00,ECO1101-06-00 STA2102-04-00,ECO1101 ME,18.0,월금,1,1,2,4+4+6,1+1+2
3072,12.14,MR,YCA1006-02-00,UIC1561-01-00 ASP2022-01-00 UIC2151-05-00 UIC1805-02-00,ECO1101-06-00 STA2102-04-00,ECO1101 ME,18.0,월금,1,1,2,4+4+6,1+1+2
3073,12.14,MR,YCA1006-02-00,UIC1561-01-00 ASP2022-01-00 UIC2151-05-00 UIC1805-02-00,ECO1101-06-00 STA2102-04-00,ECO1101 ME,18.0,월금,1,1,2,4+4+6,1+1+2
3074,12.14,MR,YCA1006-02-00,UIC1561-01-00 ASP2022-01-00 UIC2151-09-00 UIC1806-01-00,ECO1101-06-00 STA2102-04-00,ECO1101 ME,18.0,월금,1,1,2,4+4+6,1+1+2
3075,12.14,MR,YCA1006-02-00,UIC1561-01-00 ASP2022-01-00 UIC2151-09-00 UIC1805-01-00,ECO1101-06-00 STA2102-04-00,ECO1101 ME,18.0,월금,1,1,2,4+4+6,1+1+2
3076,12.14,MR,YCA1006-02-00,UIC1561-01-00 ASP2022-01-00 UIC2151-09-00 UIC1806-01-00,ECO1101-06-00 STA2102-04-00,ECO1101 ME,18.0,월금,1,1,2,4+4+6,1+1+2
3077,12.14,MR,YCA1006-02-00,UIC1561-01-00 ASP2022-01-00 UIC2151-09-00 UIC1805-01-00,ECO1101-06-00 STA2102-04-00,ECO1101 ME,18.0,월금,1,1,2,4+4+6,1+1+2
3078,12.14,MR,YCA1006-02-00,UIC1561-01-00 ASP2022-01-00 UIC2151-08-00 UIC1806-01-00,ECO1101-06-00 STA2102-04-00,ECO1101 ME,18.0,월금,1,1,2,4+4+6,1+1+2
3079,12.14,MR,YCA1006-02-00,UIC1561-01-00 ASP2022-01-00 UIC2151-08-00 UIC1805-01-00,ECO1101-06-00 STA2102-04-00,ECO1101 ME,18.0,월금,1,1,2,4+4+6,1+1+2
3080,12.14,MR,YCA1006-01-00,UIC1561-01-00 UIC1551-01-00 UIC2151-12-00 UIC1805-02-00,STA2102-05-00 UCB1105-02-00,ME FREE,18.0,월금,1,0,1,4,2+2+2
3081,12.14,MR,YCA1006-01-00,UIC1561-01-00 UIC1551-01-00 UIC2151-12-00 UIC1805-02-00,STA2102-05-00 UCB1105-02-00,ME FREE,18.0,월금,1,0,1,4,2+2+2
3082,12.133,MR,YCA1006-02-00,UIC1561-01-00 UIC1551-04-00 UIC2151-11-00 UIC1805-02-00,ECO1103-02-00 STA2102-04-00,ME ME,18.0,금,1,0,1,4+4,2+1+1+3
3083,12.133,MR,YCA1006-02-00,UIC1561-01-00 UIC1551-04-00 UIC2151-11-00 UIC1805-02-00,ECO1103-02-00 STA2102-04-00,ME ME,18.0,금,1,0,1,4+4,2+1+1+3
3084,12.125,WCiv,YCA1006-01-00,QRM1001-01-00 UIC1551-01-00 UIC2151-13-00 UIC1805-01-00,QRM2004-01-00 QRM2102-01-00,ME ME,18.0,월,1,1,2,4+5,1+1
3085,12.125,WCiv,YCA1006-01-00,QRM1001-01-00 UIC1551-01-00 UIC2151-13-00 UIC1805-01-00,QRM2004-01-00 QRM2102-01-00,ME ME,18.0,월,1,1,2,4+5,1+1
3086,12.125,WCiv,YCA1006-01-00,QRM1001-01-00 UIC1551-01-00 UIC2151-13-00 UIC1806-01-00,QRM2004-01-00 QRM2102-01-00,ME ME,18.0,월,1,1,2,4+5,1+1
3087,12.125,WCiv,YCA1006-01-00,QRM1001-01-00 UIC1551-01-00 UIC2151-13-00 UIC1806-01-00,QRM2004-01-00 QRM2102-01-00,ME ME,18.0,월,1,1,2,4+5,1+1
3088,12.125,Lang,YCA1006-01-00,QRM1001-01-00 UIC1561-01-00 UIC1551-01-00 UIC2151-11-00,QRM2004-01-00 QRM2001-01-00,ME ME,18.0,금,1,1,1,4+4+5,1+1
3089,12.108,MR,YCA1006-02-00,UIC1561-01-00 UIC1551-04-00 UIC2151-10-00 UIC1805-02-00,ECO1101-06-00 STA2102-05-00,ECO1101 ME,18.0,금,0,1,3,8,1+1+1+2+2
3090,12.108,MR,YCA1006-02-00,UIC1561-01-00 UIC1551-04-00 UIC2151-04-00 UIC1805-02-00,ECO1101-06-00 STA2102-05-00,ECO1101 ME,18.0,금,0,1,3,8,1+1+1+2+2
3091,12.108,MR,YCA1006-02-00,UIC1561-01-00 UIC1551-04-00 UIC2151-10-00 UIC1805-02-00,ECO1101-06-00 STA2102-05-00,ECO1101 ME,18.0,금,0,1,3,8,1+1+1+2+2
3092,12.108,MR,YCA1006-02-00,UIC1561-01-00 UIC1551-04-00 UIC2151-04-00 UIC1805-02-00,ECO1101-06-00 STA2102-05-00,ECO1101 ME,18.0,금,0,1,3,8,1+1+1+2+2
3093,12.083,MR,YCA1006-02-00,UIC1561-01-00 UIC1551-01-00 UIC2151-11-00 UIC1805-02-00,STA2102-04-00 YCK1998-03-00,ME FREE,18.0,금,0,0,1,4,1+1
3094,12.083,MR,YCA1006-02-00,UIC1561-01-00 UIC1551-01-00 UIC2151-11-00 UIC1805-02-00,STA2102-04-00 YCK1998-03-00,ME FREE,18.0,금,0,0,1,4,1+1
3095,12.075,MR,YCA1006-01-00,UIC1561-01-00 UIC1401-03-00 UIC2151-12-00 UIC1805-02-00,ECO1104-06-00 ECO1101-06-00,ME ECO1101,18.0,월,1,0,2,4,1+1+1+2
3096,12.075,MR,YCA1006-01-00,UIC1561-01-00 UIC1401-03-00 UIC2151-12-00 UIC1805-02-00,ECO1104-06-00 ECO1101-06-00,ME ECO1101,18.0,월,1,0,2,4,1+1+1+2
3097,12.058,MR,YCA1006-01-00,UIC1561-01-00 UIC1501-02-00 UIC2151-12-00 UIC1805-02-00,ECO1104-06-00 STA2102-05-00,ME ME,18.0,금,1,1,0,6+4,1+1
3098,12.058,MR,YCA1006-02-00,UIC1561-01-00 UIC1551-04-00 UIC2151-04-00 UIC1805-02-00,ECO1104-06-00 STA2102-05-00,ME ME,18.0,금,0,2,1,6+4+4,1+1
3099,12.058,MR,YCA1006-01-00,UIC1561-01-00 UIC1551-03-00 UIC2151-12-00 UIC1805-02-00,ECO1104-06-00 STA2102-05-00,ME ME,18.0,금,1,1,0,6+4,1+1
3100,12.058,MR,YCA1006-02-00,UIC1561-01-00 UIC1551-04-00 UIC2151-10-00 UIC1805-02-00,ECO1104-06-00 STA2102-05-00,ME ME,18.0,금,0,2,1,6+4+4,1+1
3101,12.058,MR,YCA1006-01-00,UIC1561-01-00 UIC1551-03-00 UIC2151-12-00 UIC1805-02-00,ECO1104-06-00 STA2102-05-00,ME ME,18.0,금,1,1,0,6+4,1+1
3102,12.058,MR,YCA1006-02-00,UIC1561-01-00 UIC1551-04-00 UIC2151-10-00 UIC1805-02-00,ECO1104-06-00 STA2102-05-00,ME ME,18.0,금,0,2,1,6+4+4,1+1
3103,12.058,MR,YCA1006-01-00,UIC1561-01-00 UIC1501-02-00 UIC2151-12-00 UIC1805-02-00,ECO1104-06-00 STA2102-05-00,ME ME,18.0,금,1,1,0,6+4,1+1
3104,12.058,MR,YCA1006-02-00,UIC1561-01-00 UIC1551-04-00 UIC2151-04-00 UIC1805-02-00,ECO1104-06-00 STA2102-05-00,ME ME,18.0,금,0,2,1,6+4+4,1+1
3105,12.05,MR,YCA1006-01-00,UIC1561-01-00 UIC1251-02-00 UIC2151-12-00 UIC1805-02-00,STA2102-05-00 QRM2102-01-00,ME ME,18.0,월,1,0,0,4,1+2
3106,12.05,MR,YCA1006-01-00,UIC1561-01-00 UIC1401-02-00 UIC2151-12-00 UIC1806-02-00,STA2102-05-00 QRM2102-01-00,ME ME,18.0,월,1,0,0,4,1+2
3107,12.05,MR,YCA1006-01-00,UIC1561-01-00 UIC1401-02-00 UIC2151-12-00 UIC1806-02-00,STA2102-05-00 QRM2102-01-00,ME ME,18.0,월,1,0,0,4,1+2
3108,12.05,MR,YCA1006-01-00,UIC1561-01-00 UIC1251-02-00 UIC2151-12-00 UIC1805-02-00,STA2102-05-00 QRM2102-01-00,ME ME,18.0,월,1,0,0,4,1+2
3109,12.04,Lang,YCA1006-01-00,QRM1001-01-00 UIC1561-01-00 UIC1551-01-00 UIC2151-12-00,ECO1101-06-00 YCK1998-03-00,ECO1101 FREE,18.0,월금,1,0,3,4,4+3+1+1
3110,12.017,Lang,-,QRM1001-01-00 UIC1561-01-00 UIC1401-03-00 UIC1751-01-00,QRM2004-01-00 STA2102-05-00,ME ME,18.0,월,0,1,0,4+4,1
3111,12.015,MR,YCA1006-02-00,UIC1561-01-00 UIC1551-04-00 UIC2151-07-00 UIC1805-02-00,STA2102-05-00 YCK1998-03-00,ME FREE,18.0,월금,0,1,1,4+4+4,1
3112,12.015,MR,YCA1006-02-00,UIC1561-01-00 UIC1551-04-00 UIC2151-09-00 UIC1806-02-00,STA2102-05-00 YCK1998-03-00,ME FREE,18.0,월금,0,1,1,4+4+4,1
3113,12.015,MR,YCA1006-02-00,UIC1561-01-00 UIC1551-04-00 UIC2151-06-00 UIC1805-02-00,STA2102-05-00 YCK1998-03-00,ME FREE,18.0,월금,0,1,1,4+4+4,1
3114,12.015,MR,YCA1006-02-00,UIC1561-01-00 UIC1551-04-00 UIC2151-06-00 UIC1805-02-00,STA2102-05-00 YCK1998-03-00,ME FREE,18.0,월금,0,1,1,4+4+4,1
3115,12.015,MR,YCA1006-02-00,UIC1561-01-00 UIC1551-04-00 UIC2151-09-00 UIC1806-02-00,STA2102-05-00 YCK1998-03-00,ME FREE,18.0,월금,0,1,1,4+4+4,1
3116,12.015,MR,YCA1006-02-00,UIC1561-01-00 UIC1551-04-00 UIC2151-08-00 UIC1806-02-00,STA2102-05-00 YCK1998-03-00,ME FREE,18.0,월금,0,1,1,4+4+4,1
3117,12.015,MR,YCA1006-02-00,UIC1561-01-00 UIC1551-04-00 UIC2151-07-00 UIC1805-02-00,STA2102-05-00 YCK1998-03-00,ME FREE,18.0,월금,0,1,1,4+4+4,1
3118,12.015,MR,YCA1006-02-00,UIC1561-01-00 UIC1551-04-00 UIC2151-08-00 UIC1806-02-00,STA2102-05-00 YCK1998-03-00,ME FREE,18.0,월금,0,1,1,4+4+4,1
3119,12.0,MR,YCA1006-02-00,UIC1561-01-00 UIC1551-01-00 UIC1751-01-00 UIC1805-02-00,ECO1101-06-00 STA2102-05-00,ECO1101 ME,18.0,월,0,0,3,6,1+2+2+3
3120,12.0,MR,YCA1006-02-00,UIC1561-01-00 UIC1551-01-00 UIC1751-01-00 UIC1805-02-00,ECO1101-06-00 STA2102-05-00,ECO1101 ME,18.0,월,0,0,3,6,1+2+2+3
3121,11.992,Lang,YCA1006-02-00,QRM1001-01-00 UIC1561-01-00 UIC1551-01-00 UIC1751-01-00,QRM2004-01-00 QRM2102-01-00,ME ME,18.0,월,0,2,1,5+5,3+1
3122,11.983,Lang,YCA1006-02-00,QRM1001-01-00 UIC1561-01-00 UIC1551-01-00 UIC2151-10-00,ECO1101-06-00 YCH1605-01-00,ECO1101 FREE,18.0,금,0,0,3,4,2+2+2+2+1
3123,11.983,Lang,YCA1006-02-00,QRM1001-01-00 UIC1561-01-00 UIC1551-01-00 UIC2151-04-00,ECO1101-06-00 YCH1605-01-00,ECO1101 FREE,18.0,금,0,0,3,4,2+2+2+2+1
3124,11.982,Lang,YCA1006-02-00,QRM1001-01-00 UIC1561-01-00 ASP2022-01-00 UIC2151-12-00,STA2102-05-00 UCD1101-01-00,ME FREE,18.0,월금,1,0,1,4+6,3+2
3125,11.975,MR,YCA1006-02-00,UIC1561-01-00 UIC1401-03-00 UIC2151-14-00 UIC1805-02-00,ECO1104-06-00 STA2102-05-00,ME ME,18.0,월,0,1,1,4+7,
3126,11.975,MR,YCA1006-02-00,UIC1561-01-00 UIC1401-03-00 UIC2151-14-00 UIC1805-02-00,ECO1104-06-00 STA2102-05-00,ME ME,18.0,월,0,1,1,4+7,
3127,11.965,MR,YCA1006-01-00,UIC1561-01-00 ASP2022-01-00 UIC2151-06-00 UIC1805-02-00,ECO1101-06-00 QRM2001-01-00,ECO1101 ME,18.0,월금,1,1,2,4+5+6,1+2
3128,11.965,MR,YCA1006-01-00,UIC1561-01-00 ASP2022-01-00 UIC2151-07-00 UIC1805-02-00,ECO1101-06-00 QRM2001-01-00,ECO1101 ME,18.0,월금,1,1,2,4+5+6,1+2
3129,11.965,MR,YCA1006-01-00,UIC1561-01-00 ASP2022-01-00 UIC2151-08-00 UIC1806-02-00,ECO1101-06-00 QRM2001-01-00,ECO1101 ME,18.0,월금,1,1,2,4+5+6,1+2
3130,11.965,MR,YCA1006-01-00,UIC1561-01-00 ASP2022-01-00 UIC2151-06-00 UIC1805-02-00,ECO1101-06-00 QRM2001-01-00,ECO1101 ME,18.0,월금,1,1,2,4+5+6,1+2
3131,11.965,MR,YCA1006-01-00,UIC1561-01-00 ASP2022-01-00 UIC2151-08-00 UIC1806-02-00,ECO1101-06-00 QRM2001-01-00,ECO1101 ME,18.0,월금,1,1,2,4+5+6,1+2
3132,11.965,MR,YCA1006-01-00,UIC1561-01-00 ASP2022-01-00 UIC2151-09-00 UIC1806-02-00,ECO1101-06-00 QRM2001-01-00,ECO1101 ME,18.0,월금,1,1,2,4+5+6,1+2
3133,11.965,MR,YCA1006-01-00,UIC1561-01-00 ASP2022-01-00 UIC2151-07-00 UIC1805-02-00,ECO1101-06-00 QRM2001-01-00,ECO1101 ME,18.0,월금,1,1,2,4+5+6,1+2
3134,11.965,MR,YCA1006-01-00,UIC1561-01-00 ASP2022-01-00 UIC2151-09-00 UIC1806-02-00,ECO1101-06-00 QRM2001-01-00,ECO1101 ME,18.0,월금,1,1,2,4+5+6,1+2
3135,11.965,Lang,-,QRM1001-01-00 UIC1561-01-00 UIC1551-01-00 UIC2151-12-00,ECO1101-06-00 BIZ1101-09-00,ECO1101 FREE,18.0,월금,1,0,3,4,1+2+1
3136,11.965,Lang,-,QRM1001-01-00 UIC1561-01-00 ASP2033-01-00 UIC2151-14-00,ECO1101-06-00 SED2104-01-00,ECO1101 FREE,18.0,월금,0,0,4,4,2+1+1
3137,11.958,MR,YCA1006-02-00,UIC1561-01-00 UIC1501-03-00 UIC2151-14-00 UIC1805-02-00,ECO1103-02-00 STA2102-04-00,ME ME,18.0,금,1,0,1,4+5,2+1+3
3138,11.958,MR,YCA1006-02-00,UIC1561-01-00 UIC1501-03-00 UIC2151-14-00 UIC1805-02-00,ECO1103-02-00 STA2102-04-00,ME ME,18.0,금,1,0,1,4+5,2+1+3
3139,11.942,Lang,-,QRM1001-01-00 UIC1561-01-00 UIC1351-02-00 UIC2151-14-00,QRM2004-01-00 STA2102-05-00,ME ME,18.0,월,0,0,1,4+6,2
3140,11.942,Lang,-,QRM1001-01-00 UIC1561-01-00 UIC1501-01-00 UIC2151-14-00,QRM2004-01-00 STA2102-05-00,ME ME,18.0,월,0,0,1,4+6,2
3141,11.933,MR,YCA1006-01-00,UIC1561-01-00 UIC1551-03-00 UIC2151-14-00 UIC1806-02-00,STA2102-05-00 QRM2001-01-00,ME ME,18.0,금,1,1,1,6,1+2+1+1
3142,11.933,MR,YCA1006-01-00,UIC1561-01-00 UIC1551-03-00 UIC2151-14-00 UIC1806-02-00,STA2102-05-00 QRM2001-01-00,ME ME,18.0,금,1,1,1,6,1+2+1+1
3143,11.933,MR,YCA1006-02-00,UIC1561-01-00 UIC1501-02-00 UIC2151-14-00 UIC1806-02-00,STA2102-05-00 QRM2001-01-00,ME ME,18.0,금,1,1,1,6,1+2+1+1
3144,11.933,MR,YCA1006-01-00,UIC1561-01-00 UIC1501-02-00 UIC2151-14-00 UIC1806-02-00,STA2102-05-00 QRM2001-01-00,ME ME,18.0,금,1,1,1,6,1+2+1+1
3145,11.933,MR,YCA1006-01-00,UIC1561-01-00 UIC1501-02-00 UIC2151-14-00 UIC1806-02-00,STA2102-05-00 QRM2001-01-00,ME ME,18.0,금,1,1,1,6,1+2+1+1
3146,11.933,MR,YCA1006-02-00,UIC1561-01-00 UIC1551-03-00 UIC2151-14-00 UIC1806-02-00,STA2102-05-00 QRM2001-01-00,ME ME,18.0,금,1,1,1,6,1+2+1+1
3147,11.933,MR,YCA1006-02-00,UIC1561-01-00 UIC1551-03-00 UIC2151-14-00 UIC1806-02-00,STA2102-05-00 QRM2001-01-00,ME ME,18.0,금,1,1,1,6,1+2+1+1
3148,11.933,MR,YCA1006-02-00,UIC1561-01-00 UIC1501-02-00 UIC2151-14-00 UIC1806-02-00,STA2102-05-00 QRM2001-01-00,ME ME,18.0,금,1,1,1,6,1+2+1+1
3149,11.925,MR,YCA1006-02-00,UIC1561-01-00 UIC1351-02-00 UIC2151-14-00 UIC1806-01-00,ECO1104-06-00 STA2102-05-00,ME ME,18.0,월,1,0,1,4,1+2+2+1
3150,11.925,MR,YCA1006-01-00,UIC1561-01-00 UIC1501-01-00 UIC2151-14-00 UIC1806-01-00,ECO1104-06-00 STA2102-05-00,ME ME,18.0,월,1,0,1,4,1+2+2+1
3151,11.925,MR,YCA1006-01-00,UIC1561-01-00 UIC1501-01-00 UIC2151-14-00 UIC1806-01-00,ECO1104-06-00 STA2102-05-00,ME ME,18.0,월,1,0,1,4,1+2+2+1
3152,11.925,MR,YCA1006-01-00,UIC1561-01-00 UIC1351-02-00 UIC2151-14-00 UIC1806-01-00,ECO1104-06-00 STA2102-05-00,ME ME,18.0,월,1,0,1,4,1+2+2+1
3153,11.925,MR,YCA1006-01-00,UIC1561-01-00 UIC1351-02-00 UIC2151-14-00 UIC1805-01-00,ECO1104-06-00 STA2102-05-00,ME ME,18.0,월,1,0,1,4,1+2+2+1
3154,11.925,MR,YCA1006-02-00,UIC1561-01-00 UIC1501-01-00 UIC2151-14-00 UIC1805-01-00,ECO1104-06-00 STA2102-05-00,ME ME,18.0,월,1,0,1,4,1+2+2+1
3155,11.925,MR,YCA1006-02-00,UIC1561-01-00 UIC1501-01-00 UIC2151-14-00 UIC1806-01-00,ECO1104-06-00 STA2102-05-00,ME ME,18.0,월,1,0,1,4,1+2+2+1
3156,11.925,MR,YCA1006-02-00,UIC1561-01-00 UIC1501-01-00 UIC2151-14-00 UIC1806-01-00,ECO1104-06-00 STA2102-05-00,ME ME,18.0,월,1,0,1,4,1+2+2+1
3157,11.925,MR,YCA1006-02-00,UIC1561-01-00 UIC1351-02-00 UIC2151-14-00 UIC1805-01-00,ECO1104-06-00 STA2102-05-00,ME ME,18.0,월,1,0,1,4,1+2+2+1
3158,11.925,MR,YCA1006-01-00,UIC1561-01-00 UIC1501-01-00 UIC2151-14-00 UIC1805-01-00,ECO1104-06-00 STA2102-05-00,ME ME,18.0,월,1,0,1,4,1+2+2+1
3159,11.925,MR,YCA1006-01-00,UIC1561-01-00 UIC1351-02-00 UIC2151-14-00 UIC1806-01-00,ECO1104-06-00 STA2102-05-00,ME ME,18.0,월,1,0,1,4,1+2+2+1
3160,11.925,MR,YCA1006-01-00,UIC1561-01-00 UIC1351-02-00 UIC2151-14-00 UIC1805-01-00,ECO1104-06-00 STA2102-05-00,ME ME,18.0,월,1,0,1,4,1+2+2+1
3161,11.925,MR,YCA1006-02-00,UIC1561-01-00 UIC1351-02-00 UIC2151-14-00 UIC1805-01-00,ECO1104-06-00 STA2102-05-00,ME ME,18.0,월,1,0,1,4,1+2+2+1
3162,11.925,MR,YCA1006-02-00,UIC1561-01-00 UIC1351-02-00 UIC2151-14-00 UIC1806-01-00,ECO1104-06-00 STA2102-05-00,ME ME,18.0,월,1,0,1,4,1+2+2+1
3163,11.925,MR,YCA1006-02-00,UIC1561-01-00 UIC1501-01-00 UIC2151-14-00 UIC1805-01-00,ECO1104-06-00 STA2102-05-00,ME ME,18.0,월,1,0,1,4,1+2+2+1
3164,11.925,MR,YCA1006-01-00,UIC1561-01-00 UIC1501-01-00 UIC2151-14-00 UIC1805-01-00,ECO1104-06-00 STA2102-05-00,ME ME,18.0,월,1,0,1,4,1+2+2+1
3165,11.925,Lang,YCA1006-01-00,QRM1001-01-00 UIC1561-01-00 UIC1501-03-00 UIC2151-04-00,QRM2004-01-00 QRM2001-01-00,ME ME,18.0,금,1,2,0,6+5,1+1
3166,11.925,Lang,YCA1006-01-00,QRM1001-01-00 UIC1561-01-00 UIC1501-02-00 UIC2151-05-00,QRM2004-01-00 STA2102-05-00,ME ME,18.0,금,1,2,0,6+5,1+1
3167,11.925,LHP,YCA1006-01-00,QRM1001-01-00 UIC1561-01-00 UIC2151-10-00 UIC1806-01-00,QRM2004-01-00 STA2102-05-00,ME ME,18.0,금,1,2,0,6+5,1+1
3168,11.925,SciRD,YCA1006-01-00,QRM1001-01-00 UIC1561-01-00 UIC1501-02-00 UIC1805-01-00,QRM2004-01-00 STA2102-05-00,ME ME,18.0,금,1,2,0,6+5,1+1
3169,11.925,SciRD,YCA1006-01-00,QRM1001-01-00 UIC1561-01-00 UIC1551-03-00 UIC1806-01-00,QRM2004-01-00 STA2102-05-00,ME ME,18.0,금,1,2,0,6+5,1+1
3170,11.925,LHP,YCA1006-01-00,QRM1001-01-00 UIC1561-01-00 UIC2151-04-00 UIC1805-01-00,QRM2004-01-00 STA2102-05-00,ME ME,18.0,금,1,2,0,6+5,1+1
3171,11.925,LHP,YCA1006-01-00,QRM1001-01-00 UIC1561-01-00 UIC2151-04-00 UIC1805-01-00,QRM2004-01-00 STA2102-05-00,ME ME,18.0,금,1,2,0,6+5,1+1
3172,11.925,SciRD,YCA1006-01-00,QRM1001-01-00 UIC1561-01-00 UIC1501-02-00 UIC1806-01-00,QRM2004-01-00 STA2102-05-00,ME ME,18.0,금,1,2,0,6+5,1+1
3173,11.925,LHP,YCA1006-01-00,QRM1001-01-00 UIC1561-01-00 UIC2151-04-00 UIC1806-01-00,QRM2004-01-00 STA2102-05-00,ME ME,18.0,금,1,2,0,6+5,1+1
3174,11.925,Lang,YCA1006-01-00,QRM1001-01-00 UIC1561-01-00 UIC1501-04-00 UIC2151-04-00,QRM2004-01-00 STA2102-05-00,ME ME,18.0,금,1,2,0,6+5,1+1
3175,11.925,LHP,YCA1006-01-00,QRM1001-01-00 UIC1561-01-00 UIC2151-10-00 UIC1806-01-00,QRM2004-01-00 STA2102-05-00,ME ME,18.0,금,1,2,0,6+5,1+1
3176,11.925,LHP,YCA1006-01-00,QRM1001-01-00 UIC1561-01-00 UIC2151-10-00 UIC1805-01-00,QRM2004-01-00 STA2102-05-00,ME ME,18.0,금,1,2,0,6+5,1+1
3177,11.925,Lang,YCA1006-01-00,QRM1001-01-00 UIC1561-01-00 UIC1551-03-00 UIC2151-05-00,QRM2004-01-00 STA2102-05-00,ME ME,18.0,금,1,2,0,6+5,1+1
3178,11.925,Lang,YCA1006-01-00,QRM1001-01-00 UIC1561-01-00 UIC1501-03-00 UIC2151-10-00,QRM2004-01-00 QRM2001-01-00,ME ME,18.0,금,1,2,0,6+5,1+1
3179,11.925,Lang,YCA1006-01-00,QRM1001-01-00 UIC1561-01-00 UIC1551-03-00 UIC2151-11-00,QRM2004-01-00 QRM2001-01-00,ME ME,18.0,금,1,2,0,6+5,1+1
3180,11.925,LHP,YCA1006-01-00,QRM1001-01-00 UIC1561-01-00 UIC2151-10-00 UIC1805-01-00,QRM2004-01-00 STA2102-05-00,ME ME,18.0,금,1,2,0,6+5,1+1
3181,11.925,SciRD,YCA1006-01-00,QRM1001-01-00 UIC1561-01-00 UIC1551-03-00 UIC1805-01-00,QRM2004-01-00 STA2102-05-00,ME ME,18.0,금,1,2,0,6+5,1+1
3182,11.925,Lang,YCA1006-01-00,QRM1001-01-00 UIC1561-01-00 UIC1501-02-00 UIC2151-11-00,QRM2004-01-00 QRM2001-01-00,ME ME,18.0,금,1,2,0,6+5,1+1
3183,11.925,SciRD,YCA1006-01-00,QRM1001-01-00 UIC1561-01-00 UIC1501-02-00 UIC1805-01-00,QRM2004-01-00 STA2102-05-00,ME ME,18.0,금,1,2,0,6+5,1+1
3184,11.925,Lang,YCA1006-02-00,QRM1001-01-00 UIC1561-01-00 UIC1551-04-00 UIC2151-10-00,ECO1103-02-00 QRM2004-01-00,ME ME,18.0,금,1,1,1,4+4+4,2+1+1+2
3185,11.925,Lang,YCA1006-02-00,QRM1001-01-00 UIC1561-01-00 UIC1551-04-00 UIC2151-04-00,ECO1103-02-00 QRM2004-01-00,ME ME,18.0,금,1,1,1,4+4+4,2+1+1+2
3186,11.925,SciRD,YCA1006-01-00,QRM1001-01-00 UIC1561-01-00 UIC1501-02-00 UIC1806-01-00,QRM2004-01-00 STA2102-05-00,ME ME,18.0,금,1,2,0,6+5,1+1
3187,11.925,SciRD,YCA1006-01-00,QRM1001-01-00 UIC1561-01-00 UIC1551-03-00 UIC1806-01-00,QRM2004-01-00 STA2102-05-00,ME ME,18.0,금,1,2,0,6+5,1+1
3188,11.925,SciRD,YCA1006-01-00,QRM1001-01-00 UIC1561-01-00 UIC1551-03-00 UIC1805-01-00,QRM2004-01-00 STA2102-05-00,ME ME,18.0,금,1,2,0,6+5,1+1
3189,11.925,Lang,YCA1006-01-00,QRM1001-01-00 UIC1561-01-00 UIC1501-04-00 UIC2151-10-00,QRM2004-01-00 STA2102-05-00,ME ME,18.0,금,1,2,0,6+5,1+1
3190,11.925,LHP,YCA1006-01-00,QRM1001-01-00 UIC1561-01-00 UIC2151-04-00 UIC1806-01-00,QRM2004-01-00 STA2102-05-00,ME ME,18.0,금,1,2,0,6+5,1+1
3191,11.917,Lang,YCA1006-01-00,QRM1001-01-00 UIC1561-01-00 ASP2022-01-00 UIC1751-01-00,QRM2004-01-00 STA2102-05-00,ME ME,18.0,월,0,0,0,4+5+4,1+2
3192,11.915,MR,YCA1006-02-00,UIC1561-01-00 UIC1551-04-00 UIC2151-08-00 UIC1805-01-00,ECO1101-06-00 YCK1998-03-00,ECO1101 FREE,18.0,월금,1,0,3,4,1+1+1+1+2
3193,11.915,MR,YCA1006-01-00,UIC1561-01-00 UIC1551-01-00 UIC2151-07-00 UIC1805-01-00,ECO1101-06-00 YCK1998-03-00,ECO1101 FREE,18.0,월금,1,0,3,4,1+2+1+1+1
3194,11.915,MR,YCA1006-02-00,UIC1561-01-00 UIC1551-04-00 UIC2151-12-00 UIC1805-02-00,ECO1101-06-00 YCK1998-03-00,ECO1101 FREE,18.0,월금,1,0,3,4,1+1+3+1+2
3195,11.915,MR,YCA1006-02-00,UIC1561-01-00 UIC1551-01-00 UIC2151-06-00 UIC1806-01-00,ECO1101-06-00 YCK1998-03-00,ECO1101 FREE,18.0,월금,1,0,3,4,1+2+1+1+1
3196,11.915,MR,YCA1006-02-00,UIC1561-01-00 UIC1551-04-00 UIC2151-12-00 UIC1805-02-00,ECO1101-06-00 YCK1998-03-00,ECO1101 FREE,18.0,월금,1,0,3,4,1+1+3+1+2
3197,11.915,MR,YCA1006-01-00,UIC1561-01-00 UIC1551-01-00 UIC2151-07-00 UIC1806-01-00,ECO1101-06-00 YCK1998-03-00,ECO1101 FREE,18.0,월금,1,0,3,4,1+2+1+1+1
3198,11.915,MR,YCA1006-02-00,UIC1561-01-00 UIC1551-01-00 UIC2151-06-00 UIC1806-01-00,ECO1101-06-00 YCK1998-03-00,ECO1101 FREE,18.0,월금,1,0,3,4,1+2+1+1+1
3199,11.915,MR,YCA1006-01-00,UIC1561-01-00 UIC1551-01-00 UIC2151-06-00 UIC1806-01-00,ECO1101-06-00 YCK1998-03-00,ECO1101 FREE,18.0,월금,1,0,3,4,1+2+1+1+1
3200,11.915,MR,YCA1006-01-00,UIC1561-01-00 UIC1551-01-00 UIC2151-06-00 UIC1805-01-00,ECO1101-06-00 YCK1998-03-00,ECO1101 FREE,18.0,월금,1,0,3,4,1+2+1+1+1
3201,11.915,MR,YCA1006-01-00,UIC1561-01-00 UIC1551-01-00 UIC2151-07-00 UIC1806-01-00,ECO1101-06-00 YCK1998-03-00,ECO1101 FREE,18.0,월금,1,0,3,4,1+2+1+1+1
3202,11.915,MR,YCA1006-02-00,UIC1561-01-00 UIC1551-01-00 UIC2151-05-00 UIC1806-02-00,ECO1101-06-00 YCK1998-03-00,ECO1101 FREE,18.0,월금,1,0,3,4,1+2+1+1+1
3203,11.915,MR,YCA1006-02-00,UIC1561-01-00 UIC1551-01-00 UIC2151-06-00 UIC1805-01-00,ECO1101-06-00 YCK1998-03-00,ECO1101 FREE,18.0,월금,1,0,3,4,1+2+1+1+1
3204,11.915,MR,YCA1006-02-00,UIC1561-01-00 UIC1551-01-00 UIC2151-06-00 UIC1805-01-00,ECO1101-06-00 YCK1998-03-00,ECO1101 FREE,18.0,월금,1,0,3,4,1+2+1+1+1
3205,11.915,MR,YCA1006-02-00,UIC1561-01-00 UIC1551-01-00 UIC2151-05-00 UIC1806-02-00,ECO1101-06-00 YCK1998-03-00,ECO1101 FREE,18.0,월금,1,0,3,4,1+2+1+1+1
3206,11.915,MR,YCA1006-01-00,UIC1561-01-00 UIC1551-01-00 UIC2151-06-00 UIC1805-01-00,ECO1101-06-00 YCK1998-03-00,ECO1101 FREE,18.0,월금,1,0,3,4,1+2+1+1+1
3207,11.915,MR,YCA1006-01-00,UIC1561-01-00 UIC1551-01-00 UIC2151-07-00 UIC1805-01-00,ECO1101-06-00 YCK1998-03-00,ECO1101 FREE,18.0,월금,1,0,3,4,1+2+1+1+1
3208,11.915,MR,YCA1006-02-00,UIC1561-01-00 UIC1551-01-00 UIC2151-07-00 UIC1806-01-00,ECO1101-06-00 YCK1998-03-00,ECO1101 FREE,18.0,월금,1,0,3,4,1+2+1+1+1
3209,11.915,MR,YCA1006-02-00,UIC1561-01-00 UIC1551-04-00 UIC2151-09-00 UIC1805-01-00,ECO1101-06-00 YCK1998-03-00,ECO1101 FREE,18.0,월금,1,0,3,4,1+1+1+1+2
3210,11.915,MR,YCA1006-02-00,UIC1561-01-00 UIC1551-01-00 UIC2151-07-00 UIC1806-01-00,ECO1101-06-00 YCK1998-03-00,ECO1101 FREE,18.0,월금,1,0,3,4,1+2+1+1+1
3211,11.915,MR,YCA1006-02-00,UIC1561-01-00 UIC1551-04-00 UIC2151-09-00 UIC1806-01-00,ECO1101-06-00 YCK1998-03-00,ECO1101 FREE,18.0,월금,1,0,3,4,1+1+1+1+2
3212,11.915,MR,YCA1006-02-00,UIC1561-01-00 UIC1551-04-00 UIC2151-08-00 UIC1806-01-00,ECO1101-06-00 YCK1998-03-00,ECO1101 FREE,18.0,월금,1,0,3,4,1+1+1+1+2
3213,11.915,MR,YCA1006-01-00,UIC1561-01-00 UIC1551-01-00 UIC2151-05-00 UIC1806-02-00,ECO1101-06-00 YCK1998-03-00,ECO1101 FREE,18.0,월금,1,0,3,4,1+2+1+1+1
3214,11.915,MR,YCA1006-02-00,UIC1561-01-00 UIC1551-04-00 UIC2151-05-00 UIC1805-02-00,ECO1101-06-00 YCK1998-03-00,ECO1101 FREE,18.0,월금,1,0,3,4,1+1+1+1+2
3215,11.915,MR,YCA1006-02-00,UIC1561-01-00 UIC1551-04-00 UIC2151-09-00 UIC1806-01-00,ECO1101-06-00 YCK1998-03-00,ECO1101 FREE,18.0,월금,1,0,3,4,1+1+1+1+2
3216,11.915,MR,YCA1006-02-00,UIC1561-01-00 UIC1551-04-00 UIC2151-08-00 UIC1805-01-00,ECO1101-06-00 YCK1998-03-00,ECO1101 FREE,18.0,월금,1,0,3,4,1+1+1+1+2
3217,11.915,MR,YCA1006-02-00,UIC1561-01-00 UIC1551-01-00 UIC2151-07-00 UIC1805-01-00,ECO1101-06-00 YCK1998-03-00,ECO1101 FREE,18.0,월금,1,0,3,4,1+2+1+1+1
3218,11.915,MR,YCA1006-02-00,UIC1561-01-00 UIC1551-04-00 UIC2151-05-00 UIC1805-02-00,ECO1101-06-00 YCK1998-03-00,ECO1101 FREE,18.0,월금,1,0,3,4,1+1+1+1+2
3219,11.915,MR,YCA1006-02-00,UIC1561-01-00 UIC1551-04-00 UIC2151-09-00 UIC1805-01-00,ECO1101-06-00 YCK1998-03-00,ECO1101 FREE,18.0,월금,1,0,3,4,1+1+1+1+2
3220,11.915,MR,YCA1006-01-00,UIC1561-01-00 UIC1551-01-00 UIC2151-06-00 UIC1806-01-00,ECO1101-06-00 YCK1998-03-00,ECO1101 FREE,18.0,월금,1,0,3,4,1+2+1+1+1
3221,11.915,MR,YCA1006-02-00,UIC1561-01-00 UIC1551-04-00 UIC2151-08-00 UIC1806-01-00,ECO1101-06-00 YCK1998-03-00,ECO1101 FREE,18.0,월금,1,0,3,4,1+1+1+1+2
3222,11.915,MR,YCA1006-02-00,UIC1561-01-00 UIC1551-01-00 UIC2151-07-00 UIC1805-01-00,ECO1101-06-00 YCK1998-03-00,ECO1101 FREE,18.0,월금,1,0,3,4,1+2+1+1+1
3223,11.915,MR,YCA1006-01-00,UIC1561-01-00 UIC1551-01-00 UIC2151-05-00 UIC1806-02-00,ECO1101-06-00 YCK1998-03-00,ECO1101 FREE,18.0,월금,1,0,3,4,1+2+1+1+1
3224,11.89,MR,YCA1006-01-00,UIC1561-01-00 UIC1551-04-00 UIC2151-12-00 UIC1805-02-00,STA2102-04-00 BIZ1101-09-00,ME FREE,18.0,월금,1,0,1,4,2+1+1
3225,11.89,MR,YCA1006-01-00,UIC1561-01-00 UIC1551-04-00 UIC2151-12-00 UIC1805-02-00,STA2102-04-00 BIZ1101-09-00,ME FREE,18.0,월금,1,0,1,4,2+1+1
3226,11.861,Lang,YCA1006-02-00,QRM1001-01-00 UIC1561-01-00 UIC1551-01-00 UIC2151-12-00,STA2102-05-00 CDM2012-01-00,ME FREE,18.0,월금,1,0,2,4+4,3+2+1
3227,11.858,MR,-,UIC1561-01-00 UIC1551-01-00 UIC2151-10-00 UIC1805-02-00,ECO1104-06-00 STA2102-05-00,ME ME,18.0,금,0,1,1,6+4,1+1
3228,11.858,MR,-,UIC1561-01-00 UIC1551-01-00 UIC2151-04-00 UIC1805-02-00,ECO1104-06-00 STA2102-05-00,ME ME,18.0,금,0,1,1,6+4,1+1
3229,11.858,MR,-,UIC1561-01-00 UIC1551-04-00 UIC2151-04-00 UIC1805-02-00,ECO1104-06-00 STA2102-05-00,ME ME,18.0,금,0,1,1,6+4,1+1
3230,11.858,MR,-,UIC1561-01-00 UIC1551-04-00 UIC2151-10-00 UIC1805-02-00,ECO1104-06-00 STA2102-05-00,ME ME,18.0,금,0,1,1,6+4,1+1
3231,11.858,MR,-,UIC1561-01-00 UIC1551-04-00 UIC2151-04-00 UIC1805-02-00,ECO1104-06-00 STA2102-05-00,ME ME,18.0,금,0,1,1,6+4,1+1
3232,11.858,MR,-,UIC1561-01-00 UIC1551-01-00 UIC2151-04-00 UIC1805-02-00,ECO1104-06-00 STA2102-05-00,ME ME,18.0,금,0,1,1,6+4,1+1
3233,11.858,MR,-,UIC1561-01-00 UIC1551-04-00 UIC2151-10-00 UIC1805-02-00,ECO1104-06-00 STA2102-05-00,ME ME,18.0,금,0,1,1,6+4,1+1
3234,11.858,MR,-,UIC1561-01-00 UIC1551-01-00 UIC2151-10-00 UIC1805-02-00,ECO1104-06-00 STA2102-05-00,ME ME,18.0,금,0,1,1,6+4,1+1
3235,11.857,SciRD,YCA1006-01-00,QRM1001-01-00 UIC1561-01-00 UIC1551-04-00 UIC1805-01-00,STA2102-05-00 CTM1002-02-00,ME FREE,18.0,월금,1,1,1,4+6,1+1
3236,11.857,SciRD,YCA1006-01-00,QRM1001-01-00 UIC1561-01-00 UIC1551-04-00 UIC1805-01-00,STA2102-05-00 CTM1002-02-00,ME FREE,18.0,월금,1,1,1,4+6,1+1
3237,11.857,SciRD,YCA1006-01-00,QRM1001-01-00 UIC1561-01-00 UIC1551-04-00 UIC1806-01-00,STA2102-05-00 CTM1002-02-00,ME FREE,18.0,월금,1,1,1,4+6,1+1
3238,11.857,SciRD,YCA1006-01-00,QRM1001-01-00 UIC1561-01-00 UIC1551-04-00 UIC1806-01-00,STA2102-05-00 CTM1002-02-00,ME FREE,18.0,월금,1,1,1,4+6,1+1
3239,11.857,Lang,YCA1006-01-00,QRM1001-01-00 UIC1561-01-00 UIC1551-04-00 UIC2151-05-00,STA2102-05-00 CTM1002-02-00,ME FREE,18.0,월금,1,1,1,4+6,1+1
3240,11.833,MR,YCA1006-02-00,UIC1561-01-00 UIC1551-01-00 UIC2151-04-00 UIC1805-02-00,STA2102-04-00 QRM2001-01-00,ME ME,18.0,금,1,1,1,5,2+1+1+2+1
3241,11.833,MR,YCA1006-02-00,UIC1561-01-00 UIC1551-01-00 UIC2151-10-00 UIC1806-01-00,STA2102-04-00 QRM2004-01-00,ME ME,18.0,금,1,1,1,5,2+1+2+1+1
3242,11.833,MR,YCA1006-02-00,UIC1561-01-00 UIC1551-01-00 UIC2151-04-00 UIC1805-01-00,STA2102-04-00 QRM2004-01-00,ME ME,18.0,금,1,1,1,5,2+1+2+1+1
3243,11.833,MR,YCA1006-02-00,UIC1561-01-00 UIC1551-01-00 UIC2151-10-00 UIC1805-01-00,STA2102-04-00 QRM2004-01-00,ME ME,18.0,금,1,1,1,5,2+1+2+1+1
3244,11.833,MR,YCA1006-02-00,UIC1561-01-00 UIC1551-01-00 UIC2151-04-00 UIC1805-02-00,STA2102-04-00 QRM2001-01-00,ME ME,18.0,금,1,1,1,5,2+1+1+2+1
3245,11.833,MR,YCA1006-02-00,UIC1561-01-00 UIC1551-01-00 UIC2151-10-00 UIC1805-02-00,STA2102-04-00 QRM2001-01-00,ME ME,18.0,금,1,1,1,5,2+1+1+2+1
3246,11.833,MR,YCA1006-02-00,UIC1561-01-00 UIC1551-01-00 UIC2151-10-00 UIC1805-01-00,STA2102-04-00 QRM2004-01-00,ME ME,18.0,금,1,1,1,5,2+1+2+1+1
3247,11.833,MR,YCA1006-02-00,UIC1561-01-00 UIC1551-01-00 UIC2151-10-00 UIC1806-01-00,STA2102-04-00 QRM2004-01-00,ME ME,18.0,금,1,1,1,5,2+1+2+1+1
3248,11.833,MR,YCA1006-02-00,UIC1561-01-00 UIC1551-01-00 UIC2151-04-00 UIC1805-01-00,STA2102-04-00 QRM2004-01-00,ME ME,18.0,금,1,1,1,5,2+1+2+1+1
3249,11.833,MR,YCA1006-02-00,UIC1561-01-00 UIC1551-01-00 UIC2151-04-00 UIC1806-01-00,STA2102-04-00 QRM2004-01-00,ME ME,18.0,금,1,1,1,5,2+1+2+1+1
3250,11.833,MR,YCA1006-02-00,UIC1561-01-00 UIC1551-01-00 UIC2151-10-00 UIC1805-02-00,STA2102-04-00 QRM2001-01-00,ME ME,18.0,금,1,1,1,5,2+1+1+2+1
3251,11.833,MR,YCA1006-02-00,UIC1561-01-00 UIC1551-01-00 UIC2151-04-00 UIC1806-01-00,STA2102-04-00 QRM2004-01-00,ME ME,18.0,금,1,1,1,5,2+1+2+1+1
3252,11.832,Lang,YCA1006-02-00,QRM1001-01-00 UIC1561-01-00 ASP2022-01-00 UIC2151-12-00,QRM2004-01-00 QRM2001-01-00,ME ME,18.0,월금,2,2,0,6+6,1+3
3253,11.815,MR,-,UIC1561-01-00 UIC1551-04-00 UIC2151-09-00 UIC1806-02-00,STA2102-05-00 YCK1998-03-00,ME FREE,18.0,월금,0,0,1,4+4,1
3254,11.815,MR,-,UIC1561-01-00 UIC1551-04-00 UIC2151-08-00 UIC1806-02-00,STA2102-05-00 YCK1998-03-00,ME FREE,18.0,월금,0,0,1,4+4,1
3255,11.815,MR,-,UIC1561-01-00 UIC1551-04-00 UIC2151-07-00 UIC1805-02-00,STA2102-05-00 YCK1998-03-00,ME FREE,18.0,월금,0,0,1,4+4,1
3256,11.815,MR,-,UIC1561-01-00 UIC1551-01-00 UIC2151-06-00 UIC1805-02-00,STA2102-05-00 YCK1998-03-00,ME FREE,18.0,월금,0,0,1,4+4,1
3257,11.815,MR,-,UIC1561-01-00 UIC1551-04-00 UIC2151-07-00 UIC1805-02-00,STA2102-05-00 YCK1998-03-00,ME FREE,18.0,월금,0,0,1,4+4,1
3258,11.815,MR,-,UIC1561-01-00 UIC1551-01-00 UIC2151-07-00 UIC1805-02-00,STA2102-05-00 YCK1998-03-00,ME FREE,18.0,월금,0,0,1,4+4,1
3259,11.815,MR,-,UIC1561-01-00 UIC1551-01-00 UIC2151-08-00 UIC1806-02-00,STA2102-05-00 YCK1998-03-00,ME FREE,18.0,월금,0,0,1,4+4,1
3260,11.815,MR,-,UIC1561-01-00 UIC1551-04-00 UIC2151-06-00 UIC1805-02-00,STA2102-05-00 YCK1998-03-00,ME FREE,18.0,월금,0,0,1,4+4,1
3261,11.815,MR,-,UIC1561-01-00 UIC1551-01-00 UIC2151-09-00 UIC1806-02-00,STA2102-05-00 YCK1998-03-00,ME FREE,18.0,월금,0,0,1,4+4,1
3262,11.815,MR,YCA1006-02-00,UIC1561-01-00 UIC1551-01-00 UIC2151-09-00 UIC1806-02-00,STA2102-05-00 YCI1901-01-00,ME FREE,18.0,월금,0,1,2,4+7,1
3263,11.815,MR,YCA1006-02-00,UIC1561-01-00 UIC1551-01-00 UIC2151-08-00 UIC1806-02-00,STA2102-05-00 YCI1901-01-00,ME FREE,18.0,월금,0,1,2,4+7,1
3264,11.815,MR,YCA1006-02-00,UIC1561-01-00 UIC1551-01-00 UIC2151-08-00 UIC1806-02-00,STA2102-05-00 YCI1901-01-00,ME FREE,18.0,월금,0,1,2,4+7,1
3265,11.815,MR,YCA1006-02-00,UIC1561-01-00 UIC1401-02-00 UIC2151-14-00 UIC1806-02-00,STA2102-05-00 UCD1101-01-00,ME FREE,18.0,월금,0,1,2,4+7,1
3266,11.815,MR,-,UIC1561-01-00 UIC1551-01-00 UIC2151-07-00 UIC1805-02-00,STA2102-05-00 YCK1998-03-00,ME FREE,18.0,월금,0,0,1,4+4,1
3267,11.815,MR,YCA1006-02-00,UIC1561-01-00 UIC1401-02-00 UIC2151-14-00 UIC1806-02-00,STA2102-05-00 UCD1101-01-00,ME FREE,18.0,월금,0,1,2,4+7,1
3268,11.815,MR,-,UIC1561-01-00 UIC1551-01-00 UIC2151-06-00 UIC1805-02-00,STA2102-05-00 YCK1998-03-00,ME FREE,18.0,월금,0,0,1,4+4,1
3269,11.815,MR,-,UIC1561-01-00 UIC1551-04-00 UIC2151-08-00 UIC1806-02-00,STA2102-05-00 YCK1998-03-00,ME FREE,18.0,월금,0,0,1,4+4,1
3270,11.815,MR,YCA1006-02-00,UIC1561-01-00 UIC1551-01-00 UIC2151-06-00 UIC1805-02-00,STA2102-05-00 YCI1901-01-00,ME FREE,18.0,월금,0,1,2,4+7,1
3271,11.815,MR,YCA1006-02-00,UIC1561-01-00 UIC1551-01-00 UIC2151-07-00 UIC1805-02-00,STA2102-05-00 YCI1901-01-00,ME FREE,18.0,월금,0,1,2,4+7,1
3272,11.815,MR,YCA1006-02-00,UIC1561-01-00 UIC1551-01-00 UIC2151-07-00 UIC1805-02-00,STA2102-05-00 YCI1901-01-00,ME FREE,18.0,월금,0,1,2,4+7,1
3273,11.815,MR,YCA1006-02-00,UIC1561-01-00 UIC1251-02-00 UIC2151-14-00 UIC1805-02-00,STA2102-05-00 UCD1101-01-00,ME FREE,18.0,월금,0,1,2,4+7,1
3274,11.815,MR,YCA1006-02-00,UIC1561-01-00 UIC1251-02-00 UIC2151-14-00 UIC1805-02-00,STA2102-05-00 UCD1101-01-00,ME FREE,18.0,월금,0,1,2,4+7,1
3275,11.815,MR,YCA1006-02-00,UIC1561-01-00 UIC1551-01-00 UIC2151-09-00 UIC1806-02-00,STA2102-05-00 YCI1901-01-00,ME FREE,18.0,월금,0,1,2,4+7,1
3276,11.815,MR,YCA1006-02-00,UIC1561-01-00 UIC1551-01-00 UIC2151-06-00 UIC1805-02-00,STA2102-05-00 YCI1901-01-00,ME FREE,18.0,월금,0,1,2,4+7,1
3277,11.815,MR,-,UIC1561-01-00 UIC1551-01-00 UIC2151-09-00 UIC1806-02-00,STA2102-05-00 YCK1998-03-00,ME FREE,18.0,월금,0,0,1,4+4,1
3278,11.815,MR,-,UIC1561-01-00 UIC1551-04-00 UIC2151-09-00 UIC1806-02-00,STA2102-05-00 YCK1998-03-00,ME FREE,18.0,월금,0,0,1,4+4,1
3279,11.815,MR,-,UIC1561-01-00 UIC1551-04-00 UIC2151-06-00 UIC1805-02-00,STA2102-05-00 YCK1998-03-00,ME FREE,18.0,월금,0,0,1,4+4,1
3280,11.815,MR,-,UIC1561-01-00 UIC1551-01-00 UIC2151-08-00 UIC1806-02-00,STA2102-05-00 YCK1998-03-00,ME FREE,18.0,월금,0,0,1,4+4,1
3281,11.782,SciRD,-,QRM1001-01-00 UIC1561-01-00 ASP2022-01-00 UIC1805-01-00,QRM2004-01-00 STA2102-05-00,ME ME,18.0,월금,1,1,0,4+5+6,2
3282,11.782,Lang,-,QRM1001-01-00 UIC1561-01-00 ASP2022-01-00 UIC2151-05-00,QRM2004-01-00 STA2102-05-00,ME ME,18.0,월금,1,1,0,4+5+6,2
3283,11.782,SciRD,-,QRM1001-01-00 UIC1561-01-00 ASP2022-01-00 UIC1806-01-00,QRM2004-01-00 STA2102-05-00,ME ME,18.0,월금,1,1,0,4+5+6,2
3284,11.782,SciRD,-,QRM1001-01-00 UIC1561-01-00 ASP2022-01-00 UIC1805-01-00,QRM2004-01-00 STA2102-05-00,ME ME,18.0,월금,1,1,0,4+5+6,2
3285,11.782,SciRD,-,QRM1001-01-00 UIC1561-01-00 ASP2022-01-00 UIC1806-01-00,QRM2004-01-00 STA2102-05-00,ME ME,18.0,월금,1,1,0,4+5+6,2
3286,11.765,MR,YCA1006-02-00,UIC1561-01-00 UIC1551-04-00 UIC2151-12-00 UIC1805-02-00,STA2102-05-00 SED2104-01-00,ME FREE,18.0,월금,1,0,3,4,1+1+2+1+2
3287,11.765,MR,YCA1006-02-00,UIC1561-01-00 UIC1551-04-00 UIC2151-12-00 UIC1805-02-00,STA2102-05-00 SED2104-01-00,ME FREE,18.0,월금,1,0,3,4,1+1+2+1+2
3288,11.764,Lang,YCA1006-01-00,QRM1001-01-00 UIC1561-01-00 UIC1401-03-00 UIC2151-14-00,QRM2004-01-00 QRM3001-01-00,ME ME,18.0,월,0,0,1,6,1+1
3289,11.757,SciRD,YCA1006-02-00,QRM1001-01-00 UIC1561-01-00 UIC1551-01-00 UIC1805-01-00,STA2102-05-00 YCH1605-01-00,ME FREE,18.0,월금,1,1,1,4+5,1+2+1
3290,11.757,SciRD,YCA1006-01-00,QRM1001-01-00 UIC1561-01-00 UIC1551-01-00 UIC1805-01-00,STA2102-05-00 YCH1605-01-00,ME FREE,18.0,월금,1,1,1,4+5,1+2+1
3291,11.757,Lang,YCA1006-02-00,QRM1001-01-00 UIC1561-01-00 UIC1551-01-00 UIC2151-05-00,STA2102-05-00 YCH1605-01-00,ME FREE,18.0,월금,1,1,1,4+5,1+2+1
3292,11.757,SciRD,YCA1006-02-00,QRM1001-01-00 UIC1561-01-00 UIC1551-01-00 UIC1806-01-00,STA2102-05-00 YCH1605-01-00,ME FREE,18.0,월금,1,1,1,4+5,1+2+1
3293,11.757,SciRD,YCA1006-01-00,QRM1001-01-00 UIC1561-01-00 UIC1551-01-00 UIC1806-01-00,STA2102-05-00 YCH1605-01-00,ME FREE,18.0,월금,1,1,1,4+5,1+2+1
3294,11.757,SciRD,YCA1006-01-00,QRM1001-01-00 UIC1561-01-00 UIC1551-01-00 UIC1806-01-00,STA2102-05-00 YCH1605-01-00,ME FREE,18.0,월금,1,1,1,4+5,1+2+1
3295,11.757,Lang,YCA1006-01-00,QRM1001-01-00 UIC1561-01-00 UIC1551-01-00 UIC2151-05-00,STA2102-05-00 YCH1605-01-00,ME FREE,18.0,월금,1,1,1,4+5,1+2+1
3296,11.757,SciRD,YCA1006-02-00,QRM1001-01-00 UIC1561-01-00 UIC1551-01-00 UIC1805-01-00,STA2102-05-00 YCH1605-01-00,ME FREE,18.0,월금,1,1,1,4+5,1+2+1
3297,11.757,SciRD,YCA1006-01-00,QRM1001-01-00 UIC1561-01-00 UIC1551-01-00 UIC1805-01-00,STA2102-05-00 YCH1605-01-00,ME FREE,18.0,월금,1,1,1,4+5,1+2+1
3298,11.757,SciRD,YCA1006-02-00,QRM1001-01-00 UIC1561-01-00 UIC1551-01-00 UIC1806-01-00,STA2102-05-00 YCH1605-01-00,ME FREE,18.0,월금,1,1,1,4+5,1+2+1
3299,11.725,Lang,-,QRM1001-01-00 UIC1561-01-00 UIC1551-01-00 UIC2151-10-00,ECO1103-02-00 QRM2004-01-00,ME ME,18.0,금,1,0,1,4+4,2+1+2+1
3300,11.725,Lang,-,QRM1001-01-00 UIC1561-01-00 UIC1551-04-00 UIC2151-10-00,ECO1103-02-00 QRM2004-01-00,ME ME,18.0,금,1,0,1,4+4,2+1+1+2
3301,11.725,Lang,-,QRM1001-01-00 UIC1561-01-00 UIC1551-04-00 UIC2151-04-00,ECO1103-02-00 QRM2004-01-00,ME ME,18.0,금,1,0,1,4+4,2+1+1+2
3302,11.725,Lang,-,QRM1001-01-00 UIC1561-01-00 UIC1551-01-00 UIC2151-04-00,ECO1103-02-00 QRM2004-01-00,ME ME,18.0,금,1,0,1,4+4,2+1+2+1
3303,11.717,Lang,YCA1006-01-00,QRM1001-01-00 UIC1561-01-00 UIC1551-01-00 UIC2151-12-00,STA2102-05-00 QRM2102-01-00,ME ME,18.0,월,1,0,1,4,4+2+1
3304,11.715,Lang,-,QRM1001-01-00 UIC1561-01-00 ASP2033-01-00 UIC2151-14-00,ECO1101-06-00 BIZ1101-09-00,ECO1101 FREE,18.0,월금,0,0,3,4,2+2
3305,11.7,Lang,YCA1006-02-00,QRM1001-01-00 UIC1561-01-00 UIC1401-03-00 UIC2151-12-00,ECO1101-06-00 QRM2004-01-00,ECO1101 ME,18.0,월,1,1,2,4+4,1+1+2
3306,11.7,Lang,YCA1006-02-00,QRM1001-01-00 UIC1561-01-00 UIC1551-01-00 UIC2151-04-00,ECO1101-06-00 QRM2102-01-00,ECO1101 ME,18.0,,0,0,3,4,2+3+2+2+1
3307,11.7,Lang,YCA1006-02-00,QRM1001-01-00 UIC1561-01-00 UIC1551-01-00 UIC2151-10-00,ECO1101-06-00 QRM2102-01-00,ECO1101 ME,18.0,,0,0,3,4,2+3+2+2+1
3308,11.69,WCiv,YCA1006-01-00,QRM1001-01-00 UIC1551-04-00 UIC2151-13-00 UIC1805-01-00,QRM2004-01-00 STP2004-01-00,ME FREE,18.0,월금,1,1,2,6,1+1+2
3309,11.69,WCiv,YCA1006-01-00,QRM1001-01-00 UIC1551-04-00 UIC2151-13-00 UIC1806-01-00,QRM2004-01-00 STP2004-01-00,ME FREE,18.0,월금,1,1,2,6,1+1+2
3310,11.69,WCiv,YCA1006-01-00,QRM1001-01-00 UIC1551-04-00 UIC2151-13-00 UIC1806-01-00,QRM2004-01-00 STP2004-01-00,ME FREE,18.0,월금,1,1,2,6,1+1+2
3311,11.69,WCiv,YCA1006-01-00,QRM1001-01-00 UIC1551-04-00 UIC2151-13-00 UIC1805-01-00,QRM2004-01-00 STP2004-01-00,ME FREE,18.0,월금,1,1,2,6,1+1+2
3312,11.682,LHP,YCA1006-01-00,QRM1001-01-00 UIC1561-01-00 UIC2151-14-00 UIC1805-01-00,QRM2004-01-00 YCK1998-03-00,ME FREE,18.0,월금,1,1,1,6+5,1
3313,11.682,Lang,YCA1006-01-00,QRM1001-01-00 UIC1561-01-00 UIC1501-04-00 UIC2151-14-00,QRM2004-01-00 YCK1998-03-00,ME FREE,18.0,월금,1,1,1,6+5,1
3314,11.682,LHP,YCA1006-01-00,QRM1001-01-00 UIC1561-01-00 UIC2151-14-00 UIC1806-01-00,QRM2004-01-00 YCK1998-03-00,ME FREE,18.0,월금,1,1,1,6+5,1
3315,11.682,LHP,YCA1006-01-00,QRM1001-01-00 UIC1561-01-00 UIC2151-14-00 UIC1805-01-00,QRM2004-01-00 YCK1998-03-00,ME FREE,18.0,월금,1,1,1,6+5,1
3316,11.682,LHP,YCA1006-01-00,QRM1001-01-00 UIC1561-01-00 UIC2151-14-00 UIC1806-01-00,QRM2004-01-00 YCK1998-03-00,ME FREE,18.0,월금,1,1,1,6+5,1
3317,11.682,Lang,YCA1006-02-00,QRM1001-01-00 UIC1561-01-00 UIC1551-01-00 UIC2151-12-00,QRM2004-01-00 UCB1105-02-00,ME FREE,18.0,월금,1,1,1,5+6,3
3318,11.675,Lang,YCA1006-02-00,QRM1001-01-00 UIC1561-01-00 UIC1501-02-00 UIC2151-14-00,STA2102-05-00 YCH1605-01-00,ME FREE,18.0,금,0,1,1,6,2+1
3319,11.675,Lang,YCA1006-02-00,QRM1001-01-00 UIC1561-01-00 UIC1551-03-00 UIC2151-14-00,STA2102-05-00 YCH1605-01-00,ME FREE,18.0,금,0,1,1,6,2+1
3320,11.665,MR,YCA1006-02-00,UIC1561-01-00 UIC1551-01-00 UIC2151-12-00 UIC1806-02-00,ECO1101-06-00 BIZ1101-09-00,ECO1101 FREE,18.0,월금,1,0,3,4,2+1+2+1
3321,11.665,MR,YCA1006-02-00,UIC1561-01-00 UIC1551-01-00 UIC2151-12-00 UIC1806-02-00,ECO1101-06-00 BIZ1101-09-00,ECO1101 FREE,18.0,월금,1,0,3,4,2+1+2+1
3322,11.658,MR,YCA1006-01-00,UIC1561-01-00 UIC1501-02-00 UIC2151-12-00 UIC1805-02-00,ECO1104-06-00 ECO1101-06-00,ME ECO1101,18.0,금,1,0,2,4+4,2+1+2+2
3323,11.658,MR,YCA1006-02-00,UIC1561-01-00 UIC1551-04-00 UIC2151-04-00 UIC1805-02-00,ECO1104-06-00 ECO1101-06-00,ME ECO1101,18.0,금,0,1,3,4+4+4,2+1+2+2
3324,11.658,MR,YCA1006-01-00,UIC1561-01-00 UIC1551-03-00 UIC2151-12-00 UIC1805-02-00,ECO1104-06-00 ECO1101-06-00,ME ECO1101,18.0,금,1,0,2,4+4,2+1+2+2
3325,11.658,MR,YCA1006-02-00,UIC1561-01-00 UIC1551-04-00 UIC2151-10-00 UIC1805-02-00,ECO1104-06-00 ECO1101-06-00,ME ECO1101,18.0,금,0,1,3,4+4+4,2+1+2+2
3326,11.658,MR,YCA1006-01-00,UIC1561-01-00 UIC1551-03-00 UIC2151-12-00 UIC1805-02-00,ECO1104-06-00 ECO1101-06-00,ME ECO1101,18.0,금,1,0,2,4+4,2+1+2+2
3327,11.658,MR,YCA1006-02-00,UIC1561-01-00 UIC1551-04-00 UIC2151-04-00 UIC1805-02-00,ECO1104-06-00 ECO1101-06-00,ME ECO1101,18.0,금,0,1,3,4+4+4,2+1+2+2
3328,11.658,MR,YCA1006-02-00,UIC1561-01-00 UIC1551-04-00 UIC2151-10-00 UIC1805-02-00,ECO1104-06-00 ECO1101-06-00,ME ECO1101,18.0,금,0,1,3,4+4+4,2+1+2+2
3329,11.658,MR,YCA1006-01-00,UIC1561-01-00 UIC1501-02-00 UIC2151-12-00 UIC1805-02-00,ECO1104-06-00 ECO1101-06-00,ME ECO1101,18.0,금,1,0,2,4+4,2+1+2+2
3330,11.64,MR,YCA1006-01-00,UIC1561-01-00 UIC1551-01-00 UIC2151-12-00 UIC1806-01-00,ECO1104-06-00 YCK1998-03-00,ME FREE,18.0,월금,2,0,1,,1+2+3+1+1
3331,11.64,MR,YCA1006-01-00,UIC1561-01-00 UIC1551-01-00 UIC2151-12-00 UIC1805-01-00,ECO1104-06-00 YCK1998-03-00,ME FREE,18.0,월금,2,0,1,,1+2+3+1+1
3332,11.64,MR,YCA1006-02-00,UIC1561-01-00 UIC1551-01-00 UIC2151-12-00 UIC1805-01-00,ECO1104-06-00 YCK1998-03-00,ME FREE,18.0,월금,2,0,1,,1+2+3+1+1
3333,11.64,MR,YCA1006-01-00,UIC1561-01-00 UIC1551-01-00 UIC2151-12-00 UIC1805-01-00,ECO1104-06-00 YCK1998-03-00,ME FREE,18.0,월금,2,0,1,,1+2+3+1+1
3334,11.64,MR,YCA1006-02-00,UIC1561-01-00 UIC1551-01-00 UIC2151-12-00 UIC1806-01-00,ECO1104-06-00 YCK1998-03-00,ME FREE,18.0,월금,2,0,1,,1+2+3+1+1
3335,11.64,MR,YCA1006-02-00,UIC1561-01-00 UIC1551-01-00 UIC2151-12-00 UIC1805-01-00,ECO1104-06-00 YCK1998-03-00,ME FREE,18.0,월금,2,0,1,,1+2+3+1+1
3336,11.64,MR,YCA1006-02-00,UIC1561-01-00 UIC1551-01-00 UIC2151-12-00 UIC1806-01-00,ECO1104-06-00 YCK1998-03-00,ME FREE,18.0,월금,2,0,1,,1+2+3+1+1
3337,11.64,MR,YCA1006-01-00,UIC1561-01-00 UIC1551-01-00 UIC2151-12-00 UIC1806-01-00,ECO1104-06-00 YCK1998-03-00,ME FREE,18.0,월금,2,0,1,,1+2+3+1+1
3338,11.607,Lang,-,QRM1001-01-00 UIC1561-01-00 ASP2033-01-00 UIC2151-14-00,STA2102-05-00 UCB1105-02-00,ME FREE,18.0,월금,0,0,1,4+4,2
3339,11.592,Lang,YCA1006-01-00,QRM1001-01-00 UIC1561-01-00 UIC1401-03-00 UIC2151-11-00,QRM2004-01-00 QRM2002-01-00,ME ME,18.0,,1,0,0,4,1+1
3340,11.59,MR,YCA1006-02-00,UIC1561-01-00 UIC1551-01-00 UIC2151-12-00 UIC1805-02-00,STA2102-04-00 YCH1605-01-00,ME FREE,18.0,월금,1,1,1,5,3+1
3341,11.59,MR,YCA1006-02-00,UIC1561-01-00 UIC1551-01-00 UIC2151-12-00 UIC1805-02-00,STA2102-04-00 YCH1605-01-00,ME FREE,18.0,월금,1,1,1,5,3+1
3342,11.589,Lang,YCA1006-02-00,QRM1001-01-00 UIC1561-01-00 UIC1401-03-00 UIC2151-12-00,STA2102-05-00 QRM3001-01-00,ME ME,18.0,월,1,0,0,4,1
3343,11.575,Lang,YCA1006-02-00,QRM1001-01-00 UIC1561-01-00 UIC1551-01-00 UIC2151-04-00,QRM2004-01-00 YCK1998-03-00,ME FREE,18.0,금,0,1,1,5,2+2+1
3344,11.575,Lang,YCA1006-02-00,QRM1001-01-00 UIC1561-01-00 UIC1551-01-00 UIC2151-10-00,QRM2004-01-00 YCK1998-03-00,ME FREE,18.0,금,0,1,1,5,2+2+1
3345,11.565,MR,-,UIC1561-01-00 UIC1501-05-00 UIC2151-07-00 UIC1806-01-00,ECO1101-06-00 STA2102-05-00,ECO1101 ME,18.0,월금,2,0,2,6+4,2+1
3346,11.565,MR,-,UIC1561-01-00 UIC1501-05-00 UIC2151-06-00 UIC1806-01-00,ECO1101-06-00 STA2102-05-00,ECO1101 ME,18.0,월금,2,0,2,6+4,2+1
3347,11.565,MR,-,UIC1561-01-00 UIC1501-05-00 UIC2151-05-00 UIC1805-02-00,ECO1101-06-00 STA2102-05-00,ECO1101 ME,18.0,월금,2,0,2,6+4,1+2
3348,11.565,MR,-,UIC1561-01-00 UIC1501-05-00 UIC2151-08-00 UIC1805-01-00,ECO1101-06-00 STA2102-05-00,ECO1101 ME,18.0,월금,2,0,2,6+4,1+2
3349,11.565,MR,-,UIC1561-01-00 UIC1501-05-00 UIC2151-08-00 UIC1805-01-00,ECO1101-06-00 STA2102-05-00,ECO1101 ME,18.0,월금,2,0,2,6+4,1+2
3350,11.565,MR,-,UIC1561-01-00 UIC1501-05-00 UIC2151-06-00 UIC1805-01-00,ECO1101-06-00 STA2102-05-00,ECO1101 ME,18.0,월금,2,0,2,6+4,2+1
3351,11.565,MR,-,UIC1561-01-00 UIC1501-05-00 UIC2151-06-00 UIC1806-01-00,ECO1101-06-00 STA2102-05-00,ECO1101 ME,18.0,월금,2,0,2,6+4,2+1
3352,11.565,MR,-,UIC1561-01-00 UIC1501-05-00 UIC2151-08-00 UIC1806-01-00,ECO1101-06-00 STA2102-05-00,ECO1101 ME,18.0,월금,2,0,2,6+4,1+2
3353,11.565,MR,-,UIC1561-01-00 UIC1501-05-00 UIC2151-09-00 UIC1805-01-00,ECO1101-06-00 STA2102-05-00,ECO1101 ME,18.0,월금,2,0,2,6+4,1+2
3354,11.565,MR,-,UIC1561-01-00 UIC1501-05-00 UIC2151-09-00 UIC1806-01-00,ECO1101-06-00 STA2102-05-00,ECO1101 ME,18.0,월금,2,0,2,6+4,1+2
3355,11.565,MR,-,UIC1561-01-00 UIC1501-05-00 UIC2151-05-00 UIC1805-02-00,ECO1101-06-00 STA2102-05-00,ECO1101 ME,18.0,월금,2,0,2,6+4,1+2
3356,11.565,MR,-,UIC1561-01-00 UIC1501-05-00 UIC2151-07-00 UIC1805-01-00,ECO1101-06-00 STA2102-05-00,ECO1101 ME,18.0,월금,2,0,2,6+4,2+1
3357,11.565,MR,-,UIC1561-01-00 UIC1501-05-00 UIC2151-07-00 UIC1805-01-00,ECO1101-06-00 STA2102-05-00,ECO1101 ME,18.0,월금,2,0,2,6+4,2+1
3358,11.565,MR,-,UIC1561-01-00 UIC1501-05-00 UIC2151-09-00 UIC1805-01-00,ECO1101-06-00 STA2102-05-00,ECO1101 ME,18.0,월금,2,0,2,6+4,1+2
3359,11.565,MR,-,UIC1561-01-00 UIC1501-05-00 UIC2151-05-00 UIC1806-02-00,ECO1101-06-00 STA2102-05-00,ECO1101 ME,18.0,월금,2,0,2,6+4,2+1
3360,11.565,MR,-,UIC1561-01-00 UIC1501-05-00 UIC2151-08-00 UIC1806-01-00,ECO1101-06-00 STA2102-05-00,ECO1101 ME,18.0,월금,2,0,2,6+4,1+2
3361,11.565,MR,-,UIC1561-01-00 UIC1501-05-00 UIC2151-07-00 UIC1806-01-00,ECO1101-06-00 STA2102-05-00,ECO1101 ME,18.0,월금,2,0,2,6+4,2+1
3362,11.565,MR,-,UIC1561-01-00 UIC1501-05-00 UIC2151-06-00 UIC1805-01-00,ECO1101-06-00 STA2102-05-00,ECO1101 ME,18.0,월금,2,0,2,6+4,2+1
3363,11.565,MR,-,UIC1561-01-00 UIC1501-05-00 UIC2151-09-00 UIC1806-01-00,ECO1101-06-00 STA2102-05-00,ECO1101 ME,18.0,월금,2,0,2,6+4,1+2
3364,11.565,MR,-,UIC1561-01-00 UIC1501-05-00 UIC2151-05-00 UIC1806-02-00,ECO1101-06-00 STA2102-05-00,ECO1101 ME,18.0,월금,2,0,2,6+4,2+1
3365,11.565,Lang,-,QRM1001-01-00 UIC1561-01-00 UIC1501-05-00 UIC2151-14-00,ECO1101-06-00 QRM2001-01-00,ECO1101 ME,18.0,월금,2,1,3,4+6,3+2
3366,11.561,Lang,YCA1006-02-00,QRM1001-01-00 UIC1561-01-00 UIC1551-01-00 UIC2151-12-00,QRM2004-01-00 ANT2105-01-00,ME FREE,18.0,월금,1,1,2,5+4,3+1
3367,11.54,MR,YCA1006-01-00,UIC1561-01-00 UIC1401-02-00 UIC2151-12-00 UIC1806-02-00,ECO1101-06-00 QRM2001-01-00,ECO1101 ME,18.0,월금,2,1,2,4+5,1+3+2
3368,11.54,MR,YCA1006-01-00,UIC1561-01-00 UIC1251-02-00 UIC2151-12-00 UIC1805-02-00,ECO1101-06-00 QRM2001-01-00,ECO1101 ME,18.0,월금,2,1,2,4+5,1+3+2
3369,11.54,MR,YCA1006-01-00,UIC1561-01-00 UIC1251-02-00 UIC2151-12-00 UIC1805-02-00,ECO1101-06-00 QRM2001-01-00,ECO1101 ME,18.0,월금,2,1,2,4+5,1+3+2
3370,11.54,MR,YCA1006-01-00,UIC1561-01-00 UIC1401-02-00 UIC2151-12-00 UIC1806-02-00,ECO1101-06-00 QRM2001-01-00,ECO1101 ME,18.0,월금,2,1,2,4+5,1+3+2
3371,11.54,Lang,YCA1006-01-00,QRM1001-01-00 UIC1561-01-00 UIC1551-01-00 UIC2151-12-00,ECO1101-06-00 CTM1002-02-00,ECO1101 FREE,18.0,월금,1,0,3,4+4,1+3+2+1
3372,11.54,Lang,YCA1006-01-00,QRM1001-01-00 UIC1561-01-00 UIC1551-04-00 UIC2151-12-00,ECO1101-06-00 CTM1002-02-00,ECO1101 FREE,18.0,월금,1,0,3,4+4,1+1+3+2
3373,11.533,MR,YCA1006-02-00,UIC1561-01-00 UIC1551-03-00 UIC2151-14-00 UIC1806-02-00,ECO1101-06-00 QRM2001-01-00,ECO1101 ME,18.0,금,1,0,3,4,2+1+2+2+2+1
3374,11.533,MR,YCA1006-02-00,UIC1561-01-00 UIC1551-03-00 UIC2151-14-00 UIC1806-02-00,ECO1101-06-00 QRM2001-01-00,ECO1101 ME,18.0,금,1,0,3,4,2+1+2+2+2+1
3375,11.533,MR,YCA1006-02-00,UIC1561-01-00 UIC1501-02-00 UIC2151-14-00 UIC1806-02-00,ECO1101-06-00 QRM2001-01-00,ECO1101 ME,18.0,금,1,0,3,4,2+1+2+2+2+1
3376,11.533,MR,YCA1006-01-00,UIC1561-01-00 UIC1551-03-00 UIC2151-14-00 UIC1806-02-00,ECO1101-06-00 QRM2001-01-00,ECO1101 ME,18.0,금,1,0,3,4,2+1+2+2+2+1
3377,11.533,MR,YCA1006-01-00,UIC1561-01-00 UIC1551-03-00 UIC2151-14-00 UIC1806-02-00,ECO1101-06-00 QRM2001-01-00,ECO1101 ME,18.0,금,1,0,3,4,2+1+2+2+2+1
3378,11.533,MR,YCA1006-01-00,UIC1561-01-00 UIC1501-02-00 UIC2151-14-00 UIC1806-02-00,ECO1101-06-00 QRM2001-01-00,ECO1101 ME,18.0,금,1,0,3,4,2+1+2+2+2+1
3379,11.533,MR,YCA1006-02-00,UIC1561-01-00 UIC1501-02-00 UIC2151-14-00 UIC1806-02-00,ECO1101-06-00 QRM2001-01-00,ECO1101 ME,18.0,금,1,0,3,4,2+1+2+2+2+1
3380,11.533,MR,YCA1006-01-00,UIC1561-01-00 UIC1501-02-00 UIC2151-14-00 UIC1806-02-00,ECO1101-06-00 QRM2001-01-00,ECO1101 ME,18.0,금,1,0,3,4,2+1+2+2+2+1
3381,11.524,Lang,-,QRM1001-01-00 UIC1561-01-00 UIC1401-03-00 UIC1751-01-00,STA2102-05-00 UCD1101-01-00,ME FREE,18.0,월화,0,1,1,4+4,1+1
3382,11.517,Lang,-,QRM1001-01-00 UIC1561-01-00 ASP2033-01-00 UIC2151-14-00,QRM2002-01-00 QRM2102-01-00,ME ME,18.0,월수,1,0,1,,2+1
3383,11.515,Lang,YCA1006-02-00,QRM1001-01-00 UIC1561-01-00 ASP2022-01-00 UIC2151-12-00,ECO1101-06-00 QRM2001-01-00,ECO1101 ME,18.0,월금,2,1,2,4+6,1+3+3+2
3384,11.515,MR,YCA1006-01-00,UIC1561-01-00 UIC1551-01-00 UIC2151-08-00 UIC1805-01-00,STA2102-05-00 YCK1998-03-00,ME FREE,18.0,월금,1,0,1,4,2+3
3385,11.515,MR,YCA1006-01-00,UIC1561-01-00 UIC1551-01-00 UIC2151-09-00 UIC1806-01-00,STA2102-05-00 YCK1998-03-00,ME FREE,18.0,월금,1,0,1,4,2+3
3386,11.515,MR,YCA1006-01-00,UIC1561-01-00 UIC1551-01-00 UIC2151-09-00 UIC1806-01-00,STA2102-05-00 YCK1998-03-00,ME FREE,18.0,월금,1,0,1,4,2+3
3387,11.515,MR,YCA1006-01-00,UIC1561-01-00 UIC1551-01-00 UIC2151-08-00 UIC1805-01-00,STA2102-05-00 YCK1998-03-00,ME FREE,18.0,월금,1,0,1,4,2+3
3388,11.515,MR,YCA1006-01-00,UIC1561-01-00 UIC1551-01-00 UIC2151-05-00 UIC1805-02-00,STA2102-05-00 YCK1998-03-00,ME FREE,18.0,월금,1,0,1,4,2+3
3389,11.515,MR,YCA1006-01-00,UIC1561-01-00 UIC1551-01-00 UIC2151-08-00 UIC1806-01-00,STA2102-05-00 YCK1998-03-00,ME FREE,18.0,월금,1,0,1,4,2+3
3390,11.515,MR,YCA1006-01-00,UIC1561-01-00 UIC1551-04-00 UIC2151-12-00 UIC1805-02-00,STA2102-05-00 YCK1998-03-00,ME FREE,18.0,월금,1,0,1,4,2+1+2+2
3391,11.515,MR,YCA1006-01-00,UIC1561-01-00 UIC1551-01-00 UIC2151-09-00 UIC1805-01-00,STA2102-05-00 YCK1998-03-00,ME FREE,18.0,월금,1,0,1,4,2+3
3392,11.515,MR,YCA1006-01-00,UIC1561-01-00 UIC1551-01-00 UIC2151-08-00 UIC1806-01-00,STA2102-05-00 YCK1998-03-00,ME FREE,18.0,월금,1,0,1,4,2+3
3393,11.515,MR,YCA1006-01-00,UIC1561-01-00 UIC1551-01-00 UIC2151-12-00 UIC1805-02-00,STA2102-04-00 STA1002-04-00,ME FREE,18.0,월금,1,0,1,4,2+2+2+1
3394,11.515,MR,YCA1006-01-00,UIC1561-01-00 UIC1551-01-00 UIC2151-12-00 UIC1805-02-00,STA2102-04-00 STA1002-04-00,ME FREE,18.0,월금,1,0,1,4,2+2+2+1
3395,11.515,MR,YCA1006-01-00,UIC1561-01-00 UIC1551-01-00 UIC2151-09-00 UIC1805-01-00,STA2102-05-00 YCK1998-03-00,ME FREE,18.0,월금,1,0,1,4,2+3
3396,11.515,MR,YCA1006-01-00,UIC1561-01-00 UIC1551-01-00 UIC2151-05-00 UIC1805-02-00,STA2102-05-00 YCK1998-03-00,ME FREE,18.0,월금,1,0,1,4,2+3
3397,11.515,MR,YCA1006-01-00,UIC1561-01-00 UIC1551-04-00 UIC2151-12-00 UIC1805-02-00,STA2102-05-00 YCK1998-03-00,ME FREE,18.0,월금,1,0,1,4,2+1+2+2
3398,11.5,Lang,-,QRM1001-01-00 UIC1561-01-00 UIC1401-03-00 UIC2151-12-00,ECO1101-06-00 QRM2004-01-00,ECO1101 ME,18.0,월,1,0,2,4,1+1+2
3399,11.5,Lang,YCA1006-01-00,QRM1001-01-00 UIC1561-01-00 UIC1501-02-00 UIC2151-02-00,QRM2004-01-00 STA2102-05-00,ME ME,18.0,금,1,1,0,8,1+1+1
3400,11.5,Lang,YCA1006-01-00,QRM1001-01-00 UIC1561-01-00 UIC1551-02-00 UIC2151-10-00,QRM2004-01-00 STA2102-05-00,ME ME,18.0,금,1,1,0,8,1+1+1
3401,11.5,Lang,YCA1006-01-00,QRM1001-01-00 UIC1561-01-00 UIC1501-02-00 UIC2151-03-00,QRM2004-01-00 STA2102-05-00,ME ME,18.0,금,1,1,0,8,1+1+1
3402,11.5,Lang,YCA1006-01-00,QRM1001-01-00 UIC1561-01-00 UIC1551-03-00 UIC2151-03-00,QRM2004-01-00 STA2102-05-00,ME ME,18.0,금,1,1,0,8,1+1+1
3403,11.5,Lang,YCA1006-01-00,QRM1001-01-00 UIC1561-01-00 UIC1551-02-00 UIC2151-04-00,QRM2004-01-00 STA2102-05-00,ME ME,18.0,금,1,1,0,8,1+1+1
3404,11.5,Lang,YCA1006-01-00,QRM1001-01-00 UIC1561-01-00 UIC1551-03-00 UIC2151-02-00,QRM2004-01-00 STA2102-05-00,ME ME,18.0,금,1,1,0,8,1+1+1
3405,11.49,MR,-,UIC1561-01-00 UIC1501-05-00 UIC2151-12-00 UIC1806-01-00,ECO1104-06-00 STA2102-05-00,ME ME,18.0,월금,3,0,0,4+4,2+1
3406,11.49,MR,-,UIC1561-01-00 UIC1501-05-00 UIC2151-12-00 UIC1805-01-00,ECO1104-06-00 STA2102-05-00,ME ME,18.0,월금,3,0,0,4+4,2+1
3407,11.49,MR,-,UIC1561-01-00 ASP2022-01-00 UIC2151-12-00 UIC1806-02-00,STA2102-05-00 QRM2001-01-00,ME ME,18.0,월금,2,0,0,4,2+2+2+1
3408,11.49,MR,-,UIC1561-01-00 ASP2022-01-00 UIC2151-12-00 UIC1806-02-00,STA2102-05-00 QRM2001-01-00,ME ME,18.0,월금,2,0,0,4,2+2+2+1
3409,11.49,MR,-,UIC1561-01-00 UIC1501-05-00 UIC2151-12-00 UIC1805-01-00,ECO1104-06-00 STA2102-05-00,ME ME,18.0,월금,3,0,0,4+4,2+1
3410,11.49,MR,-,UIC1561-01-00 UIC1501-05-00 UIC2151-12-00 UIC1806-01-00,ECO1104-06-00 STA2102-05-00,ME ME,18.0,월금,3,0,0,4+4,2+1
3411,11.474,-,YCA1006-02-00,QRM1001-01-00 UIC1561-01-00 UIC1551-04-00 UIC2151-12-00 UIC1805-01-00,ECO1101-06-00,ECO1101,18.0,월금,2,1,3,4+6,1+4+3+2
3412,11.474,-,YCA1006-02-00,QRM1001-01-00 UIC1561-01-00 UIC1551-04-00 UIC2151-12-00 UIC1806-01-00,ECO1101-06-00,ECO1101,18.0,월금,2,1,3,4+6,1+4+3+2
3413,11.474,-,YCA1006-02-00,QRM1001-01-00 UIC1561-01-00 UIC1551-04-00 UIC2151-12-00 UIC1806-01-00,ECO1101-06-00,ECO1101,18.0,월금,2,1,3,4+6,1+4+3+2
3414,11.474,-,YCA1006-02-00,QRM1001-01-00 UIC1561-01-00 UIC1551-04-00 UIC2151-12-00 UIC1805-01-00,ECO1101-06-00,ECO1101,18.0,월금,2,1,3,4+6,1+4+3+2
3415,11.458,MR,YCA1006-01-00,UIC1561-01-00 UIC1551-04-00 UIC2151-11-00 UIC1805-02-00,ECO1101-06-00 QRM2001-01-00,ECO1101 ME,18.0,금,1,0,3,6,2+1+2+2
3416,11.458,MR,-,UIC1561-01-00 UIC1551-04-00 UIC2151-04-00 UIC1805-02-00,ECO1104-06-00 ECO1101-06-00,ME ECO1101,18.0,금,0,0,3,4+4,2+1+2+2
3417,11.458,MR,-,UIC1561-01-00 UIC1551-04-00 UIC2151-04-00 UIC1805-02-00,ECO1104-06-00 ECO1101-06-00,ME ECO1101,18.0,금,0,0,3,4+4,2+1+2+2
3418,11.458,MR,YCA1006-01-00,UIC1561-01-00 UIC1551-04-00 UIC2151-11-00 UIC1805-02-00,ECO1101-06-00 QRM2001-01-00,ECO1101 ME,18.0,금,1,0,3,6,2+1+2+2
3419,11.458,MR,-,UIC1561-01-00 UIC1551-04-00 UIC2151-10-00 UIC1805-02-00,ECO1104-06-00 ECO1101-06-00,ME ECO1101,18.0,금,0,0,3,4+4,2+1+2+2
3420,11.458,MR,-,UIC1561-01-00 UIC1551-04-00 UIC2151-10-00 UIC1805-02-00,ECO1104-06-00 ECO1101-06-00,ME ECO1101,18.0,금,0,0,3,4+4,2+1+2+2
3421,11.458,MR,-,UIC1561-01-00 UIC1551-01-00 UIC2151-10-00 UIC1805-02-00,ECO1104-06-00 ECO1101-06-00,ME ECO1101,18.0,금,0,0,3,4+4,2+2+2+1
3422,11.458,MR,-,UIC1561-01-00 UIC1551-01-00 UIC2151-10-00 UIC1805-02-00,ECO1104-06-00 ECO1101-06-00,ME ECO1101,18.0,금,0,0,3,4+4,2+2+2+1
3423,11.458,MR,-,UIC1561-01-00 UIC1551-01-00 UIC2151-04-00 UIC1805-02-00,ECO1104-06-00 ECO1101-06-00,ME ECO1101,18.0,금,0,0,3,4+4,2+2+2+1
3424,11.458,MR,-,UIC1561-01-00 UIC1551-01-00 UIC2151-04-00 UIC1805-02-00,ECO1104-06-00 ECO1101-06-00,ME ECO1101,18.0,금,0,0,3,4+4,2+2+2+1
3425,11.424,-,-,QRM1001-01-00 UIC1561-01-00 ASP2033-01-00 UIC2151-14-00 UIC1805-01-00,ECO1101-06-00,ECO1101,18.0,월금,1,1,3,4+4+5,2+2
3426,11.424,-,-,QRM1001-01-00 UIC1561-01-00 ASP2033-01-00 UIC2151-14-00 UIC1806-01-00,ECO1101-06-00,ECO1101,18.0,월금,1,1,3,4+4+5,2+2
3427,11.424,-,-,QRM1001-01-00 UIC1561-01-00 ASP2033-01-00 UIC2151-14-00 UIC1805-01-00,ECO1101-06-00,ECO1101,18.0,월금,1,1,3,4+4+5,2+2
3428,11.424,-,-,QRM1001-01-00 UIC1561-01-00 ASP2033-01-00 UIC2151-14-00 UIC1806-01-00,ECO1101-06-00,ECO1101,18.0,월금,1,1,3,4+4+5,2+2
3429,11.417,Lang,YCA1006-02-00,QRM1001-01-00 UIC1561-01-00 UIC1551-01-00 UIC2151-11-00,QRM2004-01-00 QRM2102-01-00,ME ME,18.0,,0,1,1,4+5,1
3430,11.392,Lang,YCA1006-02-00,QRM1001-01-00 UIC1561-01-00 UIC1501-02-00 UIC2151-14-00,STA2102-05-00 QRM2102-01-00,ME ME,18.0,,0,1,1,6,3+1
3431,11.392,Lang,YCA1006-02-00,QRM1001-01-00 UIC1561-01-00 UIC1551-03-00 UIC2151-14-00,STA2102-05-00 QRM2102-01-00,ME ME,18.0,,0,1,1,6,3+1
3432,11.38,Lang,-,QRM1001-01-00 UIC1561-01-00 UIC1401-03-00 UIC1751-01-00,ECO1101-06-00 QRM3007-01-00,ECO1101 ME,18.0,월화,0,1,2,4+5,1+1+2
3433,11.365,MR,-,UIC1561-01-00 UIC1551-04-00 UIC2151-12-00 UIC1806-01-00,QRM2004-01-00 STA2102-05-00,ME ME,18.0,월금,2,0,1,4,2+1+2+3
3434,11.365,MR,-,UIC1561-01-00 UIC1551-04-00 UIC2151-12-00 UIC1806-01-00,QRM2004-01-00 STA2102-05-00,ME ME,18.0,월금,2,0,1,4,2+1+2+3
3435,11.365,MR,-,UIC1561-01-00 UIC1551-04-00 UIC2151-12-00 UIC1806-02-00,STA2102-05-00 QRM2001-01-00,ME ME,18.0,월금,2,0,1,4,2+3+2+1
3436,11.365,MR,-,UIC1561-01-00 UIC1551-04-00 UIC2151-12-00 UIC1805-02-00,STA2102-05-00 QRM2001-01-00,ME ME,18.0,월금,2,0,1,4,3+1+2+2
3437,11.365,MR,-,UIC1561-01-00 UIC1551-04-00 UIC2151-12-00 UIC1805-01-00,QRM2004-01-00 STA2102-05-00,ME ME,18.0,월금,2,0,1,4,2+1+2+3
3438,11.365,MR,-,UIC1561-01-00 UIC1551-04-00 UIC2151-12-00 UIC1805-01-00,QRM2004-01-00 STA2102-05-00,ME ME,18.0,월금,2,0,1,4,2+1+2+3
3439,11.365,MR,-,UIC1561-01-00 UIC1551-04-00 UIC2151-12-00 UIC1806-02-00,STA2102-05-00 QRM2001-01-00,ME ME,18.0,월금,2,0,1,4,2+3+2+1
3440,11.365,MR,-,UIC1561-01-00 UIC1551-04-00 UIC2151-12-00 UIC1805-02-00,STA2102-05-00 QRM2001-01-00,ME ME,18.0,월금,2,0,1,4,3+1+2+2
3441,11.358,Lang,YCA1006-02-00,QRM1001-01-00 UIC1561-01-00 UIC1501-02-00 UIC2151-14-00,ECO1101-06-00 YCK1998-03-00,ECO1101 FREE,18.0,금,0,0,3,4,2+3+2+1
3442,11.358,Lang,YCA1006-02-00,QRM1001-01-00 UIC1561-01-00 UIC1551-03-00 UIC2151-14-00,ECO1101-06-00 YCK1998-03-00,ECO1101 FREE,18.0,금,0,0,3,4,2+3+2+1
3443,11.325,MR,YCA1006-02-00,UIC1561-01-00 UIC1401-03-00 UIC2151-14-00 UIC1805-02-00,ECO1101-06-00 STA2102-05-00,ECO1101 ME,18.0,월,0,0,3,6+5,1+2
3444,11.325,MR,YCA1006-02-00,UIC1561-01-00 UIC1401-03-00 UIC2151-14-00 UIC1805-02-00,ECO1101-06-00 STA2102-05-00,ECO1101 ME,18.0,월,0,0,3,6+5,1+2
3445,11.308,MR,YCA1006-01-00,UIC1561-01-00 UIC1551-01-00 UIC2151-10-00 UIC1806-02-00,STA2102-05-00 QRM2001-01-00,ME ME,18.0,금,1,1,1,6,1+2+1+1+1
3446,11.308,MR,YCA1006-02-00,UIC1561-01-00 UIC1551-01-00 UIC2151-10-00 UIC1806-02-00,STA2102-05-00 QRM2001-01-00,ME ME,18.0,금,1,1,1,6,1+2+1+1+1
3447,11.308,MR,YCA1006-02-00,UIC1561-01-00 UIC1551-04-00 UIC2151-10-00 UIC1805-02-00,STA2102-05-00 QRM2001-01-00,ME ME,18.0,금,1,1,1,6,1+1+1+1+2
3448,11.308,MR,YCA1006-02-00,UIC1561-01-00 UIC1551-04-00 UIC2151-04-00 UIC1805-02-00,STA2102-05-00 QRM2001-01-00,ME ME,18.0,금,1,1,1,6,1+1+1+1+2
3449,11.308,MR,YCA1006-01-00,UIC1561-01-00 UIC1551-01-00 UIC2151-04-00 UIC1806-02-00,STA2102-05-00 QRM2001-01-00,ME ME,18.0,금,1,1,1,6,1+2+1+1+1
3450,11.308,MR,YCA1006-02-00,UIC1561-01-00 UIC1551-01-00 UIC2151-04-00 UIC1806-02-00,STA2102-05-00 QRM2001-01-00,ME ME,18.0,금,1,1,1,6,1+2+1+1+1
3451,11.308,MR,YCA1006-02-00,UIC1561-01-00 UIC1551-01-00 UIC2151-04-00 UIC1806-02-00,STA2102-05-00 QRM2001-01-00,ME ME,18.0,금,1,1,1,6,1+2+1+1+1
3452,11.308,MR,YCA1006-02-00,UIC1561-01-00 UIC1551-04-00 UIC2151-10-00 UIC1805-02-00,STA2102-05-00 QRM2001-01-00,ME ME,18.0,금,1,1,1,6,1+1+1+1+2
3453,11.308,MR,YCA1006-02-00,UIC1561-01-00 UIC1551-04-00 UIC2151-04-00 UIC1805-02-00,STA2102-05-00 QRM2001-01-00,ME ME,18.0,금,1,1,1,6,1+1+1+1+2
3454,11.308,MR,YCA1006-02-00,UIC1561-01-00 UIC1551-01-00 UIC2151-10-00 UIC1806-02-00,STA2102-05-00 QRM2001-01-00,ME ME,18.0,금,1,1,1,6,1+2+1+1+1
3455,11.308,MR,YCA1006-01-00,UIC1561-01-00 UIC1551-01-00 UIC2151-10-00 UIC1806-02-00,STA2102-05-00 QRM2001-01-00,ME ME,18.0,금,1,1,1,6,1+2+1+1+1
3456,11.308,MR,YCA1006-01-00,UIC1561-01-00 UIC1551-01-00 UIC2151-04-00 UIC1806-02-00,STA2102-05-00 QRM2001-01-00,ME ME,18.0,금,1,1,1,6,1+2+1+1+1
3457,11.3,MR,YCA1006-01-00,UIC1561-01-00 UIC1551-04-00 UIC2151-12-00 UIC1805-02-00,ECO1104-06-00 QRM2102-01-00,ME ME,18.0,월,1,0,1,4,1+1+3
3458,11.3,MR,YCA1006-01-00,UIC1561-01-00 UIC1551-01-00 UIC2151-12-00 UIC1805-02-00,ECO1104-06-00 QRM2102-01-00,ME ME,18.0,월,1,0,1,4,1+3+1
3459,11.3,MR,YCA1006-02-00,UIC1561-01-00 UIC1551-01-00 UIC1751-01-00 UIC1805-01-00,ECO1104-06-00 STA2102-05-00,ME ME,18.0,월,1,0,1,4,1+2+2+1+1
3460,11.3,MR,YCA1006-01-00,UIC1561-01-00 UIC1551-01-00 UIC1751-01-00 UIC1806-01-00,ECO1104-06-00 STA2102-05-00,ME ME,18.0,월,1,0,1,4,1+2+2+1+1
3461,11.3,MR,YCA1006-01-00,UIC1561-01-00 UIC1551-01-00 UIC1751-01-00 UIC1806-01-00,ECO1104-06-00 STA2102-05-00,ME ME,18.0,월,1,0,1,4,1+2+2+1+1
3462,11.3,MR,YCA1006-02-00,UIC1561-01-00 UIC1551-01-00 UIC1751-01-00 UIC1806-01-00,ECO1104-06-00 STA2102-05-00,ME ME,18.0,월,1,0,1,4,1+2+2+1+1
3463,11.3,MR,YCA1006-01-00,UIC1561-01-00 UIC1551-01-00 UIC1751-01-00 UIC1805-01-00,ECO1104-06-00 STA2102-05-00,ME ME,18.0,월,1,0,1,4,1+2+2+1+1
3464,11.3,MR,YCA1006-01-00,UIC1561-01-00 UIC1551-01-00 UIC1751-01-00 UIC1805-01-00,ECO1104-06-00 STA2102-05-00,ME ME,18.0,월,1,0,1,4,1+2+2+1+1
3465,11.3,MR,YCA1006-02-00,UIC1561-01-00 UIC1551-01-00 UIC1751-01-00 UIC1805-01-00,ECO1104-06-00 STA2102-05-00,ME ME,18.0,월,1,0,1,4,1+2+2+1+1
3466,11.3,MR,YCA1006-01-00,UIC1561-01-00 UIC1551-01-00 UIC2151-12-00 UIC1805-02-00,ECO1104-06-00 QRM2102-01-00,ME ME,18.0,월,1,0,1,4,1+3+1
3467,11.3,MR,YCA1006-02-00,UIC1561-01-00 UIC1551-01-00 UIC1751-01-00 UIC1806-01-00,ECO1104-06-00 STA2102-05-00,ME ME,18.0,월,1,0,1,4,1+2+2+1+1
3468,11.3,MR,YCA1006-01-00,UIC1561-01-00 UIC1551-04-00 UIC2151-12-00 UIC1805-02-00,ECO1104-06-00 QRM2102-01-00,ME ME,18.0,월,1,0,1,4,1+1+3
3469,11.29,MR,YCA1006-02-00,UIC1561-01-00 UIC1551-04-00 UIC2151-12-00 UIC1806-02-00,ECO1101-06-00 YCI1998-02-00,ECO1101 FREE,18.0,월금,1,0,3,4,2+3+2
3470,11.29,MR,YCA1006-02-00,UIC1561-01-00 UIC1551-04-00 UIC2151-12-00 UIC1806-02-00,ECO1101-06-00 YCI1998-02-00,ECO1101 FREE,18.0,월금,1,0,3,4,2+3+2
3471,11.283,Lang,YCA1006-02-00,QRM1001-01-00 UIC1561-01-00 UIC1501-02-00 UIC2151-12-00,ECO1101-06-00 QRM2004-01-00,ECO1101 ME,18.0,금,1,1,2,4+4+4,2+2+2
3472,11.283,Lang,YCA1006-02-00,QRM1001-01-00 UIC1561-01-00 UIC1551-03-00 UIC2151-12-00,ECO1101-06-00 QRM2004-01-00,ECO1101 ME,18.0,금,1,1,2,4+4+4,2+2+2
3473,11.274,WCiv,-,QRM1001-01-00 UIC1501-05-00 UIC2151-14-00 UIC1805-01-00,ECO1101-06-00 STA2102-05-00,ECO1101 ME,18.0,월금,2,1,3,6,2+3+3
3474,11.274,WCiv,-,QRM1001-01-00 UIC1501-05-00 UIC2151-14-00 UIC1805-01-00,ECO1101-06-00 STA2102-05-00,ECO1101 ME,18.0,월금,2,1,3,6,2+3+3
3475,11.274,WCiv,-,QRM1001-01-00 UIC1501-05-00 UIC2151-14-00 UIC1806-01-00,ECO1101-06-00 STA2102-05-00,ECO1101 ME,18.0,월금,2,1,3,6,2+3+3
3476,11.274,WCiv,-,QRM1001-01-00 UIC1501-05-00 UIC2151-14-00 UIC1806-01-00,ECO1101-06-00 STA2102-05-00,ECO1101 ME,18.0,월금,2,1,3,6,2+3+3
3477,11.265,MR,-,UIC1561-01-00 UIC1501-05-00 UIC2151-14-00 UIC1806-02-00,ECO1101-06-00 QRM2001-01-00,ECO1101 ME,18.0,월금,2,0,3,4+4,2+2+1
3478,11.265,MR,-,UIC1561-01-00 UIC1501-05-00 UIC2151-14-00 UIC1806-02-00,ECO1101-06-00 QRM2001-01-00,ECO1101 ME,18.0,월금,2,0,3,4+4,2+2+1
3479,11.233,MR,YCA1006-01-00,UIC1561-01-00 UIC1251-02-00 UIC2151-04-00 UIC1805-02-00,ECO1101-06-00 STA2102-05-00,ECO1101 ME,18.0,금,0,1,2,8,1+1+2
3480,11.233,MR,YCA1006-01-00,UIC1561-01-00 UIC1501-02-00 UIC2151-07-00 UIC1805-02-00,ECO1101-06-00 STA2102-05-00,ECO1101 ME,18.0,금,0,1,2,8,1+1+2
3481,11.233,Lang,YCA1006-02-00,QRM1001-01-00 UIC1561-01-00 ASP2022-01-00 UIC2151-10-00,ECO1101-06-00 STA2102-05-00,ECO1101 ME,18.0,금,0,1,2,8+4,3+1+2
3482,11.233,MR,YCA1006-01-00,UIC1561-01-00 UIC1401-02-00 UIC2151-04-00 UIC1806-02-00,ECO1101-06-00 STA2102-05-00,ECO1101 ME,18.0,금,0,1,2,8,1+1+2
3483,11.233,MR,YCA1006-01-00,UIC1561-01-00 UIC1401-02-00 UIC2151-04-00 UIC1806-02-00,ECO1101-06-00 STA2102-05-00,ECO1101 ME,18.0,금,0,1,2,8,1+1+2
3484,11.233,MR,YCA1006-01-00,UIC1561-01-00 UIC1251-02-00 UIC2151-10-00 UIC1805-02-00,ECO1101-06-00 STA2102-05-00,ECO1101 ME,18.0,금,0,1,2,8,1+1+2
3485,11.233,MR,YCA1006-01-00,UIC1561-01-00 UIC1551-03-00 UIC2151-06-00 UIC1805-02-00,ECO1101-06-00 STA2102-05-00,ECO1101 ME,18.0,금,0,1,2,8,1+1+2
3486,11.233,MR,YCA1006-01-00,UIC1561-01-00 UIC1551-03-00 UIC2151-06-00 UIC1805-02-00,ECO1101-06-00 STA2102-05-00,ECO1101 ME,18.0,금,0,1,2,8,1+1+2
3487,11.233,MR,YCA1006-01-00,UIC1561-01-00 UIC1501-02-00 UIC2151-07-00 UIC1805-02-00,ECO1101-06-00 STA2102-05-00,ECO1101 ME,18.0,금,0,1,2,8,1+1+2
3488,11.233,MR,YCA1006-01-00,UIC1561-01-00 UIC1551-03-00 UIC2151-08-00 UIC1806-02-00,ECO1101-06-00 STA2102-05-00,ECO1101 ME,18.0,금,0,1,2,8,1+1+2
3489,11.233,MR,YCA1006-01-00,UIC1561-01-00 UIC1551-03-00 UIC2151-07-00 UIC1805-02-00,ECO1101-06-00 STA2102-05-00,ECO1101 ME,18.0,금,0,1,2,8,1+1+2
3490,11.233,MR,YCA1006-01-00,UIC1561-01-00 UIC1501-02-00 UIC2151-08-00 UIC1806-02-00,ECO1101-06-00 STA2102-05-00,ECO1101 ME,18.0,금,0,1,2,8,1+1+2
3491,11.233,MR,YCA1006-01-00,UIC1561-01-00 UIC1551-03-00 UIC2151-09-00 UIC1806-02-00,ECO1101-06-00 STA2102-05-00,ECO1101 ME,18.0,금,0,1,2,8,1+1+2
3492,11.233,MR,YCA1006-01-00,UIC1561-01-00 UIC1501-02-00 UIC2151-06-00 UIC1805-02-00,ECO1101-06-00 STA2102-05-00,ECO1101 ME,18.0,금,0,1,2,8,1+1+2
3493,11.233,MR,YCA1006-01-00,UIC1561-01-00 UIC1501-02-00 UIC2151-08-00 UIC1806-02-00,ECO1101-06-00 STA2102-05-00,ECO1101 ME,18.0,금,0,1,2,8,1+1+2
3494,11.233,MR,YCA1006-01-00,UIC1561-01-00 UIC1551-03-00 UIC2151-08-00 UIC1806-02-00,ECO1101-06-00 STA2102-05-00,ECO1101 ME,18.0,금,0,1,2,8,1+1+2
3495,11.233,MR,YCA1006-01-00,UIC1561-01-00 UIC1401-02-00 UIC2151-10-00 UIC1806-02-00,ECO1101-06-00 STA2102-05-00,ECO1101 ME,18.0,금,0,1,2,8,1+1+2
3496,11.233,MR,YCA1006-01-00,UIC1561-01-00 UIC1501-02-00 UIC2151-09-00 UIC1806-02-00,ECO1101-06-00 STA2102-05-00,ECO1101 ME,18.0,금,0,1,2,8,1+1+2
3497,11.233,Lang,YCA1006-02-00,QRM1001-01-00 UIC1561-01-00 ASP2022-01-00 UIC2151-04-00,ECO1101-06-00 STA2102-05-00,ECO1101 ME,18.0,금,0,1,2,8+4,3+1+2
3498,11.233,MR,YCA1006-01-00,UIC1561-01-00 UIC1501-02-00 UIC2151-06-00 UIC1805-02-00,ECO1101-06-00 STA2102-05-00,ECO1101 ME,18.0,금,0,1,2,8,1+1+2
3499,11.233,MR,YCA1006-01-00,UIC1561-01-00 UIC1551-03-00 UIC2151-09-00 UIC1806-02-00,ECO1101-06-00 STA2102-05-00,ECO1101 ME,18.0,금,0,1,2,8,1+1+2
3500,11.233,MR,YCA1006-01-00,UIC1561-01-00 UIC1251-02-00 UIC2151-04-00 UIC1805-02-00,ECO1101-06-00 STA2102-05-00,ECO1101 ME,18.0,금,0,1,2,8,1+1+2
3501,11.233,MR,YCA1006-01-00,UIC1561-01-00 UIC1251-02-00 UIC2151-10-00 UIC1805-02-00,ECO1101-06-00 STA2102-05-00,ECO1101 ME,18.0,금,0,1,2,8,1+1+2
3502,11.233,MR,YCA1006-01-00,UIC1561-01-00 UIC1401-02-00 UIC2151-10-00 UIC1806-02-00,ECO1101-06-00 STA2102-05-00,ECO1101 ME,18.0,금,0,1,2,8,1+1+2
3503,11.233,MR,YCA1006-01-00,UIC1561-01-00 UIC1501-02-00 UIC2151-09-00 UIC1806-02-00,ECO1101-06-00 STA2102-05-00,ECO1101 ME,18.0,금,0,1,2,8,1+1+2
3504,11.233,MR,YCA1006-01-00,UIC1561-01-00 UIC1551-03-00 UIC2151-07-00 UIC1805-02-00,ECO1101-06-00 STA2102-05-00,ECO1101 ME,18.0,금,0,1,2,8,1+1+2
3505,11.232,SciRD,YCA1006-02-00,QRM1001-01-00 UIC1561-01-00 UIC1551-04-00 UIC1806-01-00,STA2102-05-00 YCE1253-01-00,ME FREE,18.0,월금,1,1,1,4+6,1+1+1
3506,11.232,Lang,YCA1006-02-00,QRM1001-01-00 UIC1561-01-00 UIC1551-04-00 UIC2151-05-00,STA2102-05-00 YCE1253-01-00,ME FREE,18.0,월금,1,1,1,4+6,1+1+1
3507,11.232,SciRD,YCA1006-02-00,QRM1001-01-00 UIC1561-01-00 UIC1551-04-00 UIC1805-01-00,STA2102-05-00 YCE1253-01-00,ME FREE,18.0,월금,1,1,1,4+6,1+1+1
3508,11.232,SciRD,YCA1006-02-00,QRM1001-01-00 UIC1561-01-00 UIC1551-04-00 UIC1806-01-00,STA2102-05-00 YCE1253-01-00,ME FREE,18.0,월금,1,1,1,4+6,1+1+1
3509,11.232,Lang,YCA1006-02-00,QRM1001-01-00 UIC1561-01-00 UIC1551-01-00 UIC2151-12-00,STA2102-05-00 STA1002-04-00,ME FREE,18.0,월금,1,1,1,6+4,3+1+1
3510,11.232,SciRD,YCA1006-02-00,QRM1001-01-00 UIC1561-01-00 UIC1551-04-00 UIC1805-01-00,STA2102-05-00 YCE1253-01-00,ME FREE,18.0,월금,1,1,1,4+6,1+1+1
3511,11.225,Lang,YCA1006-01-00,QRM1001-01-00 UIC1561-01-00 UIC1551-02-00 UIC2151-14-00,QRM2004-01-00 STA2102-05-00,ME ME,18.0,금,1,0,1,4+6,2+1+3
3512,11.215,MR,YCA1006-02-00,UIC1561-01-00 ASP2022-01-00 UIC2151-12-00 UIC1805-02-00,ECO1101-06-00 QRM2001-01-00,ECO1101 ME,18.0,월금,2,0,2,4+4,1+1+3+2+2
3513,11.215,MR,YCA1006-02-00,UIC1561-01-00 ASP2022-01-00 UIC2151-12-00 UIC1805-02-00,ECO1101-06-00 QRM2001-01-00,ECO1101 ME,18.0,월금,2,0,2,4+4,1+1+3+2+2
3514,11.192,Lang,-,QRM1001-01-00 UIC1561-01-00 UIC1401-03-00 UIC2151-14-00,QRM2004-01-00 QRM2002-01-00,ME ME,18.0,월,1,0,1,6,1+1
3515,11.175,MR,YCA1006-02-00,UIC1561-01-00 ASP2022-01-00 UIC2151-12-00 UIC1806-02-00,STA2102-05-00 QRM2102-01-00,ME ME,18.0,월,1,0,0,4,2+2
3516,11.175,MR,YCA1006-02-00,UIC1561-01-00 UIC1401-03-00 UIC2151-14-00 UIC1806-01-00,ECO1104-06-00 QRM2002-01-00,ME ME,18.0,월,2,0,1,,1+2+1+1+1
3517,11.175,MR,YCA1006-02-00,UIC1561-01-00 UIC1401-03-00 UIC2151-14-00 UIC1805-01-00,ECO1104-06-00 QRM2002-01-00,ME ME,18.0,월,2,0,1,,1+2+1+1+1
3518,11.175,MR,YCA1006-02-00,UIC1561-01-00 UIC1401-03-00 UIC2151-14-00 UIC1805-01-00,ECO1104-06-00 QRM2002-01-00,ME ME,18.0,월,2,0,1,,1+2+1+1+1
3519,11.175,MR,YCA1006-01-00,UIC1561-01-00 UIC1401-03-00 UIC2151-14-00 UIC1805-01-00,ECO1104-06-00 QRM2002-01-00,ME ME,18.0,월,2,0,1,,1+2+1+1+1
3520,11.175,MR,YCA1006-01-00,UIC1561-01-00 UIC1401-03-00 UIC2151-14-00 UIC1806-01-00,ECO1104-06-00 QRM2002-01-00,ME ME,18.0,월,2,0,1,,1+2+1+1+1
3521,11.175,MR,YCA1006-02-00,UIC1561-01-00 ASP2022-01-00 UIC2151-12-00 UIC1806-02-00,STA2102-05-00 QRM2102-01-00,ME ME,18.0,월,1,0,0,4,2+2
3522,11.175,MR,YCA1006-01-00,UIC1561-01-00 UIC1401-03-00 UIC2151-14-00 UIC1805-01-00,ECO1104-06-00 QRM2002-01-00,ME ME,18.0,월,2,0,1,,1+2+1+1+1
3523,11.175,MR,YCA1006-01-00,UIC1561-01-00 UIC1401-03-00 UIC2151-14-00 UIC1806-01-00,ECO1104-06-00 QRM2002-01-00,ME ME,18.0,월,2,0,1,,1+2+1+1+1
3524,11.175,MR,YCA1006-02-00,UIC1561-01-00 UIC1401-03-00 UIC2151-14-00 UIC1806-01-00,ECO1104-06-00 QRM2002-01-00,ME ME,18.0,월,2,0,1,,1+2+1+1+1
3525,11.165,MR,YCA1006-01-00,UIC1561-01-00 UIC1551-04-00 UIC2151-08-00 UIC1806-02-00,ECO1101-06-00 BIZ1101-09-00,ECO1101 FREE,18.0,월금,0,0,3,4+4,1+1+2
3526,11.165,MR,YCA1006-01-00,UIC1561-01-00 UIC1551-04-00 UIC2151-06-00 UIC1805-02-00,ECO1101-06-00 BIZ1101-09-00,ECO1101 FREE,18.0,월금,0,0,3,4+4,1+1+2
3527,11.165,MR,YCA1006-01-00,UIC1561-01-00 UIC1551-01-00 UIC2151-06-00 UIC1805-02-00,ECO1101-06-00 BIZ1101-09-00,ECO1101 FREE,18.0,월금,0,0,3,4+4,1+2+1
3528,11.165,MR,YCA1006-01-00,UIC1561-01-00 UIC1551-01-00 UIC2151-08-00 UIC1806-02-00,ECO1101-06-00 BIZ1101-09-00,ECO1101 FREE,18.0,월금,0,0,3,4+4,1+2+1
3529,11.165,MR,YCA1006-01-00,UIC1561-01-00 UIC1551-04-00 UIC2151-09-00 UIC1806-02-00,ECO1101-06-00 BIZ1101-09-00,ECO1101 FREE,18.0,월금,0,0,3,4+4,1+1+2
3530,11.165,MR,YCA1006-01-00,UIC1561-01-00 UIC1551-04-00 UIC2151-08-00 UIC1806-02-00,ECO1101-06-00 BIZ1101-09-00,ECO1101 FREE,18.0,월금,0,0,3,4+4,1+1+2
3531,11.165,MR,YCA1006-01-00,UIC1561-01-00 UIC1551-01-00 UIC2151-07-00 UIC1805-02-00,ECO1101-06-00 BIZ1101-09-00,ECO1101 FREE,18.0,월금,0,0,3,4+4,1+2+1
3532,11.165,MR,YCA1006-01-00,UIC1561-01-00 UIC1551-01-00 UIC2151-06-00 UIC1805-02-00,ECO1101-06-00 BIZ1101-09-00,ECO1101 FREE,18.0,월금,0,0,3,4+4,1+2+1
3533,11.165,MR,YCA1006-01-00,UIC1561-01-00 UIC1551-01-00 UIC2151-08-00 UIC1806-02-00,ECO1101-06-00 BIZ1101-09-00,ECO1101 FREE,18.0,월금,0,0,3,4+4,1+2+1
3534,11.165,MR,YCA1006-01-00,UIC1561-01-00 UIC1551-01-00 UIC2151-07-00 UIC1805-02-00,ECO1101-06-00 BIZ1101-09-00,ECO1101 FREE,18.0,월금,0,0,3,4+4,1+2+1
3535,11.165,Lang,YCA1006-01-00,QRM1001-01-00 UIC1561-01-00 UIC1551-01-00 UIC2151-12-00,ECO1101-06-00 BIZ1101-09-00,ECO1101 FREE,18.0,월금,1,0,3,4,4+1+2+1
3536,11.165,MR,YCA1006-01-00,UIC1561-01-00 UIC1551-01-00 UIC2151-09-00 UIC1806-02-00,ECO1101-06-00 BIZ1101-09-00,ECO1101 FREE,18.0,월금,0,0,3,4+4,1+2+1
3537,11.165,MR,YCA1006-01-00,UIC1561-01-00 UIC1551-04-00 UIC2151-07-00 UIC1805-02-00,ECO1101-06-00 BIZ1101-09-00,ECO1101 FREE,18.0,월금,0,0,3,4+4,1+1+2
3538,11.165,MR,YCA1006-01-00,UIC1561-01-00 UIC1551-01-00 UIC2151-09-00 UIC1806-02-00,ECO1101-06-00 BIZ1101-09-00,ECO1101 FREE,18.0,월금,0,0,3,4+4,1+2+1
3539,11.165,MR,YCA1006-01-00,UIC1561-01-00 UIC1551-04-00 UIC2151-06-00 UIC1805-02-00,ECO1101-06-00 BIZ1101-09-00,ECO1101 FREE,18.0,월금,0,0,3,4+4,1+1+2
3540,11.165,MR,YCA1006-01-00,UIC1561-01-00 UIC1551-04-00 UIC2151-07-00 UIC1805-02-00,ECO1101-06-00 BIZ1101-09-00,ECO1101 FREE,18.0,월금,0,0,3,4+4,1+1+2
3541,11.165,MR,YCA1006-01-00,UIC1561-01-00 UIC1551-04-00 UIC2151-09-00 UIC1806-02-00,ECO1101-06-00 BIZ1101-09-00,ECO1101 FREE,18.0,월금,0,0,3,4+4,1+1+2
3542,11.133,MR,YCA1006-01-00,UIC1561-01-00 UIC1551-01-00 UIC2151-11-00 UIC1805-02-00,ECO1104-06-00 ECO1103-02-00,ME ME,18.0,금,1,0,1,4+4,2+1+3+1
3543,11.133,MR,YCA1006-01-00,UIC1561-01-00 UIC1551-04-00 UIC2151-11-00 UIC1805-02-00,ECO1104-06-00 ECO1103-02-00,ME ME,18.0,금,1,0,1,4+4,2+1+1+3
3544,11.133,MR,YCA1006-01-00,UIC1561-01-00 UIC1551-04-00 UIC2151-11-00 UIC1805-02-00,ECO1104-06-00 ECO1103-02-00,ME ME,18.0,금,1,0,1,4+4,2+1+1+3
3545,11.133,MR,YCA1006-01-00,UIC1561-01-00 UIC1551-01-00 UIC2151-11-00 UIC1805-02-00,ECO1104-06-00 ECO1103-02-00,ME ME,18.0,금,1,0,1,4+4,2+1+3+1
3546,11.125,MR,YCA1006-02-00,UIC1561-01-00 UIC1401-03-00 UIC2151-12-00 UIC1806-02-00,ECO1101-06-00 STA2102-05-00,ECO1101 ME,18.0,월,1,0,2,6,1+2
3547,11.125,MR,YCA1006-02-00,UIC1561-01-00 UIC1401-03-00 UIC2151-12-00 UIC1806-02-00,ECO1101-06-00 STA2102-05-00,ECO1101 ME,18.0,월,1,0,2,6,1+2
3548,11.125,MR,YCA1006-02-00,UIC1561-01-00 UIC1551-01-00 UIC2151-08-00 UIC1806-02-00,QRM2002-01-00 QRM2102-01-00,ME ME,18.0,월수,1,1,1,5,1+1
3549,11.125,MR,YCA1006-02-00,UIC1561-01-00 UIC1551-01-00 UIC2151-09-00 UIC1806-02-00,QRM2002-01-00 QRM2102-01-00,ME ME,18.0,월수,1,1,1,5,1+1
3550,11.125,MR,YCA1006-02-00,UIC1561-01-00 UIC1551-01-00 UIC2151-08-00 UIC1806-02-00,QRM2002-01-00 QRM2102-01-00,ME ME,18.0,월수,1,1,1,5,1+1
3551,11.125,MR,YCA1006-02-00,UIC1561-01-00 UIC1551-01-00 UIC2151-07-00 UIC1805-02-00,QRM2002-01-00 QRM2102-01-00,ME ME,18.0,월수,1,1,1,5,1+1
3552,11.125,MR,YCA1006-02-00,UIC1561-01-00 UIC1551-01-00 UIC2151-06-00 UIC1805-02-00,QRM2002-01-00 QRM2102-01-00,ME ME,18.0,월수,1,1,1,5,1+1
3553,11.125,MR,YCA1006-02-00,UIC1561-01-00 UIC1551-01-00 UIC2151-07-00 UIC1805-02-00,QRM2002-01-00 QRM2102-01-00,ME ME,18.0,월수,1,1,1,5,1+1
3554,11.125,MR,YCA1006-02-00,UIC1561-01-00 UIC1551-01-00 UIC2151-09-00 UIC1806-02-00,QRM2002-01-00 QRM2102-01-00,ME ME,18.0,월수,1,1,1,5,1+1
3555,11.125,MR,YCA1006-02-00,UIC1561-01-00 UIC1551-01-00 UIC2151-06-00 UIC1805-02-00,QRM2002-01-00 QRM2102-01-00,ME ME,18.0,월수,1,1,1,5,1+1
3556,11.107,Lang,-,QRM1001-01-00 UIC1561-01-00 UIC1501-05-00 UIC2151-14-00,STA2102-05-00 YCH1605-01-00,ME FREE,18.0,월금,1,0,1,4,2+2
3557,11.099,Lang,YCA1006-01-00,QRM1001-01-00 UIC1561-01-00 UIC1551-01-00 UIC2151-12-00,QRM2004-01-00 YCG1853-01-00,ME FREE,18.0,월금,1,0,2,4,1+3+1
3558,11.099,Lang,YCA1006-01-00,QRM1001-01-00 UIC1561-01-00 UIC1551-04-00 UIC2151-12-00,QRM2004-01-00 YCG1853-01-00,ME FREE,18.0,월금,1,0,2,4,1+1+3
3559,11.092,Lang,YCA1006-02-00,QRM1001-01-00 UIC1561-01-00 UIC1551-01-00 UIC2151-12-00,QRM2002-01-00 STA2102-05-00,ME ME,18.0,월,2,0,1,4,3+2+1
3560,11.083,Lang,-,QRM1001-01-00 UIC1561-01-00 UIC1501-02-00 UIC2151-12-00,ECO1101-06-00 QRM2004-01-00,ECO1101 ME,18.0,금,1,0,2,4+4,2+2+2
3561,11.083,Lang,-,QRM1001-01-00 UIC1561-01-00 UIC1551-03-00 UIC2151-12-00,ECO1101-06-00 QRM2004-01-00,ECO1101 ME,18.0,금,1,0,2,4+4,2+2+2
3562,11.073,Lang,YCA1006-02-00,QRM1001-01-00 UIC1561-01-00 UIC1401-03-00 UIC2151-14-00,ECO1101-06-00 QRM3001-01-00,ECO1101 ME,18.0,월,0,0,3,4,3+1+2
3563,11.065,MR,-,UIC1561-01-00 UIC1551-04-00 UIC2151-09-00 UIC1805-01-00,ECO1104-06-00 ECO1101-06-00,ME ECO1101,18.0,월금,1,1,3,4+6,2+1+2
3564,11.065,MR,-,UIC1561-01-00 UIC1551-04-00 UIC2151-09-00 UIC1806-01-00,ECO1104-06-00 ECO1101-06-00,ME ECO1101,18.0,월금,1,1,3,4+6,2+1+2
3565,11.065,MR,-,UIC1561-01-00 UIC1551-04-00 UIC2151-08-00 UIC1805-01-00,ECO1104-06-00 ECO1101-06-00,ME ECO1101,18.0,월금,1,1,3,4+6,2+1+2
3566,11.065,MR,-,UIC1561-01-00 UIC1551-04-00 UIC2151-08-00 UIC1805-01-00,ECO1104-06-00 ECO1101-06-00,ME ECO1101,18.0,월금,1,1,3,4+6,2+1+2
3567,11.065,MR,-,UIC1561-01-00 UIC1551-04-00 UIC2151-08-00 UIC1806-01-00,ECO1104-06-00 ECO1101-06-00,ME ECO1101,18.0,월금,1,1,3,4+6,2+1+2
3568,11.065,MR,-,UIC1561-01-00 UIC1551-04-00 UIC2151-09-00 UIC1806-01-00,ECO1104-06-00 ECO1101-06-00,ME ECO1101,18.0,월금,1,1,3,4+6,2+1+2
3569,11.065,MR,-,UIC1561-01-00 UIC1551-04-00 UIC2151-05-00 UIC1805-02-00,ECO1104-06-00 ECO1101-06-00,ME ECO1101,18.0,월금,1,1,3,4+6,2+1+2
3570,11.065,MR,-,UIC1561-01-00 UIC1551-04-00 UIC2151-08-00 UIC1806-01-00,ECO1104-06-00 ECO1101-06-00,ME ECO1101,18.0,월금,1,1,3,4+6,2+1+2
3571,11.065,MR,-,UIC1561-01-00 UIC1551-04-00 UIC2151-09-00 UIC1805-01-00,ECO1104-06-00 ECO1101-06-00,ME ECO1101,18.0,월금,1,1,3,4+6,2+1+2
3572,11.065,MR,-,UIC1561-01-00 UIC1551-04-00 UIC2151-05-00 UIC1805-02-00,ECO1104-06-00 ECO1101-06-00,ME ECO1101,18.0,월금,1,1,3,4+6,2+1+2
3573,11.065,-,-,QRM1001-01-00 UIC1561-01-00 UIC1551-01-00 UIC2151-12-00 UIC1806-01-00,QRM2004-01-00,ME,18.0,월금,2,1,1,4+5,2+3+1
3574,11.065,-,-,QRM1001-01-00 UIC1561-01-00 UIC1551-01-00 UIC2151-12-00 UIC1806-01-00,QRM2004-01-00,ME,18.0,월금,2,1,1,4+5,2+3+1
3575,11.065,-,-,QRM1001-01-00 UIC1561-01-00 UIC1551-01-00 UIC2151-12-00 UIC1805-01-00,QRM2004-01-00,ME,18.0,월금,2,1,1,4+5,2+3+1
3576,11.065,-,-,QRM1001-01-00 UIC1561-01-00 UIC1551-01-00 UIC2151-12-00 UIC1805-01-00,QRM2004-01-00,ME,18.0,월금,2,1,1,4+5,2+3+1
3577,11.058,MR,YCA1006-01-00,UIC1561-01-00 UIC1551-04-00 UIC2151-11-00 UIC1805-02-00,ECO1104-06-00 QRM2001-01-00,ME ME,18.0,금,1,1,1,4+6,1+1
3578,11.058,MR,YCA1006-01-00,UIC1561-01-00 UIC1501-02-00 UIC2151-14-00 UIC1805-02-00,ECO1104-06-00 ECO1103-02-00,ME ME,18.0,금,1,0,1,4+6,2+1+1+2
3579,11.058,MR,YCA1006-01-00,UIC1561-01-00 UIC1551-03-00 UIC2151-14-00 UIC1805-02-00,ECO1104-06-00 ECO1103-02-00,ME ME,18.0,금,1,0,1,4+6,2+1+1+2
3580,11.058,MR,YCA1006-01-00,UIC1561-01-00 UIC1551-03-00 UIC2151-14-00 UIC1805-02-00,ECO1104-06-00 ECO1103-02-00,ME ME,18.0,금,1,0,1,4+6,2+1+1+2
3581,11.058,MR,YCA1006-01-00,UIC1561-01-00 UIC1501-02-00 UIC2151-14-00 UIC1805-02-00,ECO1104-06-00 ECO1103-02-00,ME ME,18.0,금,1,0,1,4+6,2+1+1+2
3582,11.058,MR,YCA1006-01-00,UIC1561-01-00 UIC1551-04-00 UIC2151-11-00 UIC1805-02-00,ECO1104-06-00 QRM2001-01-00,ME ME,18.0,금,1,1,1,4+6,1+1
3583,11.05,MR,YCA1006-02-00,UIC1561-01-00 UIC1551-04-00 UIC2151-12-00 UIC1806-02-00,STA2102-05-00 QRM2102-01-00,ME ME,18.0,월,1,0,1,4,3+2
3584,11.05,MR,YCA1006-01-00,UIC1561-01-00 UIC1551-01-00 UIC2151-10-00 UIC1805-02-00,STA2102-04-00 QRM2102-01-00,ME ME,18.0,,0,0,1,,2+2+2+1
3585,11.05,MR,YCA1006-01-00,UIC1561-01-00 UIC1551-01-00 UIC2151-04-00 UIC1805-02-00,STA2102-04-00 QRM2102-01-00,ME ME,18.0,,0,0,1,,2+2+2+1
3586,11.05,MR,YCA1006-02-00,UIC1561-01-00 UIC1551-04-00 UIC2151-12-00 UIC1806-02-00,STA2102-05-00 QRM2102-01-00,ME ME,18.0,월,1,0,1,4,3+2
3587,11.05,MR,YCA1006-01-00,UIC1561-01-00 UIC1551-01-00 UIC2151-10-00 UIC1805-02-00,STA2102-04-00 QRM2102-01-00,ME ME,18.0,,0,0,1,,2+2+2+1
3588,11.05,MR,YCA1006-01-00,UIC1561-01-00 UIC1551-01-00 UIC2151-04-00 UIC1805-02-00,STA2102-04-00 QRM2102-01-00,ME ME,18.0,,0,0,1,,2+2+2+1
3589,11.05,Lang,YCA1006-02-00,QRM1001-01-00 UIC1561-01-00 UIC1551-01-00 UIC2151-04-00,STA2102-05-00 YCH1605-01-00,ME FREE,18.0,금,0,1,1,6,2+1+1
3590,11.05,Lang,YCA1006-02-00,QRM1001-01-00 UIC1561-01-00 UIC1551-01-00 UIC2151-10-00,STA2102-05-00 YCH1605-01-00,ME FREE,18.0,금,0,1,1,6,2+1+1
3591,11.04,MR,YCA1006-02-00,UIC1561-01-00 UIC1551-04-00 UIC2151-12-00 UIC1805-02-00,ECO1101-06-00 BIZ1101-09-00,ECO1101 FREE,18.0,월금,1,0,3,4,1+1+1+2+2
3592,11.04,MR,YCA1006-02-00,UIC1561-01-00 UIC1551-04-00 UIC2151-12-00 UIC1805-02-00,ECO1101-06-00 BIZ1101-09-00,ECO1101 FREE,18.0,월금,1,0,3,4,1+1+1+2+2
3593,11.04,Lang,YCA1006-02-00,QRM1001-01-00 UIC1561-01-00 ASP2022-01-00 UIC2151-12-00,ECO1101-06-00 YCK1998-03-00,ECO1101 FREE,18.0,월금,1,0,2,4+4,3+3+1
3594,11.04,MR,YCA1006-01-00,UIC1561-01-00 UIC1401-02-00 UIC2151-12-00 UIC1806-02-00,ECO1101-06-00 YCK1998-03-00,ECO1101 FREE,18.0,월금,1,0,2,4,1+3+1
3595,11.04,MR,YCA1006-01-00,UIC1561-01-00 UIC1401-02-00 UIC2151-12-00 UIC1806-02-00,ECO1101-06-00 YCK1998-03-00,ECO1101 FREE,18.0,월금,1,0,2,4,1+3+1
3596,11.04,MR,YCA1006-01-00,UIC1561-01-00 UIC1251-02-00 UIC2151-12-00 UIC1805-02-00,ECO1101-06-00 YCK1998-03-00,ECO1101 FREE,18.0,월금,1,0,2,4,1+3+1
3597,11.04,MR,YCA1006-01-00,UIC1561-01-00 UIC1251-02-00 UIC2151-12-00 UIC1805-02-00,ECO1101-06-00 YCK1998-03-00,ECO1101 FREE,18.0,월금,1,0,2,4,1+3+1
3598,11.015,MR,YCA1006-02-00,UIC1561-01-00 ASP2022-01-00 UIC2151-12-00 UIC1805-01-00,ECO1101-06-00 STA2102-05-00,ECO1101 ME,18.0,월금,2,0,2,6,1+3+2+2+3
3599,11.015,MR,YCA1006-02-00,UIC1561-01-00 ASP2022-01-00 UIC2151-12-00 UIC1806-01-00,ECO1101-06-00 STA2102-05-00,ECO1101 ME,18.0,월금,2,0,2,6,1+3+2+2+3
3600,11.015,MR,YCA1006-02-00,UIC1561-01-00 ASP2022-01-00 UIC2151-12-00 UIC1806-01-00,ECO1101-06-00 STA2102-05-00,ECO1101 ME,18.0,월금,2,0,2,6,1+3+2+2+3
3601,11.015,MR,YCA1006-02-00,UIC1561-01-00 ASP2022-01-00 UIC2151-12-00 UIC1805-01-00,ECO1101-06-00 STA2102-05-00,ECO1101 ME,18.0,월금,2,0,2,6,1+3+2+2+3
3602,11.015,MR,YCA1006-01-00,UIC1561-01-00 ASP2022-01-00 UIC2151-12-00 UIC1806-02-00,STA2102-05-00 YCK1998-03-00,ME FREE,18.0,월금,1,0,0,4,1+2+2
3603,11.015,MR,YCA1006-02-00,UIC1561-01-00 ASP2022-01-00 UIC2151-12-00 UIC1806-02-00,STA2102-05-00 ECO1002-04-00,ME FREE,18.0,월금,1,0,0,4,2+2+1
3604,11.015,MR,YCA1006-01-00,UIC1561-01-00 ASP2022-01-00 UIC2151-12-00 UIC1806-02-00,STA2102-05-00 YCK1998-03-00,ME FREE,18.0,월금,1,0,0,4,1+2+2
3605,11.015,MR,YCA1006-02-00,UIC1561-01-00 ASP2022-01-00 UIC2151-12-00 UIC1806-02-00,STA2102-05-00 ECO1002-04-00,ME FREE,18.0,월금,1,0,0,4,2+2+1
3606,11.007,Lang,-,QRM1001-01-00 UIC1561-01-00 UIC1401-03-00 UIC2151-12-00,ECO1101-06-00 UCD1101-01-00,ECO1101 FREE,18.0,월화,1,0,3,4,1+1+2+1
3607,10.965,MR,-,UIC1561-01-00 ASP2022-01-00 UIC2151-12-00 UIC1805-02-00,ECO1104-06-00 ECO1101-06-00,ME ECO1101,18.0,월금,1,0,2,4+5+4,3+2
3608,10.965,MR,-,UIC1561-01-00 ASP2022-01-00 UIC2151-12-00 UIC1805-02-00,ECO1104-06-00 ECO1101-06-00,ME ECO1101,18.0,월금,1,0,2,4+5+4,3+2
3609,10.965,MR,YCA1006-01-00,UIC1561-01-00 UIC1251-02-00 UIC2151-14-00 UIC1805-02-00,ECO1101-06-00 UCD1101-01-00,ECO1101 FREE,18.0,월금,0,0,4,4+6,1+2+1
3610,10.965,MR,YCA1006-01-00,UIC1561-01-00 UIC1551-01-00 UIC2151-07-00 UIC1805-02-00,ECO1101-06-00 YCI1901-01-00,ECO1101 FREE,18.0,월금,0,0,4,4+6,1+2+1
3611,10.965,MR,YCA1006-01-00,UIC1561-01-00 UIC1551-01-00 UIC2151-06-00 UIC1805-02-00,ECO1101-06-00 YCI1901-01-00,ECO1101 FREE,18.0,월금,0,0,4,4+6,1+2+1
3612,10.965,MR,YCA1006-01-00,UIC1561-01-00 UIC1551-01-00 UIC2151-06-00 UIC1805-02-00,ECO1101-06-00 YCI1901-01-00,ECO1101 FREE,18.0,월금,0,0,4,4+6,1+2+1
3613,10.965,MR,YCA1006-01-00,UIC1561-01-00 UIC1401-02-00 UIC2151-14-00 UIC1806-02-00,ECO1101-06-00 UCD1101-01-00,ECO1101 FREE,18.0,월금,0,0,4,4+6,1+2+1
3614,10.965,MR,YCA1006-01-00,UIC1561-01-00 UIC1551-01-00 UIC2151-09-00 UIC1806-02-00,ECO1101-06-00 YCI1901-01-00,ECO1101 FREE,18.0,월금,0,0,4,4+6,1+2+1
3615,10.965,MR,YCA1006-01-00,UIC1561-01-00 UIC1401-02-00 UIC2151-14-00 UIC1806-02-00,ECO1101-06-00 UCD1101-01-00,ECO1101 FREE,18.0,월금,0,0,4,4+6,1+2+1
3616,10.965,MR,YCA1006-01-00,UIC1561-01-00 UIC1551-01-00 UIC2151-07-00 UIC1805-02-00,ECO1101-06-00 YCI1901-01-00,ECO1101 FREE,18.0,월금,0,0,4,4+6,1+2+1
3617,10.965,MR,YCA1006-01-00,UIC1561-01-00 UIC1551-01-00 UIC2151-08-00 UIC1806-02-00,ECO1101-06-00 YCI1901-01-00,ECO1101 FREE,18.0,월금,0,0,4,4+6,1+2+1
3618,10.965,MR,YCA1006-01-00,UIC1561-01-00 UIC1251-02-00 UIC2151-14-00 UIC1805-02-00,ECO1101-06-00 UCD1101-01-00,ECO1101 FREE,18.0,월금,0,0,4,4+6,1+2+1
3619,10.965,MR,YCA1006-01-00,UIC1561-01-00 UIC1551-01-00 UIC2151-08-00 UIC1806-02-00,ECO1101-06-00 YCI1901-01-00,ECO1101 FREE,18.0,월금,0,0,4,4+6,1+2+1
3620,10.965,MR,YCA1006-01-00,UIC1561-01-00 UIC1551-01-00 UIC2151-09-00 UIC1806-02-00,ECO1101-06-00 YCI1901-01-00,ECO1101 FREE,18.0,월금,0,0,4,4+6,1+2+1
3621,10.965,Lang,-,QRM1001-01-00 UIC1561-01-00 UIC1551-01-00 UIC2151-12-00,ECO1101-06-00 YCE1253-01-00,ECO1101 FREE,18.0,월금,1,0,3,4,3+2+1
3622,10.965,MR,YCA1006-01-00,UIC1561-01-00 UIC1551-04-00 UIC2151-07-00 UIC1805-02-00,ECO1101-06-00 UCD1101-01-00,ECO1101 FREE,18.0,월금,0,0,4,4+6,1+1+2
3623,10.965,MR,YCA1006-01-00,UIC1561-01-00 UIC1551-04-00 UIC2151-08-00 UIC1806-02-00,ECO1101-06-00 UCD1101-01-00,ECO1101 FREE,18.0,월금,0,0,4,4+6,1+1+2
3624,10.965,MR,YCA1006-01-00,UIC1561-01-00 UIC1551-04-00 UIC2151-07-00 UIC1805-02-00,ECO1101-06-00 UCD1101-01-00,ECO1101 FREE,18.0,월금,0,0,4,4+6,1+1+2
3625,10.965,MR,YCA1006-01-00,UIC1561-01-00 UIC1551-04-00 UIC2151-06-00 UIC1805-02-00,ECO1101-06-00 UCD1101-01-00,ECO1101 FREE,18.0,월금,0,0,4,4+6,1+1+2
3626,10.965,MR,YCA1006-01-00,UIC1561-01-00 UIC1551-04-00 UIC2151-09-00 UIC1806-02-00,ECO1101-06-00 UCD1101-01-00,ECO1101 FREE,18.0,월금,0,0,4,4+6,1+1+2
3627,10.965,MR,YCA1006-01-00,UIC1561-01-00 UIC1551-04-00 UIC2151-08-00 UIC1806-02-00,ECO1101-06-00 UCD1101-01-00,ECO1101 FREE,18.0,월금,0,0,4,4+6,1+1+2
3628,10.965,MR,YCA1006-01-00,UIC1561-01-00 UIC1551-04-00 UIC2151-09-00 UIC1806-02-00,ECO1101-06-00 UCD1101-01-00,ECO1101 FREE,18.0,월금,0,0,4,4+6,1+1+2
3629,10.965,MR,YCA1006-01-00,UIC1561-01-00 UIC1551-04-00 UIC2151-06-00 UIC1805-02-00,ECO1101-06-00 UCD1101-01-00,ECO1101 FREE,18.0,월금,0,0,4,4+6,1+1+2
3630,10.965,MR,YCA1006-02-00,UIC1561-01-00 UIC1551-01-00 UIC2151-08-00 UIC1805-01-00,STA2102-04-00 YCK1998-03-00,ME FREE,18.0,월금,1,1,1,5,1+1+1
3631,10.965,WCiv,YCA1006-01-00,QRM1001-01-00 UIC1551-01-00 UIC2151-13-00 UIC1806-01-00,QRM2004-01-00 CTM1001-02-00,ME FREE,18.0,월금,1,2,2,4+5,1+1+1
3632,10.965,MR,YCA1006-02-00,UIC1561-01-00 UIC1551-01-00 UIC2151-09-00 UIC1806-01-00,STA2102-04-00 YCK1998-03-00,ME FREE,18.0,월금,1,1,1,5,1+1+1
3633,10.965,MR,YCA1006-02-00,UIC1561-01-00 UIC1551-01-00 UIC2151-08-00 UIC1805-01-00,STA2102-04-00 YCK1998-03-00,ME FREE,18.0,월금,1,1,1,5,1+1+1
3634,10.965,WCiv,YCA1006-01-00,QRM1001-01-00 UIC1551-01-00 UIC2151-13-00 UIC1805-01-00,QRM2004-01-00 CTM1001-02-00,ME FREE,18.0,월금,1,2,2,4+5,1+1+1
3635,10.965,MR,YCA1006-02-00,UIC1561-01-00 UIC1551-01-00 UIC2151-09-00 UIC1805-01-00,STA2102-04-00 YCK1998-03-00,ME FREE,18.0,월금,1,1,1,5,1+1+1
3636,10.965,MR,YCA1006-02-00,UIC1561-01-00 UIC1551-01-00 UIC2151-09-00 UIC1806-01-00,STA2102-04-00 YCK1998-03-00,ME FREE,18.0,월금,1,1,1,5,1+1+1
3637,10.965,MR,YCA1006-02-00,UIC1561-01-00 UIC1551-01-00 UIC2151-08-00 UIC1806-01-00,STA2102-04-00 YCK1998-03-00,ME FREE,18.0,월금,1,1,1,5,1+1+1
3638,10.965,MR,YCA1006-02-00,UIC1561-01-00 UIC1551-01-00 UIC2151-05-00 UIC1805-02-00,STA2102-04-00 YCK1998-03-00,ME FREE,18.0,월금,1,1,1,5,1+1+1
3639,10.965,WCiv,YCA1006-01-00,QRM1001-01-00 UIC1551-01-00 UIC2151-13-00 UIC1806-01-00,QRM2004-01-00 CTM1001-02-00,ME FREE,18.0,월금,1,2,2,4+5,1+1+1
3640,10.965,MR,YCA1006-02-00,UIC1561-01-00 UIC1551-01-00 UIC2151-09-00 UIC1805-01-00,STA2102-04-00 YCK1998-03-00,ME FREE,18.0,월금,1,1,1,5,1+1+1
3641,10.965,WCiv,YCA1006-01-00,QRM1001-01-00 UIC1551-01-00 UIC2151-13-00 UIC1805-01-00,QRM2004-01-00 CTM1001-02-00,ME FREE,18.0,월금,1,2,2,4+5,1+1+1
3642,10.965,MR,YCA1006-02-00,UIC1561-01-00 UIC1551-01-00 UIC2151-08-00 UIC1806-01-00,STA2102-04-00 YCK1998-03-00,ME FREE,18.0,월금,1,1,1,5,1+1+1
3643,10.965,MR,YCA1006-02-00,UIC1561-01-00 UIC1551-01-00 UIC2151-05-00 UIC1805-02-00,STA2102-04-00 YCK1998-03-00,ME FREE,18.0,월금,1,1,1,5,1+1+1
3644,10.915,MR,YCA1006-02-00,UIC1561-01-00 UIC1401-02-00 UIC2151-12-00 UIC1805-01-00,ECO1101-06-00 STA2102-04-00,ECO1101 ME,18.0,월금,2,1,2,4+5,1+1+3+2
3645,10.915,MR,YCA1006-02-00,UIC1561-01-00 UIC1501-04-00 UIC2151-12-00 UIC1805-02-00,ECO1101-06-00 STA2102-04-00,ECO1101 ME,18.0,월금,2,1,2,4+5,1+1+3+2
3646,10.915,MR,YCA1006-02-00,UIC1561-01-00 UIC1501-04-00 UIC2151-12-00 UIC1805-02-00,ECO1101-06-00 STA2102-04-00,ECO1101 ME,18.0,월금,2,1,2,4+5,1+1+3+2
3647,10.915,MR,YCA1006-02-00,UIC1561-01-00 UIC1401-02-00 UIC2151-12-00 UIC1806-01-00,ECO1101-06-00 STA2102-04-00,ECO1101 ME,18.0,월금,2,1,2,4+5,1+1+3+2
3648,10.915,MR,YCA1006-02-00,UIC1561-01-00 UIC1401-02-00 UIC2151-12-00 UIC1805-01-00,ECO1101-06-00 STA2102-04-00,ECO1101 ME,18.0,월금,2,1,2,4+5,1+1+3+2
3649,10.915,MR,YCA1006-02-00,UIC1561-01-00 UIC1401-02-00 UIC2151-12-00 UIC1806-01-00,ECO1101-06-00 STA2102-04-00,ECO1101 ME,18.0,월금,2,1,2,4+5,1+1+3+2
3650,10.915,-,-,QRM1001-01-00 UIC1561-01-00 UIC1501-05-00 UIC2151-12-00 UIC1805-01-00,STA2102-05-00,ME,18.0,월금,3,1,0,4+6,2
3651,10.915,-,-,QRM1001-01-00 UIC1561-01-00 UIC1501-05-00 UIC2151-12-00 UIC1805-01-00,STA2102-05-00,ME,18.0,월금,3,1,0,4+6,2
3652,10.915,-,-,QRM1001-01-00 UIC1561-01-00 UIC1501-05-00 UIC2151-12-00 UIC1806-01-00,STA2102-05-00,ME,18.0,월금,3,1,0,4+6,2
3653,10.915,-,-,QRM1001-01-00 UIC1561-01-00 UIC1501-05-00 UIC2151-12-00 UIC1806-01-00,STA2102-05-00,ME,18.0,월금,3,1,0,4+6,2
3654,10.908,MR,YCA1006-02-00,UIC1561-01-00 UIC1551-01-00 UIC2151-04-00 UIC1806-02-00,ECO1101-06-00 QRM2001-01-00,ECO1101 ME,18.0,금,1,0,3,4,2+1+2+2+2+1+1
3655,10.908,MR,YCA1006-02-00,UIC1561-01-00 UIC1551-04-00 UIC2151-04-00 UIC1805-02-00,ECO1101-06-00 QRM2001-01-00,ECO1101 ME,18.0,금,1,0,3,4,2+1+1+1+2+2+2
3656,10.908,MR,YCA1006-01-00,UIC1561-01-00 UIC1551-01-00 UIC2151-10-00 UIC1806-02-00,ECO1101-06-00 QRM2001-01-00,ECO1101 ME,18.0,금,1,0,3,4,2+1+2+2+2+1+1
3657,10.908,MR,YCA1006-01-00,UIC1561-01-00 UIC1551-01-00 UIC2151-04-00 UIC1806-02-00,ECO1101-06-00 QRM2001-01-00,ECO1101 ME,18.0,금,1,0,3,4,2+1+2+2+2+1+1
3658,10.908,MR,YCA1006-02-00,UIC1561-01-00 UIC1551-01-00 UIC2151-10-00 UIC1806-02-00,ECO1101-06-00 QRM2001-01-00,ECO1101 ME,18.0,금,1,0,3,4,2+1+2+2+2+1+1
3659,10.908,MR,YCA1006-02-00,UIC1561-01-00 UIC1551-01-00 UIC2151-04-00 UIC1806-02-00,ECO1101-06-00 QRM2001-01-00,ECO1101 ME,18.0,금,1,0,3,4,2+1+2+2+2+1+1
3660,10.908,MR,YCA1006-01-00,UIC1561-01-00 UIC1551-01-00 UIC2151-04-00 UIC1806-02-00,ECO1101-06-00 QRM2001-01-00,ECO1101 ME,18.0,금,1,0,3,4,2+1+2+2+2+1+1
3661,10.908,MR,YCA1006-02-00,UIC1561-01-00 UIC1551-04-00 UIC2151-04-00 UIC1805-02-00,ECO1101-06-00 QRM2001-01-00,ECO1101 ME,18.0,금,1,0,3,4,2+1+1+1+2+2+2
3662,10.908,MR,YCA1006-02-00,UIC1561-01-00 UIC1551-04-00 UIC2151-10-00 UIC1805-02-00,ECO1101-06-00 QRM2001-01-00,ECO1101 ME,18.0,금,1,0,3,4,2+1+1+1+2+2+2
3663,10.908,MR,YCA1006-02-00,UIC1561-01-00 UIC1551-01-00 UIC2151-10-00 UIC1806-02-00,ECO1101-06-00 QRM2001-01-00,ECO1101 ME,18.0,금,1,0,3,4,2+1+2+2+2+1+1
3664,10.908,MR,YCA1006-02-00,UIC1561-01-00 UIC1551-04-00 UIC2151-10-00 UIC1805-02-00,ECO1101-06-00 QRM2001-01-00,ECO1101 ME,18.0,금,1,0,3,4,2+1+1+1+2+2+2
3665,10.908,MR,YCA1006-01-00,UIC1561-01-00 UIC1551-01-00 UIC2151-10-00 UIC1806-02-00,ECO1101-06-00 QRM2001-01-00,ECO1101 ME,18.0,금,1,0,3,4,2+1+2+2+2+1+1
3666,10.89,LHP,-,QRM1001-01-00 UIC1561-01-00 UIC2151-14-00 UIC1805-01-00,ECO1101-06-00 QRM2004-01-00,ECO1101 ME,18.0,월금,1,1,3,4+6+5,2+2
3667,10.89,LHP,-,QRM1001-01-00 UIC1561-01-00 UIC2151-14-00 UIC1806-01-00,ECO1101-06-00 QRM2004-01-00,ECO1101 ME,18.0,월금,1,1,3,4+6+5,2+2
3668,10.89,LHP,-,QRM1001-01-00 UIC1561-01-00 UIC2151-14-00 UIC1805-01-00,ECO1101-06-00 QRM2004-01-00,ECO1101 ME,18.0,월금,1,1,3,4+6+5,2+2
3669,10.89,LHP,-,QRM1001-01-00 UIC1561-01-00 UIC2151-14-00 UIC1806-01-00,ECO1101-06-00 QRM2004-01-00,ECO1101 ME,18.0,월금,1,1,3,4+6+5,2+2
3670,10.89,Lang,-,QRM1001-01-00 UIC1561-01-00 UIC1501-04-00 UIC2151-14-00,ECO1101-06-00 QRM2004-01-00,ECO1101 ME,18.0,월금,1,1,3,4+6+5,2+2
3671,10.89,MR,YCA1006-01-00,UIC1561-01-00 ASP2022-01-00 UIC2151-09-00 UIC1805-01-00,ECO1101-06-00 STA2102-04-00,ECO1101 ME,18.0,월금,1,1,2,4+4+6,2+2
3672,10.89,MR,YCA1006-01-00,UIC1561-01-00 ASP2022-01-00 UIC2151-09-00 UIC1805-01-00,ECO1101-06-00 STA2102-04-00,ECO1101 ME,18.0,월금,1,1,2,4+4+6,2+2
3673,10.89,MR,YCA1006-01-00,UIC1561-01-00 ASP2022-01-00 UIC2151-08-00 UIC1805-01-00,ECO1101-06-00 STA2102-04-00,ECO1101 ME,18.0,월금,1,1,2,4+4+6,2+2
3674,10.89,MR,YCA1006-01-00,UIC1561-01-00 ASP2022-01-00 UIC2151-05-00 UIC1805-02-00,ECO1101-06-00 STA2102-04-00,ECO1101 ME,18.0,월금,1,1,2,4+4+6,2+2
3675,10.89,MR,YCA1006-01-00,UIC1561-01-00 ASP2022-01-00 UIC2151-09-00 UIC1806-01-00,ECO1101-06-00 STA2102-04-00,ECO1101 ME,18.0,월금,1,1,2,4+4+6,2+2
3676,10.89,MR,YCA1006-01-00,UIC1561-01-00 ASP2022-01-00 UIC2151-05-00 UIC1805-02-00,ECO1101-06-00 STA2102-04-00,ECO1101 ME,18.0,월금,1,1,2,4+4+6,2+2
3677,10.89,MR,YCA1006-01-00,UIC1561-01-00 ASP2022-01-00 UIC2151-08-00 UIC1806-01-00,ECO1101-06-00 STA2102-04-00,ECO1101 ME,18.0,월금,1,1,2,4+4+6,2+2
3678,10.89,MR,YCA1006-01-00,UIC1561-01-00 ASP2022-01-00 UIC2151-08-00 UIC1805-01-00,ECO1101-06-00 STA2102-04-00,ECO1101 ME,18.0,월금,1,1,2,4+4+6,2+2
3679,10.89,MR,YCA1006-01-00,UIC1561-01-00 ASP2022-01-00 UIC2151-09-00 UIC1806-01-00,ECO1101-06-00 STA2102-04-00,ECO1101 ME,18.0,월금,1,1,2,4+4+6,2+2
3680,10.89,MR,YCA1006-01-00,UIC1561-01-00 ASP2022-01-00 UIC2151-08-00 UIC1806-01-00,ECO1101-06-00 STA2102-04-00,ECO1101 ME,18.0,월금,1,1,2,4+4+6,2+2
3681,10.89,MR,YCA1006-02-00,UIC1561-01-00 UIC1551-04-00 UIC2151-12-00 UIC1806-02-00,STA2102-05-00 ECO1002-04-00,ME FREE,18.0,월금,1,0,1,4,3+2+1
3682,10.89,MR,YCA1006-01-00,UIC1561-01-00 UIC1551-04-00 UIC2151-12-00 UIC1806-02-00,STA2102-05-00 YCK1998-03-00,ME FREE,18.0,월금,1,0,1,4,1+3+2
3683,10.89,MR,YCA1006-02-00,UIC1561-01-00 UIC1551-04-00 UIC2151-12-00 UIC1806-02-00,STA2102-05-00 ECO1002-04-00,ME FREE,18.0,월금,1,0,1,4,3+2+1
3684,10.89,MR,YCA1006-01-00,UIC1561-01-00 UIC1551-04-00 UIC2151-12-00 UIC1806-02-00,STA2102-05-00 YCK1998-03-00,ME FREE,18.0,월금,1,0,1,4,1+3+2
3685,10.89,MR,YCA1006-02-00,UIC1561-01-00 UIC1551-01-00 UIC2151-12-00 UIC1805-02-00,STA2102-05-00 ECO1002-04-00,ME FREE,18.0,월금,1,0,1,4,1+2+3
3686,10.89,MR,YCA1006-01-00,UIC1561-01-00 UIC1551-04-00 UIC2151-12-00 UIC1805-02-00,STA2102-04-00 YCK1998-03-00,ME FREE,18.0,월금,1,0,1,4,2+1+3
3687,10.89,MR,YCA1006-02-00,UIC1561-01-00 UIC1551-01-00 UIC2151-12-00 UIC1805-02-00,STA2102-05-00 ECO1002-04-00,ME FREE,18.0,월금,1,0,1,4,1+2+3
3688,10.89,MR,YCA1006-01-00,UIC1561-01-00 UIC1551-04-00 UIC2151-12-00 UIC1805-02-00,STA2102-04-00 YCK1998-03-00,ME FREE,18.0,월금,1,0,1,4,2+1+3
3689,10.883,-,YCA1006-01-00,QRM1001-01-00 UIC1561-01-00 UIC1501-03-00 UIC2151-14-00 UIC1805-01-00,QRM2004-01-00,ME,18.0,금,1,1,1,4+6+5,1
3690,10.883,-,YCA1006-01-00,QRM1001-01-00 UIC1561-01-00 ASP2022-01-00 UIC2151-04-00 UIC1805-01-00,QRM2004-01-00,ME,18.0,금,1,1,0,5+6,2+1+2
3691,10.883,-,YCA1006-01-00,QRM1001-01-00 UIC1561-01-00 ASP2022-01-00 UIC2151-04-00 UIC1806-01-00,QRM2004-01-00,ME,18.0,금,1,1,0,5+6,2+1+2
3692,10.883,-,YCA1006-01-00,QRM1001-01-00 UIC1561-01-00 UIC1501-03-00 UIC2151-14-00 UIC1806-01-00,QRM2004-01-00,ME,18.0,금,1,1,1,4+6+5,1
3693,10.883,-,YCA1006-01-00,QRM1001-01-00 UIC1561-01-00 UIC1501-03-00 UIC2151-14-00 UIC1806-01-00,QRM2004-01-00,ME,18.0,금,1,1,1,4+6+5,1
3694,10.883,-,YCA1006-01-00,QRM1001-01-00 UIC1561-01-00 ASP2022-01-00 UIC2151-04-00 UIC1805-01-00,QRM2004-01-00,ME,18.0,금,1,1,0,5+6,2+1+2
3695,10.883,-,YCA1006-01-00,QRM1001-01-00 UIC1561-01-00 ASP2022-01-00 UIC2151-10-00 UIC1806-01-00,QRM2004-01-00,ME,18.0,금,1,1,0,5+6,2+1+2
3696,10.883,-,YCA1006-01-00,QRM1001-01-00 UIC1561-01-00 ASP2022-01-00 UIC2151-10-00 UIC1805-01-00,QRM2004-01-00,ME,18.0,금,1,1,0,5+6,2+1+2
3697,10.883,-,YCA1006-01-00,QRM1001-01-00 UIC1561-01-00 ASP2022-01-00 UIC2151-10-00 UIC1806-01-00,QRM2004-01-00,ME,18.0,금,1,1,0,5+6,2+1+2
3698,10.883,-,YCA1006-01-00,QRM1001-01-00 UIC1561-01-00 UIC1501-03-00 UIC2151-14-00 UIC1805-01-00,QRM2004-01-00,ME,18.0,금,1,1,1,4+6+5,1
3699,10.883,-,YCA1006-01-00,QRM1001-01-00 UIC1561-01-00 ASP2022-01-00 UIC2151-10-00 UIC1805-01-00,QRM2004-01-00,ME,18.0,금,1,1,0,5+6,2+1+2
3700,10.883,-,YCA1006-01-00,QRM1001-01-00 UIC1561-01-00 ASP2022-01-00 UIC2151-04-00 UIC1806-01-00,QRM2004-01-00,ME,18.0,금,1,1,0,5+6,2+1+2
3701,10.858,Lang,YCA1006-02-00,QRM1001-01-00 UIC1561-01-00 UIC1501-02-00 UIC2151-12-00,ECO1101-06-00 STA2102-05-00,ECO1101 ME,18.0,금,1,1,2,8+4,1+2
3702,10.858,Lang,YCA1006-02-00,QRM1001-01-00 UIC1561-01-00 UIC1551-03-00 UIC2151-12-00,ECO1101-06-00 STA2102-05-00,ECO1101 ME,18.0,금,1,1,2,8+4,1+2
3703,10.857,WCiv,YCA1006-01-00,QRM1001-01-00 UIC1551-04-00 UIC2151-13-00 UIC1805-01-00,QRM2004-01-00 YCG1853-01-00,ME FREE,18.0,월금,1,1,3,6,1+1
3704,10.857,WCiv,YCA1006-01-00,QRM1001-01-00 UIC1551-04-00 UIC2151-13-00 UIC1805-01-00,QRM2004-01-00 YCG1853-01-00,ME FREE,18.0,월금,1,1,3,6,1+1
3705,10.857,WCiv,YCA1006-01-00,QRM1001-01-00 UIC1551-04-00 UIC2151-13-00 UIC1806-01-00,QRM2004-01-00 YCG1853-01-00,ME FREE,18.0,월금,1,1,3,6,1+1
3706,10.857,WCiv,YCA1006-01-00,QRM1001-01-00 UIC1551-04-00 UIC2151-13-00 UIC1806-01-00,QRM2004-01-00 YCG1853-01-00,ME FREE,18.0,월금,1,1,3,6,1+1
3707,10.857,Lang,YCA1006-02-00,QRM1001-01-00 UIC1561-01-00 UIC1551-04-00 UIC2151-12-00,QRM2004-01-00 UCD1101-01-00,ME FREE,18.0,월금,1,1,2,4+6,1+3
3708,10.85,Lang,YCA1006-02-00,QRM1001-01-00 UIC1561-01-00 UIC1501-03-00 UIC2151-14-00,ECO1103-02-00 QRM2004-01-00,ME ME,18.0,금,1,1,1,4+7,2+3
3709,10.84,MR,YCA1006-02-00,UIC1561-01-00 UIC1551-01-00 UIC2151-12-00 UIC1806-02-00,STA2102-05-00 UCB1105-02-00,ME FREE,18.0,월금,1,0,1,4+5,2+2
3710,10.84,MR,YCA1006-02-00,UIC1561-01-00 UIC1551-01-00 UIC2151-12-00 UIC1806-02-00,STA2102-05-00 UCB1105-02-00,ME FREE,18.0,월금,1,0,1,4+5,2+2
3711,10.8,MR,YCA1006-02-00,UIC1561-01-00 UIC1401-03-00 UIC2151-04-00 UIC1805-02-00,STA2102-04-00 QRM2002-01-00,ME ME,18.0,,1,0,0,,2+1+1+1
3712,10.8,MR,YCA1006-02-00,UIC1561-01-00 UIC1401-03-00 UIC2151-10-00 UIC1805-02-00,STA2102-04-00 QRM2002-01-00,ME ME,18.0,,1,0,0,,2+1+1+1
3713,10.8,MR,YCA1006-02-00,UIC1561-01-00 UIC1401-03-00 UIC2151-04-00 UIC1805-02-00,STA2102-04-00 QRM2002-01-00,ME ME,18.0,,1,0,0,,2+1+1+1
3714,10.8,MR,YCA1006-02-00,UIC1561-01-00 UIC1401-03-00 UIC2151-10-00 UIC1805-02-00,STA2102-04-00 QRM2002-01-00,ME ME,18.0,,1,0,0,,2+1+1+1
3715,10.767,Lang,YCA1006-02-00,QRM1001-01-00 UIC1561-01-00 UIC1551-01-00 UIC2151-10-00,STA2102-05-00 QRM2102-01-00,ME ME,18.0,,0,1,1,6,3+1+1
3716,10.767,Lang,YCA1006-02-00,QRM1001-01-00 UIC1561-01-00 UIC1551-01-00 UIC2151-04-00,STA2102-05-00 QRM2102-01-00,ME ME,18.0,,0,1,1,6,3+1+1
3717,10.765,MR,YCA1006-01-00,UIC1561-01-00 UIC1551-01-00 UIC2151-07-00 UIC1805-02-00,STA2102-05-00 STP2004-01-00,ME FREE,18.0,월금,0,0,1,4+4,1+1+1
3718,10.765,MR,YCA1006-01-00,UIC1561-01-00 UIC1551-04-00 UIC2151-08-00 UIC1806-02-00,STA2102-05-00 STP2004-01-00,ME FREE,18.0,월금,0,0,1,4+4,1+1+1
3719,10.765,MR,YCA1006-01-00,UIC1561-01-00 UIC1551-01-00 UIC2151-07-00 UIC1805-02-00,STA2102-05-00 STP2004-01-00,ME FREE,18.0,월금,0,0,1,4+4,1+1+1
3720,10.765,MR,YCA1006-01-00,UIC1561-01-00 UIC1551-04-00 UIC2151-06-00 UIC1805-02-00,STA2102-05-00 STP2004-01-00,ME FREE,18.0,월금,0,0,1,4+4,1+1+1
3721,10.765,MR,YCA1006-01-00,UIC1561-01-00 UIC1551-01-00 UIC2151-06-00 UIC1805-02-00,STA2102-05-00 STP2004-01-00,ME FREE,18.0,월금,0,0,1,4+4,1+1+1
3722,10.765,MR,YCA1006-01-00,UIC1561-01-00 UIC1551-01-00 UIC2151-09-00 UIC1806-02-00,STA2102-05-00 STP2004-01-00,ME FREE,18.0,월금,0,0,1,4+4,1+1+1
3723,10.765,MR,YCA1006-01-00,UIC1561-01-00 UIC1551-01-00 UIC2151-06-00 UIC1805-02-00,STA2102-05-00 STP2004-01-00,ME FREE,18.0,월금,0,0,1,4+4,1+1+1
3724,10.765,MR,YCA1006-01-00,UIC1561-01-00 UIC1551-01-00 UIC2151-09-00 UIC1806-02-00,STA2102-05-00 STP2004-01-00,ME FREE,18.0,월금,0,0,1,4+4,1+1+1
3725,10.765,MR,YCA1006-01-00,UIC1561-01-00 UIC1551-04-00 UIC2151-08-00 UIC1806-02-00,STA2102-05-00 STP2004-01-00,ME FREE,18.0,월금,0,0,1,4+4,1+1+1
3726,10.765,MR,YCA1006-01-00,UIC1561-01-00 UIC1551-01-00 UIC2151-08-00 UIC1806-02-00,STA2102-05-00 STP2004-01-00,ME FREE,18.0,월금,0,0,1,4+4,1+1+1
3727,10.765,MR,YCA1006-01-00,UIC1561-01-00 UIC1551-04-00 UIC2151-09-00 UIC1806-02-00,STA2102-05-00 STP2004-01-00,ME FREE,18.0,월금,0,0,1,4+4,1+1+1
3728,10.765,MR,YCA1006-01-00,UIC1561-01-00 UIC1551-04-00 UIC2151-07-00 UIC1805-02-00,STA2102-05-00 STP2004-01-00,ME FREE,18.0,월금,0,0,1,4+4,1+1+1
3729,10.765,MR,YCA1006-01-00,UIC1561-01-00 UIC1551-01-00 UIC2151-08-00 UIC1806-02-00,STA2102-05-00 STP2004-01-00,ME FREE,18.0,월금,0,0,1,4+4,1+1+1
3730,10.765,MR,YCA1006-01-00,UIC1561-01-00 UIC1551-04-00 UIC2151-09-00 UIC1806-02-00,STA2102-05-00 STP2004-01-00,ME FREE,18.0,월금,0,0,1,4+4,1+1+1
3731,10.765,MR,YCA1006-01-00,UIC1561-01-00 UIC1551-04-00 UIC2151-07-00 UIC1805-02-00,STA2102-05-00 STP2004-01-00,ME FREE,18.0,월금,0,0,1,4+4,1+1+1
3732,10.765,MR,YCA1006-01-00,UIC1561-01-00 UIC1551-04-00 UIC2151-06-00 UIC1805-02-00,STA2102-05-00 STP2004-01-00,ME FREE,18.0,월금,0,0,1,4+4,1+1+1
3733,10.765,MR,YCA1006-01-00,UIC1561-01-00 UIC1551-01-00 UIC2151-09-00 UIC1806-02-00,STA2102-05-00 YCG1804-01-00,ME FREE,18.0,월금,0,0,1,4+4,1+1+1
3734,10.765,MR,YCA1006-01-00,UIC1561-01-00 UIC1551-01-00 UIC2151-06-00 UIC1805-02-00,STA2102-05-00 YCG1804-01-00,ME FREE,18.0,월금,0,0,1,4+4,1+1+1
3735,10.765,MR,YCA1006-01-00,UIC1561-01-00 UIC1551-01-00 UIC2151-07-00 UIC1805-02-00,STA2102-05-00 YCG1804-01-00,ME FREE,18.0,월금,0,0,1,4+4,1+1+1
3736,10.765,MR,YCA1006-01-00,UIC1561-01-00 UIC1551-01-00 UIC2151-06-00 UIC1805-02-00,STA2102-05-00 YCG1804-01-00,ME FREE,18.0,월금,0,0,1,4+4,1+1+1
3737,10.765,MR,YCA1006-01-00,UIC1561-01-00 UIC1551-01-00 UIC2151-09-00 UIC1806-02-00,STA2102-05-00 YCG1804-01-00,ME FREE,18.0,월금,0,0,1,4+4,1+1+1
3738,10.765,MR,YCA1006-01-00,UIC1561-01-00 UIC1551-01-00 UIC2151-08-00 UIC1806-02-00,STA2102-05-00 YCG1804-01-00,ME FREE,18.0,월금,0,0,1,4+4,1+1+1
3739,10.765,MR,YCA1006-01-00,UIC1561-01-00 UIC1551-01-00 UIC2151-07-00 UIC1805-02-00,STA2102-05-00 YCG1804-01-00,ME FREE,18.0,월금,0,0,1,4+4,1+1+1
3740,10.765,MR,YCA1006-01-00,UIC1561-01-00 UIC1551-01-00 UIC2151-08-00 UIC1806-02-00,STA2102-05-00 YCG1804-01-00,ME FREE,18.0,월금,0,0,1,4+4,1+1+1
3741,10.758,Lang,-,QRM1001-01-00 UIC1561-01-00 UIC1501-03-00 UIC2151-14-00,ECO1101-06-00 ECO1103-02-00,ECO1101 ME,18.0,금,1,0,3,6,2+3+2
3742,10.758,WCiv,YCA1006-01-00,QRM1001-01-00 UIC1551-03-00 UIC2151-14-00 UIC1805-01-00,ECO1101-05-00 QRM2004-01-00,ECO1101 ME,18.0,금,1,1,1,6+5,2+1+3
3743,10.758,WCiv,YCA1006-01-00,QRM1001-01-00 UIC1551-03-00 UIC2151-14-00 UIC1805-01-00,ECO1101-05-00 QRM2004-01-00,ECO1101 ME,18.0,금,1,1,1,6+5,2+1+3
3744,10.758,WCiv,YCA1006-01-00,QRM1001-01-00 UIC1501-02-00 UIC2151-14-00 UIC1806-01-00,ECO1101-05-00 QRM2004-01-00,ECO1101 ME,18.0,금,1,1,1,6+5,2+1+3
3745,10.758,WCiv,YCA1006-01-00,QRM1001-01-00 UIC1551-03-00 UIC2151-14-00 UIC1806-01-00,ECO1101-05-00 QRM2004-01-00,ECO1101 ME,18.0,금,1,1,1,6+5,2+1+3
3746,10.758,WCiv,YCA1006-01-00,QRM1001-01-00 UIC1501-02-00 UIC2151-14-00 UIC1806-01-00,ECO1101-05-00 QRM2004-01-00,ECO1101 ME,18.0,금,1,1,1,6+5,2+1+3
3747,10.758,WCiv,YCA1006-01-00,QRM1001-01-00 UIC1501-02-00 UIC2151-14-00 UIC1805-01-00,ECO1101-05-00 QRM2004-01-00,ECO1101 ME,18.0,금,1,1,1,6+5,2+1+3
3748,10.758,WCiv,YCA1006-01-00,QRM1001-01-00 UIC1551-03-00 UIC2151-14-00 UIC1806-01-00,ECO1101-05-00 QRM2004-01-00,ECO1101 ME,18.0,금,1,1,1,6+5,2+1+3
3749,10.758,WCiv,YCA1006-01-00,QRM1001-01-00 UIC1501-02-00 UIC2151-14-00 UIC1805-01-00,ECO1101-05-00 QRM2004-01-00,ECO1101 ME,18.0,금,1,1,1,6+5,2+1+3
3750,10.74,MR,YCA1006-02-00,UIC1561-01-00 UIC1551-01-00 UIC2151-08-00 UIC1806-02-00,ECO1101-06-00 QRM2001-01-00,ECO1101 ME,18.0,월금,1,2,3,4+5+5,1+2+1
3751,10.74,MR,YCA1006-02-00,UIC1561-01-00 UIC1551-01-00 UIC2151-09-00 UIC1806-02-00,ECO1101-06-00 QRM2001-01-00,ECO1101 ME,18.0,월금,1,2,3,4+5+5,1+2+1
3752,10.74,MR,YCA1006-02-00,UIC1561-01-00 UIC1551-01-00 UIC2151-09-00 UIC1806-02-00,ECO1101-06-00 QRM2001-01-00,ECO1101 ME,18.0,월금,1,2,3,4+5+5,1+2+1
3753,10.74,MR,YCA1006-02-00,UIC1561-01-00 UIC1551-01-00 UIC2151-08-00 UIC1806-02-00,ECO1101-06-00 QRM2001-01-00,ECO1101 ME,18.0,월금,1,2,3,4+5+5,1+2+1
3754,10.74,MR,YCA1006-02-00,UIC1561-01-00 UIC1551-01-00 UIC2151-06-00 UIC1805-02-00,ECO1101-06-00 QRM2001-01-00,ECO1101 ME,18.0,월금,1,2,3,4+5+5,1+2+1
3755,10.74,MR,YCA1006-02-00,UIC1561-01-00 UIC1551-01-00 UIC2151-07-00 UIC1805-02-00,ECO1101-06-00 QRM2001-01-00,ECO1101 ME,18.0,월금,1,2,3,4+5+5,1+2+1
3756,10.74,MR,YCA1006-02-00,UIC1561-01-00 UIC1551-01-00 UIC2151-06-00 UIC1805-02-00,ECO1101-06-00 QRM2001-01-00,ECO1101 ME,18.0,월금,1,2,3,4+5+5,1+2+1
3757,10.74,MR,YCA1006-02-00,UIC1561-01-00 UIC1551-01-00 UIC2151-07-00 UIC1805-02-00,ECO1101-06-00 QRM2001-01-00,ECO1101 ME,18.0,월금,1,2,3,4+5+5,1+2+1
3758,10.74,MR,YCA1006-02-00,UIC1561-01-00 UIC1551-04-00 UIC2151-12-00 UIC1805-02-00,ECO1104-06-00 QRM2001-01-00,ME ME,18.0,월금,2,2,1,4+6,1+1+3
3759,10.74,MR,YCA1006-02-00,UIC1561-01-00 UIC1551-04-00 UIC2151-12-00 UIC1805-02-00,ECO1104-06-00 QRM2001-01-00,ME ME,18.0,월금,2,2,1,4+6,1+1+3
3760,10.733,Lang,YCA1006-02-00,QRM1001-01-00 UIC1561-01-00 UIC1551-01-00 UIC2151-04-00,ECO1101-06-00 YCK1998-03-00,ECO1101 FREE,18.0,금,0,0,3,4,2+3+2+1+1
3761,10.733,Lang,YCA1006-02-00,QRM1001-01-00 UIC1561-01-00 UIC1551-01-00 UIC2151-10-00,ECO1101-06-00 YCK1998-03-00,ECO1101 FREE,18.0,금,0,0,3,4,2+3+2+1+1
3762,10.717,Lang,YCA1006-02-00,QRM1001-01-00 UIC1561-01-00 ASP2022-01-00 UIC2151-12-00,STA2102-05-00 QRM2102-01-00,ME ME,18.0,월,1,0,0,4+4,3+2
3763,10.715,Lang,-,QRM1001-01-00 UIC1561-01-00 ASP2033-01-00 UIC2151-14-00,ECO1101-06-00 STA1002-04-00,ECO1101 FREE,18.0,월금,0,0,3,4,2+2+2+2
3764,10.69,MR,-,UIC1561-01-00 UIC1551-01-00 UIC2151-05-00 UIC1805-02-00,ECO1104-06-00 STA2102-05-00,ME ME,18.0,월금,1,1,1,4+4+5,2+1
3765,10.69,MR,-,UIC1561-01-00 UIC1551-01-00 UIC2151-08-00 UIC1806-01-00,ECO1104-06-00 STA2102-05-00,ME ME,18.0,월금,1,1,1,4+4+5,2+1
3766,10.69,MR,-,UIC1561-01-00 UIC1551-01-00 UIC2151-09-00 UIC1806-01-00,ECO1104-06-00 STA2102-05-00,ME ME,18.0,월금,1,1,1,4+4+5,2+1
3767,10.69,MR,-,UIC1561-01-00 UIC1551-01-00 UIC2151-08-00 UIC1805-01-00,ECO1104-06-00 STA2102-05-00,ME ME,18.0,월금,1,1,1,4+4+5,2+1
3768,10.69,MR,-,UIC1561-01-00 UIC1551-01-00 UIC2151-09-00 UIC1805-01-00,ECO1104-06-00 STA2102-05-00,ME ME,18.0,월금,1,1,1,4+4+5,2+1
3769,10.69,MR,-,UIC1561-01-00 UIC1551-01-00 UIC2151-08-00 UIC1806-01-00,ECO1104-06-00 STA2102-05-00,ME ME,18.0,월금,1,1,1,4+4+5,2+1
3770,10.69,MR,-,UIC1561-01-00 UIC1551-01-00 UIC2151-09-00 UIC1805-01-00,ECO1104-06-00 STA2102-05-00,ME ME,18.0,월금,1,1,1,4+4+5,2+1
3771,10.69,MR,-,UIC1561-01-00 UIC1551-01-00 UIC2151-08-00 UIC1805-01-00,ECO1104-06-00 STA2102-05-00,ME ME,18.0,월금,1,1,1,4+4+5,2+1
3772,10.69,MR,-,UIC1561-01-00 UIC1551-01-00 UIC2151-09-00 UIC1806-01-00,ECO1104-06-00 STA2102-05-00,ME ME,18.0,월금,1,1,1,4+4+5,2+1
3773,10.69,MR,-,UIC1561-01-00 UIC1551-01-00 UIC2151-05-00 UIC1805-02-00,ECO1104-06-00 STA2102-05-00,ME ME,18.0,월금,1,1,1,4+4+5,2+1
3774,10.683,MR,-,UIC1561-01-00 UIC1501-03-00 UIC2151-14-00 UIC1805-02-00,ECO1104-06-00 ECO1101-06-00,ME ECO1101,18.0,금,0,0,3,6+6,2
3775,10.683,MR,-,UIC1561-01-00 UIC1501-03-00 UIC2151-14-00 UIC1805-02-00,ECO1104-06-00 ECO1101-06-00,ME ECO1101,18.0,금,0,0,3,6+6,2
3776,10.675,MR,YCA1006-01-00,UIC1561-01-00 UIC1401-03-00 UIC2151-12-00 UIC1806-01-00,STA2102-04-00 QRM2004-01-00,ME ME,18.0,월,2,0,0,,1+1+1+1
3777,10.675,MR,YCA1006-01-00,UIC1561-01-00 UIC1401-03-00 UIC2151-12-00 UIC1805-01-00,STA2102-04-00 QRM2004-01-00,ME ME,18.0,월,2,0,0,,1+1+1+1
3778,10.675,MR,YCA1006-01-00,UIC1561-01-00 UIC1401-03-00 UIC2151-12-00 UIC1806-01-00,STA2102-04-00 QRM2004-01-00,ME ME,18.0,월,2,0,0,,1+1+1+1
3779,10.675,MR,YCA1006-01-00,UIC1561-01-00 UIC1401-03-00 UIC2151-12-00 UIC1805-01-00,STA2102-04-00 QRM2004-01-00,ME ME,18.0,월,2,0,0,,1+1+1+1
3780,10.665,MR,YCA1006-01-00,UIC1561-01-00 UIC1551-04-00 UIC2151-08-00 UIC1805-01-00,ECO1101-06-00 YCK1998-03-00,ECO1101 FREE,18.0,월금,1,0,3,4,2+1+1+2
3781,10.665,MR,YCA1006-02-00,UIC1561-01-00 UIC1551-01-00 UIC2151-09-00 UIC1805-01-00,ECO1101-06-00 UCB1105-02-00,ECO1101 FREE,18.0,월금,1,0,3,4,1+1+2+2
3782,10.665,MR,YCA1006-01-00,UIC1561-01-00 UIC1251-02-00 UIC2151-14-00 UIC1806-01-00,ECO1101-06-00 UCB1105-02-00,ECO1101 FREE,18.0,월금,1,0,3,4,1+2+2+1
3783,10.665,MR,YCA1006-02-00,UIC1561-01-00 UIC1251-02-00 UIC2151-14-00 UIC1806-01-00,ECO1101-06-00 UCB1105-02-00,ECO1101 FREE,18.0,월금,1,0,3,4,1+2+2+1
3784,10.665,MR,YCA1006-01-00,UIC1561-01-00 UIC1551-04-00 UIC2151-05-00 UIC1805-02-00,ECO1101-06-00 YCH1605-01-00,ECO1101 FREE,18.0,월금,1,0,3,4,1+1+2+2
3785,10.665,MR,YCA1006-02-00,UIC1561-01-00 UIC1551-04-00 UIC2151-07-00 UIC1806-01-00,ECO1101-06-00 YCI1998-02-00,ECO1101 FREE,18.0,월금,1,0,3,4,1+2+2+1
3786,10.665,MR,YCA1006-01-00,UIC1561-01-00 UIC1551-04-00 UIC2151-08-00 UIC1805-01-00,ECO1101-06-00 YCH1605-01-00,ECO1101 FREE,18.0,월금,1,0,3,4,1+1+2+2
3787,10.665,MR,YCA1006-01-00,UIC1561-01-00 UIC1551-04-00 UIC2151-06-00 UIC1806-01-00,ECO1101-06-00 YCI1998-02-00,ECO1101 FREE,18.0,월금,1,0,3,4,1+2+2+1
3788,10.665,MR,YCA1006-02-00,UIC1561-01-00 UIC1551-01-00 UIC2151-08-00 UIC1806-01-00,ECO1101-06-00 UCB1105-02-00,ECO1101 FREE,18.0,월금,1,0,3,4,1+1+2+2
3789,10.665,MR,YCA1006-02-00,UIC1561-01-00 UIC1551-04-00 UIC2151-06-00 UIC1805-01-00,ECO1101-06-00 YCI1998-02-00,ECO1101 FREE,18.0,월금,1,0,3,4,1+2+2+1
3790,10.665,MR,YCA1006-01-00,UIC1561-01-00 UIC1551-04-00 UIC2151-09-00 UIC1806-01-00,ECO1101-06-00 YCH1605-01-00,ECO1101 FREE,18.0,월금,1,0,3,4,1+1+2+2
3791,10.665,MR,YCA1006-02-00,UIC1561-01-00 UIC1551-01-00 UIC2151-12-00 UIC1805-02-00,ECO1101-06-00 UCB1105-02-00,ECO1101 FREE,18.0,월금,1,0,3,4,1+3+2+2
3792,10.665,MR,YCA1006-01-00,UIC1561-01-00 UIC1551-04-00 UIC2151-09-00 UIC1805-01-00,ECO1101-06-00 YCK1998-03-00,ECO1101 FREE,18.0,월금,1,0,3,4,2+1+1+2
3793,10.665,MR,YCA1006-02-00,UIC1561-01-00 UIC1551-01-00 UIC2151-09-00 UIC1806-01-00,ECO1101-06-00 UCB1105-02-00,ECO1101 FREE,18.0,월금,1,0,3,4,1+1+2+2
3794,10.665,MR,YCA1006-02-00,UIC1561-01-00 UIC1551-04-00 UIC2151-06-00 UIC1805-01-00,ECO1101-06-00 YCI1998-02-00,ECO1101 FREE,18.0,월금,1,0,3,4,1+2+2+1
3795,10.665,MR,YCA1006-01-00,UIC1561-01-00 UIC1501-04-00 UIC2151-14-00 UIC1806-02-00,ECO1101-06-00 UCB1105-02-00,ECO1101 FREE,18.0,월금,1,0,3,4,1+2+2+1
3796,10.665,MR,YCA1006-01-00,UIC1561-01-00 UIC1251-02-00 UIC2151-14-00 UIC1805-01-00,ECO1101-06-00 UCB1105-02-00,ECO1101 FREE,18.0,월금,1,0,3,4,1+2+2+1
3797,10.665,MR,YCA1006-01-00,UIC1561-01-00 UIC1551-04-00 UIC2151-08-00 UIC1806-01-00,ECO1101-06-00 YCH1605-01-00,ECO1101 FREE,18.0,월금,1,0,3,4,1+1+2+2
3798,10.665,MR,YCA1006-02-00,UIC1561-01-00 UIC1551-01-00 UIC2151-12-00 UIC1805-02-00,ECO1101-06-00 UCB1105-02-00,ECO1101 FREE,18.0,월금,1,0,3,4,1+3+2+2
3799,10.665,MR,YCA1006-01-00,UIC1561-01-00 UIC1551-04-00 UIC2151-05-00 UIC1805-02-00,ECO1101-06-00 YCK1998-03-00,ECO1101 FREE,18.0,월금,1,0,3,4,2+1+1+2
3800,10.665,MR,YCA1006-01-00,UIC1561-01-00 UIC1551-04-00 UIC2151-08-00 UIC1806-01-00,ECO1101-06-00 YCK1998-03-00,ECO1101 FREE,18.0,월금,1,0,3,4,2+1+1+2
3801,10.665,MR,YCA1006-01-00,UIC1561-01-00 UIC1251-02-00 UIC2151-14-00 UIC1806-01-00,ECO1101-06-00 UCB1105-02-00,ECO1101 FREE,18.0,월금,1,0,3,4,1+2+2+1
3802,10.665,MR,YCA1006-01-00,UIC1561-01-00 UIC1551-04-00 UIC2151-07-00 UIC1805-01-00,ECO1101-06-00 YCI1998-02-00,ECO1101 FREE,18.0,월금,1,0,3,4,1+2+2+1
3803,10.665,MR,YCA1006-01-00,UIC1561-01-00 UIC1551-04-00 UIC2151-09-00 UIC1805-01-00,ECO1101-06-00 YCH1605-01-00,ECO1101 FREE,18.0,월금,1,0,3,4,1+1+2+2
3804,10.665,MR,YCA1006-02-00,UIC1561-01-00 UIC1551-01-00 UIC2151-08-00 UIC1806-01-00,ECO1101-06-00 UCB1105-02-00,ECO1101 FREE,18.0,월금,1,0,3,4,1+1+2+2
3805,10.665,MR,YCA1006-01-00,UIC1561-01-00 UIC1551-04-00 UIC2151-09-00 UIC1806-01-00,ECO1101-06-00 YCH1605-01-00,ECO1101 FREE,18.0,월금,1,0,3,4,1+1+2+2
3806,10.665,MR,YCA1006-01-00,UIC1561-01-00 UIC1551-04-00 UIC2151-08-00 UIC1806-01-00,ECO1101-06-00 YCH1605-01-00,ECO1101 FREE,18.0,월금,1,0,3,4,1+1+2+2
3807,10.665,MR,YCA1006-02-00,UIC1561-01-00 UIC1501-04-00 UIC2151-14-00 UIC1806-02-00,ECO1101-06-00 UCB1105-02-00,ECO1101 FREE,18.0,월금,1,0,3,4,1+2+2+1
3808,10.665,MR,YCA1006-02-00,UIC1561-01-00 UIC1501-04-00 UIC2151-14-00 UIC1806-02-00,ECO1101-06-00 UCB1105-02-00,ECO1101 FREE,18.0,월금,1,0,3,4,1+2+2+1
3809,10.665,MR,YCA1006-02-00,UIC1561-01-00 UIC1551-04-00 UIC2151-05-00 UIC1806-02-00,ECO1101-06-00 YCI1998-02-00,ECO1101 FREE,18.0,월금,1,0,3,4,1+2+2+1
3810,10.665,MR,YCA1006-01-00,UIC1561-01-00 UIC1551-04-00 UIC2151-09-00 UIC1805-01-00,ECO1101-06-00 YCH1605-01-00,ECO1101 FREE,18.0,월금,1,0,3,4,1+1+2+2
3811,10.665,MR,YCA1006-02-00,UIC1561-01-00 UIC1251-02-00 UIC2151-14-00 UIC1805-01-00,ECO1101-06-00 UCB1105-02-00,ECO1101 FREE,18.0,월금,1,0,3,4,1+2+2+1
3812,10.665,MR,YCA1006-01-00,UIC1561-01-00 UIC1551-04-00 UIC2151-07-00 UIC1806-01-00,ECO1101-06-00 YCI1998-02-00,ECO1101 FREE,18.0,월금,1,0,3,4,1+2+2+1
3813,10.665,MR,YCA1006-01-00,UIC1561-01-00 UIC1551-04-00 UIC2151-06-00 UIC1806-01-00,ECO1101-06-00 YCI1998-02-00,ECO1101 FREE,18.0,월금,1,0,3,4,1+2+2+1
3814,10.665,MR,YCA1006-02-00,UIC1561-01-00 UIC1551-01-00 UIC2151-09-00 UIC1805-01-00,ECO1101-06-00 UCB1105-02-00,ECO1101 FREE,18.0,월금,1,0,3,4,1+1+2+2
3815,10.665,MR,YCA1006-02-00,UIC1561-01-00 UIC1551-01-00 UIC2151-05-00 UIC1805-02-00,ECO1101-06-00 UCB1105-02-00,ECO1101 FREE,18.0,월금,1,0,3,4,1+1+2+2
3816,10.665,MR,YCA1006-01-00,UIC1561-01-00 UIC1551-04-00 UIC2151-05-00 UIC1805-02-00,ECO1101-06-00 YCK1998-03-00,ECO1101 FREE,18.0,월금,1,0,3,4,2+1+1+2
3817,10.665,MR,YCA1006-01-00,UIC1561-01-00 UIC1551-04-00 UIC2151-08-00 UIC1805-01-00,ECO1101-06-00 YCH1605-01-00,ECO1101 FREE,18.0,월금,1,0,3,4,1+1+2+2
3818,10.665,MR,YCA1006-01-00,UIC1561-01-00 UIC1551-04-00 UIC2151-05-00 UIC1806-02-00,ECO1101-06-00 YCI1998-02-00,ECO1101 FREE,18.0,월금,1,0,3,4,1+2+2+1
3819,10.665,MR,YCA1006-02-00,UIC1561-01-00 UIC1551-04-00 UIC2151-06-00 UIC1806-01-00,ECO1101-06-00 YCI1998-02-00,ECO1101 FREE,18.0,월금,1,0,3,4,1+2+2+1
3820,10.665,MR,YCA1006-01-00,UIC1561-01-00 UIC1551-04-00 UIC2151-09-00 UIC1806-01-00,ECO1101-06-00 YCK1998-03-00,ECO1101 FREE,18.0,월금,1,0,3,4,2+1+1+2
3821,10.665,MR,YCA1006-01-00,UIC1561-01-00 UIC1551-04-00 UIC2151-06-00 UIC1805-01-00,ECO1101-06-00 YCI1998-02-00,ECO1101 FREE,18.0,월금,1,0,3,4,1+2+2+1
3822,10.665,MR,YCA1006-01-00,UIC1561-01-00 UIC1551-04-00 UIC2151-06-00 UIC1805-01-00,ECO1101-06-00 YCI1998-02-00,ECO1101 FREE,18.0,월금,1,0,3,4,1+2+2+1
3823,10.665,MR,YCA1006-01-00,UIC1561-01-00 UIC1251-02-00 UIC2151-14-00 UIC1805-01-00,ECO1101-06-00 UCB1105-02-00,ECO1101 FREE,18.0,월금,1,0,3,4,1+2+2+1
3824,10.665,MR,YCA1006-02-00,UIC1561-01-00 UIC1551-01-00 UIC2151-05-00 UIC1805-02-00,ECO1101-06-00 UCB1105-02-00,ECO1101 FREE,18.0,월금,1,0,3,4,1+1+2+2
3825,10.665,MR,YCA1006-02-00,UIC1561-01-00 UIC1551-01-00 UIC2151-09-00 UIC1806-01-00,ECO1101-06-00 UCB1105-02-00,ECO1101 FREE,18.0,월금,1,0,3,4,1+1+2+2
3826,10.665,MR,YCA1006-02-00,UIC1561-01-00 UIC1551-04-00 UIC2151-07-00 UIC1805-01-00,ECO1101-06-00 YCI1998-02-00,ECO1101 FREE,18.0,월금,1,0,3,4,1+2+2+1
3827,10.665,MR,YCA1006-01-00,UIC1561-01-00 UIC1551-04-00 UIC2151-09-00 UIC1805-01-00,ECO1101-06-00 YCK1998-03-00,ECO1101 FREE,18.0,월금,1,0,3,4,2+1+1+2
3828,10.665,MR,YCA1006-02-00,UIC1561-01-00 UIC1551-01-00 UIC2151-12-00 UIC1806-02-00,ECO1101-06-00 ECO1002-06-00,ECO1101 FREE,18.0,월금,1,0,3,4,2+3+2+1
3829,10.665,MR,YCA1006-01-00,UIC1561-01-00 UIC1551-04-00 UIC2151-08-00 UIC1805-01-00,ECO1101-06-00 YCK1998-03-00,ECO1101 FREE,18.0,월금,1,0,3,4,2+1+1+2
3830,10.665,MR,YCA1006-02-00,UIC1561-01-00 UIC1551-04-00 UIC2151-07-00 UIC1806-01-00,ECO1101-06-00 YCI1998-02-00,ECO1101 FREE,18.0,월금,1,0,3,4,1+2+2+1
3831,10.665,MR,YCA1006-02-00,UIC1561-01-00 UIC1551-04-00 UIC2151-05-00 UIC1806-02-00,ECO1101-06-00 YCI1998-02-00,ECO1101 FREE,18.0,월금,1,0,3,4,1+2+2+1
3832,10.665,MR,YCA1006-02-00,UIC1561-01-00 UIC1551-01-00 UIC2151-12-00 UIC1806-02-00,ECO1101-06-00 ECO1002-06-00,ECO1101 FREE,18.0,월금,1,0,3,4,2+3+2+1
3833,10.665,MR,YCA1006-02-00,UIC1561-01-00 UIC1251-02-00 UIC2151-14-00 UIC1806-01-00,ECO1101-06-00 UCB1105-02-00,ECO1101 FREE,18.0,월금,1,0,3,4,1+2+2+1
3834,10.665,MR,YCA1006-01-00,UIC1561-01-00 UIC1551-04-00 UIC2151-07-00 UIC1806-01-00,ECO1101-06-00 YCI1998-02-00,ECO1101 FREE,18.0,월금,1,0,3,4,1+2+2+1
3835,10.665,MR,YCA1006-02-00,UIC1561-01-00 UIC1551-01-00 UIC2151-08-00 UIC1805-01-00,ECO1101-06-00 UCB1105-02-00,ECO1101 FREE,18.0,월금,1,0,3,4,1+1+2+2
3836,10.665,MR,YCA1006-01-00,UIC1561-01-00 UIC1551-04-00 UIC2151-07-00 UIC1805-01-00,ECO1101-06-00 YCI1998-02-00,ECO1101 FREE,18.0,월금,1,0,3,4,1+2+2+1
3837,10.665,MR,YCA1006-02-00,UIC1561-01-00 UIC1551-04-00 UIC2151-07-00 UIC1805-01-00,ECO1101-06-00 YCI1998-02-00,ECO1101 FREE,18.0,월금,1,0,3,4,1+2+2+1
3838,10.665,MR,YCA1006-01-00,UIC1561-01-00 UIC1551-04-00 UIC2151-05-00 UIC1805-02-00,ECO1101-06-00 YCH1605-01-00,ECO1101 FREE,18.0,월금,1,0,3,4,1+1+2+2
3839,10.665,MR,YCA1006-01-00,UIC1561-01-00 UIC1501-04-00 UIC2151-14-00 UIC1806-02-00,ECO1101-06-00 UCB1105-02-00,ECO1101 FREE,18.0,월금,1,0,3,4,1+2+2+1
3840,10.665,MR,YCA1006-02-00,UIC1561-01-00 UIC1551-04-00 UIC2151-06-00 UIC1806-01-00,ECO1101-06-00 YCI1998-02-00,ECO1101 FREE,18.0,월금,1,0,3,4,1+2+2+1
3841,10.665,MR,YCA1006-01-00,UIC1561-01-00 UIC1551-04-00 UIC2151-08-00 UIC1806-01-00,ECO1101-06-00 YCK1998-03-00,ECO1101 FREE,18.0,월금,1,0,3,4,2+1+1+2
3842,10.665,MR,YCA1006-01-00,UIC1561-01-00 UIC1551-04-00 UIC2151-09-00 UIC1806-01-00,ECO1101-06-00 YCK1998-03-00,ECO1101 FREE,18.0,월금,1,0,3,4,2+1+1+2
3843,10.665,MR,YCA1006-02-00,UIC1561-01-00 UIC1251-02-00 UIC2151-14-00 UIC1805-01-00,ECO1101-06-00 UCB1105-02-00,ECO1101 FREE,18.0,월금,1,0,3,4,1+2+2+1
3844,10.665,MR,YCA1006-01-00,UIC1561-01-00 UIC1551-04-00 UIC2151-05-00 UIC1806-02-00,ECO1101-06-00 YCI1998-02-00,ECO1101 FREE,18.0,월금,1,0,3,4,1+2+2+1
3845,10.665,MR,YCA1006-02-00,UIC1561-01-00 UIC1551-01-00 UIC2151-08-00 UIC1805-01-00,ECO1101-06-00 UCB1105-02-00,ECO1101 FREE,18.0,월금,1,0,3,4,1+1+2+2
3846,10.658,MR,YCA1006-01-00,UIC1561-01-00 ASP2022-01-00 UIC2151-11-00 UIC1805-02-00,ECO1104-06-00 ECO1101-06-00,ME ECO1101,18.0,금,0,0,2,6+5+4,1+2
3847,10.658,MR,YCA1006-02-00,UIC1561-01-00 ASP2022-01-00 UIC2151-04-00 UIC1805-02-00,ECO1101-06-00 STA2102-04-00,ECO1101 ME,18.0,금,0,0,2,4+4+4,2+1+2+2
3848,10.658,MR,YCA1006-02-00,UIC1561-01-00 ASP2022-01-00 UIC2151-10-00 UIC1805-02-00,ECO1101-06-00 STA2102-04-00,ECO1101 ME,18.0,금,0,0,2,4+4+4,2+1+2+2
3849,10.658,MR,YCA1006-01-00,UIC1561-01-00 ASP2022-01-00 UIC2151-11-00 UIC1805-02-00,ECO1104-06-00 ECO1101-06-00,ME ECO1101,18.0,금,0,0,2,6+5+4,1+2
3850,10.658,MR,YCA1006-02-00,UIC1561-01-00 ASP2022-01-00 UIC2151-04-00 UIC1805-02-00,ECO1101-06-00 STA2102-04-00,ECO1101 ME,18.0,금,0,0,2,4+4+4,2+1+2+2
3851,10.658,MR,YCA1006-02-00,UIC1561-01-00 ASP2022-01-00 UIC2151-10-00 UIC1805-02-00,ECO1101-06-00 STA2102-04-00,ECO1101 ME,18.0,금,0,0,2,4+4+4,2+1+2+2
3852,10.657,Lang,-,QRM1001-01-00 UIC1561-01-00 UIC1551-04-00 UIC2151-12-00,QRM2004-01-00 UCD1101-01-00,ME FREE,18.0,월금,1,0,2,6,1+3
3853,10.657,Lang,-,QRM1001-01-00 UIC1561-01-00 UIC1551-01-00 UIC2151-12-00,QRM2004-01-00 YCI1901-01-00,ME FREE,18.0,월금,1,0,2,6,3+1
3854,10.64,MR,YCA1006-02-00,UIC1561-01-00 UIC1551-01-00 UIC2151-12-00 UIC1805-01-00,ECO1104-06-00 YCI1901-01-00,ME FREE,18.0,월금,2,0,2,,1+2+3+1+1
3855,10.64,MR,YCA1006-02-00,UIC1561-01-00 UIC1551-01-00 UIC2151-12-00 UIC1806-01-00,ECO1104-06-00 YCI1901-01-00,ME FREE,18.0,월금,2,0,2,,1+2+3+1+1
3856,10.64,MR,YCA1006-01-00,UIC1561-01-00 UIC1551-01-00 UIC2151-12-00 UIC1805-01-00,ECO1104-06-00 YCI1901-01-00,ME FREE,18.0,월금,2,0,2,,1+2+3+1+1
3857,10.64,MR,YCA1006-01-00,UIC1561-01-00 UIC1551-01-00 UIC2151-12-00 UIC1806-01-00,ECO1104-06-00 YCI1901-01-00,ME FREE,18.0,월금,2,0,2,,1+2+3+1+1
3858,10.64,MR,YCA1006-01-00,UIC1561-01-00 UIC1551-01-00 UIC2151-12-00 UIC1806-01-00,ECO1104-06-00 YCI1901-01-00,ME FREE,18.0,월금,2,0,2,,1+2+3+1+1
3859,10.64,MR,YCA1006-02-00,UIC1561-01-00 UIC1551-01-00 UIC2151-12-00 UIC1805-01-00,ECO1104-06-00 YCI1901-01-00,ME FREE,18.0,월금,2,0,2,,1+2+3+1+1
3860,10.64,MR,YCA1006-02-00,UIC1561-01-00 UIC1551-01-00 UIC2151-12-00 UIC1806-01-00,ECO1104-06-00 YCI1901-01-00,ME FREE,18.0,월금,2,0,2,,1+2+3+1+1
3861,10.64,MR,YCA1006-01-00,UIC1561-01-00 UIC1551-01-00 UIC2151-12-00 UIC1805-01-00,ECO1104-06-00 YCI1901-01-00,ME FREE,18.0,월금,2,0,2,,1+2+3+1+1
3862,10.624,Lang,-,QRM1001-01-00 UIC1561-01-00 UIC1351-01-00 UIC1751-01-00,STA2102-05-00 QRM2102-01-00,ME ME,18.0,월화,2,1,0,4+7,1+2
3863,10.607,Lang,-,QRM1001-01-00 UIC1561-01-00 UIC1551-04-00 UIC2151-12-00,STA2102-05-00 YCK1998-03-00,ME FREE,18.0,월금,1,0,1,4+4,2
3864,10.607,Lang,-,QRM1001-01-00 UIC1561-01-00 UIC1551-04-00 UIC2151-12-00,STA2102-05-00 YCI1998-02-00,ME FREE,18.0,월금,1,0,1,4+4,2
3865,10.607,Lang,-,QRM1001-01-00 UIC1561-01-00 ASP2033-01-00 UIC2151-12-00,STA2102-05-00 YCK1998-03-00,ME FREE,18.0,월금,1,0,0,4,2
3866,10.607,Lang,YCA1006-02-00,QRM1001-01-00 UIC1561-01-00 UIC1551-04-00 UIC2151-12-00,STA2102-05-00 UCD1101-01-00,ME FREE,18.0,월금,1,0,2,4+6,4+2
3867,10.599,WCiv,YCA1006-01-00,QRM1001-01-00 ASP2022-01-00 UIC2151-12-00 UIC1806-01-00,ECO1101-06-00 STA2102-05-00,ECO1101 ME,18.0,월금,2,1,2,6,2+4+2+3
3868,10.599,WCiv,YCA1006-01-00,QRM1001-01-00 ASP2022-01-00 UIC2151-12-00 UIC1806-01-00,ECO1101-06-00 STA2102-05-00,ECO1101 ME,18.0,월금,2,1,2,6,2+4+2+3
3869,10.599,WCiv,YCA1006-01-00,QRM1001-01-00 ASP2022-01-00 UIC2151-12-00 UIC1805-01-00,ECO1101-06-00 STA2102-05-00,ECO1101 ME,18.0,월금,2,1,2,6,2+4+2+3
3870,10.599,WCiv,YCA1006-01-00,QRM1001-01-00 ASP2022-01-00 UIC2151-12-00 UIC1805-01-00,ECO1101-06-00 STA2102-05-00,ECO1101 ME,18.0,월금,2,1,2,6,2+4+2+3
3871,10.592,Lang,YCA1006-01-00,QRM1001-01-00 UIC1561-01-00 UIC1351-02-00 UIC2151-14-00,QRM2004-01-00 QRM2102-01-00,ME ME,18.0,월,0,1,1,6+5,1+3
3872,10.592,Lang,YCA1006-01-00,QRM1001-01-00 UIC1561-01-00 UIC1501-01-00 UIC2151-14-00,QRM2004-01-00 QRM2102-01-00,ME ME,18.0,월,0,1,1,6+5,1+3
3873,10.592,Lang,YCA1006-02-00,QRM1001-01-00 UIC1561-01-00 UIC1501-03-00 UIC2151-14-00,QRM2002-01-00 QRM2102-01-00,ME ME,18.0,,1,0,1,4,3+1
3874,10.589,Lang,YCA1006-02-00,QRM1001-01-00 UIC1561-01-00 UIC1351-02-00 UIC2151-14-00,STA2102-05-00 QRM3001-01-00,ME ME,18.0,월,0,0,1,4,3+2+2
3875,10.589,Lang,YCA1006-02-00,QRM1001-01-00 UIC1561-01-00 UIC1501-01-00 UIC2151-14-00,STA2102-05-00 QRM3001-01-00,ME ME,18.0,월,0,0,1,4,3+2+2
3876,10.583,MR,YCA1006-02-00,UIC1561-01-00 UIC1501-03-00 UIC2151-12-00 UIC1805-02-00,ECO1104-06-00 ECO1101-06-00,ME ECO1101,18.0,금,1,1,2,6+4,2+2
3877,10.583,MR,YCA1006-02-00,UIC1561-01-00 UIC1501-03-00 UIC2151-12-00 UIC1805-02-00,ECO1104-06-00 ECO1101-06-00,ME ECO1101,18.0,금,1,1,2,6+4,2+2
3878,10.583,-,YCA1006-01-00,QRM1001-01-00 UIC1561-01-00 UIC1501-03-00 UIC2151-12-00 UIC1805-01-00,QRM2004-01-00,ME,18.0,금,2,1,0,4+5,1+2
3879,10.583,-,YCA1006-01-00,QRM1001-01-00 UIC1561-01-00 UIC1501-03-00 UIC2151-12-00 UIC1806-01-00,QRM2004-01-00,ME,18.0,금,2,1,0,4+5,1+2
3880,10.583,MR,YCA1006-01-00,UIC1561-01-00 UIC1551-01-00 UIC2151-04-00 UIC1805-02-00,STA2102-04-00 QRM2001-01-00,ME ME,18.0,금,1,1,1,5,2+2+2+1
3881,10.583,MR,YCA1006-01-00,UIC1561-01-00 UIC1551-01-00 UIC2151-04-00 UIC1805-02-00,STA2102-04-00 QRM2001-01-00,ME ME,18.0,금,1,1,1,5,2+2+2+1
3882,10.583,MR,YCA1006-01-00,UIC1561-01-00 UIC1551-01-00 UIC2151-10-00 UIC1805-02-00,STA2102-04-00 QRM2001-01-00,ME ME,18.0,금,1,1,1,5,2+2+2+1
3883,10.583,-,YCA1006-01-00,QRM1001-01-00 UIC1561-01-00 UIC1501-03-00 UIC2151-12-00 UIC1805-01-00,QRM2004-01-00,ME,18.0,금,2,1,0,4+5,1+2
3884,10.583,-,YCA1006-01-00,QRM1001-01-00 UIC1561-01-00 UIC1501-03-00 UIC2151-12-00 UIC1806-01-00,QRM2004-01-00,ME,18.0,금,2,1,0,4+5,1+2
3885,10.583,MR,YCA1006-01-00,UIC1561-01-00 UIC1551-01-00 UIC2151-10-00 UIC1805-02-00,STA2102-04-00 QRM2001-01-00,ME ME,18.0,금,1,1,1,5,2+2+2+1
3886,10.578,Lang,-,QRM1001-01-00 UIC1561-01-00 UIC1401-03-00 UIC2151-12-00,QRM2002-01-00 YCH1202-01-00,ME FREE,18.0,월화,2,0,1,,1+1+1+1
3887,10.565,MR,YCA1006-01-00,UIC1561-01-00 UIC1551-04-00 UIC2151-08-00 UIC1806-02-00,STA2102-05-00 SED2104-01-00,ME FREE,18.0,월금,0,0,3,4+6,1+1+1
3888,10.565,MR,YCA1006-01-00,UIC1561-01-00 UIC1401-02-00 UIC2151-14-00 UIC1806-02-00,STA2102-05-00 SED2104-01-00,ME FREE,18.0,월금,0,0,3,4+6,1+1+1
3889,10.565,MR,YCA1006-01-00,UIC1561-01-00 UIC1251-02-00 UIC2151-14-00 UIC1805-02-00,STA2102-05-00 SED2104-01-00,ME FREE,18.0,월금,0,0,3,4+6,1+1+1
3890,10.565,MR,YCA1006-01-00,UIC1561-01-00 UIC1551-04-00 UIC2151-08-00 UIC1806-02-00,STA2102-05-00 SED2104-01-00,ME FREE,18.0,월금,0,0,3,4+6,1+1+1
3891,10.565,MR,YCA1006-01-00,UIC1561-01-00 UIC1551-04-00 UIC2151-07-00 UIC1805-02-00,STA2102-05-00 SED2104-01-00,ME FREE,18.0,월금,0,0,3,4+6,1+1+1
3892,10.565,MR,YCA1006-01-00,UIC1561-01-00 UIC1251-02-00 UIC2151-14-00 UIC1805-02-00,STA2102-05-00 SED2104-01-00,ME FREE,18.0,월금,0,0,3,4+6,1+1+1
3893,10.565,MR,YCA1006-01-00,UIC1561-01-00 UIC1551-04-00 UIC2151-09-00 UIC1806-02-00,STA2102-05-00 SED2104-01-00,ME FREE,18.0,월금,0,0,3,4+6,1+1+1
3894,10.565,MR,YCA1006-01-00,UIC1561-01-00 UIC1401-02-00 UIC2151-14-00 UIC1806-02-00,STA2102-05-00 SED2104-01-00,ME FREE,18.0,월금,0,0,3,4+6,1+1+1
3895,10.565,MR,YCA1006-01-00,UIC1561-01-00 UIC1551-04-00 UIC2151-09-00 UIC1806-02-00,STA2102-05-00 SED2104-01-00,ME FREE,18.0,월금,0,0,3,4+6,1+1+1
3896,10.565,MR,YCA1006-01-00,UIC1561-01-00 UIC1551-04-00 UIC2151-06-00 UIC1805-02-00,STA2102-05-00 SED2104-01-00,ME FREE,18.0,월금,0,0,3,4+6,1+1+1
3897,10.565,MR,YCA1006-01-00,UIC1561-01-00 UIC1551-04-00 UIC2151-07-00 UIC1805-02-00,STA2102-05-00 SED2104-01-00,ME FREE,18.0,월금,0,0,3,4+6,1+1+1
3898,10.565,MR,YCA1006-01-00,UIC1561-01-00 UIC1551-04-00 UIC2151-06-00 UIC1805-02-00,STA2102-05-00 SED2104-01-00,ME FREE,18.0,월금,0,0,3,4+6,1+1+1
3899,10.565,MR,YCA1006-01-00,UIC1561-01-00 UIC1551-04-00 UIC2151-06-00 UIC1805-02-00,STA2102-05-00 STA1002-04-00,ME FREE,18.0,월금,0,1,1,6+4,1+1+1
3900,10.565,MR,YCA1006-01-00,UIC1561-01-00 UIC1551-04-00 UIC2151-08-00 UIC1806-02-00,STA2102-05-00 STA1002-04-00,ME FREE,18.0,월금,0,1,1,6+4,1+1+1
3901,10.565,MR,YCA1006-01-00,UIC1561-01-00 UIC1551-01-00 UIC2151-08-00 UIC1806-02-00,STA2102-05-00 STA1002-04-00,ME FREE,18.0,월금,0,1,1,6+4,1+1+1
3902,10.565,MR,YCA1006-01-00,UIC1561-01-00 UIC1551-04-00 UIC2151-07-00 UIC1805-02-00,STA2102-05-00 STA1002-04-00,ME FREE,18.0,월금,0,1,1,6+4,1+1+1
3903,10.565,MR,YCA1006-01-00,UIC1561-01-00 UIC1551-01-00 UIC2151-09-00 UIC1806-02-00,STA2102-05-00 STA1002-04-00,ME FREE,18.0,월금,0,1,1,6+4,1+1+1
3904,10.565,MR,YCA1006-01-00,UIC1561-01-00 UIC1551-01-00 UIC2151-08-00 UIC1806-02-00,STA2102-05-00 STA1002-04-00,ME FREE,18.0,월금,0,1,1,6+4,1+1+1
3905,10.565,MR,YCA1006-01-00,UIC1561-01-00 UIC1551-04-00 UIC2151-09-00 UIC1806-02-00,STA2102-05-00 STA1002-04-00,ME FREE,18.0,월금,0,1,1,6+4,1+1+1
3906,10.565,MR,YCA1006-01-00,UIC1561-01-00 UIC1551-01-00 UIC2151-07-00 UIC1805-02-00,STA2102-05-00 STA1002-04-00,ME FREE,18.0,월금,0,1,1,6+4,1+1+1
3907,10.565,MR,YCA1006-01-00,UIC1561-01-00 UIC1551-04-00 UIC2151-07-00 UIC1805-02-00,STA2102-05-00 STA1002-04-00,ME FREE,18.0,월금,0,1,1,6+4,1+1+1
3908,10.565,MR,YCA1006-01-00,UIC1561-01-00 UIC1551-04-00 UIC2151-06-00 UIC1805-02-00,STA2102-05-00 STA1002-04-00,ME FREE,18.0,월금,0,1,1,6+4,1+1+1
3909,10.565,MR,YCA1006-01-00,UIC1561-01-00 UIC1551-01-00 UIC2151-09-00 UIC1806-02-00,STA2102-05-00 STA1002-04-00,ME FREE,18.0,월금,0,1,1,6+4,1+1+1
3910,10.565,MR,YCA1006-01-00,UIC1561-01-00 UIC1551-01-00 UIC2151-07-00 UIC1805-02-00,STA2102-05-00 STA1002-04-00,ME FREE,18.0,월금,0,1,1,6+4,1+1+1
3911,10.565,MR,YCA1006-01-00,UIC1561-01-00 UIC1551-04-00 UIC2151-08-00 UIC1806-02-00,STA2102-05-00 STA1002-04-00,ME FREE,18.0,월금,0,1,1,6+4,1+1+1
3912,10.565,MR,YCA1006-01-00,UIC1561-01-00 UIC1551-04-00 UIC2151-09-00 UIC1806-02-00,STA2102-05-00 STA1002-04-00,ME FREE,18.0,월금,0,1,1,6+4,1+1+1
3913,10.565,MR,YCA1006-01-00,UIC1561-01-00 UIC1551-01-00 UIC2151-06-00 UIC1805-02-00,STA2102-05-00 STA1002-04-00,ME FREE,18.0,월금,0,1,1,6+4,1+1+1
3914,10.565,MR,YCA1006-01-00,UIC1561-01-00 UIC1551-01-00 UIC2151-06-00 UIC1805-02-00,STA2102-05-00 STA1002-04-00,ME FREE,18.0,월금,0,1,1,6+4,1+1+1
3915,10.558,MR,-,UIC1561-01-00 UIC1551-04-00 UIC2151-04-00 UIC1806-01-00,STA2102-04-00 QRM2004-01-00,ME ME,18.0,금,1,0,1,,2+2+1+2+1
3916,10.558,MR,-,UIC1561-01-00 UIC1551-04-00 UIC2151-10-00 UIC1805-01-00,STA2102-04-00 QRM2004-01-00,ME ME,18.0,금,1,0,1,,2+2+1+2+1
3917,10.558,MR,-,UIC1561-01-00 UIC1551-04-00 UIC2151-10-00 UIC1806-01-00,STA2102-04-00 QRM2004-01-00,ME ME,18.0,금,1,0,1,,2+2+1+2+1
3918,10.558,MR,-,UIC1561-01-00 UIC1551-04-00 UIC2151-10-00 UIC1806-01-00,STA2102-04-00 QRM2004-01-00,ME ME,18.0,금,1,0,1,,2+2+1+2+1
3919,10.558,MR,-,UIC1561-01-00 UIC1551-04-00 UIC2151-04-00 UIC1805-01-00,STA2102-04-00 QRM2004-01-00,ME ME,18.0,금,1,0,1,,2+2+1+2+1
3920,10.558,MR,-,UIC1561-01-00 UIC1551-04-00 UIC2151-04-00 UIC1805-01-00,STA2102-04-00 QRM2004-01-00,ME ME,18.0,금,1,0,1,,2+2+1+2+1
3921,10.558,MR,-,UIC1561-01-00 UIC1551-04-00 UIC2151-04-00 UIC1806-01-00,STA2102-04-00 QRM2004-01-00,ME ME,18.0,금,1,0,1,,2+2+1+2+1
3922,10.558,MR,-,UIC1561-01-00 UIC1551-04-00 UIC2151-10-00 UIC1805-01-00,STA2102-04-00 QRM2004-01-00,ME ME,18.0,금,1,0,1,,2+2+1+2+1
3923,10.515,MR,YCA1006-01-00,UIC1561-01-00 UIC1551-04-00 UIC2151-12-00 UIC1805-02-00,STA2102-05-00 UCD1101-01-00,ME FREE,18.0,월금,1,0,2,4,2+1+2+2
3924,10.515,MR,YCA1006-01-00,UIC1561-01-00 UIC1551-04-00 UIC2151-12-00 UIC1805-02-00,STA2102-05-00 UCD1101-01-00,ME FREE,18.0,월금,1,0,2,4,2+1+2+2
3925,10.507,Lang,-,QRM1001-01-00 UIC1561-01-00 UIC1401-03-00 UIC1751-01-00,ECO1101-06-00 YCK1998-03-00,ECO1101 FREE,18.0,월화,0,1,2,4+4,1+1+1
3926,10.5,MR,YCA1006-01-00,UIC1561-01-00 UIC1401-03-00 UIC2151-14-00 UIC1805-02-00,ECO1104-06-00 ECO1101-06-00,ME ECO1101,18.0,월,0,0,3,4+6,1+1+2
3927,10.5,MR,YCA1006-02-00,UIC1561-01-00 UIC1401-03-00 UIC2151-12-00 UIC1805-02-00,ECO1101-06-00 STA2102-05-00,ECO1101 ME,18.0,월,1,0,2,6,1+1+2
3928,10.5,MR,YCA1006-01-00,UIC1561-01-00 UIC1401-03-00 UIC2151-14-00 UIC1805-02-00,ECO1104-06-00 ECO1101-06-00,ME ECO1101,18.0,월,0,0,3,4+6,1+1+2
3929,10.5,Lang,-,QRM1001-01-00 UIC1561-01-00 UIC1401-03-00 UIC2151-14-00,ECO1101-06-00 QRM2002-01-00,ECO1101 ME,18.0,월,1,0,3,4,1+2+1
3930,10.5,MR,YCA1006-02-00,UIC1561-01-00 UIC1401-03-00 UIC2151-12-00 UIC1805-02-00,ECO1101-06-00 STA2102-05-00,ECO1101 ME,18.0,월,1,0,2,6,1+1+2
3931,10.5,WCiv,YCA1006-01-00,QRM1001-01-00 UIC1401-03-00 UIC2151-13-00 UIC1805-01-00,QRM2004-01-00 QRM2002-01-00,ME ME,18.0,월,2,1,1,5,1+1+1
3932,10.5,WCiv,YCA1006-01-00,QRM1001-01-00 UIC1401-03-00 UIC2151-13-00 UIC1806-01-00,QRM2004-01-00 QRM2002-01-00,ME ME,18.0,월,2,1,1,5,1+1+1
3933,10.5,WCiv,YCA1006-01-00,QRM1001-01-00 UIC1401-03-00 UIC2151-13-00 UIC1805-01-00,QRM2004-01-00 QRM2002-01-00,ME ME,18.0,월,2,1,1,5,1+1+1
3934,10.5,WCiv,YCA1006-01-00,QRM1001-01-00 UIC1401-03-00 UIC2151-13-00 UIC1806-01-00,QRM2004-01-00 QRM2002-01-00,ME ME,18.0,월,2,1,1,5,1+1+1
3935,10.494,MR,YCA1006-01-00,UIC1561-01-00 UIC1551-04-00 UIC2151-08-00 UIC1806-02-00,STA2102-05-00 YCH1202-01-00,ME FREE,18.0,월금,0,0,2,4+7,1+1
3936,10.494,MR,YCA1006-01-00,UIC1561-01-00 UIC1551-04-00 UIC2151-09-00 UIC1806-02-00,STA2102-05-00 YCH1202-01-00,ME FREE,18.0,월금,0,0,2,4+7,1+1
3937,10.494,MR,YCA1006-01-00,UIC1561-01-00 UIC1551-04-00 UIC2151-08-00 UIC1806-02-00,STA2102-05-00 YCH1202-01-00,ME FREE,18.0,월금,0,0,2,4+7,1+1
3938,10.494,MR,YCA1006-01-00,UIC1561-01-00 UIC1551-04-00 UIC2151-06-00 UIC1805-02-00,STA2102-05-00 YCH1202-01-00,ME FREE,18.0,월금,0,0,2,4+7,1+1
3939,10.494,MR,YCA1006-01-00,UIC1561-01-00 UIC1551-04-00 UIC2151-07-00 UIC1805-02-00,STA2102-05-00 YCH1202-01-00,ME FREE,18.0,월금,0,0,2,4+7,1+1
3940,10.494,MR,YCA1006-01-00,UIC1561-01-00 UIC1551-04-00 UIC2151-07-00 UIC1805-02-00,STA2102-05-00 YCH1202-01-00,ME FREE,18.0,월금,0,0,2,4+7,1+1
3941,10.494,MR,YCA1006-01-00,UIC1561-01-00 UIC1551-04-00 UIC2151-09-00 UIC1806-02-00,STA2102-05-00 YCH1202-01-00,ME FREE,18.0,월금,0,0,2,4+7,1+1
3942,10.494,MR,YCA1006-01-00,UIC1561-01-00 UIC1551-04-00 UIC2151-06-00 UIC1805-02-00,STA2102-05-00 YCH1202-01-00,ME FREE,18.0,월금,0,0,2,4+7,1+1
3943,10.482,Lang,YCA1006-02-00,QRM1001-01-00 UIC1561-01-00 ASP2022-01-00 UIC2151-12-00,QRM2004-01-00 BIZ1101-09-00,ME FREE,18.0,월금,1,1,0,6+4,1
3944,10.474,WCiv,YCA1006-01-00,QRM1001-01-00 UIC1551-04-00 UIC2151-12-00 UIC1806-01-00,ECO1101-06-00 QRM2004-01-00,ECO1101 ME,18.0,월금,2,1,3,6,1+1+6
3945,10.474,WCiv,YCA1006-01-00,QRM1001-01-00 UIC1551-04-00 UIC2151-12-00 UIC1806-01-00,ECO1101-06-00 QRM2004-01-00,ECO1101 ME,18.0,월금,2,1,3,6,1+1+6
3946,10.474,WCiv,YCA1006-01-00,QRM1001-01-00 UIC1551-04-00 UIC2151-12-00 UIC1805-01-00,ECO1101-06-00 QRM2004-01-00,ECO1101 ME,18.0,월금,2,1,3,6,1+1+6
3947,10.474,WCiv,YCA1006-01-00,QRM1001-01-00 UIC1551-04-00 UIC2151-12-00 UIC1805-01-00,ECO1101-06-00 QRM2004-01-00,ECO1101 ME,18.0,월금,2,1,3,6,1+1+6
3948,10.458,MR,YCA1006-02-00,UIC1561-01-00 UIC1501-03-00 UIC2151-14-00 UIC1806-02-00,ECO1101-06-00 ECO1103-02-00,ECO1101 ME,18.0,금,1,0,3,6,2+2+3+2
3949,10.458,MR,YCA1006-02-00,UIC1561-01-00 UIC1501-03-00 UIC2151-14-00 UIC1806-02-00,ECO1101-06-00 ECO1103-02-00,ECO1101 ME,18.0,금,1,0,3,6,2+2+3+2
3950,10.425,MR,YCA1006-01-00,UIC1561-01-00 UIC1251-02-00 UIC2151-14-00 UIC1806-01-00,STA2102-05-00 QRM2102-01-00,ME ME,18.0,월,1,0,1,4,1+2+1
3951,10.425,MR,YCA1006-02-00,UIC1561-01-00 UIC1251-02-00 UIC2151-14-00 UIC1806-01-00,STA2102-05-00 QRM2102-01-00,ME ME,18.0,월,1,0,1,4,1+2+1
3952,10.425,MR,YCA1006-02-00,UIC1561-01-00 UIC1251-02-00 UIC2151-14-00 UIC1805-01-00,STA2102-05-00 QRM2102-01-00,ME ME,18.0,월,1,0,1,4,1+2+1
3953,10.425,MR,YCA1006-01-00,UIC1561-01-00 UIC1251-02-00 UIC2151-14-00 UIC1805-01-00,STA2102-05-00 QRM2102-01-00,ME ME,18.0,월,1,0,1,4,1+2+1
3954,10.425,MR,YCA1006-02-00,UIC1561-01-00 UIC1401-03-00 UIC2151-14-00 UIC1806-02-00,STA2102-05-00 QRM2001-01-00,ME ME,18.0,월,1,0,1,4,1+2+1
3955,10.425,MR,YCA1006-02-00,UIC1561-01-00 UIC1551-01-00 UIC2151-12-00 UIC1805-02-00,STA2102-05-00 QRM2102-01-00,ME ME,18.0,월,1,0,1,4,1+2+3
3956,10.425,MR,YCA1006-02-00,UIC1561-01-00 UIC1251-02-00 UIC2151-14-00 UIC1806-01-00,STA2102-05-00 QRM2102-01-00,ME ME,18.0,월,1,0,1,4,1+2+1
3957,10.425,MR,YCA1006-01-00,UIC1561-01-00 UIC1501-04-00 UIC2151-14-00 UIC1806-02-00,STA2102-05-00 QRM2102-01-00,ME ME,18.0,월,1,0,1,4,1+2+1
3958,10.425,MR,YCA1006-01-00,UIC1561-01-00 UIC1401-03-00 UIC2151-14-00 UIC1806-02-00,QRM2002-01-00 STA2102-05-00,ME ME,18.0,월,1,0,1,4,1+2+1
3959,10.425,MR,YCA1006-02-00,UIC1561-01-00 UIC1501-04-00 UIC2151-14-00 UIC1806-02-00,STA2102-05-00 QRM2102-01-00,ME ME,18.0,월,1,0,1,4,1+2+1
3960,10.425,MR,YCA1006-02-00,UIC1561-01-00 UIC1401-03-00 UIC2151-14-00 UIC1806-02-00,STA2102-05-00 QRM2001-01-00,ME ME,18.0,월,1,0,1,4,1+2+1
3961,10.425,MR,YCA1006-01-00,UIC1561-01-00 UIC1401-03-00 UIC2151-14-00 UIC1806-02-00,STA2102-05-00 QRM2001-01-00,ME ME,18.0,월,1,0,1,4,1+2+1
3962,10.425,MR,YCA1006-01-00,UIC1561-01-00 UIC1401-03-00 UIC2151-14-00 UIC1806-02-00,QRM2002-01-00 STA2102-05-00,ME ME,18.0,월,1,0,1,4,1+2+1
3963,10.425,MR,YCA1006-01-00,UIC1561-01-00 UIC1251-02-00 UIC2151-14-00 UIC1805-01-00,STA2102-05-00 QRM2102-01-00,ME ME,18.0,월,1,0,1,4,1+2+1
3964,10.425,MR,YCA1006-01-00,UIC1561-01-00 UIC1251-02-00 UIC2151-14-00 UIC1806-01-00,STA2102-05-00 QRM2102-01-00,ME ME,18.0,월,1,0,1,4,1+2+1
3965,10.425,MR,YCA1006-01-00,UIC1561-01-00 UIC1401-03-00 UIC2151-14-00 UIC1806-02-00,STA2102-05-00 QRM2001-01-00,ME ME,18.0,월,1,0,1,4,1+2+1
3966,10.425,MR,YCA1006-01-00,UIC1561-01-00 UIC1501-04-00 UIC2151-14-00 UIC1806-02-00,STA2102-05-00 QRM2102-01-00,ME ME,18.0,월,1,0,1,4,1+2+1
3967,10.425,MR,YCA1006-02-00,UIC1561-01-00 UIC1551-01-00 UIC2151-12-00 UIC1805-02-00,STA2102-05-00 QRM2102-01-00,ME ME,18.0,월,1,0,1,4,1+2+3
3968,10.425,MR,YCA1006-02-00,UIC1561-01-00 UIC1251-02-00 UIC2151-14-00 UIC1805-01-00,STA2102-05-00 QRM2102-01-00,ME ME,18.0,월,1,0,1,4,1+2+1
3969,10.425,MR,YCA1006-02-00,UIC1561-01-00 UIC1501-04-00 UIC2151-14-00 UIC1806-02-00,STA2102-05-00 QRM2102-01-00,ME ME,18.0,월,1,0,1,4,1+2+1
3970,10.417,SciRD,YCA1006-01-00,QRM1001-01-00 UIC1561-01-00 UIC1401-03-00 UIC1805-01-00,QRM2004-01-00 STA2102-05-00,ME ME,18.0,월,1,1,0,4+5,1
3971,10.417,Lang,YCA1006-01-00,QRM1001-01-00 UIC1561-01-00 UIC1401-03-00 UIC2151-05-00,QRM2004-01-00 STA2102-05-00,ME ME,18.0,월,1,1,0,4+5,1
3972,10.417,SciRD,YCA1006-01-00,QRM1001-01-00 UIC1561-01-00 UIC1401-03-00 UIC1806-01-00,QRM2004-01-00 STA2102-05-00,ME ME,18.0,월,1,1,0,4+5,1
3973,10.417,SciRD,YCA1006-01-00,QRM1001-01-00 UIC1561-01-00 UIC1401-03-00 UIC1806-01-00,QRM2004-01-00 STA2102-05-00,ME ME,18.0,월,1,1,0,4+5,1
3974,10.417,SciRD,YCA1006-01-00,QRM1001-01-00 UIC1561-01-00 UIC1401-03-00 UIC1805-01-00,QRM2004-01-00 STA2102-05-00,ME ME,18.0,월,1,1,0,4+5,1
3975,10.417,Lang,YCA1006-01-00,QRM1001-01-00 UIC1561-01-00 UIC1501-01-00 UIC2151-10-00,QRM2004-01-00 QRM2102-01-00,ME ME,18.0,,0,1,0,5,2+1+2
3976,10.417,Lang,YCA1006-01-00,QRM1001-01-00 UIC1561-01-00 UIC1501-02-00 UIC1751-01-00,QRM2004-01-00 QRM2102-01-00,ME ME,18.0,,0,1,0,5,2+1+2
3977,10.417,Lang,YCA1006-01-00,QRM1001-01-00 UIC1561-01-00 UIC1351-02-00 UIC2151-04-00,QRM2004-01-00 QRM2102-01-00,ME ME,18.0,,0,1,0,5,2+1+2
3978,10.417,Lang,YCA1006-01-00,QRM1001-01-00 UIC1561-01-00 UIC1501-01-00 UIC2151-04-00,QRM2004-01-00 QRM2102-01-00,ME ME,18.0,,0,1,0,5,2+1+2
3979,10.417,Lang,YCA1006-01-00,QRM1001-01-00 UIC1561-01-00 UIC1551-03-00 UIC1751-01-00,QRM2004-01-00 QRM2102-01-00,ME ME,18.0,,0,1,0,5,2+1+2
3980,10.417,Lang,YCA1006-01-00,QRM1001-01-00 UIC1561-01-00 UIC1351-02-00 UIC2151-10-00,QRM2004-01-00 QRM2102-01-00,ME ME,18.0,,0,1,0,5,2+1+2
3981,10.39,Lang,-,QRM1001-01-00 UIC1561-01-00 ASP2033-01-00 UIC2151-05-00,ECO1101-06-00 STA2102-05-00,ECO1101 ME,18.0,월금,1,1,2,6+4+5,2
3982,10.39,SciRD,-,QRM1001-01-00 UIC1561-01-00 ASP2033-01-00 UIC1805-01-00,ECO1101-06-00 STA2102-05-00,ECO1101 ME,18.0,월금,1,1,2,6+4+5,2
3983,10.39,SciRD,-,QRM1001-01-00 UIC1561-01-00 ASP2033-01-00 UIC1805-01-00,ECO1101-06-00 STA2102-05-00,ECO1101 ME,18.0,월금,1,1,2,6+4+5,2
3984,10.39,SciRD,-,QRM1001-01-00 UIC1561-01-00 ASP2033-01-00 UIC1806-01-00,ECO1101-06-00 STA2102-05-00,ECO1101 ME,18.0,월금,1,1,2,6+4+5,2
3985,10.39,SciRD,-,QRM1001-01-00 UIC1561-01-00 ASP2033-01-00 UIC1806-01-00,ECO1101-06-00 STA2102-05-00,ECO1101 ME,18.0,월금,1,1,2,6+4+5,2
3986,10.39,WCiv,YCA1006-01-00,QRM1001-01-00 UIC1551-04-00 UIC2151-13-00 UIC1806-01-00,QRM2004-01-00 BIZ1101-09-00,ME FREE,18.0,월금,1,1,2,5+6,1+1
3987,10.39,WCiv,YCA1006-01-00,QRM1001-01-00 UIC1551-04-00 UIC2151-13-00 UIC1805-01-00,QRM2004-01-00 BIZ1101-09-00,ME FREE,18.0,월금,1,1,2,5+6,1+1
3988,10.39,WCiv,YCA1006-01-00,QRM1001-01-00 UIC1551-04-00 UIC2151-13-00 UIC1805-01-00,QRM2004-01-00 BIZ1101-09-00,ME FREE,18.0,월금,1,1,2,5+6,1+1
3989,10.39,WCiv,YCA1006-01-00,QRM1001-01-00 UIC1551-04-00 UIC2151-13-00 UIC1806-01-00,QRM2004-01-00 BIZ1101-09-00,ME FREE,18.0,월금,1,1,2,5+6,1+1
3990,10.39,MR,YCA1006-02-00,UIC1561-01-00 UIC1551-04-00 UIC2151-12-00 UIC1805-02-00,STA2102-04-00 STA1002-04-00,ME FREE,18.0,월금,1,0,1,4+4,2+1+1+2
3991,10.39,MR,YCA1006-02-00,UIC1561-01-00 UIC1551-04-00 UIC2151-12-00 UIC1805-02-00,STA2102-04-00 STA1002-04-00,ME FREE,18.0,월금,1,0,1,4+4,2+1+1+2
3992,10.383,MR,-,UIC1561-01-00 UIC1501-03-00 UIC2151-12-00 UIC1805-02-00,ECO1104-06-00 ECO1101-06-00,ME ECO1101,18.0,금,1,0,2,6,2+2
3993,10.383,MR,-,UIC1561-01-00 UIC1501-03-00 UIC2151-12-00 UIC1805-02-00,ECO1104-06-00 ECO1101-06-00,ME ECO1101,18.0,금,1,0,2,6,2+2
3994,10.365,Lang,YCA1006-02-00,QRM1001-01-00 UIC1561-01-00 UIC1551-01-00 UIC2151-12-00,ECO1101-06-00 CTM1002-02-00,ECO1101 FREE,18.0,월금,1,1,3,4+5,3+2+1
3995,10.358,MR,YCA1006-02-00,UIC1561-01-00 ASP2022-01-00 UIC2151-04-00 UIC1806-02-00,ECO1101-06-00 STA2102-05-00,ECO1101 ME,18.0,금,0,1,2,8,2+1+2
3996,10.358,MR,YCA1006-02-00,UIC1561-01-00 ASP2022-01-00 UIC2151-10-00 UIC1806-02-00,ECO1101-06-00 STA2102-05-00,ECO1101 ME,18.0,금,0,1,2,8,2+1+2
3997,10.358,MR,YCA1006-02-00,UIC1561-01-00 ASP2022-01-00 UIC2151-10-00 UIC1806-02-00,ECO1101-06-00 STA2102-05-00,ECO1101 ME,18.0,금,0,1,2,8,2+1+2
3998,10.358,MR,YCA1006-02-00,UIC1561-01-00 ASP2022-01-00 UIC2151-04-00 UIC1806-02-00,ECO1101-06-00 STA2102-05-00,ECO1101 ME,18.0,금,0,1,2,8,2+1+2
3999,10.35,Lang,YCA1006-02-00,QRM1001-01-00 UIC1561-01-00 UIC1501-02-00 UIC2151-12-00,QRM2004-01-00 STA2102-05-00,ME ME,18.0,금,1,2,0,6+4+4,1
4000,10.35,Lang,YCA1006-02-00,QRM1001-01-00 UIC1561-01-00 UIC1551-03-00 UIC2151-12-00,QRM2004-01-00 STA2102-05-00,ME ME,18.0,금,1,2,0,6+4+4,1
4001,10.333,MR,YCA1006-01-00,UIC1561-01-00 ASP2022-01-00 UIC2151-11-00 UIC1806-02-00,ECO1101-06-00 QRM2001-01-00,ECO1101 ME,18.0,금,1,0,2,6,1+2+2+1
4002,10.333,MR,YCA1006-02-00,UIC1561-01-00 ASP2022-01-00 UIC2151-11-00 UIC1806-02-00,ECO1101-06-00 QRM2001-01-00,ECO1101 ME,18.0,금,1,0,2,6,1+2+2+1
4003,10.333,MR,YCA1006-01-00,UIC1561-01-00 ASP2022-01-00 UIC2151-11-00 UIC1806-02-00,ECO1101-06-00 QRM2001-01-00,ECO1101 ME,18.0,금,1,0,2,6,1+2+2+1
4004,10.333,MR,YCA1006-02-00,UIC1561-01-00 ASP2022-01-00 UIC2151-11-00 UIC1806-02-00,ECO1101-06-00 QRM2001-01-00,ECO1101 ME,18.0,금,1,0,2,6,1+2+2+1
4005,10.315,MR,YCA1006-02-00,UIC1561-01-00 UIC1551-01-00 UIC2151-12-00 UIC1805-02-00,STA2102-05-00 PHI1002-01-00,ME FREE,18.0,월금,1,0,1,4+6,1+2
4006,10.315,MR,YCA1006-02-00,UIC1561-01-00 UIC1551-01-00 UIC2151-12-00 UIC1805-02-00,STA2102-05-00 PHI1002-01-00,ME FREE,18.0,월금,1,0,1,4+6,1+2
4007,10.3,MR,YCA1006-02-00,UIC1561-01-00 UIC1551-01-00 UIC2151-12-00 UIC1805-02-00,STA2102-04-00 QRM2002-01-00,ME ME,18.0,월,2,0,1,,1+3+1
4008,10.3,MR,YCA1006-02-00,UIC1561-01-00 UIC1551-01-00 UIC2151-12-00 UIC1805-02-00,STA2102-04-00 QRM2002-01-00,ME ME,18.0,월,2,0,1,,1+3+1
4009,10.29,WCiv,-,QRM1001-01-00 UIC1501-05-00 UIC2151-12-00 UIC1806-01-00,ECO1101-05-00 STA2102-05-00,ECO1101 ME,18.0,월금,3,1,0,4+6,2+1
4010,10.29,WCiv,-,QRM1001-01-00 UIC1501-05-00 UIC2151-12-00 UIC1805-01-00,ECO1101-05-00 STA2102-05-00,ECO1101 ME,18.0,월금,3,1,0,4+6,2+1
4011,10.29,WCiv,-,QRM1001-01-00 UIC1501-05-00 UIC2151-12-00 UIC1806-01-00,ECO1101-05-00 STA2102-05-00,ECO1101 ME,18.0,월금,3,1,0,4+6,2+1
4012,10.29,WCiv,-,QRM1001-01-00 UIC1501-05-00 UIC2151-12-00 UIC1805-01-00,ECO1101-05-00 STA2102-05-00,ECO1101 ME,18.0,월금,3,1,0,4+6,2+1
4013,10.265,MR,YCA1006-01-00,UIC1561-01-00 ASP2022-01-00 UIC2151-12-00 UIC1806-01-00,ECO1104-06-00 BIZ1101-09-00,ME FREE,18.0,월금,2,0,0,,1+2+1+1
4014,10.265,MR,YCA1006-01-00,UIC1561-01-00 ASP2022-01-00 UIC2151-12-00 UIC1806-01-00,ECO1104-06-00 BIZ1101-09-00,ME FREE,18.0,월금,2,0,0,,1+2+1+1
4015,10.265,MR,YCA1006-02-00,UIC1561-01-00 ASP2022-01-00 UIC2151-12-00 UIC1806-01-00,ECO1104-06-00 BIZ1101-09-00,ME FREE,18.0,월금,2,0,0,,1+2+1+1
4016,10.265,MR,YCA1006-01-00,UIC1561-01-00 UIC1401-02-00 UIC2151-12-00 UIC1806-02-00,STA2102-05-00 SED2104-01-00,ME FREE,18.0,월금,1,0,2,4,1+2+1+1
4017,10.265,MR,YCA1006-01-00,UIC1561-01-00 UIC1401-02-00 UIC2151-12-00 UIC1806-02-00,STA2102-05-00 SED2104-01-00,ME FREE,18.0,월금,1,0,2,4,1+2+1+1
4018,10.265,MR,YCA1006-01-00,UIC1561-01-00 ASP2022-01-00 UIC2151-12-00 UIC1805-01-00,ECO1104-06-00 BIZ1101-09-00,ME FREE,18.0,월금,2,0,0,,1+2+1+1
4019,10.265,MR,YCA1006-01-00,UIC1561-01-00 UIC1251-02-00 UIC2151-12-00 UIC1805-02-00,STA2102-05-00 SED2104-01-00,ME FREE,18.0,월금,1,0,2,4,1+2+1+1
4020,10.265,MR,YCA1006-01-00,UIC1561-01-00 UIC1251-02-00 UIC2151-12-00 UIC1805-02-00,STA2102-05-00 SED2104-01-00,ME FREE,18.0,월금,1,0,2,4,1+2+1+1
4021,10.265,MR,YCA1006-02-00,UIC1561-01-00 ASP2022-01-00 UIC2151-12-00 UIC1806-01-00,ECO1104-06-00 BIZ1101-09-00,ME FREE,18.0,월금,2,0,0,,1+2+1+1
4022,10.265,MR,YCA1006-02-00,UIC1561-01-00 ASP2022-01-00 UIC2151-12-00 UIC1805-01-00,ECO1104-06-00 BIZ1101-09-00,ME FREE,18.0,월금,2,0,0,,1+2+1+1
4023,10.265,MR,YCA1006-02-00,UIC1561-01-00 ASP2022-01-00 UIC2151-12-00 UIC1805-01-00,ECO1104-06-00 BIZ1101-09-00,ME FREE,18.0,월금,2,0,0,,1+2+1+1
4024,10.265,MR,YCA1006-01-00,UIC1561-01-00 ASP2022-01-00 UIC2151-12-00 UIC1805-01-00,ECO1104-06-00 BIZ1101-09-00,ME FREE,18.0,월금,2,0,0,,1+2+1+1
4025,10.258,MR,YCA1006-01-00,UIC1561-01-00 UIC1551-03-00 UIC2151-12-00 UIC1805-01-00,STA2102-04-00 QRM2004-01-00,ME ME,18.0,금,2,0,0,4,2+1+2+1
4026,10.258,MR,YCA1006-01-00,UIC1561-01-00 UIC1501-02-00 UIC2151-12-00 UIC1805-01-00,STA2102-04-00 QRM2004-01-00,ME ME,18.0,금,2,0,0,4,2+1+2+1
4027,10.258,WCiv,YCA1006-01-00,QRM1001-01-00 UIC1501-03-00 UIC2151-14-00 UIC1805-01-00,ECO1101-05-00 QRM2004-01-00,ECO1101 ME,18.0,금,1,1,1,4+6+5,1+1
4028,10.258,WCiv,YCA1006-01-00,QRM1001-01-00 UIC1501-03-00 UIC2151-14-00 UIC1805-01-00,ECO1101-05-00 QRM2004-01-00,ECO1101 ME,18.0,금,1,1,1,4+6+5,1+1
4029,10.258,WCiv,YCA1006-01-00,QRM1001-01-00 UIC1501-03-00 UIC2151-14-00 UIC1806-01-00,ECO1101-05-00 QRM2004-01-00,ECO1101 ME,18.0,금,1,1,1,4+6+5,1+1
4030,10.258,MR,YCA1006-01-00,UIC1561-01-00 UIC1501-02-00 UIC2151-12-00 UIC1806-01-00,STA2102-04-00 QRM2004-01-00,ME ME,18.0,금,2,0,0,4,2+1+2+1
4031,10.258,MR,YCA1006-01-00,UIC1561-01-00 UIC1551-03-00 UIC2151-12-00 UIC1806-01-00,STA2102-04-00 QRM2004-01-00,ME ME,18.0,금,2,0,0,4,2+1+2+1
4032,10.258,MR,YCA1006-01-00,UIC1561-01-00 UIC1501-02-00 UIC2151-12-00 UIC1805-01-00,STA2102-04-00 QRM2004-01-00,ME ME,18.0,금,2,0,0,4,2+1+2+1
4033,10.258,MR,YCA1006-01-00,UIC1561-01-00 UIC1551-03-00 UIC2151-12-00 UIC1805-01-00,STA2102-04-00 QRM2004-01-00,ME ME,18.0,금,2,0,0,4,2+1+2+1
4034,10.258,MR,YCA1006-01-00,UIC1561-01-00 UIC1551-03-00 UIC2151-12-00 UIC1806-01-00,STA2102-04-00 QRM2004-01-00,ME ME,18.0,금,2,0,0,4,2+1+2+1
4035,10.258,MR,YCA1006-01-00,UIC1561-01-00 UIC1501-02-00 UIC2151-12-00 UIC1806-01-00,STA2102-04-00 QRM2004-01-00,ME ME,18.0,금,2,0,0,4,2+1+2+1
4036,10.258,WCiv,YCA1006-01-00,QRM1001-01-00 UIC1501-03-00 UIC2151-14-00 UIC1806-01-00,ECO1101-05-00 QRM2004-01-00,ECO1101 ME,18.0,금,1,1,1,4+6+5,1+1
4037,10.257,Lang,YCA1006-02-00,QRM1001-01-00 UIC1561-01-00 UIC1551-01-00 UIC2151-12-00,YCE1253-01-00 BIZ1101-09-00,FREE FREE,18.0,월금,1,0,1,,1+1+1
4038,10.257,SciRD,YCA1006-01-00,QRM1001-01-00 UIC1561-01-00 UIC1551-01-00 UIC1806-01-00,QRM2004-01-00 BIZ1101-09-00,ME FREE,18.0,월금,1,1,1,4+5,1+1
4039,10.257,SciRD,YCA1006-01-00,QRM1001-01-00 UIC1561-01-00 UIC1551-01-00 UIC1805-01-00,QRM2004-01-00 BIZ1101-09-00,ME FREE,18.0,월금,1,1,1,4+5,1+1
4040,10.257,SciRD,YCA1006-01-00,QRM1001-01-00 UIC1561-01-00 UIC1551-01-00 UIC1805-01-00,QRM2004-01-00 BIZ1101-09-00,ME FREE,18.0,월금,1,1,1,4+5,1+1
4041,10.257,SciRD,YCA1006-01-00,QRM1001-01-00 UIC1561-01-00 UIC1551-01-00 UIC1806-01-00,QRM2004-01-00 BIZ1101-09-00,ME FREE,18.0,월금,1,1,1,4+5,1+1
4042,10.257,Lang,YCA1006-01-00,QRM1001-01-00 UIC1561-01-00 UIC1551-01-00 UIC2151-05-00,QRM2004-01-00 BIZ1101-09-00,ME FREE,18.0,월금,1,1,1,4+5,1+1
4043,10.25,Lang,-,QRM1001-01-00 UIC1561-01-00 ASP2033-01-00 UIC2151-14-00,ECO1101-06-00 QRM2102-01-00,ECO1101 ME,18.0,월,0,0,3,4,2+2
4044,10.233,MR,YCA1006-02-00,UIC1561-01-00 UIC1551-04-00 UIC2151-04-00 UIC1806-02-00,ECO1101-06-00 STA2102-05-00,ECO1101 ME,18.0,금,0,1,3,8,3+1+2
4045,10.233,MR,YCA1006-02-00,UIC1561-01-00 UIC1551-04-00 UIC2151-10-00 UIC1806-02-00,ECO1101-06-00 STA2102-05-00,ECO1101 ME,18.0,금,0,1,3,8,3+1+2
4046,10.233,MR,YCA1006-02-00,UIC1561-01-00 UIC1551-04-00 UIC2151-10-00 UIC1806-02-00,ECO1101-06-00 STA2102-05-00,ECO1101 ME,18.0,금,0,1,3,8,3+1+2
4047,10.233,MR,YCA1006-02-00,UIC1561-01-00 UIC1551-04-00 UIC2151-04-00 UIC1806-02-00,ECO1101-06-00 STA2102-05-00,ECO1101 ME,18.0,금,0,1,3,8,3+1+2
4048,10.215,MR,YCA1006-02-00,UIC1561-01-00 UIC1551-04-00 UIC2151-12-00 UIC1805-02-00,STA2102-05-00 YCI1998-02-00,ME FREE,18.0,월금,1,0,1,4+5,1+2+2
4049,10.215,MR,YCA1006-02-00,UIC1561-01-00 UIC1551-04-00 UIC2151-12-00 UIC1805-02-00,STA2102-05-00 YCI1998-02-00,ME FREE,18.0,월금,1,0,1,4+5,1+2+2
4050,10.208,MR,YCA1006-01-00,UIC1561-01-00 UIC1551-04-00 UIC2151-11-00 UIC1806-01-00,ECO1101-06-00 QRM2004-01-00,ECO1101 ME,18.0,금,1,0,3,6,1+1+2+3
4051,10.208,MR,YCA1006-01-00,UIC1561-01-00 UIC1551-04-00 UIC2151-11-00 UIC1805-01-00,ECO1101-06-00 QRM2004-01-00,ECO1101 ME,18.0,금,1,0,3,6,1+1+2+3
4052,10.208,MR,YCA1006-02-00,UIC1561-01-00 UIC1501-03-00 UIC2151-14-00 UIC1806-01-00,ECO1101-06-00 STA2102-04-00,ECO1101 ME,18.0,금,1,0,3,6,1+3+2+1
4053,10.208,MR,YCA1006-02-00,UIC1561-01-00 UIC1501-03-00 UIC2151-14-00 UIC1805-01-00,ECO1101-06-00 STA2102-04-00,ECO1101 ME,18.0,금,1,0,3,6,1+3+2+1
4054,10.208,MR,YCA1006-02-00,UIC1561-01-00 UIC1551-04-00 UIC2151-11-00 UIC1806-02-00,ECO1101-06-00 QRM2001-01-00,ECO1101 ME,18.0,금,1,0,3,6,1+3+2+1
4055,10.208,MR,YCA1006-02-00,UIC1561-01-00 UIC1551-04-00 UIC2151-11-00 UIC1806-02-00,ECO1101-06-00 QRM2001-01-00,ECO1101 ME,18.0,금,1,0,3,6,1+3+2+1
4056,10.208,MR,YCA1006-02-00,UIC1561-01-00 UIC1501-03-00 UIC2151-14-00 UIC1805-01-00,ECO1101-06-00 STA2102-04-00,ECO1101 ME,18.0,금,1,0,3,6,1+3+2+1
4057,10.208,MR,YCA1006-01-00,UIC1561-01-00 UIC1551-04-00 UIC2151-11-00 UIC1806-02-00,ECO1101-06-00 QRM2001-01-00,ECO1101 ME,18.0,금,1,0,3,6,1+3+2+1
4058,10.208,MR,YCA1006-01-00,UIC1561-01-00 UIC1551-04-00 UIC2151-11-00 UIC1805-01-00,ECO1101-06-00 QRM2004-01-00,ECO1101 ME,18.0,금,1,0,3,6,1+1+2+3
4059,10.208,MR,YCA1006-02-00,UIC1561-01-00 UIC1551-01-00 UIC2151-11-00 UIC1805-02-00,ECO1101-06-00 QRM2001-01-00,ECO1101 ME,18.0,금,1,0,3,6,1+1+2+3
4060,10.208,MR,YCA1006-01-00,UIC1561-01-00 UIC1551-04-00 UIC2151-11-00 UIC1806-02-00,ECO1101-06-00 QRM2001-01-00,ECO1101 ME,18.0,금,1,0,3,6,1+3+2+1
4061,10.208,MR,YCA1006-02-00,UIC1561-01-00 UIC1501-03-00 UIC2151-14-00 UIC1806-01-00,ECO1101-06-00 STA2102-04-00,ECO1101 ME,18.0,금,1,0,3,6,1+3+2+1
4062,10.208,MR,YCA1006-01-00,UIC1561-01-00 UIC1551-04-00 UIC2151-11-00 UIC1806-01-00,ECO1101-06-00 QRM2004-01-00,ECO1101 ME,18.0,금,1,0,3,6,1+1+2+3
4063,10.208,MR,YCA1006-02-00,UIC1561-01-00 UIC1551-01-00 UIC2151-11-00 UIC1805-02-00,ECO1101-06-00 QRM2001-01-00,ECO1101 ME,18.0,금,1,0,3,6,1+1+2+3
4064,10.2,MR,YCA1006-02-00,UIC1561-01-00 UIC1401-03-00 UIC2151-14-00 UIC1806-02-00,ECO1101-06-00 QRM2002-01-00,ECO1101 ME,18.0,월,1,0,3,4,2+1+2+1
4065,10.2,MR,YCA1006-02-00,UIC1561-01-00 UIC1401-03-00 UIC2151-14-00 UIC1806-02-00,ECO1101-06-00 QRM2002-01-00,ECO1101 ME,18.0,월,1,0,3,4,2+1+2+1
4066,10.2,Lang,YCA1006-02-00,QRM1001-01-00 UIC1561-01-00 UIC1401-03-00 UIC2151-10-00,ECO1101-06-00 QRM2002-01-00,ECO1101 ME,18.0,,1,0,2,4,2+1+2+1
4067,10.2,Lang,YCA1006-02-00,QRM1001-01-00 UIC1561-01-00 UIC1401-03-00 UIC2151-04-00,ECO1101-06-00 QRM2002-01-00,ECO1101 ME,18.0,,1,0,2,4,2+1+2+1
4068,10.2,MR,YCA1006-01-00,UIC1561-01-00 UIC1551-01-00 UIC1751-01-00 UIC1805-02-00,ECO1101-06-00 STA2102-04-00,ECO1101 ME,18.0,월,0,0,3,4,2+3+2+1
4069,10.2,MR,YCA1006-01-00,UIC1561-01-00 UIC1551-01-00 UIC1751-01-00 UIC1805-02-00,ECO1101-06-00 STA2102-04-00,ECO1101 ME,18.0,월,0,0,3,4,2+3+2+1
4070,10.194,MR,YCA1006-01-00,UIC1561-01-00 UIC1251-02-00 UIC2151-12-00 UIC1805-02-00,STA2102-05-00 CDM2012-01-00,ME FREE,18.0,월금,1,0,1,4,1+1+2
4071,10.194,MR,YCA1006-01-00,UIC1561-01-00 UIC1401-02-00 UIC2151-12-00 UIC1806-02-00,STA2102-05-00 CDM2012-01-00,ME FREE,18.0,월금,1,0,1,4,1+1+2
4072,10.194,MR,YCA1006-01-00,UIC1561-01-00 UIC1401-02-00 UIC2151-12-00 UIC1806-02-00,STA2102-05-00 CDM2012-01-00,ME FREE,18.0,월금,1,0,1,4,1+1+2
4073,10.194,MR,YCA1006-01-00,UIC1561-01-00 UIC1251-02-00 UIC2151-12-00 UIC1805-02-00,STA2102-05-00 CDM2012-01-00,ME FREE,18.0,월금,1,0,1,4,1+1+2
4074,10.19,WCiv,-,QRM1001-01-00 UIC1551-01-00 UIC2151-12-00 UIC1806-01-00,QRM2004-01-00 STA2102-05-00,ME ME,18.0,월금,2,1,1,4+5,2+2+1
4075,10.19,MR,-,UIC1561-01-00 UIC1501-05-00 UIC2151-14-00 UIC1805-02-00,STA2102-05-00 QRM2001-01-00,ME ME,18.0,월금,2,0,1,4+5+4,1
4076,10.19,WCiv,-,QRM1001-01-00 UIC1551-01-00 UIC2151-12-00 UIC1805-01-00,QRM2004-01-00 STA2102-05-00,ME ME,18.0,월금,2,1,1,4+5,2+2+1
4077,10.19,MR,-,UIC1561-01-00 UIC1501-05-00 UIC2151-14-00 UIC1805-02-00,STA2102-05-00 QRM2001-01-00,ME ME,18.0,월금,2,0,1,4+5+4,1
4078,10.19,WCiv,-,QRM1001-01-00 UIC1551-01-00 UIC2151-12-00 UIC1806-01-00,QRM2004-01-00 STA2102-05-00,ME ME,18.0,월금,2,1,1,4+5,2+2+1
4079,10.19,WCiv,-,QRM1001-01-00 UIC1551-01-00 UIC2151-12-00 UIC1805-01-00,QRM2004-01-00 STA2102-05-00,ME ME,18.0,월금,2,1,1,4+5,2+2+1
4080,10.19,MR,YCA1006-02-00,UIC1561-01-00 UIC1251-02-00 UIC2151-14-00 UIC1805-02-00,STA2102-05-00 QRM2001-01-00,ME ME,18.0,월금,1,2,1,4+7+5,1
4081,10.19,MR,YCA1006-02-00,UIC1561-01-00 UIC1251-02-00 UIC2151-14-00 UIC1805-02-00,STA2102-05-00 QRM2001-01-00,ME ME,18.0,월금,1,2,1,4+7+5,1
4082,10.19,MR,YCA1006-02-00,UIC1561-01-00 UIC1401-02-00 UIC2151-14-00 UIC1806-02-00,STA2102-05-00 QRM2001-01-00,ME ME,18.0,월금,1,2,1,4+7+5,1
4083,10.19,MR,YCA1006-02-00,UIC1561-01-00 UIC1401-02-00 UIC2151-14-00 UIC1806-02-00,STA2102-05-00 QRM2001-01-00,ME ME,18.0,월금,1,2,1,4+7+5,1
4084,10.182,Lang,YCA1006-02-00,QRM1001-01-00 UIC1561-01-00 UIC1551-04-00 UIC2151-12-00,STA2102-05-00 CTM1002-02-00,ME FREE,18.0,월금,1,1,1,4+4+4,1+2
4085,10.175,Lang,YCA1006-01-00,QRM1001-01-00 UIC1561-01-00 UIC1551-03-00 UIC2151-14-00,QRM2004-01-00 YCK1998-03-00,ME FREE,18.0,금,0,0,1,6,2+1+2
4086,10.175,Lang,YCA1006-01-00,QRM1001-01-00 UIC1561-01-00 UIC1501-02-00 UIC2151-14-00,QRM2004-01-00 YCK1998-03-00,ME FREE,18.0,금,0,0,1,6,2+1+2
4087,10.167,Lang,YCA1006-02-00,QRM1001-01-00 UIC1561-01-00 UIC1401-03-00 UIC2151-14-00,STA2102-05-00 YCH1605-01-00,ME FREE,18.0,월,0,0,1,4,2
4088,10.165,MR,YCA1006-02-00,UIC1561-01-00 ASP2022-01-00 UIC2151-12-00 UIC1806-02-00,ECO1101-06-00 YCK1998-03-00,ECO1101 FREE,18.0,월금,1,0,2,4,2+3+1
4089,10.165,MR,YCA1006-01-00,UIC1561-01-00 UIC1551-04-00 UIC2151-08-00 UIC1806-02-00,ECO1101-06-00 STA1002-04-00,ECO1101 FREE,18.0,월금,0,0,3,4+4,2+1+1+2+2
4090,10.165,MR,YCA1006-01-00,UIC1561-01-00 UIC1251-02-00 UIC2151-12-00 UIC1805-02-00,ECO1101-06-00 BIZ1101-09-00,ECO1101 FREE,18.0,월금,1,0,2,4,1+1+2
4091,10.165,MR,YCA1006-01-00,UIC1561-01-00 UIC1551-04-00 UIC2151-06-00 UIC1805-02-00,ECO1101-06-00 STA1002-04-00,ECO1101 FREE,18.0,월금,0,0,3,4+4,2+1+1+2+2
4092,10.165,MR,YCA1006-01-00,UIC1561-01-00 UIC1551-01-00 UIC2151-08-00 UIC1806-02-00,ECO1101-06-00 STA1002-04-00,ECO1101 FREE,18.0,월금,0,0,3,4+4,2+1+2+2+1
4093,10.165,MR,YCA1006-01-00,UIC1561-01-00 UIC1251-02-00 UIC2151-12-00 UIC1805-02-00,ECO1101-06-00 BIZ1101-09-00,ECO1101 FREE,18.0,월금,1,0,2,4,1+1+2
4094,10.165,MR,YCA1006-01-00,UIC1561-01-00 UIC1551-01-00 UIC2151-06-00 UIC1805-02-00,ECO1101-06-00 STA1002-04-00,ECO1101 FREE,18.0,월금,0,0,3,4+4,2+1+2+2+1
4095,10.165,MR,YCA1006-01-00,UIC1561-01-00 UIC1401-02-00 UIC2151-12-00 UIC1806-02-00,ECO1101-06-00 BIZ1101-09-00,ECO1101 FREE,18.0,월금,1,0,2,4,1+1+2
4096,10.165,MR,YCA1006-01-00,UIC1561-01-00 UIC1551-04-00 UIC2151-09-00 UIC1806-02-00,ECO1101-06-00 STA1002-04-00,ECO1101 FREE,18.0,월금,0,0,3,4+4,2+1+1+2+2
4097,10.165,MR,YCA1006-01-00,UIC1561-01-00 UIC1551-01-00 UIC2151-06-00 UIC1805-02-00,ECO1101-06-00 STA1002-04-00,ECO1101 FREE,18.0,월금,0,0,3,4+4,2+1+2+2+1
4098,10.165,MR,YCA1006-02-00,UIC1561-01-00 ASP2022-01-00 UIC2151-12-00 UIC1806-02-00,ECO1101-06-00 YCK1998-03-00,ECO1101 FREE,18.0,월금,1,0,2,4,2+3+1
4099,10.165,Lang,YCA1006-02-00,QRM1001-01-00 UIC1561-01-00 ASP2022-01-00 UIC2151-12-00,ECO1101-06-00 BIZ1101-09-00,ECO1101 FREE,18.0,월금,1,0,2,4+4,3+1+2
4100,10.165,MR,YCA1006-01-00,UIC1561-01-00 UIC1551-04-00 UIC2151-09-00 UIC1806-02-00,ECO1101-06-00 STA1002-04-00,ECO1101 FREE,18.0,월금,0,0,3,4+4,2+1+1+2+2
4101,10.165,MR,YCA1006-01-00,UIC1561-01-00 UIC1551-04-00 UIC2151-06-00 UIC1805-02-00,ECO1101-06-00 STA1002-04-00,ECO1101 FREE,18.0,월금,0,0,3,4+4,2+1+1+2+2
4102,10.165,MR,YCA1006-01-00,UIC1561-01-00 UIC1551-01-00 UIC2151-09-00 UIC1806-02-00,ECO1101-06-00 STA1002-04-00,ECO1101 FREE,18.0,월금,0,0,3,4+4,2+1+2+2+1
4103,10.165,MR,YCA1006-01-00,UIC1561-01-00 UIC1551-01-00 UIC2151-08-00 UIC1806-02-00,ECO1101-06-00 STA1002-04-00,ECO1101 FREE,18.0,월금,0,0,3,4+4,2+1+2+2+1
4104,10.165,MR,YCA1006-01-00,UIC1561-01-00 UIC1551-04-00 UIC2151-08-00 UIC1806-02-00,ECO1101-06-00 STA1002-04-00,ECO1101 FREE,18.0,월금,0,0,3,4+4,2+1+1+2+2
4105,10.165,MR,YCA1006-01-00,UIC1561-01-00 UIC1401-02-00 UIC2151-12-00 UIC1806-02-00,ECO1101-06-00 BIZ1101-09-00,ECO1101 FREE,18.0,월금,1,0,2,4,1+1+2
4106,10.165,MR,YCA1006-01-00,UIC1561-01-00 UIC1551-01-00 UIC2151-09-00 UIC1806-02-00,ECO1101-06-00 STA1002-04-00,ECO1101 FREE,18.0,월금,0,0,3,4+4,2+1+2+2+1
4107,10.165,MR,YCA1006-01-00,UIC1561-01-00 UIC1551-01-00 UIC2151-07-00 UIC1805-02-00,ECO1101-06-00 STA1002-04-00,ECO1101 FREE,18.0,월금,0,0,3,4+4,2+1+2+2+1
4108,10.165,MR,YCA1006-01-00,UIC1561-01-00 UIC1551-04-00 UIC2151-07-00 UIC1805-02-00,ECO1101-06-00 STA1002-04-00,ECO1101 FREE,18.0,월금,0,0,3,4+4,2+1+1+2+2
4109,10.165,MR,YCA1006-01-00,UIC1561-01-00 UIC1551-04-00 UIC2151-07-00 UIC1805-02-00,ECO1101-06-00 STA1002-04-00,ECO1101 FREE,18.0,월금,0,0,3,4+4,2+1+1+2+2
4110,10.165,MR,YCA1006-01-00,UIC1561-01-00 UIC1551-01-00 UIC2151-07-00 UIC1805-02-00,ECO1101-06-00 STA1002-04-00,ECO1101 FREE,18.0,월금,0,0,3,4+4,2+1+2+2+1
4111,10.15,Lang,-,QRM1001-01-00 UIC1561-01-00 UIC1551-03-00 UIC2151-12-00,QRM2004-01-00 STA2102-05-00,ME ME,18.0,금,1,1,0,6+4,1
4112,10.15,Lang,-,QRM1001-01-00 UIC1561-01-00 UIC1501-02-00 UIC2151-12-00,QRM2004-01-00 STA2102-05-00,ME ME,18.0,금,1,1,0,6+4,1
4113,10.14,Lang,YCA1006-02-00,QRM1001-01-00 UIC1561-01-00 UIC1551-04-00 UIC2151-12-00,ECO1101-06-00 QRM2001-01-00,ECO1101 ME,18.0,월금,2,1,3,4+6,1+4+3+2
4114,10.14,MR,YCA1006-01-00,UIC1561-01-00 UIC1551-04-00 UIC2151-12-00 UIC1805-01-00,QRM2004-01-00 ECO1002-05-00,ME FREE,18.0,월금,2,0,1,,1+1+3+1
4115,10.14,MR,YCA1006-01-00,UIC1561-01-00 UIC1551-04-00 UIC2151-12-00 UIC1806-01-00,STA2102-04-00 CTM1002-02-00,ME FREE,18.0,월금,2,0,1,,1+1+3+1
4116,10.14,MR,YCA1006-01-00,UIC1561-01-00 UIC1551-04-00 UIC2151-12-00 UIC1806-01-00,QRM2004-01-00 ECO1002-05-00,ME FREE,18.0,월금,2,0,1,,1+1+3+1
4117,10.14,MR,YCA1006-01-00,UIC1561-01-00 UIC1551-04-00 UIC2151-12-00 UIC1806-01-00,ECO1104-06-00 BIZ1101-09-00,ME FREE,18.0,월금,2,0,1,,1+3+1+1
4118,10.14,MR,YCA1006-01-00,UIC1561-01-00 UIC1551-04-00 UIC2151-12-00 UIC1805-01-00,QRM2004-01-00 ECO1002-05-00,ME FREE,18.0,월금,2,0,1,,1+1+3+1
4119,10.14,MR,YCA1006-01-00,UIC1561-01-00 UIC1551-04-00 UIC2151-12-00 UIC1806-02-00,QRM2001-01-00 YCE1253-01-00,ME FREE,18.0,월금,2,0,1,,1+1+3+1
4120,10.14,MR,YCA1006-01-00,UIC1561-01-00 UIC1551-04-00 UIC2151-12-00 UIC1805-01-00,STA2102-04-00 CTM1002-02-00,ME FREE,18.0,월금,2,0,1,,1+1+3+1
4121,10.14,MR,YCA1006-01-00,UIC1561-01-00 UIC1551-04-00 UIC2151-12-00 UIC1806-01-00,QRM2004-01-00 ECO1002-05-00,ME FREE,18.0,월금,2,0,1,,1+1+3+1
4122,10.14,MR,YCA1006-01-00,UIC1561-01-00 UIC1551-04-00 UIC2151-12-00 UIC1805-01-00,ECO1104-06-00 BIZ1101-09-00,ME FREE,18.0,월금,2,0,1,,1+3+1+1
4123,10.14,MR,YCA1006-01-00,UIC1561-01-00 UIC1551-04-00 UIC2151-12-00 UIC1805-01-00,STA2102-04-00 CTM1002-02-00,ME FREE,18.0,월금,2,0,1,,1+1+3+1
4124,10.14,MR,YCA1006-01-00,UIC1561-01-00 UIC1551-04-00 UIC2151-12-00 UIC1806-01-00,STA2102-04-00 CTM1002-02-00,ME FREE,18.0,월금,2,0,1,,1+1+3+1
4125,10.14,MR,YCA1006-02-00,UIC1561-01-00 UIC1551-04-00 UIC2151-12-00 UIC1806-01-00,ECO1104-06-00 BIZ1101-09-00,ME FREE,18.0,월금,2,0,1,,1+3+1+1
4126,10.14,MR,YCA1006-02-00,UIC1561-01-00 UIC1551-04-00 UIC2151-12-00 UIC1806-01-00,ECO1104-06-00 BIZ1101-09-00,ME FREE,18.0,월금,2,0,1,,1+3+1+1
4127,10.14,MR,YCA1006-02-00,UIC1561-01-00 UIC1551-04-00 UIC2151-12-00 UIC1805-01-00,ECO1104-06-00 BIZ1101-09-00,ME FREE,18.0,월금,2,0,1,,1+3+1+1
4128,10.14,MR,YCA1006-02-00,UIC1561-01-00 UIC1551-04-00 UIC2151-12-00 UIC1805-01-00,ECO1104-06-00 BIZ1101-09-00,ME FREE,18.0,월금,2,0,1,,1+3+1+1
4129,10.14,MR,YCA1006-01-00,UIC1561-01-00 UIC1551-04-00 UIC2151-12-00 UIC1805-01-00,ECO1104-06-00 BIZ1101-09-00,ME FREE,18.0,월금,2,0,1,,1+3+1+1
4130,10.14,MR,YCA1006-01-00,UIC1561-01-00 UIC1551-04-00 UIC2151-12-00 UIC1806-02-00,QRM2001-01-00 YCE1253-01-00,ME FREE,18.0,월금,2,0,1,,1+1+3+1
4131,10.14,MR,YCA1006-01-00,UIC1561-01-00 UIC1551-04-00 UIC2151-12-00 UIC1806-01-00,ECO1104-06-00 BIZ1101-09-00,ME FREE,18.0,월금,2,0,1,,1+3+1+1
4132,10.133,Lang,-,QRM1001-01-00 UIC1561-01-00 UIC1551-01-00 UIC2151-11-00,ECO1101-06-00 ECO1103-02-00,ECO1101 ME,18.0,금,1,0,3,6,2+3+2+1
4133,10.125,MR,YCA1006-01-00,UIC1561-01-00 UIC1351-02-00 UIC2151-14-00 UIC1806-02-00,ECO1101-06-00 STA2102-05-00,ECO1101 ME,18.0,월,0,0,3,6,1+2+2+2
4134,10.125,MR,YCA1006-01-00,UIC1561-01-00 UIC1351-02-00 UIC2151-14-00 UIC1806-02-00,ECO1101-06-00 STA2102-05-00,ECO1101 ME,18.0,월,0,0,3,6,1+2+2+2
4135,10.125,Lang,YCA1006-02-00,QRM1001-01-00 UIC1561-01-00 UIC1401-03-00 UIC2151-11-00,ECO1101-06-00 QRM2002-01-00,ECO1101 ME,18.0,,1,0,2,6,2+1
4136,10.125,MR,YCA1006-01-00,UIC1561-01-00 UIC1501-01-00 UIC2151-14-00 UIC1806-02-00,ECO1101-06-00 STA2102-05-00,ECO1101 ME,18.0,월,0,0,3,6,1+2+2+2
4137,10.125,MR,YCA1006-01-00,UIC1561-01-00 UIC1501-01-00 UIC2151-14-00 UIC1806-02-00,ECO1101-06-00 STA2102-05-00,ECO1101 ME,18.0,월,0,0,3,6,1+2+2+2
4138,10.125,MR,YCA1006-02-00,UIC1561-01-00 UIC1551-01-00 UIC2151-12-00 UIC1805-02-00,ECO1104-06-00 QRM2102-01-00,ME ME,18.0,월,1,1,1,5,3+1
4139,10.125,MR,YCA1006-02-00,UIC1561-01-00 UIC1551-01-00 UIC2151-12-00 UIC1805-02-00,ECO1104-06-00 QRM2102-01-00,ME ME,18.0,월,1,1,1,5,3+1
4140,10.124,WCiv,-,QRM1001-01-00 ASP2033-01-00 UIC2151-13-00 UIC1806-01-00,ECO1101-06-00 STA2102-05-00,ECO1101 ME,18.0,월금,1,1,2,4+5+5,2
4141,10.124,WCiv,-,QRM1001-01-00 ASP2033-01-00 UIC2151-13-00 UIC1805-01-00,ECO1101-06-00 STA2102-05-00,ECO1101 ME,18.0,월금,1,1,2,4+5+5,2
4142,10.124,WCiv,-,QRM1001-01-00 ASP2033-01-00 UIC2151-13-00 UIC1805-01-00,ECO1101-06-00 STA2102-05-00,ECO1101 ME,18.0,월금,1,1,2,4+5+5,2
4143,10.124,WCiv,-,QRM1001-01-00 ASP2033-01-00 UIC2151-13-00 UIC1806-01-00,ECO1101-06-00 STA2102-05-00,ECO1101 ME,18.0,월금,1,1,2,4+5+5,2
4144,10.119,MR,YCA1006-02-00,UIC1561-01-00 UIC1401-02-00 UIC2151-14-00 UIC1806-02-00,STA2102-05-00 YCH1202-01-00,ME FREE,18.0,월금,0,1,2,4+7,1
4145,10.119,MR,YCA1006-02-00,UIC1561-01-00 UIC1401-02-00 UIC2151-14-00 UIC1806-02-00,STA2102-05-00 YCH1202-01-00,ME FREE,18.0,월금,0,1,2,4+7,1
4146,10.119,MR,YCA1006-02-00,UIC1561-01-00 UIC1251-02-00 UIC2151-14-00 UIC1805-02-00,STA2102-05-00 YCH1202-01-00,ME FREE,18.0,월금,0,1,2,4+7,1
4147,10.119,MR,YCA1006-02-00,UIC1561-01-00 UIC1251-02-00 UIC2151-14-00 UIC1805-02-00,STA2102-05-00 YCH1202-01-00,ME FREE,18.0,월금,0,1,2,4+7,1
4148,10.1,-,YCA1006-01-00,QRM1001-01-00 UIC1561-01-00 UIC1551-04-00 UIC1751-01-00 UIC1805-01-00,QRM2004-01-00,ME,18.0,월,1,1,1,6,1+1+3
4149,10.1,-,YCA1006-01-00,QRM1001-01-00 UIC1561-01-00 UIC1551-04-00 UIC1751-01-00 UIC1805-01-00,QRM2004-01-00,ME,18.0,월,1,1,1,6,1+1+3
4150,10.1,-,YCA1006-01-00,QRM1001-01-00 UIC1561-01-00 UIC1551-04-00 UIC1751-01-00 UIC1806-01-00,QRM2004-01-00,ME,18.0,월,1,1,1,6,1+1+3
4151,10.1,-,YCA1006-01-00,QRM1001-01-00 UIC1561-01-00 UIC1551-04-00 UIC1751-01-00 UIC1806-01-00,QRM2004-01-00,ME,18.0,월,1,1,1,6,1+1+3
4152,10.09,Lang,-,QRM1001-01-00 UIC1561-01-00 ASP2033-01-00 UIC2151-14-00,ECO1101-06-00 QRM2001-01-00,ECO1101 ME,18.0,월금,1,1,3,4+4+5,2+2
4153,10.09,Lang,-,QRM1001-01-00 UIC1561-01-00 UIC1501-05-00 UIC2151-14-00,ECO1101-06-00 QRM2004-01-00,ECO1101 ME,18.0,월금,1,1,3,4+8,2+2
4154,10.09,MR,YCA1006-02-00,UIC1561-01-00 UIC1251-02-00 UIC2151-14-00 UIC1805-02-00,ECO1101-06-00 YCK1998-03-00,ECO1101 FREE,18.0,월금,0,1,3,4+7,1
4155,10.09,MR,YCA1006-02-00,UIC1561-01-00 UIC1401-02-00 UIC2151-14-00 UIC1806-02-00,ECO1101-06-00 YCK1998-03-00,ECO1101 FREE,18.0,월금,0,1,3,4+7,1
4156,10.09,MR,YCA1006-02-00,UIC1561-01-00 UIC1401-02-00 UIC2151-14-00 UIC1806-02-00,ECO1101-06-00 YCK1998-03-00,ECO1101 FREE,18.0,월금,0,1,3,4+7,1
4157,10.09,MR,YCA1006-02-00,UIC1561-01-00 UIC1251-02-00 UIC2151-14-00 UIC1805-02-00,ECO1101-06-00 YCK1998-03-00,ECO1101 FREE,18.0,월금,0,1,3,4+7,1
4158,10.083,Lang,-,QRM1001-01-00 UIC1561-01-00 ASP2022-01-00 UIC2151-11-00,ECO1101-06-00 QRM2004-01-00,ECO1101 ME,18.0,금,0,0,2,6+5+4,2
4159,10.075,Lang,YCA1006-01-00,QRM1001-01-00 UIC1561-01-00 UIC1401-03-00 UIC2151-12-00,ECO1101-06-00 QRM2002-01-00,ECO1101 ME,18.0,월,2,0,2,4,1+1+2+1
4160,10.065,MR,-,UIC1561-01-00 ASP2022-01-00 UIC2151-12-00 UIC1806-01-00,STA2102-04-00 QRM2004-01-00,ME ME,18.0,월금,2,0,0,5,2+3+1
4161,10.065,MR,-,UIC1561-01-00 ASP2022-01-00 UIC2151-12-00 UIC1805-01-00,STA2102-04-00 QRM2004-01-00,ME ME,18.0,월금,2,0,0,5,2+3+1
4162,10.065,MR,-,UIC1561-01-00 ASP2022-01-00 UIC2151-12-00 UIC1806-01-00,STA2102-04-00 QRM2004-01-00,ME ME,18.0,월금,2,0,0,5,2+3+1
4163,10.065,MR,-,UIC1561-01-00 ASP2022-01-00 UIC2151-12-00 UIC1805-01-00,STA2102-04-00 QRM2004-01-00,ME ME,18.0,월금,2,0,0,5,2+3+1
4164,10.058,MR,YCA1006-01-00,UIC1561-01-00 UIC1551-04-00 UIC2151-10-00 UIC1805-02-00,STA2102-05-00 QRM2001-01-00,ME ME,18.0,금,1,1,1,6,2+1+1+2
4165,10.058,MR,YCA1006-01-00,UIC1561-01-00 UIC1551-04-00 UIC2151-10-00 UIC1805-02-00,STA2102-05-00 QRM2001-01-00,ME ME,18.0,금,1,1,1,6,2+1+1+2
4166,10.058,MR,YCA1006-01-00,UIC1561-01-00 UIC1551-04-00 UIC2151-04-00 UIC1805-02-00,STA2102-05-00 QRM2001-01-00,ME ME,18.0,금,1,1,1,6,2+1+1+2
4167,10.058,MR,YCA1006-01-00,UIC1561-01-00 UIC1551-04-00 UIC2151-04-00 UIC1805-02-00,STA2102-05-00 QRM2001-01-00,ME ME,18.0,금,1,1,1,6,2+1+1+2
4168,10.057,SciRD,YCA1006-01-00,QRM1001-01-00 UIC1561-01-00 UIC1551-01-00 UIC1805-01-00,QRM2004-01-00 YCI1901-01-00,ME FREE,18.0,월수금,1,1,2,6+5,1+1
4169,10.057,SciRD,YCA1006-01-00,QRM1001-01-00 UIC1561-01-00 UIC1551-01-00 UIC1806-01-00,QRM2004-01-00 YCI1901-01-00,ME FREE,18.0,월수금,1,1,2,6+5,1+1
4170,10.057,LHP,YCA1006-01-00,QRM1001-01-00 UIC1561-01-00 UIC2151-14-00 UIC1805-01-00,QRM2004-01-00 UCD1101-01-00,ME FREE,18.0,월수금,1,1,2,6+5,1+1
4171,10.057,SciRD,YCA1006-01-00,QRM1001-01-00 UIC1561-01-00 UIC1551-01-00 UIC1806-01-00,QRM2004-01-00 YCI1901-01-00,ME FREE,18.0,월수금,1,1,2,6+5,1+1
4172,10.057,LHP,YCA1006-01-00,QRM1001-01-00 UIC1561-01-00 UIC2151-14-00 UIC1805-01-00,QRM2004-01-00 UCD1101-01-00,ME FREE,18.0,월수금,1,1,2,6+5,1+1
4173,10.057,LHP,YCA1006-01-00,QRM1001-01-00 UIC1561-01-00 UIC2151-14-00 UIC1806-01-00,QRM2004-01-00 UCD1101-01-00,ME FREE,18.0,월수금,1,1,2,6+5,1+1
4174,10.057,LHP,YCA1006-01-00,QRM1001-01-00 UIC1561-01-00 UIC2151-14-00 UIC1806-01-00,QRM2004-01-00 UCD1101-01-00,ME FREE,18.0,월수금,1,1,2,6+5,1+1
4175,10.057,SciRD,YCA1006-01-00,QRM1001-01-00 UIC1561-01-00 UIC1551-01-00 UIC1805-01-00,QRM2004-01-00 YCI1901-01-00,ME FREE,18.0,월수금,1,1,2,6+5,1+1
4176,10.057,Lang,YCA1006-01-00,QRM1001-01-00 UIC1561-01-00 UIC1551-01-00 UIC2151-05-00,QRM2004-01-00 YCI1901-01-00,ME FREE,18.0,월수금,1,1,2,6+5,1+1
4177,10.057,Lang,YCA1006-01-00,QRM1001-01-00 UIC1561-01-00 UIC1501-04-00 UIC2151-14-00,QRM2004-01-00 UCD1101-01-00,ME FREE,18.0,월수금,1,1,2,6+5,1+1
4178,10.04,MR,YCA1006-02-00,UIC1561-01-00 UIC1551-04-00 UIC2151-12-00 UIC1806-02-00,ECO1101-06-00 YCK1998-03-00,ECO1101 FREE,18.0,월금,1,0,3,4,3+3+1
4179,10.04,MR,YCA1006-02-00,UIC1561-01-00 UIC1551-04-00 UIC2151-12-00 UIC1806-02-00,ECO1101-06-00 YCK1998-03-00,ECO1101 FREE,18.0,월금,1,0,3,4,3+3+1
4180,10.017,Lang,YCA1006-01-00,QRM1001-01-00 UIC1561-01-00 UIC1501-03-00 UIC2151-14-00,QRM2004-01-00 QRM2102-01-00,ME ME,18.0,,0,0,1,4+6,1
4181,9.99,MR,YCA1006-02-00,UIC1561-01-00 UIC1551-01-00 UIC2151-08-00 UIC1806-02-00,ECO1101-06-00 BIZ1101-09-00,ECO1101 FREE,18.0,월금,0,1,3,4+5,2+1
4182,9.99,MR,YCA1006-02-00,UIC1561-01-00 UIC1551-01-00 UIC2151-09-00 UIC1806-02-00,ECO1101-06-00 BIZ1101-09-00,ECO1101 FREE,18.0,월금,0,1,3,4+5,2+1
4183,9.99,MR,YCA1006-02-00,UIC1561-01-00 UIC1551-01-00 UIC2151-07-00 UIC1805-02-00,ECO1101-06-00 BIZ1101-09-00,ECO1101 FREE,18.0,월금,0,1,3,4+5,2+1
4184,9.99,MR,YCA1006-02-00,UIC1561-01-00 UIC1551-01-00 UIC2151-08-00 UIC1806-02-00,ECO1101-06-00 BIZ1101-09-00,ECO1101 FREE,18.0,월금,0,1,3,4+5,2+1
4185,9.99,MR,YCA1006-02-00,UIC1561-01-00 UIC1551-01-00 UIC2151-06-00 UIC1805-02-00,ECO1101-06-00 BIZ1101-09-00,ECO1101 FREE,18.0,월금,0,1,3,4+5,2+1
4186,9.99,MR,YCA1006-02-00,UIC1561-01-00 UIC1551-01-00 UIC2151-06-00 UIC1805-02-00,ECO1101-06-00 BIZ1101-09-00,ECO1101 FREE,18.0,월금,0,1,3,4+5,2+1
4187,9.99,MR,YCA1006-02-00,UIC1561-01-00 UIC1551-01-00 UIC2151-07-00 UIC1805-02-00,ECO1101-06-00 BIZ1101-09-00,ECO1101 FREE,18.0,월금,0,1,3,4+5,2+1
4188,9.99,MR,YCA1006-02-00,UIC1561-01-00 UIC1551-01-00 UIC2151-09-00 UIC1806-02-00,ECO1101-06-00 BIZ1101-09-00,ECO1101 FREE,18.0,월금,0,1,3,4+5,2+1
4189,9.982,Lang,-,QRM1001-01-00 UIC1561-01-00 UIC1551-04-00 UIC2151-12-00,STA2102-05-00 YCE1253-01-00,ME FREE,18.0,월금,1,0,1,4+4,1+2
4190,9.982,Lang,-,QRM1001-01-00 UIC1561-01-00 ASP2033-01-00 UIC2151-14-00,STA2102-05-00 STP2004-01-00,ME FREE,18.0,월금,0,0,1,4,2+1
4191,9.982,Lang,-,QRM1001-01-00 UIC1561-01-00 UIC1551-01-00 UIC2151-12-00,STA2102-05-00 CTM1002-02-00,ME FREE,18.0,월금,1,0,1,4+4,2+1
4192,9.982,Lang,-,QRM1001-01-00 UIC1561-01-00 UIC1551-04-00 UIC2151-12-00,STA2102-05-00 CTM1002-02-00,ME FREE,18.0,월금,1,0,1,4+4,1+2
4193,9.982,SciRD,YCA1006-01-00,QRM1001-01-00 UIC1561-01-00 UIC1551-04-00 UIC1806-01-00,STA2102-05-00 YCE1253-01-00,ME FREE,18.0,월금,1,1,1,4+6,2+1
4194,9.982,Lang,YCA1006-01-00,QRM1001-01-00 UIC1561-01-00 UIC1551-04-00 UIC2151-05-00,STA2102-05-00 YCE1253-01-00,ME FREE,18.0,월금,1,1,1,4+6,2+1
4195,9.982,SciRD,YCA1006-01-00,QRM1001-01-00 UIC1561-01-00 UIC1551-04-00 UIC1805-01-00,STA2102-05-00 YCE1253-01-00,ME FREE,18.0,월금,1,1,1,4+6,2+1
4196,9.982,SciRD,YCA1006-01-00,QRM1001-01-00 UIC1561-01-00 UIC1551-04-00 UIC1805-01-00,STA2102-05-00 YCE1253-01-00,ME FREE,18.0,월금,1,1,1,4+6,2+1
4197,9.982,SciRD,YCA1006-01-00,QRM1001-01-00 UIC1561-01-00 UIC1551-04-00 UIC1806-01-00,STA2102-05-00 YCE1253-01-00,ME FREE,18.0,월금,1,1,1,4+6,2+1
4198,9.967,Lang,YCA1006-02-00,QRM1001-01-00 UIC1561-01-00 UIC1551-01-00 UIC2151-11-00,QRM2002-01-00 QRM2102-01-00,ME ME,18.0,,1,0,1,4,3+1+1
4199,9.965,MR,YCA1006-02-00,UIC1561-01-00 UIC1401-02-00 UIC2151-06-00 UIC1806-01-00,ECO1101-06-00 STA2102-05-00,ECO1101 ME,18.0,월금,1,2,2,6+4+5,1+2
4200,9.965,MR,YCA1006-02-00,UIC1561-01-00 UIC1501-04-00 UIC2151-06-00 UIC1805-02-00,ECO1101-06-00 STA2102-05-00,ECO1101 ME,18.0,월금,1,2,2,6+4+5,1+2
4201,9.965,MR,YCA1006-02-00,UIC1561-01-00 UIC1251-02-00 UIC2151-09-00 UIC1806-01-00,ECO1101-06-00 STA2102-05-00,ECO1101 ME,18.0,월금,1,2,2,6+4+5,1+2
4202,9.965,MR,YCA1006-02-00,UIC1561-01-00 UIC1251-02-00 UIC2151-08-00 UIC1805-01-00,ECO1101-06-00 STA2102-05-00,ECO1101 ME,18.0,월금,1,2,2,6+4+5,1+2
4203,9.965,MR,YCA1006-02-00,UIC1561-01-00 UIC1401-02-00 UIC2151-06-00 UIC1805-01-00,ECO1101-06-00 STA2102-05-00,ECO1101 ME,18.0,월금,1,2,2,6+4+5,1+2
4204,9.965,MR,YCA1006-02-00,UIC1561-01-00 UIC1501-04-00 UIC2151-07-00 UIC1805-02-00,ECO1101-06-00 STA2102-05-00,ECO1101 ME,18.0,월금,1,2,2,6+4+5,1+2
4205,9.965,MR,YCA1006-02-00,UIC1561-01-00 UIC1251-02-00 UIC2151-05-00 UIC1805-02-00,ECO1101-06-00 STA2102-05-00,ECO1101 ME,18.0,월금,1,2,2,6+4+5,1+2
4206,9.965,MR,YCA1006-02-00,UIC1561-01-00 UIC1501-04-00 UIC2151-07-00 UIC1805-02-00,ECO1101-06-00 STA2102-05-00,ECO1101 ME,18.0,월금,1,2,2,6+4+5,1+2
4207,9.965,MR,YCA1006-02-00,UIC1561-01-00 UIC1251-02-00 UIC2151-05-00 UIC1805-02-00,ECO1101-06-00 STA2102-05-00,ECO1101 ME,18.0,월금,1,2,2,6+4+5,1+2
4208,9.965,MR,YCA1006-02-00,UIC1561-01-00 UIC1251-02-00 UIC2151-08-00 UIC1805-01-00,ECO1101-06-00 STA2102-05-00,ECO1101 ME,18.0,월금,1,2,2,6+4+5,1+2
4209,9.965,MR,YCA1006-02-00,UIC1561-01-00 UIC1501-04-00 UIC2151-08-00 UIC1806-02-00,ECO1101-06-00 STA2102-05-00,ECO1101 ME,18.0,월금,1,2,2,6+4+5,1+2
4210,9.965,MR,YCA1006-02-00,UIC1561-01-00 UIC1251-02-00 UIC2151-08-00 UIC1806-01-00,ECO1101-06-00 STA2102-05-00,ECO1101 ME,18.0,월금,1,2,2,6+4+5,1+2
4211,9.965,MR,YCA1006-02-00,UIC1561-01-00 UIC1401-02-00 UIC2151-05-00 UIC1806-02-00,ECO1101-06-00 STA2102-05-00,ECO1101 ME,18.0,월금,1,2,2,6+4+5,1+2
4212,9.965,MR,YCA1006-02-00,UIC1561-01-00 UIC1401-02-00 UIC2151-07-00 UIC1806-01-00,ECO1101-06-00 STA2102-05-00,ECO1101 ME,18.0,월금,1,2,2,6+4+5,1+2
4213,9.965,MR,YCA1006-02-00,UIC1561-01-00 UIC1251-02-00 UIC2151-09-00 UIC1805-01-00,ECO1101-06-00 STA2102-05-00,ECO1101 ME,18.0,월금,1,2,2,6+4+5,1+2
4214,9.965,MR,YCA1006-02-00,UIC1561-01-00 UIC1251-02-00 UIC2151-09-00 UIC1806-01-00,ECO1101-06-00 STA2102-05-00,ECO1101 ME,18.0,월금,1,2,2,6+4+5,1+2
4215,9.965,MR,YCA1006-02-00,UIC1561-01-00 UIC1401-02-00 UIC2151-06-00 UIC1805-01-00,ECO1101-06-00 STA2102-05-00,ECO1101 ME,18.0,월금,1,2,2,6+4+5,1+2
4216,9.965,MR,YCA1006-02-00,UIC1561-01-00 UIC1501-04-00 UIC2151-08-00 UIC1806-02-00,ECO1101-06-00 STA2102-05-00,ECO1101 ME,18.0,월금,1,2,2,6+4+5,1+2
4217,9.965,MR,YCA1006-02-00,UIC1561-01-00 UIC1401-02-00 UIC2151-05-00 UIC1806-02-00,ECO1101-06-00 STA2102-05-00,ECO1101 ME,18.0,월금,1,2,2,6+4+5,1+2
4218,9.965,MR,YCA1006-02-00,UIC1561-01-00 UIC1501-04-00 UIC2151-09-00 UIC1806-02-00,ECO1101-06-00 STA2102-05-00,ECO1101 ME,18.0,월금,1,2,2,6+4+5,1+2
4219,9.965,MR,YCA1006-02-00,UIC1561-01-00 UIC1401-02-00 UIC2151-07-00 UIC1805-01-00,ECO1101-06-00 STA2102-05-00,ECO1101 ME,18.0,월금,1,2,2,6+4+5,1+2
4220,9.965,MR,YCA1006-02-00,UIC1561-01-00 UIC1251-02-00 UIC2151-08-00 UIC1806-01-00,ECO1101-06-00 STA2102-05-00,ECO1101 ME,18.0,월금,1,2,2,6+4+5,1+2
4221,9.965,MR,YCA1006-01-00,UIC1561-01-00 ASP2022-01-00 UIC2151-12-00 UIC1805-02-00,ECO1101-06-00 QRM2001-01-00,ECO1101 ME,18.0,월금,2,0,2,4+4,2+3+2+2
4222,9.965,MR,YCA1006-02-00,UIC1561-01-00 UIC1251-02-00 UIC2151-09-00 UIC1805-01-00,ECO1101-06-00 STA2102-05-00,ECO1101 ME,18.0,월금,1,2,2,6+4+5,1+2
4223,9.965,MR,YCA1006-01-00,UIC1561-01-00 ASP2022-01-00 UIC2151-12-00 UIC1805-02-00,ECO1101-06-00 QRM2001-01-00,ECO1101 ME,18.0,월금,2,0,2,4+4,2+3+2+2
4224,9.965,MR,YCA1006-02-00,UIC1561-01-00 UIC1401-02-00 UIC2151-07-00 UIC1805-01-00,ECO1101-06-00 STA2102-05-00,ECO1101 ME,18.0,월금,1,2,2,6+4+5,1+2
4225,9.965,MR,YCA1006-02-00,UIC1561-01-00 UIC1401-02-00 UIC2151-06-00 UIC1806-01-00,ECO1101-06-00 STA2102-05-00,ECO1101 ME,18.0,월금,1,2,2,6+4+5,1+2
4226,9.965,MR,YCA1006-02-00,UIC1561-01-00 UIC1501-04-00 UIC2151-06-00 UIC1805-02-00,ECO1101-06-00 STA2102-05-00,ECO1101 ME,18.0,월금,1,2,2,6+4+5,1+2
4227,9.965,MR,YCA1006-02-00,UIC1561-01-00 UIC1501-04-00 UIC2151-09-00 UIC1806-02-00,ECO1101-06-00 STA2102-05-00,ECO1101 ME,18.0,월금,1,2,2,6+4+5,1+2
4228,9.965,MR,YCA1006-02-00,UIC1561-01-00 UIC1401-02-00 UIC2151-07-00 UIC1806-01-00,ECO1101-06-00 STA2102-05-00,ECO1101 ME,18.0,월금,1,2,2,6+4+5,1+2
4229,9.965,Lang,-,QRM1001-01-00 UIC1561-01-00 UIC1551-01-00 UIC2151-12-00,ECO1101-06-00 YCI1901-01-00,ECO1101 FREE,18.0,월금,1,0,4,4,3+2+1
4230,9.965,WCiv,YCA1006-02-00,QRM1001-01-00 UIC1551-01-00 UIC2151-13-00 UIC1806-01-00,STA2102-05-00 YCE1253-01-00,ME FREE,18.0,월금,1,1,2,4+5,1+1+1
4231,9.965,WCiv,YCA1006-02-00,QRM1001-01-00 UIC1551-01-00 UIC2151-13-00 UIC1805-01-00,STA2102-05-00 YCE1253-01-00,ME FREE,18.0,월금,1,1,2,4+5,1+1+1
4232,9.965,WCiv,YCA1006-02-00,QRM1001-01-00 UIC1551-01-00 UIC2151-13-00 UIC1805-01-00,STA2102-05-00 YCE1253-01-00,ME FREE,18.0,월금,1,1,2,4+5,1+1+1
4233,9.965,WCiv,YCA1006-02-00,QRM1001-01-00 UIC1551-01-00 UIC2151-13-00 UIC1806-01-00,STA2102-05-00 YCE1253-01-00,ME FREE,18.0,월금,1,1,2,4+5,1+1+1
4234,9.964,Lang,YCA1006-02-00,QRM1001-01-00 UIC1561-01-00 UIC1551-01-00 UIC1751-01-00,STA2102-05-00 QRM3001-01-00,ME ME,18.0,월,0,0,1,4,3+2+1+2
4235,9.958,Lang,YCA1006-01-00,QRM1001-01-00 UIC1561-01-00 UIC1501-03-00 UIC2151-14-00,ECO1101-06-00 ECO1103-02-00,ECO1101 ME,18.0,금,1,0,3,6,2+4+3+2
4236,9.958,WCiv,YCA1006-01-00,QRM1001-01-00 UIC1501-03-00 UIC2151-12-00 UIC1806-01-00,ECO1101-05-00 QRM2004-01-00,ECO1101 ME,18.0,금,2,1,0,4+5,1+2+1
4237,9.958,WCiv,YCA1006-01-00,QRM1001-01-00 UIC1501-03-00 UIC2151-12-00 UIC1805-01-00,ECO1101-05-00 QRM2004-01-00,ECO1101 ME,18.0,금,2,1,0,4+5,1+2+1
4238,9.958,WCiv,YCA1006-01-00,QRM1001-01-00 UIC1501-03-00 UIC2151-12-00 UIC1805-01-00,ECO1101-05-00 QRM2004-01-00,ECO1101 ME,18.0,금,2,1,0,4+5,1+2+1
4239,9.958,MR,YCA1006-02-00,UIC1561-01-00 UIC1551-01-00 UIC2151-11-00 UIC1805-02-00,ECO1104-06-00 ECO1103-02-00,ME ME,18.0,금,1,1,1,4+5,2+3+1
4240,9.958,WCiv,YCA1006-01-00,QRM1001-01-00 UIC1501-03-00 UIC2151-12-00 UIC1806-01-00,ECO1101-05-00 QRM2004-01-00,ECO1101 ME,18.0,금,2,1,0,4+5,1+2+1
4241,9.958,MR,YCA1006-02-00,UIC1561-01-00 UIC1551-01-00 UIC2151-11-00 UIC1805-02-00,ECO1104-06-00 ECO1103-02-00,ME ME,18.0,금,1,1,1,4+5,2+3+1
4242,9.925,Lang,-,QRM1001-01-00 UIC1561-01-00 UIC1401-03-00 UIC2151-14-00,ECO1101-06-00 QRM2004-01-00,ECO1101 ME,18.0,월,0,0,3,4+6,1+2
4243,9.925,MR,YCA1006-02-00,UIC1561-01-00 UIC1551-04-00 UIC2151-10-00 UIC1805-02-00,STA2102-04-00 QRM2102-01-00,ME ME,18.0,,0,0,1,4,2+1+1+2
4244,9.925,MR,YCA1006-02-00,UIC1561-01-00 UIC1551-04-00 UIC2151-10-00 UIC1805-02-00,STA2102-04-00 QRM2102-01-00,ME ME,18.0,,0,0,1,4,2+1+1+2
4245,9.925,MR,YCA1006-02-00,UIC1561-01-00 UIC1551-04-00 UIC2151-04-00 UIC1805-02-00,STA2102-04-00 QRM2102-01-00,ME ME,18.0,,0,0,1,4,2+1+1+2
4246,9.925,MR,YCA1006-02-00,UIC1561-01-00 UIC1551-04-00 UIC2151-04-00 UIC1805-02-00,STA2102-04-00 QRM2102-01-00,ME ME,18.0,,0,0,1,4,2+1+1+2
4247,9.924,Lang,YCA1006-02-00,QRM1001-01-00 UIC1561-01-00 UIC1551-01-00 UIC2151-12-00,QRM2004-01-00 YCG1853-01-00,ME FREE,18.0,월금,1,1,2,5,3+1
4248,9.915,Lang,YCA1006-02-00,QRM1001-01-00 UIC1561-01-00 UIC1551-01-00 UIC2151-12-00,ECO1101-06-00 YCG1804-01-00,ECO1101 FREE,18.0,월금,1,0,3,4,3+3+2+1+1
4249,9.9,Lang,YCA1006-02-00,QRM1001-01-00 UIC1561-01-00 UIC1351-02-00 UIC2151-14-00,ECO1101-06-00 QRM2102-01-00,ECO1101 ME,18.0,월,0,1,3,4+5,3+3+2
4250,9.9,Lang,YCA1006-02-00,QRM1001-01-00 UIC1561-01-00 UIC1501-01-00 UIC2151-14-00,ECO1101-06-00 QRM2102-01-00,ECO1101 ME,18.0,월,0,1,3,4+5,3+3+2
4251,9.899,Lang,-,QRM1001-01-00 UIC1561-01-00 UIC1401-03-00 UIC2151-12-00,STA2102-05-00 SED2104-01-00,ME FREE,18.0,월화,1,0,2,4,1+1+1
4252,9.89,LHP,-,QRM1001-01-00 UIC1561-01-00 UIC2151-12-00 UIC1805-01-00,ECO1101-06-00 STA2102-05-00,ECO1101 ME,18.0,월금,2,1,2,6+5,2+2
4253,9.89,LHP,-,QRM1001-01-00 UIC1561-01-00 UIC2151-12-00 UIC1806-01-00,ECO1101-06-00 STA2102-05-00,ECO1101 ME,18.0,월금,2,1,2,6+5,2+2
4254,9.89,LHP,-,QRM1001-01-00 UIC1561-01-00 UIC2151-12-00 UIC1805-01-00,ECO1101-06-00 STA2102-05-00,ECO1101 ME,18.0,월금,2,1,2,6+5,2+2
4255,9.89,LHP,-,QRM1001-01-00 UIC1561-01-00 UIC2151-12-00 UIC1806-01-00,ECO1101-06-00 STA2102-05-00,ECO1101 ME,18.0,월금,2,1,2,6+5,2+2
4256,9.89,Lang,-,QRM1001-01-00 UIC1561-01-00 UIC1501-04-00 UIC2151-12-00,ECO1101-06-00 STA2102-05-00,ECO1101 ME,18.0,월금,2,1,2,6+5,2+2
4257,9.89,MR,YCA1006-02-00,UIC1561-01-00 UIC1501-04-00 UIC2151-12-00 UIC1805-02-00,ECO1104-06-00 STA2102-05-00,ME ME,18.0,월금,2,2,0,4+4+5,1+2
4258,9.89,MR,YCA1006-02-00,UIC1561-01-00 UIC1401-02-00 UIC2151-12-00 UIC1805-01-00,ECO1104-06-00 STA2102-05-00,ME ME,18.0,월금,2,2,0,4+4+5,1+2
4259,9.89,MR,YCA1006-02-00,UIC1561-01-00 UIC1401-02-00 UIC2151-12-00 UIC1806-01-00,ECO1104-06-00 STA2102-05-00,ME ME,18.0,월금,2,2,0,4+4+5,1+2
4260,9.89,MR,YCA1006-02-00,UIC1561-01-00 UIC1401-02-00 UIC2151-12-00 UIC1806-01-00,ECO1104-06-00 STA2102-05-00,ME ME,18.0,월금,2,2,0,4+4+5,1+2
4261,9.89,MR,YCA1006-02-00,UIC1561-01-00 UIC1501-04-00 UIC2151-12-00 UIC1805-02-00,ECO1104-06-00 STA2102-05-00,ME ME,18.0,월금,2,2,0,4+4+5,1+2
4262,9.89,MR,YCA1006-02-00,UIC1561-01-00 UIC1401-02-00 UIC2151-12-00 UIC1805-01-00,ECO1104-06-00 STA2102-05-00,ME ME,18.0,월금,2,2,0,4+4+5,1+2
4263,9.858,Lang,YCA1006-02-00,QRM1001-01-00 UIC1561-01-00 UIC1551-04-00 UIC2151-04-00,ECO1101-06-00 STA2102-05-00,ECO1101 ME,18.0,금,0,1,3,8+4,4+1+2
4264,9.858,Lang,YCA1006-02-00,QRM1001-01-00 UIC1561-01-00 UIC1551-04-00 UIC2151-10-00,ECO1101-06-00 STA2102-05-00,ECO1101 ME,18.0,금,0,1,3,8+4,4+1+2
4265,9.84,MR,YCA1006-02-00,UIC1561-01-00 UIC1551-04-00 UIC2151-12-00 UIC1806-02-00,STA2102-05-00 YCJ1305-01-00,ME FREE,18.0,월금,1,0,2,4+5,2+2
4266,9.84,MR,YCA1006-02-00,UIC1561-01-00 UIC1551-04-00 UIC2151-12-00 UIC1806-02-00,STA2102-05-00 YCB1101-43-00,ME FREE,18.0,월금,1,0,2,4+5,2+2
4267,9.84,MR,YCA1006-02-00,UIC1561-01-00 UIC1551-04-00 UIC2151-12-00 UIC1806-02-00,STA2102-05-00 YCJ1305-01-00,ME FREE,18.0,월금,1,0,2,4+5,2+2
4268,9.84,MR,YCA1006-02-00,UIC1561-01-00 UIC1551-01-00 UIC2151-12-00 UIC1806-02-00,STA2102-05-00 YCB1101-13-00,ME FREE,18.0,월금,1,0,2,4+5,2+2
4269,9.84,MR,YCA1006-02-00,UIC1561-01-00 UIC1551-04-00 UIC2151-12-00 UIC1806-02-00,STA2102-05-00 YCB1101-43-00,ME FREE,18.0,월금,1,0,2,4+5,2+2
4270,9.84,MR,YCA1006-02-00,UIC1561-01-00 UIC1551-01-00 UIC2151-12-00 UIC1806-02-00,STA2102-05-00 YCB1101-13-00,ME FREE,18.0,월금,1,0,2,4+5,2+2
4271,9.833,MR,YCA1006-02-00,UIC1561-01-00 UIC1551-01-00 UIC2151-11-00 UIC1806-02-00,ECO1101-06-00 ECO1103-02-00,ECO1101 ME,18.0,금,1,0,3,6,2+2+3+2+1
4272,9.833,MR,YCA1006-02-00,UIC1561-01-00 UIC1551-01-00 UIC2151-11-00 UIC1806-02-00,ECO1101-06-00 ECO1103-02-00,ECO1101 ME,18.0,금,1,0,3,6,2+2+3+2+1
4273,9.833,MR,YCA1006-02-00,UIC1561-01-00 UIC1501-03-00 UIC2151-04-00 UIC1805-02-00,ECO1103-02-00 STA2102-04-00,ME ME,18.0,금,1,1,0,8,1+1+1
4274,9.833,MR,YCA1006-02-00,UIC1561-01-00 UIC1501-02-00 UIC2151-11-00 UIC1805-02-00,ECO1103-02-00 STA2102-04-00,ME ME,18.0,금,1,1,0,8,1+1+1
4275,9.833,MR,YCA1006-02-00,UIC1561-01-00 UIC1501-02-00 UIC2151-11-00 UIC1805-02-00,ECO1103-02-00 STA2102-04-00,ME ME,18.0,금,1,1,0,8,1+1+1
4276,9.833,MR,YCA1006-02-00,UIC1561-01-00 UIC1501-03-00 UIC2151-10-00 UIC1805-02-00,ECO1103-02-00 STA2102-04-00,ME ME,18.0,금,1,1,0,8,1+1+1
4277,9.833,MR,YCA1006-02-00,UIC1561-01-00 UIC1501-03-00 UIC2151-10-00 UIC1805-02-00,ECO1103-02-00 STA2102-04-00,ME ME,18.0,금,1,1,0,8,1+1+1
4278,9.833,MR,YCA1006-02-00,UIC1561-01-00 UIC1551-03-00 UIC2151-11-00 UIC1805-02-00,ECO1103-02-00 STA2102-04-00,ME ME,18.0,금,1,1,0,8,1+1+1
4279,9.833,MR,YCA1006-02-00,UIC1561-01-00 UIC1551-03-00 UIC2151-11-00 UIC1805-02-00,ECO1103-02-00 STA2102-04-00,ME ME,18.0,금,1,1,0,8,1+1+1
4280,9.833,MR,YCA1006-02-00,UIC1561-01-00 UIC1501-03-00 UIC2151-04-00 UIC1805-02-00,ECO1103-02-00 STA2102-04-00,ME ME,18.0,금,1,1,0,8,1+1+1
4281,9.828,Lang,-,QRM1001-01-00 UIC1561-01-00 UIC1401-03-00 UIC1751-01-00,STA2102-05-00 YCH1202-01-00,ME FREE,18.0,월화,0,1,1,4+4,1+1
4282,9.815,MR,YCA1006-01-00,UIC1561-01-00 UIC1551-01-00 UIC2151-07-00 UIC1805-02-00,STA2102-05-00 UCB1105-02-00,ME FREE,18.0,월금,0,0,1,4+4+6,1
4283,9.815,MR,YCA1006-01-00,UIC1561-01-00 UIC1551-01-00 UIC2151-09-00 UIC1806-02-00,STA2102-05-00 UCB1105-02-00,ME FREE,18.0,월금,0,0,1,4+4+6,1
4284,9.815,MR,YCA1006-01-00,UIC1561-01-00 UIC1551-04-00 UIC2151-07-00 UIC1805-02-00,STA2102-05-00 YCI1998-02-00,ME FREE,18.0,월금,0,0,1,4+6+4,1
4285,9.815,MR,YCA1006-01-00,UIC1561-01-00 UIC1551-01-00 UIC2151-06-00 UIC1805-02-00,STA2102-05-00 UCB1105-02-00,ME FREE,18.0,월금,0,0,1,4+4+6,1
4286,9.815,MR,YCA1006-01-00,UIC1561-01-00 UIC1551-04-00 UIC2151-09-00 UIC1806-02-00,STA2102-05-00 YCI1998-02-00,ME FREE,18.0,월금,0,0,1,4+6+4,1
4287,9.815,MR,YCA1006-01-00,UIC1561-01-00 UIC1401-02-00 UIC2151-14-00 UIC1806-02-00,STA2102-05-00 UCB1105-02-00,ME FREE,18.0,월금,0,0,1,4+6+4,1
4288,9.815,MR,YCA1006-01-00,UIC1561-01-00 UIC1551-01-00 UIC2151-09-00 UIC1806-02-00,STA2102-05-00 UCB1105-02-00,ME FREE,18.0,월금,0,0,1,4+4+6,1
4289,9.815,MR,YCA1006-01-00,UIC1561-01-00 UIC1551-01-00 UIC2151-08-00 UIC1806-02-00,STA2102-05-00 UCB1105-02-00,ME FREE,18.0,월금,0,0,1,4+4+6,1
4290,9.815,MR,YCA1006-01-00,UIC1561-01-00 UIC1551-01-00 UIC2151-07-00 UIC1805-02-00,STA2102-05-00 UCB1105-02-00,ME FREE,18.0,월금,0,0,1,4+4+6,1
4291,9.815,MR,YCA1006-01-00,UIC1561-01-00 UIC1551-01-00 UIC2151-08-00 UIC1806-02-00,STA2102-05-00 UCB1105-02-00,ME FREE,18.0,월금,0,0,1,4+4+6,1
4292,9.815,MR,YCA1006-01-00,UIC1561-01-00 UIC1251-02-00 UIC2151-14-00 UIC1805-02-00,STA2102-05-00 UCB1105-02-00,ME FREE,18.0,월금,0,0,1,4+6+4,1
4293,9.815,MR,YCA1006-01-00,UIC1561-01-00 UIC1551-04-00 UIC2151-09-00 UIC1806-02-00,STA2102-05-00 YCI1998-02-00,ME FREE,18.0,월금,0,0,1,4+6+4,1
4294,9.815,MR,YCA1006-01-00,UIC1561-01-00 UIC1551-04-00 UIC2151-07-00 UIC1805-02-00,STA2102-05-00 YCI1998-02-00,ME FREE,18.0,월금,0,0,1,4+6+4,1
4295,9.815,MR,YCA1006-01-00,UIC1561-01-00 UIC1551-04-00 UIC2151-08-00 UIC1806-02-00,STA2102-05-00 YCI1998-02-00,ME FREE,18.0,월금,0,0,1,4+6+4,1
4296,9.815,MR,YCA1006-01-00,UIC1561-01-00 UIC1551-04-00 UIC2151-08-00 UIC1806-02-00,STA2102-05-00 YCI1998-02-00,ME FREE,18.0,월금,0,0,1,4+6+4,1
4297,9.815,MR,YCA1006-01-00,UIC1561-01-00 UIC1401-02-00 UIC2151-14-00 UIC1806-02-00,STA2102-05-00 UCB1105-02-00,ME FREE,18.0,월금,0,0,1,4+6+4,1
4298,9.815,MR,YCA1006-01-00,UIC1561-01-00 UIC1251-02-00 UIC2151-14-00 UIC1805-02-00,STA2102-05-00 UCB1105-02-00,ME FREE,18.0,월금,0,0,1,4+6+4,1
4299,9.815,MR,YCA1006-01-00,UIC1561-01-00 UIC1551-04-00 UIC2151-06-00 UIC1805-02-00,STA2102-05-00 YCI1998-02-00,ME FREE,18.0,월금,0,0,1,4+6+4,1
4300,9.815,MR,YCA1006-01-00,UIC1561-01-00 UIC1551-01-00 UIC2151-06-00 UIC1805-02-00,STA2102-05-00 UCB1105-02-00,ME FREE,18.0,월금,0,0,1,4+4+6,1
4301,9.815,MR,YCA1006-01-00,UIC1561-01-00 UIC1551-04-00 UIC2151-06-00 UIC1805-02-00,STA2102-05-00 YCI1998-02-00,ME FREE,18.0,월금,0,0,1,4+6+4,1
4302,9.807,Lang,YCA1006-01-00,QRM1001-01-00 UIC1561-01-00 UIC1551-04-00 UIC2151-12-00,STA2102-05-00 YCI1998-02-00,ME FREE,18.0,월금,1,0,1,4+4,4+2
4303,9.8,MR,YCA1006-02-00,UIC1561-01-00 UIC1551-04-00 UIC2151-08-00 UIC1806-01-00,STA2102-05-00 QRM2102-01-00,ME ME,18.0,월,1,0,1,4,1+1+1+2
4304,9.8,MR,YCA1006-02-00,UIC1561-01-00 UIC1551-04-00 UIC2151-09-00 UIC1805-01-00,STA2102-05-00 QRM2102-01-00,ME ME,18.0,월,1,0,1,4,1+1+1+2
4305,9.8,MR,YCA1006-02-00,UIC1561-01-00 UIC1551-01-00 UIC2151-05-00 UIC1806-02-00,STA2102-05-00 QRM2102-01-00,ME ME,18.0,월,1,0,1,4,1+2+1+1
4306,9.8,MR,YCA1006-01-00,UIC1561-01-00 UIC1551-01-00 UIC2151-07-00 UIC1805-01-00,STA2102-05-00 QRM2102-01-00,ME ME,18.0,월,1,0,1,4,1+2+1+1
4307,9.8,MR,YCA1006-02-00,UIC1561-01-00 UIC1551-04-00 UIC2151-09-00 UIC1805-01-00,STA2102-05-00 QRM2102-01-00,ME ME,18.0,월,1,0,1,4,1+1+1+2
4308,9.8,MR,YCA1006-01-00,UIC1561-01-00 UIC1551-01-00 UIC2151-06-00 UIC1806-01-00,STA2102-05-00 QRM2102-01-00,ME ME,18.0,월,1,0,1,4,1+2+1+1
4309,9.8,MR,YCA1006-02-00,UIC1561-01-00 UIC1551-01-00 UIC2151-06-00 UIC1805-01-00,STA2102-05-00 QRM2102-01-00,ME ME,18.0,월,1,0,1,4,1+2+1+1
4310,9.8,MR,YCA1006-01-00,UIC1561-01-00 UIC1551-01-00 UIC2151-06-00 UIC1805-01-00,STA2102-05-00 QRM2102-01-00,ME ME,18.0,월,1,0,1,4,1+2+1+1
4311,9.8,MR,YCA1006-02-00,UIC1561-01-00 UIC1551-01-00 UIC2151-06-00 UIC1806-01-00,STA2102-05-00 QRM2102-01-00,ME ME,18.0,월,1,0,1,4,1+2+1+1
4312,9.8,MR,YCA1006-02-00,UIC1561-01-00 UIC1551-01-00 UIC2151-06-00 UIC1805-01-00,STA2102-05-00 QRM2102-01-00,ME ME,18.0,월,1,0,1,4,1+2+1+1
4313,9.8,MR,YCA1006-02-00,UIC1561-01-00 UIC1551-04-00 UIC2151-08-00 UIC1806-01-00,STA2102-05-00 QRM2102-01-00,ME ME,18.0,월,1,0,1,4,1+1+1+2
4314,9.8,MR,YCA1006-02-00,UIC1561-01-00 UIC1551-04-00 UIC2151-08-00 UIC1805-01-00,STA2102-05-00 QRM2102-01-00,ME ME,18.0,월,1,0,1,4,1+1+1+2
4315,9.8,MR,YCA1006-02-00,UIC1561-01-00 UIC1551-01-00 UIC2151-07-00 UIC1805-01-00,STA2102-05-00 QRM2102-01-00,ME ME,18.0,월,1,0,1,4,1+2+1+1
4316,9.8,MR,YCA1006-02-00,UIC1561-01-00 UIC1551-01-00 UIC2151-07-00 UIC1806-01-00,STA2102-05-00 QRM2102-01-00,ME ME,18.0,월,1,0,1,4,1+2+1+1
4317,9.8,MR,YCA1006-01-00,UIC1561-01-00 UIC1551-01-00 UIC2151-06-00 UIC1805-01-00,STA2102-05-00 QRM2102-01-00,ME ME,18.0,월,1,0,1,4,1+2+1+1
4318,9.8,MR,YCA1006-01-00,UIC1561-01-00 UIC1401-03-00 UIC2151-04-00 UIC1805-02-00,ECO1104-06-00 QRM2002-01-00,ME ME,18.0,,1,0,0,,2+1+1+1
4319,9.8,MR,YCA1006-02-00,UIC1561-01-00 UIC1551-01-00 UIC2151-07-00 UIC1806-01-00,STA2102-05-00 QRM2102-01-00,ME ME,18.0,월,1,0,1,4,1+2+1+1
4320,9.8,MR,YCA1006-01-00,UIC1561-01-00 UIC1401-03-00 UIC2151-10-00 UIC1805-02-00,ECO1104-06-00 QRM2002-01-00,ME ME,18.0,,1,0,0,,2+1+1+1
4321,9.8,MR,YCA1006-02-00,UIC1561-01-00 UIC1551-01-00 UIC2151-06-00 UIC1806-01-00,STA2102-05-00 QRM2102-01-00,ME ME,18.0,월,1,0,1,4,1+2+1+1
4322,9.8,MR,YCA1006-02-00,UIC1561-01-00 UIC1551-04-00 UIC2151-05-00 UIC1805-02-00,STA2102-05-00 QRM2102-01-00,ME ME,18.0,월,1,0,1,4,1+1+1+2
4323,9.8,MR,YCA1006-01-00,UIC1561-01-00 UIC1401-03-00 UIC2151-10-00 UIC1805-02-00,ECO1104-06-00 QRM2002-01-00,ME ME,18.0,,1,0,0,,2+1+1+1
4324,9.8,MR,YCA1006-01-00,UIC1561-01-00 UIC1401-03-00 UIC2151-04-00 UIC1805-02-00,ECO1104-06-00 QRM2002-01-00,ME ME,18.0,,1,0,0,,2+1+1+1
4325,9.8,MR,YCA1006-02-00,UIC1561-01-00 UIC1551-04-00 UIC2151-08-00 UIC1805-01-00,STA2102-05-00 QRM2102-01-00,ME ME,18.0,월,1,0,1,4,1+1+1+2
4326,9.8,MR,YCA1006-01-00,UIC1561-01-00 UIC1551-01-00 UIC2151-07-00 UIC1805-01-00,STA2102-05-00 QRM2102-01-00,ME ME,18.0,월,1,0,1,4,1+2+1+1
4327,9.8,MR,YCA1006-01-00,UIC1561-01-00 UIC1551-01-00 UIC2151-05-00 UIC1806-02-00,STA2102-05-00 QRM2102-01-00,ME ME,18.0,월,1,0,1,4,1+2+1+1
4328,9.8,MR,YCA1006-01-00,UIC1561-01-00 UIC1551-01-00 UIC2151-07-00 UIC1806-01-00,STA2102-05-00 QRM2102-01-00,ME ME,18.0,월,1,0,1,4,1+2+1+1
4329,9.8,MR,YCA1006-01-00,UIC1561-01-00 UIC1551-01-00 UIC2151-05-00 UIC1806-02-00,STA2102-05-00 QRM2102-01-00,ME ME,18.0,월,1,0,1,4,1+2+1+1
4330,9.8,MR,YCA1006-01-00,UIC1561-01-00 UIC1551-01-00 UIC2151-06-00 UIC1806-01-00,STA2102-05-00 QRM2102-01-00,ME ME,18.0,월,1,0,1,4,1+2+1+1
4331,9.8,MR,YCA1006-02-00,UIC1561-01-00 UIC1551-04-00 UIC2151-09-00 UIC1806-01-00,STA2102-05-00 QRM2102-01-00,ME ME,18.0,월,1,0,1,4,1+1+1+2
4332,9.8,MR,YCA1006-01-00,UIC1561-01-00 UIC1551-01-00 UIC2151-07-00 UIC1806-01-00,STA2102-05-00 QRM2102-01-00,ME ME,18.0,월,1,0,1,4,1+2+1+1
4333,9.8,MR,YCA1006-02-00,UIC1561-01-00 UIC1551-04-00 UIC2151-05-00 UIC1805-02-00,STA2102-05-00 QRM2102-01-00,ME ME,18.0,월,1,0,1,4,1+1+1+2
4334,9.8,MR,YCA1006-02-00,UIC1561-01-00 UIC1551-01-00 UIC2151-07-00 UIC1805-01-00,STA2102-05-00 QRM2102-01-00,ME ME,18.0,월,1,0,1,4,1+2+1+1
4335,9.8,MR,YCA1006-02-00,UIC1561-01-00 UIC1551-04-00 UIC2151-09-00 UIC1806-01-00,STA2102-05-00 QRM2102-01-00,ME ME,18.0,월,1,0,1,4,1+1+1+2
4336,9.8,MR,YCA1006-02-00,UIC1561-01-00 UIC1551-01-00 UIC2151-05-00 UIC1806-02-00,STA2102-05-00 QRM2102-01-00,ME ME,18.0,월,1,0,1,4,1+2+1+1
4337,9.799,WCiv,-,QRM1001-01-00 ASP2033-01-00 UIC2151-14-00 UIC1806-01-00,ECO1101-06-00 STA2102-05-00,ECO1101 ME,18.0,월금,1,1,3,4+5,2+2+3
4338,9.799,WCiv,-,QRM1001-01-00 ASP2033-01-00 UIC2151-14-00 UIC1805-01-00,ECO1101-06-00 STA2102-05-00,ECO1101 ME,18.0,월금,1,1,3,4+5,2+2+3
4339,9.799,WCiv,-,QRM1001-01-00 ASP2033-01-00 UIC2151-14-00 UIC1805-01-00,ECO1101-06-00 STA2102-05-00,ECO1101 ME,18.0,월금,1,1,3,4+5,2+2+3
4340,9.799,WCiv,-,QRM1001-01-00 ASP2033-01-00 UIC2151-14-00 UIC1806-01-00,ECO1101-06-00 STA2102-05-00,ECO1101 ME,18.0,월금,1,1,3,4+5,2+2+3
4341,9.782,Lang,-,QRM1001-01-00 UIC1561-01-00 ASP2033-01-00 UIC2151-14-00,STA2102-05-00 STA1002-04-00,ME FREE,18.0,월금,0,1,1,6,2+1
4342,9.765,MR,-,UIC1561-01-00 UIC1401-02-00 UIC2151-14-00 UIC1805-01-00,ECO1101-06-00 STA2102-05-00,ECO1101 ME,18.0,월금,1,0,3,6+5,3+2
4343,9.765,MR,-,UIC1561-01-00 UIC1401-02-00 UIC2151-14-00 UIC1806-01-00,ECO1101-06-00 STA2102-05-00,ECO1101 ME,18.0,월금,1,0,3,6+5,3+2
4344,9.765,MR,-,UIC1561-01-00 UIC1501-04-00 UIC2151-14-00 UIC1805-02-00,ECO1101-06-00 STA2102-05-00,ECO1101 ME,18.0,월금,1,0,3,6+5,3+2
4345,9.765,MR,-,UIC1561-01-00 UIC1401-02-00 UIC2151-14-00 UIC1806-01-00,ECO1101-06-00 STA2102-05-00,ECO1101 ME,18.0,월금,1,0,3,6+5,3+2
4346,9.765,MR,-,UIC1561-01-00 UIC1401-02-00 UIC2151-14-00 UIC1805-01-00,ECO1101-06-00 STA2102-05-00,ECO1101 ME,18.0,월금,1,0,3,6+5,3+2
4347,9.765,MR,-,UIC1561-01-00 UIC1501-04-00 UIC2151-14-00 UIC1805-02-00,ECO1101-06-00 STA2102-05-00,ECO1101 ME,18.0,월금,1,0,3,6+5,3+2
4348,9.765,MR,YCA1006-01-00,UIC1561-01-00 UIC1551-01-00 UIC2151-06-00 UIC1806-01-00,STA2102-05-00 YCE1253-01-00,ME FREE,18.0,월금,1,0,1,4+4,1+1+1
4349,9.765,MR,YCA1006-01-00,UIC1561-01-00 UIC1551-01-00 UIC2151-05-00 UIC1806-02-00,STA2102-05-00 YCE1253-01-00,ME FREE,18.0,월금,1,0,1,4+4,1+1+1
4350,9.765,MR,YCA1006-01-00,UIC1561-01-00 UIC1551-01-00 UIC2151-06-00 UIC1805-01-00,STA2102-05-00 YCE1253-01-00,ME FREE,18.0,월금,1,0,1,4+4,1+1+1
4351,9.765,MR,YCA1006-01-00,UIC1561-01-00 UIC1551-01-00 UIC2151-05-00 UIC1806-02-00,STA2102-05-00 YCE1253-01-00,ME FREE,18.0,월금,1,0,1,4+4,1+1+1
4352,9.765,MR,YCA1006-01-00,UIC1561-01-00 UIC1551-01-00 UIC2151-07-00 UIC1805-01-00,STA2102-05-00 YCE1253-01-00,ME FREE,18.0,월금,1,0,1,4+4,1+1+1
4353,9.765,MR,YCA1006-01-00,UIC1561-01-00 UIC1551-01-00 UIC2151-07-00 UIC1806-01-00,STA2102-05-00 YCE1253-01-00,ME FREE,18.0,월금,1,0,1,4+4,1+1+1
4354,9.765,MR,YCA1006-01-00,UIC1561-01-00 UIC1551-01-00 UIC2151-06-00 UIC1805-01-00,STA2102-05-00 YCE1253-01-00,ME FREE,18.0,월금,1,0,1,4+4,1+1+1
4355,9.765,MR,YCA1006-01-00,UIC1561-01-00 UIC1551-01-00 UIC2151-06-00 UIC1806-01-00,STA2102-05-00 YCE1253-01-00,ME FREE,18.0,월금,1,0,1,4+4,1+1+1
4356,9.765,MR,YCA1006-01-00,UIC1561-01-00 UIC1551-01-00 UIC2151-07-00 UIC1806-01-00,STA2102-05-00 YCE1253-01-00,ME FREE,18.0,월금,1,0,1,4+4,1+1+1
4357,9.765,MR,YCA1006-01-00,UIC1561-01-00 UIC1551-01-00 UIC2151-07-00 UIC1805-01-00,STA2102-05-00 YCE1253-01-00,ME FREE,18.0,월금,1,0,1,4+4,1+1+1
4358,9.75,MR,YCA1006-02-00,UIC1561-01-00 UIC1551-03-00 UIC2151-14-00 UIC1805-02-00,STA2102-04-00 QRM2102-01-00,ME ME,18.0,,0,0,1,5,2+1+2
4359,9.75,MR,YCA1006-02-00,UIC1561-01-00 UIC1551-03-00 UIC2151-14-00 UIC1805-02-00,STA2102-04-00 QRM2102-01-00,ME ME,18.0,,0,0,1,5,2+1+2
4360,9.75,MR,YCA1006-02-00,UIC1561-01-00 UIC1501-02-00 UIC2151-14-00 UIC1805-02-00,STA2102-04-00 QRM2102-01-00,ME ME,18.0,,0,0,1,5,2+1+2
4361,9.75,MR,YCA1006-02-00,UIC1561-01-00 UIC1501-02-00 UIC2151-14-00 UIC1805-02-00,STA2102-04-00 QRM2102-01-00,ME ME,18.0,,0,0,1,5,2+1+2
4362,9.75,Lang,YCA1006-01-00,QRM1001-01-00 UIC1561-01-00 UIC1551-04-00 UIC2151-11-00,QRM2004-01-00 YCK1998-03-00,ME FREE,18.0,금,0,0,1,4+4,1+1
4363,9.75,Lang,YCA1006-01-00,QRM1001-01-00 UIC1561-01-00 UIC1551-01-00 UIC2151-11-00,QRM2004-01-00 YCK1998-03-00,ME FREE,18.0,금,0,0,1,4+4,1+1
4364,9.74,SciRD,YCA1006-02-00,QRM1001-01-00 UIC1561-01-00 UIC1551-01-00 UIC1806-01-00,ECO1101-06-00 YCE1253-01-00,ECO1101 FREE,18.0,월금,1,1,3,4+5,1+1+2+1
4365,9.74,SciRD,YCA1006-02-00,QRM1001-01-00 UIC1561-01-00 UIC1551-01-00 UIC1805-01-00,ECO1101-06-00 YCE1253-01-00,ECO1101 FREE,18.0,월금,1,1,3,4+5,1+1+2+1
4366,9.74,SciRD,YCA1006-02-00,QRM1001-01-00 UIC1561-01-00 UIC1551-01-00 UIC1806-01-00,ECO1101-06-00 YCE1253-01-00,ECO1101 FREE,18.0,월금,1,1,3,4+5,1+1+2+1
4367,9.74,Lang,YCA1006-02-00,QRM1001-01-00 UIC1561-01-00 UIC1551-01-00 UIC2151-05-00,ECO1101-06-00 YCE1253-01-00,ECO1101 FREE,18.0,월금,1,1,3,4+5,1+1+2+1
4368,9.74,SciRD,YCA1006-02-00,QRM1001-01-00 UIC1561-01-00 UIC1551-01-00 UIC1805-01-00,ECO1101-06-00 YCE1253-01-00,ECO1101 FREE,18.0,월금,1,1,3,4+5,1+1+2+1
4369,9.74,MR,YCA1006-02-00,UIC1561-01-00 ASP2022-01-00 UIC2151-12-00 UIC1805-02-00,STA2102-04-00 QRM2001-01-00,ME ME,18.0,월금,2,1,0,4+6,1+1+3
4370,9.74,MR,YCA1006-02-00,UIC1561-01-00 ASP2022-01-00 UIC2151-12-00 UIC1805-02-00,STA2102-04-00 QRM2001-01-00,ME ME,18.0,월금,2,1,0,4+6,1+1+3
4371,9.732,Lang,-,QRM1001-01-00 UIC1561-01-00 UIC1551-01-00 UIC2151-12-00,QRM2004-01-00 QRM2001-01-00,ME ME,18.0,월금,2,1,1,4+5,2+3+1
4372,9.725,MR,YCA1006-01-00,UIC1561-01-00 UIC1401-02-00 UIC2151-14-00 UIC1806-02-00,QRM2002-01-00 QRM2102-01-00,ME ME,18.0,월수,1,0,1,6,1+1
4373,9.725,MR,YCA1006-01-00,UIC1561-01-00 UIC1251-02-00 UIC2151-14-00 UIC1805-02-00,QRM2002-01-00 QRM2102-01-00,ME ME,18.0,월수,1,0,1,6,1+1
4374,9.725,MR,YCA1006-01-00,UIC1561-01-00 UIC1251-02-00 UIC2151-14-00 UIC1805-02-00,QRM2002-01-00 QRM2102-01-00,ME ME,18.0,월수,1,0,1,6,1+1
4375,9.725,MR,YCA1006-01-00,UIC1561-01-00 UIC1401-02-00 UIC2151-14-00 UIC1806-02-00,QRM2002-01-00 QRM2102-01-00,ME ME,18.0,월수,1,0,1,6,1+1
4376,9.717,Lang,YCA1006-01-00,QRM1001-01-00 UIC1561-01-00 UIC1501-03-00 UIC2151-12-00,QRM2004-01-00 QRM2102-01-00,ME ME,18.0,,1,0,0,4,1+2
4377,9.715,MR,YCA1006-01-00,UIC1561-01-00 UIC1551-04-00 UIC2151-12-00 UIC1805-01-00,ECO1101-06-00 STA2102-04-00,ECO1101 ME,18.0,월금,2,0,3,4,5+3+2+1
4378,9.715,MR,YCA1006-01-00,UIC1561-01-00 UIC1551-04-00 UIC2151-12-00 UIC1805-01-00,ECO1101-06-00 STA2102-04-00,ECO1101 ME,18.0,월금,2,0,3,4,5+3+2+1
4379,9.715,MR,YCA1006-01-00,UIC1561-01-00 UIC1551-04-00 UIC2151-12-00 UIC1806-01-00,ECO1101-06-00 STA2102-04-00,ECO1101 ME,18.0,월금,2,0,3,4,5+3+2+1
4380,9.715,MR,YCA1006-01-00,UIC1561-01-00 UIC1551-04-00 UIC2151-12-00 UIC1806-01-00,ECO1101-06-00 STA2102-04-00,ECO1101 ME,18.0,월금,2,0,3,4,5+3+2+1
4381,9.715,MR,YCA1006-01-00,UIC1561-01-00 UIC1551-01-00 UIC2151-05-00 UIC1805-02-00,STA2102-04-00 YCK1998-03-00,ME FREE,18.0,월금,1,1,1,5,2+1
4382,9.715,MR,YCA1006-01-00,UIC1561-01-00 UIC1551-01-00 UIC2151-09-00 UIC1806-01-00,STA2102-04-00 YCK1998-03-00,ME FREE,18.0,월금,1,1,1,5,2+1
4383,9.715,MR,YCA1006-01-00,UIC1561-01-00 UIC1551-01-00 UIC2151-08-00 UIC1806-01-00,STA2102-04-00 YCK1998-03-00,ME FREE,18.0,월금,1,1,1,5,2+1
4384,9.715,MR,YCA1006-01-00,UIC1561-01-00 UIC1551-01-00 UIC2151-08-00 UIC1805-01-00,STA2102-04-00 YCK1998-03-00,ME FREE,18.0,월금,1,1,1,5,2+1
4385,9.715,MR,YCA1006-01-00,UIC1561-01-00 UIC1551-01-00 UIC2151-09-00 UIC1806-01-00,STA2102-04-00 YCK1998-03-00,ME FREE,18.0,월금,1,1,1,5,2+1
4386,9.715,MR,YCA1006-01-00,UIC1561-01-00 UIC1551-01-00 UIC2151-05-00 UIC1805-02-00,STA2102-04-00 YCK1998-03-00,ME FREE,18.0,월금,1,1,1,5,2+1
4387,9.715,MR,YCA1006-01-00,UIC1561-01-00 UIC1551-01-00 UIC2151-09-00 UIC1805-01-00,STA2102-04-00 YCK1998-03-00,ME FREE,18.0,월금,1,1,1,5,2+1
4388,9.715,MR,YCA1006-01-00,UIC1561-01-00 UIC1551-01-00 UIC2151-08-00 UIC1806-01-00,STA2102-04-00 YCK1998-03-00,ME FREE,18.0,월금,1,1,1,5,2+1
4389,9.715,MR,YCA1006-01-00,UIC1561-01-00 UIC1551-01-00 UIC2151-09-00 UIC1805-01-00,STA2102-04-00 YCK1998-03-00,ME FREE,18.0,월금,1,1,1,5,2+1
4390,9.715,MR,YCA1006-01-00,UIC1561-01-00 UIC1551-01-00 UIC2151-08-00 UIC1805-01-00,STA2102-04-00 YCK1998-03-00,ME FREE,18.0,월금,1,1,1,5,2+1
4391,9.7,Lang,YCA1006-01-00,QRM1001-01-00 UIC1561-01-00 UIC1401-03-00 UIC2151-14-00,ECO1101-06-00 QRM2002-01-00,ECO1101 ME,18.0,월,1,0,3,4,4+1+2+1
4392,9.7,MR,YCA1006-01-00,UIC1561-01-00 UIC1551-01-00 UIC2151-07-00 UIC1805-02-00,ECO1101-06-00 QRM2102-01-00,ECO1101 ME,18.0,월,0,0,3,4+4,1+2+1
4393,9.7,MR,YCA1006-01-00,UIC1561-01-00 UIC1551-04-00 UIC2151-08-00 UIC1806-02-00,ECO1101-06-00 QRM2102-01-00,ECO1101 ME,18.0,월,0,0,3,4+4,1+1+2
4394,9.7,MR,YCA1006-01-00,UIC1561-01-00 UIC1551-01-00 UIC2151-07-00 UIC1805-02-00,ECO1101-06-00 QRM2102-01-00,ECO1101 ME,18.0,월,0,0,3,4+4,1+2+1
4395,9.7,MR,YCA1006-01-00,UIC1561-01-00 UIC1551-04-00 UIC2151-09-00 UIC1806-02-00,ECO1101-06-00 QRM2102-01-00,ECO1101 ME,18.0,월,0,0,3,4+4,1+1+2
4396,9.7,MR,YCA1006-01-00,UIC1561-01-00 UIC1551-01-00 UIC2151-09-00 UIC1806-02-00,ECO1101-06-00 QRM2102-01-00,ECO1101 ME,18.0,월,0,0,3,4+4,1+2+1
4397,9.7,MR,YCA1006-01-00,UIC1561-01-00 UIC1551-04-00 UIC2151-06-00 UIC1805-02-00,ECO1101-06-00 QRM2102-01-00,ECO1101 ME,18.0,월,0,0,3,4+4,1+1+2
4398,9.7,MR,YCA1006-01-00,UIC1561-01-00 UIC1551-04-00 UIC2151-08-00 UIC1806-02-00,ECO1101-06-00 QRM2102-01-00,ECO1101 ME,18.0,월,0,0,3,4+4,1+1+2
4399,9.7,MR,YCA1006-01-00,UIC1561-01-00 UIC1551-04-00 UIC2151-07-00 UIC1805-02-00,ECO1101-06-00 QRM2102-01-00,ECO1101 ME,18.0,월,0,0,3,4+4,1+1+2
4400,9.7,MR,YCA1006-01-00,UIC1561-01-00 UIC1551-04-00 UIC2151-07-00 UIC1805-02-00,ECO1101-06-00 QRM2102-01-00,ECO1101 ME,18.0,월,0,0,3,4+4,1+1+2
4401,9.7,MR,YCA1006-01-00,UIC1561-01-00 UIC1551-01-00 UIC2151-08-00 UIC1806-02-00,ECO1101-06-00 QRM2102-01-00,ECO1101 ME,18.0,월,0,0,3,4+4,1+2+1
4402,9.7,MR,YCA1006-01-00,UIC1561-01-00 UIC1551-04-00 UIC2151-09-00 UIC1806-02-00,ECO1101-06-00 QRM2102-01-00,ECO1101 ME,18.0,월,0,0,3,4+4,1+1+2
4403,9.7,MR,YCA1006-01-00,UIC1561-01-00 UIC1551-04-00 UIC2151-06-00 UIC1805-02-00,ECO1101-06-00 QRM2102-01-00,ECO1101 ME,18.0,월,0,0,3,4+4,1+1+2
4404,9.7,MR,YCA1006-01-00,UIC1561-01-00 UIC1551-01-00 UIC2151-09-00 UIC1806-02-00,ECO1101-06-00 QRM2102-01-00,ECO1101 ME,18.0,월,0,0,3,4+4,1+2+1
4405,9.7,MR,YCA1006-01-00,UIC1561-01-00 UIC1551-01-00 UIC2151-06-00 UIC1805-02-00,ECO1101-06-00 QRM2102-01-00,ECO1101 ME,18.0,월,0,0,3,4+4,1+2+1
4406,9.7,MR,YCA1006-01-00,UIC1561-01-00 UIC1551-01-00 UIC2151-08-00 UIC1806-02-00,ECO1101-06-00 QRM2102-01-00,ECO1101 ME,18.0,월,0,0,3,4+4,1+2+1
4407,9.7,MR,YCA1006-01-00,UIC1561-01-00 UIC1551-01-00 UIC2151-06-00 UIC1805-02-00,ECO1101-06-00 QRM2102-01-00,ECO1101 ME,18.0,월,0,0,3,4+4,1+2+1
4408,9.69,MR,-,UIC1561-01-00 ASP2033-01-00 UIC2151-14-00 UIC1806-01-00,ECO1101-06-00 STA2102-05-00,ECO1101 ME,18.0,월금,1,0,3,6+4,2+2
4409,9.69,MR,-,UIC1561-01-00 ASP2033-01-00 UIC2151-14-00 UIC1806-01-00,ECO1101-06-00 STA2102-05-00,ECO1101 ME,18.0,월금,1,0,3,6+4,2+2
4410,9.69,MR,-,UIC1561-01-00 ASP2033-01-00 UIC2151-14-00 UIC1805-01-00,ECO1101-06-00 STA2102-05-00,ECO1101 ME,18.0,월금,1,0,3,6+4,2+2
4411,9.69,MR,-,UIC1561-01-00 ASP2033-01-00 UIC2151-14-00 UIC1805-01-00,ECO1101-06-00 STA2102-05-00,ECO1101 ME,18.0,월금,1,0,3,6+4,2+2
4412,9.665,MR,YCA1006-01-00,UIC1561-01-00 UIC1501-04-00 UIC2151-12-00 UIC1805-02-00,ECO1101-06-00 STA2102-04-00,ECO1101 ME,18.0,월금,2,1,2,4+5,2+3+2
4413,9.665,MR,YCA1006-01-00,UIC1561-01-00 UIC1501-04-00 UIC2151-12-00 UIC1805-02-00,ECO1101-06-00 STA2102-04-00,ECO1101 ME,18.0,월금,2,1,2,4+5,2+3+2
4414,9.665,MR,YCA1006-01-00,UIC1561-01-00 UIC1401-02-00 UIC2151-12-00 UIC1806-01-00,ECO1101-06-00 STA2102-04-00,ECO1101 ME,18.0,월금,2,1,2,4+5,2+3+2
4415,9.665,MR,YCA1006-01-00,UIC1561-01-00 UIC1401-02-00 UIC2151-12-00 UIC1805-01-00,ECO1101-06-00 STA2102-04-00,ECO1101 ME,18.0,월금,2,1,2,4+5,2+3+2
4416,9.665,MR,YCA1006-01-00,UIC1561-01-00 UIC1401-02-00 UIC2151-12-00 UIC1806-01-00,ECO1101-06-00 STA2102-04-00,ECO1101 ME,18.0,월금,2,1,2,4+5,2+3+2
4417,9.665,MR,YCA1006-01-00,UIC1561-01-00 UIC1401-02-00 UIC2151-12-00 UIC1805-01-00,ECO1101-06-00 STA2102-04-00,ECO1101 ME,18.0,월금,2,1,2,4+5,2+3+2
4418,9.665,MR,YCA1006-02-00,UIC1561-01-00 UIC1551-01-00 UIC2151-12-00 UIC1806-02-00,ECO1101-06-00 YCI1901-01-00,ECO1101 FREE,18.0,월금,1,0,4,4,2+3+2+1
4419,9.665,MR,YCA1006-02-00,UIC1561-01-00 UIC1551-01-00 UIC2151-12-00 UIC1806-02-00,ECO1101-06-00 YCI1901-01-00,ECO1101 FREE,18.0,월금,1,0,4,4,2+3+2+1
4420,9.665,Lang,YCA1006-02-00,QRM1001-01-00 UIC1561-01-00 UIC1551-04-00 UIC2151-12-00,ECO1101-06-00 YCK1998-03-00,ECO1101 FREE,18.0,월금,1,0,3,4+4,4+3+1
4421,9.665,Lang,YCA1006-01-00,QRM1001-01-00 UIC1561-01-00 UIC1551-04-00 UIC2151-12-00,ECO1101-06-00 YCE1253-01-00,ECO1101 FREE,18.0,월금,1,0,3,4+4,2+1+3+2
4422,9.658,MR,YCA1006-01-00,UIC1561-01-00 UIC1551-04-00 UIC2151-10-00 UIC1805-02-00,ECO1101-06-00 QRM2001-01-00,ECO1101 ME,18.0,금,1,0,3,4,2+2+1+2+2+2
4423,9.658,MR,YCA1006-01-00,UIC1561-01-00 UIC1551-04-00 UIC2151-10-00 UIC1805-02-00,ECO1101-06-00 QRM2001-01-00,ECO1101 ME,18.0,금,1,0,3,4,2+2+1+2+2+2
4424,9.658,MR,YCA1006-01-00,UIC1561-01-00 UIC1551-04-00 UIC2151-04-00 UIC1805-02-00,ECO1101-06-00 QRM2001-01-00,ECO1101 ME,18.0,금,1,0,3,4,2+2+1+2+2+2
4425,9.658,MR,YCA1006-01-00,UIC1561-01-00 UIC1551-04-00 UIC2151-04-00 UIC1805-02-00,ECO1101-06-00 QRM2001-01-00,ECO1101 ME,18.0,금,1,0,3,4,2+2+1+2+2+2
4426,9.658,Lang,YCA1006-02-00,QRM1001-01-00 UIC1561-01-00 UIC1551-01-00 UIC2151-11-00,ECO1101-06-00 YCI1901-01-00,ECO1101 FREE,18.0,금,0,0,4,6,3+2+1
4427,9.658,Lang,YCA1006-02-00,QRM1001-01-00 UIC1561-01-00 UIC1501-03-00 UIC2151-14-00,ECO1101-06-00 UCD1101-01-00,ECO1101 FREE,18.0,금,0,0,4,6,3+2+1
4428,9.658,-,YCA1006-02-00,QRM1001-01-00 UIC1561-01-00 UIC1551-01-00 UIC2151-04-00 UIC1805-01-00,QRM2004-01-00,ME,18.0,금,1,2,1,5+5,2+1+2+1
4429,9.658,-,YCA1006-02-00,QRM1001-01-00 UIC1561-01-00 UIC1551-01-00 UIC2151-04-00 UIC1806-01-00,QRM2004-01-00,ME,18.0,금,1,2,1,5+5,2+1+2+1
4430,9.658,-,YCA1006-02-00,QRM1001-01-00 UIC1561-01-00 UIC1551-01-00 UIC2151-10-00 UIC1805-01-00,QRM2004-01-00,ME,18.0,금,1,2,1,5+5,2+1+2+1
4431,9.658,-,YCA1006-02-00,QRM1001-01-00 UIC1561-01-00 UIC1551-01-00 UIC2151-04-00 UIC1805-01-00,QRM2004-01-00,ME,18.0,금,1,2,1,5+5,2+1+2+1
4432,9.658,-,YCA1006-02-00,QRM1001-01-00 UIC1561-01-00 UIC1551-01-00 UIC2151-10-00 UIC1806-01-00,QRM2004-01-00,ME,18.0,금,1,2,1,5+5,2+1+2+1
4433,9.658,-,YCA1006-02-00,QRM1001-01-00 UIC1561-01-00 UIC1551-01-00 UIC2151-04-00 UIC1806-01-00,QRM2004-01-00,ME,18.0,금,1,2,1,5+5,2+1+2+1
4434,9.658,-,YCA1006-02-00,QRM1001-01-00 UIC1561-01-00 UIC1551-01-00 UIC2151-10-00 UIC1805-01-00,QRM2004-01-00,ME,18.0,금,1,2,1,5+5,2+1+2+1
4435,9.658,-,YCA1006-02-00,QRM1001-01-00 UIC1561-01-00 UIC1551-01-00 UIC2151-10-00 UIC1806-01-00,QRM2004-01-00,ME,18.0,금,1,2,1,5+5,2+1+2+1
4436,9.64,MR,YCA1006-02-00,UIC1561-01-00 UIC1551-04-00 UIC2151-12-00 UIC1806-01-00,ECO1101-06-00 STA2102-05-00,ECO1101 ME,18.0,월금,2,0,3,6,1+4+2+2+3
4437,9.64,MR,YCA1006-02-00,UIC1561-01-00 UIC1551-01-00 UIC2151-12-00 UIC1805-01-00,ECO1101-06-00 STA2102-05-00,ECO1101 ME,18.0,월금,2,0,3,6,1+3+2+2+4
4438,9.64,MR,YCA1006-02-00,UIC1561-01-00 UIC1551-04-00 UIC2151-12-00 UIC1806-01-00,ECO1101-06-00 STA2102-05-00,ECO1101 ME,18.0,월금,2,0,3,6,1+4+2+2+3
4439,9.64,MR,YCA1006-02-00,UIC1561-01-00 UIC1551-01-00 UIC2151-12-00 UIC1806-01-00,ECO1101-06-00 STA2102-05-00,ECO1101 ME,18.0,월금,2,0,3,6,1+3+2+2+4
4440,9.64,MR,YCA1006-02-00,UIC1561-01-00 UIC1551-04-00 UIC2151-12-00 UIC1805-01-00,ECO1101-06-00 STA2102-05-00,ECO1101 ME,18.0,월금,2,0,3,6,1+4+2+2+3
4441,9.64,MR,YCA1006-02-00,UIC1561-01-00 UIC1551-04-00 UIC2151-12-00 UIC1805-01-00,ECO1101-06-00 STA2102-05-00,ECO1101 ME,18.0,월금,2,0,3,6,1+4+2+2+3
4442,9.64,MR,YCA1006-02-00,UIC1561-01-00 UIC1551-01-00 UIC2151-12-00 UIC1805-01-00,ECO1101-06-00 STA2102-05-00,ECO1101 ME,18.0,월금,2,0,3,6,1+3+2+2+4
4443,9.64,MR,YCA1006-02-00,UIC1561-01-00 UIC1551-01-00 UIC2151-12-00 UIC1806-01-00,ECO1101-06-00 STA2102-05-00,ECO1101 ME,18.0,월금,2,0,3,6,1+3+2+2+4
4444,9.64,MR,-,UIC1561-01-00 UIC1501-05-00 UIC2151-12-00 UIC1805-02-00,ECO1101-06-00 STA2102-04-00,ECO1101 ME,18.0,월금,2,0,2,4,1+3+2+2
4445,9.64,MR,-,UIC1561-01-00 UIC1501-05-00 UIC2151-12-00 UIC1805-02-00,ECO1101-06-00 STA2102-04-00,ECO1101 ME,18.0,월금,2,0,2,4,1+3+2+2
4446,9.633,MR,YCA1006-02-00,UIC1561-01-00 UIC1551-04-00 UIC2151-11-00 UIC1805-01-00,STA2102-04-00 QRM2004-01-00,ME ME,18.0,금,1,1,1,4+4,1+1+1
4447,9.633,MR,YCA1006-02-00,UIC1561-01-00 UIC1551-04-00 UIC2151-11-00 UIC1806-01-00,STA2102-04-00 QRM2004-01-00,ME ME,18.0,금,1,1,1,4+4,1+1+1
4448,9.633,MR,YCA1006-02-00,UIC1561-01-00 UIC1551-04-00 UIC2151-11-00 UIC1805-01-00,STA2102-04-00 QRM2004-01-00,ME ME,18.0,금,1,1,1,4+4,1+1+1
4449,9.633,MR,YCA1006-02-00,UIC1561-01-00 UIC1551-04-00 UIC2151-11-00 UIC1806-01-00,STA2102-04-00 QRM2004-01-00,ME ME,18.0,금,1,1,1,4+4,1+1+1
4450,9.625,MR,YCA1006-01-00,UIC1561-01-00 UIC1401-03-00 UIC2151-14-00 UIC1805-02-00,STA2102-04-00 QRM2002-01-00,ME ME,18.0,월,1,0,1,5,2+1+1
4451,9.625,MR,YCA1006-01-00,UIC1561-01-00 UIC1401-03-00 UIC2151-14-00 UIC1805-02-00,STA2102-04-00 QRM2002-01-00,ME ME,18.0,월,1,0,1,5,2+1+1
4452,9.608,MR,YCA1006-02-00,UIC1561-01-00 UIC1551-01-00 UIC2151-10-00 UIC1805-02-00,ECO1101-06-00 STA2102-05-00,ECO1101 ME,18.0,금,0,1,3,8,1+1+2+3
4453,9.608,MR,YCA1006-02-00,UIC1561-01-00 UIC1551-01-00 UIC2151-04-00 UIC1805-02-00,ECO1101-06-00 STA2102-05-00,ECO1101 ME,18.0,금,0,1,3,8,1+1+2+3
4454,9.608,MR,YCA1006-02-00,UIC1561-01-00 UIC1551-01-00 UIC2151-10-00 UIC1805-02-00,ECO1101-06-00 STA2102-05-00,ECO1101 ME,18.0,금,0,1,3,8,1+1+2+3
4455,9.608,MR,YCA1006-02-00,UIC1561-01-00 UIC1551-01-00 UIC2151-04-00 UIC1805-02-00,ECO1101-06-00 STA2102-05-00,ECO1101 ME,18.0,금,0,1,3,8,1+1+2+3
4456,9.592,Lang,YCA1006-02-00,QRM1001-01-00 UIC1561-01-00 UIC1551-04-00 UIC2151-12-00,QRM2004-01-00 QRM2102-01-00,ME ME,18.0,월,1,1,1,4+4,1+3
4457,9.59,MR,YCA1006-02-00,UIC1561-01-00 UIC1551-04-00 UIC2151-12-00 UIC1805-02-00,STA2102-04-00 YCI1998-02-00,ME FREE,18.0,월금,1,0,1,5+4,1+3
4458,9.59,MR,YCA1006-02-00,UIC1561-01-00 UIC1401-02-00 UIC2151-14-00 UIC1805-01-00,STA2102-05-00 YCK1998-03-00,ME FREE,18.0,월금,1,0,1,4+5,1+1
4459,9.59,MR,YCA1006-02-00,UIC1561-01-00 UIC1551-04-00 UIC2151-12-00 UIC1805-02-00,STA2102-04-00 YCI1998-02-00,ME FREE,18.0,월금,1,0,1,5+4,1+3
4460,9.59,MR,YCA1006-02-00,UIC1561-01-00 UIC1401-02-00 UIC2151-14-00 UIC1805-01-00,STA2102-05-00 YCK1998-03-00,ME FREE,18.0,월금,1,0,1,4+5,1+1
4461,9.59,MR,YCA1006-02-00,UIC1561-01-00 UIC1401-02-00 UIC2151-14-00 UIC1806-01-00,STA2102-05-00 YCK1998-03-00,ME FREE,18.0,월금,1,0,1,4+5,1+1
4462,9.59,MR,YCA1006-02-00,UIC1561-01-00 UIC1501-04-00 UIC2151-14-00 UIC1805-02-00,STA2102-05-00 YCK1998-03-00,ME FREE,18.0,월금,1,0,1,4+5,1+1
4463,9.59,MR,YCA1006-02-00,UIC1561-01-00 UIC1501-04-00 UIC2151-14-00 UIC1805-02-00,STA2102-05-00 YCK1998-03-00,ME FREE,18.0,월금,1,0,1,4+5,1+1
4464,9.59,MR,YCA1006-02-00,UIC1561-01-00 UIC1401-02-00 UIC2151-14-00 UIC1806-01-00,STA2102-05-00 YCK1998-03-00,ME FREE,18.0,월금,1,0,1,4+5,1+1
4465,9.59,MR,YCA1006-02-00,UIC1561-01-00 UIC1551-01-00 UIC2151-07-00 UIC1805-02-00,STA2102-05-00 STP2004-01-00,ME FREE,18.0,월금,0,1,1,4+5,1+1
4466,9.59,MR,YCA1006-02-00,UIC1561-01-00 UIC1551-01-00 UIC2151-09-00 UIC1806-02-00,STA2102-05-00 STP2004-01-00,ME FREE,18.0,월금,0,1,1,4+5,1+1
4467,9.59,MR,YCA1006-02-00,UIC1561-01-00 UIC1551-01-00 UIC2151-09-00 UIC1806-02-00,STA2102-05-00 STP2004-01-00,ME FREE,18.0,월금,0,1,1,4+5,1+1
4468,9.59,MR,YCA1006-02-00,UIC1561-01-00 UIC1551-01-00 UIC2151-06-00 UIC1805-02-00,STA2102-05-00 STP2004-01-00,ME FREE,18.0,월금,0,1,1,4+5,1+1
4469,9.59,MR,YCA1006-02-00,UIC1561-01-00 UIC1551-01-00 UIC2151-08-00 UIC1806-02-00,STA2102-05-00 STP2004-01-00,ME FREE,18.0,월금,0,1,1,4+5,1+1
4470,9.59,MR,YCA1006-02-00,UIC1561-01-00 UIC1551-01-00 UIC2151-07-00 UIC1805-02-00,STA2102-05-00 STP2004-01-00,ME FREE,18.0,월금,0,1,1,4+5,1+1
4471,9.59,MR,YCA1006-02-00,UIC1561-01-00 UIC1551-01-00 UIC2151-06-00 UIC1805-02-00,STA2102-05-00 STP2004-01-00,ME FREE,18.0,월금,0,1,1,4+5,1+1
4472,9.59,MR,YCA1006-02-00,UIC1561-01-00 UIC1551-01-00 UIC2151-08-00 UIC1806-02-00,STA2102-05-00 STP2004-01-00,ME FREE,18.0,월금,0,1,1,4+5,1+1
4473,9.59,MR,YCA1006-02-00,UIC1561-01-00 UIC1551-01-00 UIC2151-08-00 UIC1806-02-00,STA2102-05-00 YCG1804-01-00,ME FREE,18.0,월금,0,1,1,4+5,1+1
4474,9.59,MR,YCA1006-02-00,UIC1561-01-00 UIC1551-01-00 UIC2151-07-00 UIC1805-02-00,STA2102-05-00 YCG1804-01-00,ME FREE,18.0,월금,0,1,1,4+5,1+1
4475,9.59,MR,YCA1006-02-00,UIC1561-01-00 UIC1551-01-00 UIC2151-08-00 UIC1806-02-00,STA2102-05-00 YCG1804-01-00,ME FREE,18.0,월금,0,1,1,4+5,1+1
4476,9.59,MR,YCA1006-02-00,UIC1561-01-00 UIC1551-01-00 UIC2151-09-00 UIC1806-02-00,STA2102-05-00 YCG1804-01-00,ME FREE,18.0,월금,0,1,1,4+5,1+1
4477,9.59,MR,YCA1006-02-00,UIC1561-01-00 UIC1551-01-00 UIC2151-09-00 UIC1806-02-00,STA2102-05-00 YCG1804-01-00,ME FREE,18.0,월금,0,1,1,4+5,1+1
4478,9.59,MR,YCA1006-02-00,UIC1561-01-00 UIC1551-01-00 UIC2151-06-00 UIC1805-02-00,STA2102-05-00 YCG1804-01-00,ME FREE,18.0,월금,0,1,1,4+5,1+1
4479,9.59,MR,YCA1006-02-00,UIC1561-01-00 UIC1551-01-00 UIC2151-06-00 UIC1805-02-00,STA2102-05-00 YCG1804-01-00,ME FREE,18.0,월금,0,1,1,4+5,1+1
4480,9.59,MR,YCA1006-02-00,UIC1561-01-00 UIC1551-01-00 UIC2151-07-00 UIC1805-02-00,STA2102-05-00 YCG1804-01-00,ME FREE,18.0,월금,0,1,1,4+5,1+1
4481,9.583,MR,YCA1006-02-00,UIC1561-01-00 UIC1551-01-00 UIC2151-11-00 UIC1805-01-00,ECO1101-06-00 STA2102-04-00,ECO1101 ME,18.0,금,1,0,3,6,1+3+2+1+1
4482,9.583,MR,YCA1006-02-00,UIC1561-01-00 UIC1551-01-00 UIC2151-11-00 UIC1806-01-00,ECO1101-06-00 STA2102-04-00,ECO1101 ME,18.0,금,1,0,3,6,1+3+2+1+1
4483,9.583,MR,YCA1006-02-00,UIC1561-01-00 UIC1551-01-00 UIC2151-11-00 UIC1805-01-00,ECO1101-06-00 STA2102-04-00,ECO1101 ME,18.0,금,1,0,3,6,1+3+2+1+1
4484,9.583,MR,YCA1006-02-00,UIC1561-01-00 UIC1551-01-00 UIC2151-11-00 UIC1806-01-00,ECO1101-06-00 STA2102-04-00,ECO1101 ME,18.0,금,1,0,3,6,1+3+2+1+1
4485,9.582,Lang,-,QRM1001-01-00 UIC1561-01-00 UIC1501-05-00 UIC2151-12-00,STA2102-05-00 QRM2001-01-00,ME ME,18.0,월금,3,1,0,4+6,2
4486,9.574,WCiv,YCA1006-02-00,QRM1001-01-00 UIC1551-01-00 UIC2151-13-00 UIC1806-01-00,ECO1101-06-00 YCE1253-01-00,ECO1101 FREE,18.0,월금,1,1,3,4+5,1+1+1
4487,9.574,WCiv,YCA1006-02-00,QRM1001-01-00 UIC1551-01-00 UIC2151-13-00 UIC1805-01-00,ECO1101-06-00 YCE1253-01-00,ECO1101 FREE,18.0,월금,1,1,3,4+5,1+1+1
4488,9.574,WCiv,YCA1006-02-00,QRM1001-01-00 UIC1551-01-00 UIC2151-13-00 UIC1805-01-00,ECO1101-06-00 YCE1253-01-00,ECO1101 FREE,18.0,월금,1,1,3,4+5,1+1+1
4489,9.574,WCiv,YCA1006-02-00,QRM1001-01-00 UIC1551-01-00 UIC2151-13-00 UIC1806-01-00,ECO1101-06-00 YCE1253-01-00,ECO1101 FREE,18.0,월금,1,1,3,4+5,1+1+1
4490,9.565,MR,-,UIC1561-01-00 UIC1251-02-00 UIC2151-12-00 UIC1806-01-00,ECO1101-06-00 STA2102-05-00,ECO1101 ME,18.0,월금,2,0,2,6,2+2+2+1
4491,9.565,MR,-,UIC1561-01-00 UIC1501-05-00 UIC2151-12-00 UIC1805-02-00,ECO1101-06-00 STA2102-05-00,ECO1101 ME,18.0,월금,2,0,2,6,1+2+2+2
4492,9.565,MR,-,UIC1561-01-00 UIC1251-02-00 UIC2151-12-00 UIC1805-01-00,ECO1101-06-00 STA2102-05-00,ECO1101 ME,18.0,월금,2,0,2,6,2+2+2+1
4493,9.565,MR,-,UIC1561-01-00 UIC1501-04-00 UIC2151-12-00 UIC1806-02-00,ECO1101-06-00 STA2102-05-00,ECO1101 ME,18.0,월금,2,0,2,6,2+2+2+1
4494,9.565,MR,-,UIC1561-01-00 UIC1501-05-00 UIC2151-12-00 UIC1805-02-00,ECO1101-06-00 STA2102-05-00,ECO1101 ME,18.0,월금,2,0,2,6,1+2+2+2
4495,9.565,MR,-,UIC1561-01-00 UIC1501-04-00 UIC2151-12-00 UIC1806-02-00,ECO1101-06-00 STA2102-05-00,ECO1101 ME,18.0,월금,2,0,2,6,2+2+2+1
4496,9.565,MR,-,UIC1561-01-00 UIC1251-02-00 UIC2151-12-00 UIC1806-01-00,ECO1101-06-00 STA2102-05-00,ECO1101 ME,18.0,월금,2,0,2,6,2+2+2+1
4497,9.565,MR,-,UIC1561-01-00 UIC1251-02-00 UIC2151-12-00 UIC1805-01-00,ECO1101-06-00 STA2102-05-00,ECO1101 ME,18.0,월금,2,0,2,6,2+2+2+1
4498,9.565,WCiv,YCA1006-01-00,QRM1001-01-00 UIC1551-04-00 UIC2151-12-00 UIC1805-01-00,QRM2004-01-00 BIZ1101-09-00,ME FREE,18.0,월금,2,1,1,6,1+1+1
4499,9.565,WCiv,YCA1006-01-00,QRM1001-01-00 UIC1551-04-00 UIC2151-12-00 UIC1806-01-00,QRM2004-01-00 BIZ1101-09-00,ME FREE,18.0,월금,2,1,1,6,1+1+1
4500,9.565,WCiv,YCA1006-01-00,QRM1001-01-00 UIC1551-04-00 UIC2151-12-00 UIC1806-01-00,QRM2004-01-00 BIZ1101-09-00,ME FREE,18.0,월금,2,1,1,6,1+1+1
4501,9.565,WCiv,YCA1006-01-00,QRM1001-01-00 UIC1551-04-00 UIC2151-12-00 UIC1805-01-00,QRM2004-01-00 BIZ1101-09-00,ME FREE,18.0,월금,2,1,1,6,1+1+1
4502,9.55,MR,YCA1006-02-00,UIC1561-01-00 UIC1401-03-00 UIC2151-12-00 UIC1805-02-00,ECO1104-06-00 STA2102-05-00,ME ME,18.0,월,1,1,0,4+4,1
4503,9.55,MR,YCA1006-02-00,UIC1561-01-00 UIC1401-03-00 UIC2151-12-00 UIC1805-02-00,ECO1104-06-00 STA2102-05-00,ME ME,18.0,월,1,1,0,4+4,1
4504,9.55,Lang,YCA1006-01-00,QRM1001-01-00 UIC1561-01-00 UIC1501-03-00 UIC2151-04-00,QRM2004-01-00 YCK1998-03-00,ME FREE,18.0,금,0,1,0,6,1+1
4505,9.55,Lang,YCA1006-01-00,QRM1001-01-00 UIC1561-01-00 UIC1551-03-00 UIC2151-11-00,QRM2004-01-00 YCK1998-03-00,ME FREE,18.0,금,0,1,0,6,1+1
4506,9.55,Lang,YCA1006-01-00,QRM1001-01-00 UIC1561-01-00 UIC1501-03-00 UIC2151-10-00,QRM2004-01-00 YCK1998-03-00,ME FREE,18.0,금,0,1,0,6,1+1
4507,9.55,Lang,YCA1006-01-00,QRM1001-01-00 UIC1561-01-00 UIC1501-02-00 UIC2151-11-00,QRM2004-01-00 YCK1998-03-00,ME FREE,18.0,금,0,1,0,6,1+1
4508,9.55,Lang,YCA1006-01-00,QRM1001-01-00 UIC1561-01-00 ASP2022-01-00 UIC2151-04-00,QRM2004-01-00 QRM2001-01-00,ME ME,18.0,금,1,1,0,5+6,2+1+2
4509,9.55,Lang,YCA1006-01-00,QRM1001-01-00 UIC1561-01-00 ASP2022-01-00 UIC2151-10-00,QRM2004-01-00 QRM2001-01-00,ME ME,18.0,금,1,1,0,5+6,2+1+2
4510,9.55,Lang,YCA1006-01-00,QRM1001-01-00 UIC1561-01-00 UIC1501-03-00 UIC2151-14-00,QRM2004-01-00 QRM2001-01-00,ME ME,18.0,금,1,1,1,4+6+5,1
4511,9.54,LHP,YCA1006-02-00,QRM1001-01-00 UIC1561-01-00 UIC2151-12-00 UIC1806-01-00,ECO1101-06-00 QRM2004-01-00,ECO1101 ME,18.0,월금,2,2,2,4+4+5,1+3+2
4512,9.54,LHP,YCA1006-02-00,QRM1001-01-00 UIC1561-01-00 UIC2151-12-00 UIC1805-01-00,ECO1101-06-00 QRM2004-01-00,ECO1101 ME,18.0,월금,2,2,2,4+4+5,1+3+2
4513,9.54,Lang,YCA1006-02-00,QRM1001-01-00 UIC1561-01-00 UIC1501-04-00 UIC2151-12-00,ECO1101-06-00 QRM2004-01-00,ECO1101 ME,18.0,월금,2,2,2,4+4+5,1+3+2
4514,9.54,LHP,YCA1006-02-00,QRM1001-01-00 UIC1561-01-00 UIC2151-12-00 UIC1806-01-00,ECO1101-06-00 QRM2004-01-00,ECO1101 ME,18.0,월금,2,2,2,4+4+5,1+3+2
4515,9.54,LHP,YCA1006-02-00,QRM1001-01-00 UIC1561-01-00 UIC2151-12-00 UIC1805-01-00,ECO1101-06-00 QRM2004-01-00,ECO1101 ME,18.0,월금,2,2,2,4+4+5,1+3+2
4516,9.54,MR,YCA1006-02-00,UIC1561-01-00 ASP2022-01-00 UIC2151-06-00 UIC1805-01-00,ECO1101-06-00 YCK1998-03-00,ECO1101 FREE,18.0,월금,1,0,2,4,1+2+1+1
4517,9.54,MR,YCA1006-01-00,UIC1561-01-00 ASP2022-01-00 UIC2151-07-00 UIC1805-01-00,ECO1101-06-00 YCK1998-03-00,ECO1101 FREE,18.0,월금,1,0,2,4,1+2+1+1
4518,9.54,MR,YCA1006-02-00,UIC1561-01-00 ASP2022-01-00 UIC2151-07-00 UIC1806-01-00,ECO1101-06-00 YCK1998-03-00,ECO1101 FREE,18.0,월금,1,0,2,4,1+2+1+1
4519,9.54,MR,YCA1006-01-00,UIC1561-01-00 ASP2022-01-00 UIC2151-05-00 UIC1806-02-00,ECO1101-06-00 YCK1998-03-00,ECO1101 FREE,18.0,월금,1,0,2,4,1+2+1+1
4520,9.54,MR,YCA1006-02-00,UIC1561-01-00 ASP2022-01-00 UIC2151-06-00 UIC1805-01-00,ECO1101-06-00 YCK1998-03-00,ECO1101 FREE,18.0,월금,1,0,2,4,1+2+1+1
4521,9.54,MR,YCA1006-01-00,UIC1561-01-00 ASP2022-01-00 UIC2151-06-00 UIC1806-01-00,ECO1101-06-00 YCK1998-03-00,ECO1101 FREE,18.0,월금,1,0,2,4,1+2+1+1
4522,9.54,MR,YCA1006-01-00,UIC1561-01-00 ASP2022-01-00 UIC2151-07-00 UIC1805-01-00,ECO1101-06-00 YCK1998-03-00,ECO1101 FREE,18.0,월금,1,0,2,4,1+2+1+1
4523,9.54,MR,YCA1006-02-00,UIC1561-01-00 ASP2022-01-00 UIC2151-06-00 UIC1806-01-00,ECO1101-06-00 YCK1998-03-00,ECO1101 FREE,18.0,월금,1,0,2,4,1+2+1+1
4524,9.54,MR,YCA1006-01-00,UIC1561-01-00 ASP2022-01-00 UIC2151-06-00 UIC1805-01-00,ECO1101-06-00 YCK1998-03-00,ECO1101 FREE,18.0,월금,1,0,2,4,1+2+1+1
4525,9.54,MR,YCA1006-01-00,UIC1561-01-00 ASP2022-01-00 UIC2151-07-00 UIC1806-01-00,ECO1101-06-00 YCK1998-03-00,ECO1101 FREE,18.0,월금,1,0,2,4,1+2+1+1
4526,9.54,MR,YCA1006-02-00,UIC1561-01-00 ASP2022-01-00 UIC2151-07-00 UIC1806-01-00,ECO1101-06-00 YCK1998-03-00,ECO1101 FREE,18.0,월금,1,0,2,4,1+2+1+1
4527,9.54,MR,YCA1006-01-00,UIC1561-01-00 ASP2022-01-00 UIC2151-07-00 UIC1806-01-00,ECO1101-06-00 YCK1998-03-00,ECO1101 FREE,18.0,월금,1,0,2,4,1+2+1+1
4528,9.54,MR,YCA1006-02-00,UIC1561-01-00 ASP2022-01-00 UIC2151-06-00 UIC1806-01-00,ECO1101-06-00 YCK1998-03-00,ECO1101 FREE,18.0,월금,1,0,2,4,1+2+1+1
4529,9.54,MR,YCA1006-01-00,UIC1561-01-00 ASP2022-01-00 UIC2151-06-00 UIC1805-01-00,ECO1101-06-00 YCK1998-03-00,ECO1101 FREE,18.0,월금,1,0,2,4,1+2+1+1
4530,9.54,MR,YCA1006-02-00,UIC1561-01-00 ASP2022-01-00 UIC2151-07-00 UIC1805-01-00,ECO1101-06-00 YCK1998-03-00,ECO1101 FREE,18.0,월금,1,0,2,4,1+2+1+1
4531,9.54,MR,YCA1006-02-00,UIC1561-01-00 ASP2022-01-00 UIC2151-07-00 UIC1805-01-00,ECO1101-06-00 YCK1998-03-00,ECO1101 FREE,18.0,월금,1,0,2,4,1+2+1+1
4532,9.54,MR,YCA1006-01-00,UIC1561-01-00 ASP2022-01-00 UIC2151-06-00 UIC1806-01-00,ECO1101-06-00 YCK1998-03-00,ECO1101 FREE,18.0,월금,1,0,2,4,1+2+1+1
4533,9.54,MR,YCA1006-02-00,UIC1561-01-00 ASP2022-01-00 UIC2151-05-00 UIC1806-02-00,ECO1101-06-00 YCK1998-03-00,ECO1101 FREE,18.0,월금,1,0,2,4,1+2+1+1
4534,9.54,MR,YCA1006-01-00,UIC1561-01-00 ASP2022-01-00 UIC2151-05-00 UIC1806-02-00,ECO1101-06-00 YCK1998-03-00,ECO1101 FREE,18.0,월금,1,0,2,4,1+2+1+1
4535,9.54,MR,YCA1006-02-00,UIC1561-01-00 ASP2022-01-00 UIC2151-05-00 UIC1806-02-00,ECO1101-06-00 YCK1998-03-00,ECO1101 FREE,18.0,월금,1,0,2,4,1+2+1+1
4536,9.536,Lang,YCA1006-01-00,QRM1001-01-00 UIC1561-01-00 UIC1551-01-00 UIC2151-12-00,QRM2004-01-00 CDM2012-01-00,ME FREE,18.0,월금,1,0,2,7,1+3+1
4537,9.515,MR,-,UIC1561-01-00 UIC1551-01-00 UIC2151-12-00 UIC1806-01-00,ECO1104-06-00 ECO1101-06-00,ME ECO1101,18.0,월금,2,0,3,4,2+2+3+2+1+1
4538,9.515,MR,-,UIC1561-01-00 UIC1551-01-00 UIC2151-12-00 UIC1806-01-00,ECO1104-06-00 ECO1101-06-00,ME ECO1101,18.0,월금,2,0,3,4,2+2+3+2+1+1
4539,9.515,MR,-,UIC1561-01-00 UIC1551-01-00 UIC2151-12-00 UIC1805-01-00,ECO1104-06-00 ECO1101-06-00,ME ECO1101,18.0,월금,2,0,3,4,2+2+3+2+1+1
4540,9.515,MR,-,UIC1561-01-00 UIC1551-01-00 UIC2151-12-00 UIC1805-01-00,ECO1104-06-00 ECO1101-06-00,ME ECO1101,18.0,월금,2,0,3,4,2+2+3+2+1+1
4541,9.515,MR,YCA1006-02-00,UIC1561-01-00 UIC1551-04-00 UIC2151-12-00 UIC1806-01-00,STA2102-04-00 YCE1253-01-00,ME FREE,18.0,월금,2,0,1,,1+1+1+3+1
4542,9.515,MR,YCA1006-01-00,UIC1561-01-00 UIC1251-02-00 UIC2151-12-00 UIC1805-02-00,STA2102-05-00 UCB1105-02-00,ME FREE,18.0,월금,1,0,0,4+4,1+2
4543,9.515,MR,YCA1006-02-00,UIC1561-01-00 UIC1551-04-00 UIC2151-12-00 UIC1805-01-00,STA2102-04-00 YCE1253-01-00,ME FREE,18.0,월금,2,0,1,,1+1+1+3+1
4544,9.515,MR,YCA1006-01-00,UIC1561-01-00 UIC1401-02-00 UIC2151-12-00 UIC1806-02-00,STA2102-05-00 UCB1105-02-00,ME FREE,18.0,월금,1,0,0,4+4,1+2
4545,9.515,MR,YCA1006-01-00,UIC1561-01-00 UIC1251-02-00 UIC2151-12-00 UIC1805-02-00,STA2102-05-00 YCI1998-02-00,ME FREE,18.0,월금,1,0,0,4+4,1+2
4546,9.515,MR,YCA1006-01-00,UIC1561-01-00 UIC1251-02-00 UIC2151-12-00 UIC1805-02-00,STA2102-05-00 UCB1105-02-00,ME FREE,18.0,월금,1,0,0,4+4,1+2
4547,9.515,MR,YCA1006-02-00,UIC1561-01-00 UIC1551-01-00 UIC2151-12-00 UIC1805-01-00,STA2102-04-00 YCE1253-01-00,ME FREE,18.0,월금,2,0,1,,1+1+3+1+1
4548,9.515,MR,YCA1006-01-00,UIC1561-01-00 UIC1401-02-00 UIC2151-12-00 UIC1806-02-00,STA2102-05-00 YCI1998-02-00,ME FREE,18.0,월금,1,0,0,4+4,1+2
4549,9.515,MR,YCA1006-02-00,UIC1561-01-00 UIC1551-04-00 UIC2151-12-00 UIC1805-01-00,STA2102-04-00 YCE1253-01-00,ME FREE,18.0,월금,2,0,1,,1+1+1+3+1
4550,9.515,MR,YCA1006-01-00,UIC1561-01-00 UIC1401-02-00 UIC2151-12-00 UIC1806-02-00,STA2102-05-00 YCI1998-02-00,ME FREE,18.0,월금,1,0,0,4+4,1+2
4551,9.515,MR,YCA1006-01-00,UIC1561-01-00 UIC1401-02-00 UIC2151-12-00 UIC1806-02-00,STA2102-05-00 UCB1105-02-00,ME FREE,18.0,월금,1,0,0,4+4,1+2
4552,9.515,MR,YCA1006-02-00,UIC1561-01-00 UIC1551-01-00 UIC2151-12-00 UIC1806-01-00,STA2102-04-00 YCE1253-01-00,ME FREE,18.0,월금,2,0,1,,1+1+3+1+1
4553,9.515,MR,YCA1006-02-00,UIC1561-01-00 UIC1551-04-00 UIC2151-12-00 UIC1806-01-00,STA2102-04-00 YCE1253-01-00,ME FREE,18.0,월금,2,0,1,,1+1+1+3+1
4554,9.515,MR,YCA1006-02-00,UIC1561-01-00 UIC1551-01-00 UIC2151-12-00 UIC1805-01-00,STA2102-04-00 YCE1253-01-00,ME FREE,18.0,월금,2,0,1,,1+1+3+1+1
4555,9.515,MR,YCA1006-02-00,UIC1561-01-00 UIC1551-01-00 UIC2151-12-00 UIC1806-01-00,STA2102-04-00 YCE1253-01-00,ME FREE,18.0,월금,2,0,1,,1+1+3+1+1
4556,9.515,MR,YCA1006-01-00,UIC1561-01-00 UIC1251-02-00 UIC2151-12-00 UIC1805-02-00,STA2102-05-00 YCI1998-02-00,ME FREE,18.0,월금,1,0,0,4+4,1+2
4557,9.5,MR,YCA1006-01-00,UIC1561-01-00 UIC1551-01-00 UIC1751-01-00 UIC1806-02-00,ECO1101-06-00 STA2102-05-00,ECO1101 ME,18.0,월,0,0,3,6,1+2+2+2+1
4558,9.5,MR,YCA1006-01-00,UIC1561-01-00 UIC1551-01-00 UIC1751-01-00 UIC1806-02-00,ECO1101-06-00 STA2102-05-00,ECO1101 ME,18.0,월,0,0,3,6,1+2+2+2+1
4559,9.482,Lang,YCA1006-02-00,QRM1001-01-00 UIC1561-01-00 ASP2022-01-00 UIC2151-12-00,QRM2004-01-00 YCK1998-03-00,ME FREE,18.0,월금,1,1,0,6+4,3
4560,9.475,MR,YCA1006-02-00,UIC1561-01-00 UIC1351-02-00 UIC2151-14-00 UIC1805-02-00,ECO1104-06-00 STA2102-05-00,ME ME,18.0,월,0,1,1,4+7,2
4561,9.475,MR,YCA1006-02-00,UIC1561-01-00 UIC1351-02-00 UIC2151-14-00 UIC1805-02-00,ECO1104-06-00 STA2102-05-00,ME ME,18.0,월,0,1,1,4+7,2
4562,9.475,MR,YCA1006-02-00,UIC1561-01-00 UIC1501-01-00 UIC2151-14-00 UIC1805-02-00,ECO1104-06-00 STA2102-05-00,ME ME,18.0,월,0,1,1,4+7,2
4563,9.475,MR,YCA1006-02-00,UIC1561-01-00 UIC1501-01-00 UIC2151-14-00 UIC1805-02-00,ECO1104-06-00 STA2102-05-00,ME ME,18.0,월,0,1,1,4+7,2
4564,9.433,MR,YCA1006-02-00,UIC1561-01-00 UIC1551-04-00 UIC2151-10-00 UIC1805-02-00,STA2102-04-00 QRM2001-01-00,ME ME,18.0,금,1,1,1,6,2+1+1+1+2
4565,9.433,MR,YCA1006-02-00,UIC1561-01-00 UIC1551-04-00 UIC2151-04-00 UIC1805-02-00,STA2102-04-00 QRM2001-01-00,ME ME,18.0,금,1,1,1,6,2+1+1+1+2
4566,9.433,MR,YCA1006-02-00,UIC1561-01-00 UIC1551-04-00 UIC2151-04-00 UIC1805-02-00,STA2102-04-00 QRM2001-01-00,ME ME,18.0,금,1,1,1,6,2+1+1+1+2
4567,9.433,MR,YCA1006-02-00,UIC1561-01-00 UIC1551-04-00 UIC2151-10-00 UIC1805-02-00,STA2102-04-00 QRM2001-01-00,ME ME,18.0,금,1,1,1,6,2+1+1+1+2
4568,9.425,Lang,YCA1006-02-00,QRM1001-01-00 UIC1561-01-00 UIC1551-04-00 UIC2151-11-00,ECO1103-02-00 QRM2004-01-00,ME ME,18.0,금,1,1,1,4+4+4,2+1+3
4569,9.415,MR,YCA1006-01-00,UIC1561-01-00 UIC1551-01-00 UIC2151-09-00 UIC1805-01-00,ECO1101-06-00 UCB1105-02-00,ECO1101 FREE,18.0,월금,1,0,3,4,2+2+2
4570,9.415,MR,YCA1006-01-00,UIC1561-01-00 UIC1551-01-00 UIC2151-09-00 UIC1805-01-00,ECO1101-06-00 UCB1105-02-00,ECO1101 FREE,18.0,월금,1,0,3,4,2+2+2
4571,9.415,MR,YCA1006-02-00,UIC1561-01-00 UIC1551-04-00 UIC2151-05-00 UIC1806-02-00,ECO1101-06-00 YCK1998-03-00,ECO1101 FREE,18.0,월금,1,0,3,4,1+3+1+1
4572,9.415,MR,YCA1006-02-00,UIC1561-01-00 UIC1551-04-00 UIC2151-07-00 UIC1806-01-00,ECO1101-06-00 YCK1998-03-00,ECO1101 FREE,18.0,월금,1,0,3,4,1+3+1+1
4573,9.415,MR,YCA1006-02-00,UIC1561-01-00 UIC1551-01-00 UIC2151-09-00 UIC1806-01-00,ECO1101-06-00 YCK1998-03-00,ECO1101 FREE,18.0,월금,1,0,3,4,1+1+1+3
4574,9.415,MR,YCA1006-01-00,UIC1561-01-00 UIC1551-01-00 UIC2151-08-00 UIC1806-01-00,ECO1101-06-00 UCB1105-02-00,ECO1101 FREE,18.0,월금,1,0,3,4,2+2+2
4575,9.415,MR,YCA1006-02-00,UIC1561-01-00 UIC1551-01-00 UIC2151-05-00 UIC1805-02-00,ECO1101-06-00 YCK1998-03-00,ECO1101 FREE,18.0,월금,1,0,3,4,1+1+1+3
4576,9.415,MR,YCA1006-01-00,UIC1561-01-00 UIC1551-04-00 UIC2151-06-00 UIC1806-01-00,ECO1101-06-00 YCK1998-03-00,ECO1101 FREE,18.0,월금,1,0,3,4,1+3+1+1
4577,9.415,MR,YCA1006-02-00,UIC1561-01-00 UIC1551-04-00 UIC2151-07-00 UIC1805-01-00,ECO1101-06-00 YCK1998-03-00,ECO1101 FREE,18.0,월금,1,0,3,4,1+3+1+1
4578,9.415,MR,YCA1006-02-00,UIC1561-01-00 UIC1551-01-00 UIC2151-08-00 UIC1805-01-00,ECO1101-06-00 YCK1998-03-00,ECO1101 FREE,18.0,월금,1,0,3,4,1+1+1+3
4579,9.415,MR,YCA1006-02-00,UIC1561-01-00 UIC1551-01-00 UIC2151-05-00 UIC1805-02-00,ECO1101-06-00 YCK1998-03-00,ECO1101 FREE,18.0,월금,1,0,3,4,1+1+1+3
4580,9.415,MR,YCA1006-02-00,UIC1561-01-00 UIC1551-01-00 UIC2151-08-00 UIC1806-01-00,ECO1101-06-00 YCK1998-03-00,ECO1101 FREE,18.0,월금,1,0,3,4,1+1+1+3
4581,9.415,MR,YCA1006-01-00,UIC1561-01-00 UIC1551-04-00 UIC2151-06-00 UIC1805-01-00,ECO1101-06-00 YCK1998-03-00,ECO1101 FREE,18.0,월금,1,0,3,4,1+3+1+1
4582,9.415,MR,YCA1006-02-00,UIC1561-01-00 UIC1551-01-00 UIC2151-09-00 UIC1805-01-00,ECO1101-06-00 YCK1998-03-00,ECO1101 FREE,18.0,월금,1,0,3,4,1+1+1+3
4583,9.415,MR,YCA1006-02-00,UIC1561-01-00 UIC1551-04-00 UIC2151-06-00 UIC1806-01-00,ECO1101-06-00 YCK1998-03-00,ECO1101 FREE,18.0,월금,1,0,3,4,1+3+1+1
4584,9.415,MR,YCA1006-02-00,UIC1561-01-00 UIC1551-04-00 UIC2151-07-00 UIC1806-01-00,ECO1101-06-00 YCK1998-03-00,ECO1101 FREE,18.0,월금,1,0,3,4,1+3+1+1
4585,9.415,MR,YCA1006-01-00,UIC1561-01-00 UIC1551-04-00 UIC2151-05-00 UIC1806-02-00,ECO1101-06-00 YCK1998-03-00,ECO1101 FREE,18.0,월금,1,0,3,4,1+3+1+1
4586,9.415,MR,YCA1006-01-00,UIC1561-01-00 UIC1551-01-00 UIC2151-08-00 UIC1806-01-00,ECO1101-06-00 UCB1105-02-00,ECO1101 FREE,18.0,월금,1,0,3,4,2+2+2
4587,9.415,MR,YCA1006-01-00,UIC1561-01-00 UIC1551-04-00 UIC2151-07-00 UIC1805-01-00,ECO1101-06-00 YCK1998-03-00,ECO1101 FREE,18.0,월금,1,0,3,4,1+3+1+1
4588,9.415,MR,YCA1006-02-00,UIC1561-01-00 UIC1551-04-00 UIC2151-07-00 UIC1805-01-00,ECO1101-06-00 YCK1998-03-00,ECO1101 FREE,18.0,월금,1,0,3,4,1+3+1+1
4589,9.415,MR,YCA1006-01-00,UIC1561-01-00 UIC1551-01-00 UIC2151-09-00 UIC1806-01-00,ECO1101-06-00 UCB1105-02-00,ECO1101 FREE,18.0,월금,1,0,3,4,2+2+2
4590,9.415,MR,YCA1006-01-00,UIC1561-01-00 UIC1551-01-00 UIC2151-08-00 UIC1805-01-00,ECO1101-06-00 UCB1105-02-00,ECO1101 FREE,18.0,월금,1,0,3,4,2+2+2
4591,9.415,MR,YCA1006-02-00,UIC1561-01-00 UIC1551-01-00 UIC2151-12-00 UIC1805-02-00,ECO1101-06-00 YCK1998-03-00,ECO1101 FREE,18.0,월금,1,0,3,4,1+3+1+3
4592,9.415,MR,YCA1006-02-00,UIC1561-01-00 UIC1551-04-00 UIC2151-06-00 UIC1805-01-00,ECO1101-06-00 YCK1998-03-00,ECO1101 FREE,18.0,월금,1,0,3,4,1+3+1+1
4593,9.415,MR,YCA1006-02-00,UIC1561-01-00 UIC1551-04-00 UIC2151-06-00 UIC1805-01-00,ECO1101-06-00 YCK1998-03-00,ECO1101 FREE,18.0,월금,1,0,3,4,1+3+1+1
4594,9.415,MR,YCA1006-02-00,UIC1561-01-00 UIC1551-01-00 UIC2151-08-00 UIC1805-01-00,ECO1101-06-00 YCK1998-03-00,ECO1101 FREE,18.0,월금,1,0,3,4,1+1+1+3
4595,9.415,MR,YCA1006-02-00,UIC1561-01-00 UIC1551-04-00 UIC2151-05-00 UIC1806-02-00,ECO1101-06-00 YCK1998-03-00,ECO1101 FREE,18.0,월금,1,0,3,4,1+3+1+1
4596,9.415,MR,YCA1006-02-00,UIC1561-01-00 UIC1551-01-00 UIC2151-12-00 UIC1805-02-00,ECO1101-06-00 YCK1998-03-00,ECO1101 FREE,18.0,월금,1,0,3,4,1+3+1+3
4597,9.415,MR,YCA1006-01-00,UIC1561-01-00 UIC1551-04-00 UIC2151-07-00 UIC1806-01-00,ECO1101-06-00 YCK1998-03-00,ECO1101 FREE,18.0,월금,1,0,3,4,1+3+1+1
4598,9.415,MR,YCA1006-02-00,UIC1561-01-00 UIC1551-01-00 UIC2151-09-00 UIC1805-01-00,ECO1101-06-00 YCK1998-03-00,ECO1101 FREE,18.0,월금,1,0,3,4,1+1+1+3
4599,9.415,MR,YCA1006-01-00,UIC1561-01-00 UIC1551-01-00 UIC2151-09-00 UIC1806-01-00,ECO1101-06-00 UCB1105-02-00,ECO1101 FREE,18.0,월금,1,0,3,4,2+2+2
4600,9.415,MR,YCA1006-01-00,UIC1561-01-00 UIC1551-04-00 UIC2151-06-00 UIC1805-01-00,ECO1101-06-00 YCK1998-03-00,ECO1101 FREE,18.0,월금,1,0,3,4,1+3+1+1
4601,9.415,MR,YCA1006-01-00,UIC1561-01-00 UIC1551-04-00 UIC2151-05-00 UIC1806-02-00,ECO1101-06-00 YCK1998-03-00,ECO1101 FREE,18.0,월금,1,0,3,4,1+3+1+1
4602,9.415,MR,YCA1006-02-00,UIC1561-01-00 UIC1551-01-00 UIC2151-08-00 UIC1806-01-00,ECO1101-06-00 YCK1998-03-00,ECO1101 FREE,18.0,월금,1,0,3,4,1+1+1+3
4603,9.415,MR,YCA1006-01-00,UIC1561-01-00 UIC1551-01-00 UIC2151-05-00 UIC1805-02-00,ECO1101-06-00 UCB1105-02-00,ECO1101 FREE,18.0,월금,1,0,3,4,2+2+2
4604,9.415,MR,YCA1006-02-00,UIC1561-01-00 UIC1551-01-00 UIC2151-09-00 UIC1806-01-00,ECO1101-06-00 YCK1998-03-00,ECO1101 FREE,18.0,월금,1,0,3,4,1+1+1+3
4605,9.415,MR,YCA1006-01-00,UIC1561-01-00 UIC1551-01-00 UIC2151-08-00 UIC1805-01-00,ECO1101-06-00 UCB1105-02-00,ECO1101 FREE,18.0,월금,1,0,3,4,2+2+2
4606,9.415,MR,YCA1006-01-00,UIC1561-01-00 UIC1551-04-00 UIC2151-07-00 UIC1805-01-00,ECO1101-06-00 YCK1998-03-00,ECO1101 FREE,18.0,월금,1,0,3,4,1+3+1+1
4607,9.415,MR,YCA1006-02-00,UIC1561-01-00 UIC1551-04-00 UIC2151-06-00 UIC1806-01-00,ECO1101-06-00 YCK1998-03-00,ECO1101 FREE,18.0,월금,1,0,3,4,1+3+1+1
4608,9.415,MR,YCA1006-01-00,UIC1561-01-00 UIC1551-04-00 UIC2151-07-00 UIC1806-01-00,ECO1101-06-00 YCK1998-03-00,ECO1101 FREE,18.0,월금,1,0,3,4,1+3+1+1
4609,9.415,MR,YCA1006-01-00,UIC1561-01-00 UIC1551-04-00 UIC2151-06-00 UIC1806-01-00,ECO1101-06-00 YCK1998-03-00,ECO1101 FREE,18.0,월금,1,0,3,4,1+3+1+1
4610,9.415,MR,YCA1006-01-00,UIC1561-01-00 UIC1551-01-00 UIC2151-05-00 UIC1805-02-00,ECO1101-06-00 UCB1105-02-00,ECO1101 FREE,18.0,월금,1,0,3,4,2+2+2
4611,9.408,Lang,YCA1006-01-00,QRM1001-01-00 UIC1561-01-00 UIC1501-03-00 UIC2151-14-00,ECO1101-06-00 MAT1011-02-00,ECO1101 FREE,18.0,금,0,0,3,6,2+2
4612,9.392,Lang,-,QRM1001-01-00 UIC1561-01-00 UIC1551-04-00 UIC2151-12-00,QRM2004-01-00 QRM2102-01-00,ME ME,18.0,월,1,0,1,4,1+3
4613,9.392,Lang,-,QRM1001-01-00 UIC1561-01-00 UIC1551-01-00 UIC2151-12-00,QRM2004-01-00 QRM2102-01-00,ME ME,18.0,월,1,0,1,4,3+1
4614,9.39,MR,YCA1006-02-00,UIC1561-01-00 UIC1551-01-00 UIC2151-06-00 UIC1805-02-00,STA2102-05-00 STA1002-04-00,ME FREE,18.0,월금,0,2,1,6+5,1+1
4615,9.39,MR,YCA1006-01-00,UIC1561-01-00 UIC1551-01-00 UIC2151-12-00 UIC1805-02-00,ECO1104-06-00 STA1002-04-00,ME FREE,18.0,월금,1,0,1,4+4,2+1+2+1
4616,9.39,MR,YCA1006-01-00,UIC1561-01-00 UIC1551-01-00 UIC2151-12-00 UIC1805-02-00,ECO1104-06-00 STA1002-04-00,ME FREE,18.0,월금,1,0,1,4+4,2+1+2+1
4617,9.39,MR,YCA1006-02-00,UIC1561-01-00 UIC1551-04-00 UIC2151-12-00 UIC1805-02-00,ECO1104-06-00 BIZ1101-09-00,ME FREE,18.0,월금,1,1,1,4+4,1+1
4618,9.39,MR,YCA1006-02-00,UIC1561-01-00 UIC1551-01-00 UIC2151-08-00 UIC1806-02-00,STA2102-05-00 STA1002-04-00,ME FREE,18.0,월금,0,2,1,6+5,1+1
4619,9.39,MR,YCA1006-02-00,UIC1561-01-00 UIC1551-01-00 UIC2151-09-00 UIC1806-02-00,STA2102-05-00 STA1002-04-00,ME FREE,18.0,월금,0,2,1,6+5,1+1
4620,9.39,MR,YCA1006-02-00,UIC1561-01-00 UIC1551-01-00 UIC2151-08-00 UIC1806-02-00,STA2102-05-00 STA1002-04-00,ME FREE,18.0,월금,0,2,1,6+5,1+1
4621,9.39,MR,YCA1006-02-00,UIC1561-01-00 UIC1551-01-00 UIC2151-07-00 UIC1805-02-00,STA2102-05-00 STA1002-04-00,ME FREE,18.0,월금,0,2,1,6+5,1+1
4622,9.39,MR,YCA1006-01-00,UIC1561-01-00 UIC1551-04-00 UIC2151-12-00 UIC1805-02-00,ECO1104-06-00 STA1002-04-00,ME FREE,18.0,월금,1,0,1,4+4,2+1+1+2
4623,9.39,MR,YCA1006-02-00,UIC1561-01-00 UIC1551-04-00 UIC2151-12-00 UIC1805-02-00,ECO1104-06-00 BIZ1101-09-00,ME FREE,18.0,월금,1,1,1,4+4,1+1
4624,9.39,MR,YCA1006-01-00,UIC1561-01-00 UIC1551-04-00 UIC2151-12-00 UIC1805-02-00,ECO1104-06-00 STA1002-04-00,ME FREE,18.0,월금,1,0,1,4+4,2+1+1+2
4625,9.39,MR,YCA1006-02-00,UIC1561-01-00 UIC1551-01-00 UIC2151-09-00 UIC1806-02-00,STA2102-05-00 STA1002-04-00,ME FREE,18.0,월금,0,2,1,6+5,1+1
4626,9.39,MR,YCA1006-02-00,UIC1561-01-00 UIC1551-01-00 UIC2151-06-00 UIC1805-02-00,STA2102-05-00 STA1002-04-00,ME FREE,18.0,월금,0,2,1,6+5,1+1
4627,9.39,MR,YCA1006-02-00,UIC1561-01-00 UIC1551-01-00 UIC2151-07-00 UIC1805-02-00,STA2102-05-00 STA1002-04-00,ME FREE,18.0,월금,0,2,1,6+5,1+1
4628,9.39,MR,YCA1006-02-00,UIC1561-01-00 UIC1551-01-00 UIC2151-12-00 UIC1806-02-00,STA2102-05-00 YCG1804-01-00,ME FREE,18.0,월금,1,0,1,4,2+2+1+1
4629,9.39,MR,YCA1006-02-00,UIC1561-01-00 UIC1551-01-00 UIC2151-12-00 UIC1806-02-00,STA2102-05-00 YCG1804-01-00,ME FREE,18.0,월금,1,0,1,4,2+2+1+1
4630,9.375,MR,YCA1006-02-00,UIC1561-01-00 UIC1351-02-00 UIC2151-14-00 UIC1806-02-00,STA2102-05-00 QRM2102-01-00,ME ME,18.0,월,0,1,1,4+5,2+2
4631,9.375,MR,YCA1006-02-00,UIC1561-01-00 UIC1501-01-00 UIC2151-14-00 UIC1806-02-00,STA2102-05-00 QRM2102-01-00,ME ME,18.0,월,0,1,1,4+5,2+2
4632,9.375,MR,YCA1006-02-00,UIC1561-01-00 UIC1501-01-00 UIC2151-14-00 UIC1806-02-00,STA2102-05-00 QRM2102-01-00,ME ME,18.0,월,0,1,1,4+5,2+2
4633,9.375,MR,YCA1006-02-00,UIC1561-01-00 UIC1351-02-00 UIC2151-14-00 UIC1806-02-00,STA2102-05-00 QRM2102-01-00,ME ME,18.0,월,0,1,1,4+5,2+2
4634,9.366,-,YCA1006-02-00,QRM1001-01-00 UIC1561-01-00 UIC1501-03-00 UIC2151-14-00 UIC1805-01-00,ECO1101-06-00,ECO1101,18.0,금,1,1,3,6+5,1+3+2
4635,9.366,-,YCA1006-02-00,QRM1001-01-00 UIC1561-01-00 UIC1501-03-00 UIC2151-14-00 UIC1806-01-00,ECO1101-06-00,ECO1101,18.0,금,1,1,3,6+5,1+3+2
4636,9.366,-,YCA1006-02-00,QRM1001-01-00 UIC1561-01-00 UIC1501-03-00 UIC2151-14-00 UIC1805-01-00,ECO1101-06-00,ECO1101,18.0,금,1,1,3,6+5,1+3+2
4637,9.366,-,YCA1006-02-00,QRM1001-01-00 UIC1561-01-00 UIC1501-03-00 UIC2151-14-00 UIC1806-01-00,ECO1101-06-00,ECO1101,18.0,금,1,1,3,6+5,1+3+2
4638,9.358,MR,YCA1006-01-00,UIC1561-01-00 UIC1551-03-00 UIC2151-11-00 UIC1805-02-00,ECO1101-06-00 STA2102-04-00,ECO1101 ME,18.0,금,0,1,2,8,2+1+2
4639,9.358,MR,YCA1006-01-00,UIC1561-01-00 UIC1501-03-00 UIC2151-10-00 UIC1805-02-00,ECO1101-06-00 STA2102-04-00,ECO1101 ME,18.0,금,0,1,2,8,2+1+2
4640,9.358,MR,YCA1006-01-00,UIC1561-01-00 UIC1501-02-00 UIC2151-11-00 UIC1805-02-00,ECO1101-06-00 STA2102-04-00,ECO1101 ME,18.0,금,0,1,2,8,2+1+2
4641,9.358,MR,YCA1006-01-00,UIC1561-01-00 UIC1501-02-00 UIC2151-11-00 UIC1805-02-00,ECO1101-06-00 STA2102-04-00,ECO1101 ME,18.0,금,0,1,2,8,2+1+2
4642,9.358,MR,YCA1006-01-00,UIC1561-01-00 UIC1501-03-00 UIC2151-04-00 UIC1805-02-00,ECO1101-06-00 STA2102-04-00,ECO1101 ME,18.0,금,0,1,2,8,2+1+2
4643,9.358,MR,YCA1006-01-00,UIC1561-01-00 UIC1501-03-00 UIC2151-04-00 UIC1805-02-00,ECO1101-06-00 STA2102-04-00,ECO1101 ME,18.0,금,0,1,2,8,2+1+2
4644,9.358,MR,YCA1006-01-00,UIC1561-01-00 UIC1551-03-00 UIC2151-11-00 UIC1805-02-00,ECO1101-06-00 STA2102-04-00,ECO1101 ME,18.0,금,0,1,2,8,2+1+2
4645,9.358,MR,YCA1006-01-00,UIC1561-01-00 UIC1501-03-00 UIC2151-10-00 UIC1805-02-00,ECO1101-06-00 STA2102-04-00,ECO1101 ME,18.0,금,0,1,2,8,2+1+2
4646,9.35,MR,-,UIC1561-01-00 UIC1401-03-00 UIC2151-12-00 UIC1805-02-00,ECO1104-06-00 STA2102-05-00,ME ME,18.0,월,1,0,0,4,1
4647,9.35,MR,-,UIC1561-01-00 UIC1401-03-00 UIC2151-12-00 UIC1805-02-00,ECO1104-06-00 STA2102-05-00,ME ME,18.0,월,1,0,0,4,1
4648,9.342,Lang,YCA1006-02-00,QRM1001-01-00 UIC1561-01-00 UIC1551-04-00 UIC2151-12-00,STA2102-05-00 QRM2102-01-00,ME ME,18.0,월,1,0,1,4+4,4+2
4649,9.333,MR,YCA1006-02-00,UIC1561-01-00 UIC1551-02-00 UIC2151-11-00 UIC1805-02-00,ECO1101-06-00 STA2102-04-00,ECO1101 ME,18.0,금,1,0,2,6,2+1+3+2
4650,9.333,Lang,YCA1006-01-00,QRM1001-01-00 UIC1561-01-00 UIC1551-01-00 UIC2151-11-00,ECO1101-06-00 ECO1103-02-00,ECO1101 ME,18.0,금,1,0,3,6,2+4+3+2+1
4651,9.333,MR,YCA1006-02-00,UIC1561-01-00 UIC1551-02-00 UIC2151-11-00 UIC1805-02-00,ECO1101-06-00 STA2102-04-00,ECO1101 ME,18.0,금,1,0,2,6,2+1+3+2
4652,9.333,MR,YCA1006-02-00,UIC1561-01-00 UIC1501-03-00 UIC2151-03-00 UIC1805-02-00,ECO1101-06-00 STA2102-04-00,ECO1101 ME,18.0,금,1,0,2,6,2+1+3+2
4653,9.333,MR,YCA1006-02-00,UIC1561-01-00 UIC1501-03-00 UIC2151-02-00 UIC1805-02-00,ECO1101-06-00 STA2102-04-00,ECO1101 ME,18.0,금,1,0,2,6,2+1+3+2
4654,9.333,MR,YCA1006-02-00,UIC1561-01-00 UIC1501-03-00 UIC2151-03-00 UIC1805-02-00,ECO1101-06-00 STA2102-04-00,ECO1101 ME,18.0,금,1,0,2,6,2+1+3+2
4655,9.333,MR,YCA1006-02-00,UIC1561-01-00 UIC1501-03-00 UIC2151-02-00 UIC1805-02-00,ECO1101-06-00 STA2102-04-00,ECO1101 ME,18.0,금,1,0,2,6,2+1+3+2
4656,9.312,Lang,-,QRM1001-01-00 UIC1561-01-00 UIC1401-03-00 UIC2151-12-00,ECO1101-06-00 YCH1202-01-00,ECO1101 FREE,18.0,월화,1,0,3,4,1+1+2+1
4657,9.29,MR,YCA1006-02-00,UIC1561-01-00 ASP2022-01-00 UIC2151-12-00 UIC1806-02-00,ECO1101-06-00 BIZ1101-09-00,ECO1101 FREE,18.0,월금,1,0,2,4,2+1+2
4658,9.29,MR,YCA1006-02-00,UIC1561-01-00 ASP2022-01-00 UIC2151-12-00 UIC1806-02-00,ECO1101-06-00 BIZ1101-09-00,ECO1101 FREE,18.0,월금,1,0,2,4,2+1+2
4659,9.283,MR,-,UIC1561-01-00 UIC1551-03-00 UIC2151-14-00 UIC1805-02-00,ECO1104-06-00 STA2102-05-00,ME ME,18.0,금,0,1,1,6+6,1
4660,9.283,MR,-,UIC1561-01-00 UIC1551-03-00 UIC2151-14-00 UIC1805-02-00,ECO1104-06-00 STA2102-05-00,ME ME,18.0,금,0,1,1,6+6,1
4661,9.283,MR,-,UIC1561-01-00 UIC1501-02-00 UIC2151-14-00 UIC1805-02-00,ECO1104-06-00 STA2102-05-00,ME ME,18.0,금,0,1,1,6+6,1
4662,9.283,MR,-,UIC1561-01-00 UIC1501-02-00 UIC2151-14-00 UIC1805-02-00,ECO1104-06-00 STA2102-05-00,ME ME,18.0,금,0,1,1,6+6,1
4663,9.282,SciRD,YCA1006-01-00,QRM1001-01-00 UIC1561-01-00 UIC1551-04-00 UIC1806-01-00,QRM2004-01-00 YCI1998-02-00,ME FREE,18.0,월수금,1,1,1,6+6,1
4664,9.282,SciRD,YCA1006-01-00,QRM1001-01-00 UIC1561-01-00 UIC1551-04-00 UIC1805-01-00,QRM2004-01-00 YCI1998-02-00,ME FREE,18.0,월수금,1,1,1,6+6,1
4665,9.282,SciRD,YCA1006-01-00,QRM1001-01-00 UIC1561-01-00 UIC1551-04-00 UIC1806-01-00,QRM2004-01-00 YCI1998-02-00,ME FREE,18.0,월수금,1,1,1,6+6,1
4666,9.282,LHP,YCA1006-01-00,QRM1001-01-00 UIC1561-01-00 UIC2151-14-00 UIC1805-01-00,QRM2004-01-00 UCB1105-02-00,ME FREE,18.0,월수금,1,1,1,6+6,1
4667,9.282,Lang,YCA1006-01-00,QRM1001-01-00 UIC1561-01-00 UIC1501-04-00 UIC2151-14-00,QRM2004-01-00 UCB1105-02-00,ME FREE,18.0,월수금,1,1,1,6+6,1
4668,9.282,LHP,YCA1006-01-00,QRM1001-01-00 UIC1561-01-00 UIC2151-14-00 UIC1806-01-00,QRM2004-01-00 UCB1105-02-00,ME FREE,18.0,월수금,1,1,1,6+6,1
4669,9.282,LHP,YCA1006-01-00,QRM1001-01-00 UIC1561-01-00 UIC2151-14-00 UIC1805-01-00,QRM2004-01-00 UCB1105-02-00,ME FREE,18.0,월수금,1,1,1,6+6,1
4670,9.282,Lang,YCA1006-01-00,QRM1001-01-00 UIC1561-01-00 UIC1551-04-00 UIC2151-05-00,QRM2004-01-00 YCI1998-02-00,ME FREE,18.0,월수금,1,1,1,6+6,1
4671,9.282,LHP,YCA1006-01-00,QRM1001-01-00 UIC1561-01-00 UIC2151-14-00 UIC1806-01-00,QRM2004-01-00 UCB1105-02-00,ME FREE,18.0,월수금,1,1,1,6+6,1
4672,9.282,SciRD,YCA1006-01-00,QRM1001-01-00 UIC1561-01-00 UIC1551-04-00 UIC1805-01-00,QRM2004-01-00 YCI1998-02-00,ME FREE,18.0,월수금,1,1,1,6+6,1
4673,9.275,Lang,YCA1006-02-00,QRM1001-01-00 UIC1561-01-00 UIC1551-01-00 UIC1751-01-00,ECO1101-06-00 QRM2102-01-00,ECO1101 ME,18.0,월,0,1,3,4+5,3+3+2+1
4674,9.27,MR,YCA1006-01-00,UIC1561-01-00 UIC1251-02-00 UIC2151-14-00 UIC1805-02-00,ECO1101-06-00 YCH1202-01-00,ECO1101 FREE,18.0,월금,0,0,4,4+6,1+2+1
4675,9.27,MR,YCA1006-01-00,UIC1561-01-00 UIC1251-02-00 UIC2151-14-00 UIC1805-02-00,ECO1101-06-00 YCH1202-01-00,ECO1101 FREE,18.0,월금,0,0,4,4+6,1+2+1
4676,9.27,MR,YCA1006-01-00,UIC1561-01-00 UIC1401-02-00 UIC2151-14-00 UIC1806-02-00,ECO1101-06-00 YCH1202-01-00,ECO1101 FREE,18.0,월금,0,0,4,4+6,1+2+1
4677,9.27,MR,YCA1006-01-00,UIC1561-01-00 UIC1401-02-00 UIC2151-14-00 UIC1806-02-00,ECO1101-06-00 YCH1202-01-00,ECO1101 FREE,18.0,월금,0,0,4,4+6,1+2+1
4678,9.265,MR,YCA1006-02-00,UIC1561-01-00 ASP2022-01-00 UIC2151-12-00 UIC1806-01-00,ECO1104-06-00 YCK1998-03-00,ME FREE,18.0,월금,2,0,0,,1+2+3+1
4679,9.265,MR,YCA1006-02-00,UIC1561-01-00 ASP2022-01-00 UIC2151-12-00 UIC1806-01-00,ECO1104-06-00 YCK1998-03-00,ME FREE,18.0,월금,2,0,0,,1+2+3+1
4680,9.265,MR,YCA1006-01-00,UIC1561-01-00 ASP2022-01-00 UIC2151-12-00 UIC1805-01-00,ECO1104-06-00 YCK1998-03-00,ME FREE,18.0,월금,2,0,0,,1+2+3+1
4681,9.265,MR,YCA1006-01-00,UIC1561-01-00 ASP2022-01-00 UIC2151-12-00 UIC1806-01-00,ECO1104-06-00 YCK1998-03-00,ME FREE,18.0,월금,2,0,0,,1+2+3+1
4682,9.265,MR,YCA1006-02-00,UIC1561-01-00 ASP2022-01-00 UIC2151-12-00 UIC1805-01-00,ECO1104-06-00 YCK1998-03-00,ME FREE,18.0,월금,2,0,0,,1+2+3+1
4683,9.265,MR,YCA1006-01-00,UIC1561-01-00 ASP2022-01-00 UIC2151-12-00 UIC1805-01-00,ECO1104-06-00 YCK1998-03-00,ME FREE,18.0,월금,2,0,0,,1+2+3+1
4684,9.265,MR,YCA1006-01-00,UIC1561-01-00 ASP2022-01-00 UIC2151-12-00 UIC1806-01-00,ECO1104-06-00 YCK1998-03-00,ME FREE,18.0,월금,2,0,0,,1+2+3+1
4685,9.265,MR,YCA1006-02-00,UIC1561-01-00 ASP2022-01-00 UIC2151-12-00 UIC1805-01-00,ECO1104-06-00 YCK1998-03-00,ME FREE,18.0,월금,2,0,0,,1+2+3+1
4686,9.265,MR,YCA1006-01-00,UIC1561-01-00 UIC1551-01-00 UIC2151-12-00 UIC1805-02-00,STA2102-04-00 YCG1804-01-00,ME FREE,18.0,월금,1,0,1,,2+3+1+1
4687,9.265,MR,YCA1006-01-00,UIC1561-01-00 UIC1551-01-00 UIC2151-12-00 UIC1805-02-00,STA2102-04-00 YCG1804-01-00,ME FREE,18.0,월금,1,0,1,,2+3+1+1
4688,9.258,MR,-,UIC1561-01-00 UIC1551-04-00 UIC2151-11-00 UIC1805-02-00,ECO1101-06-00 STA2102-04-00,ECO1101 ME,18.0,금,0,0,3,6+4,1+2
4689,9.258,MR,-,UIC1561-01-00 UIC1551-04-00 UIC2151-11-00 UIC1805-02-00,ECO1101-06-00 STA2102-04-00,ECO1101 ME,18.0,금,0,0,3,6+4,1+2
4690,9.258,MR,YCA1006-01-00,UIC1561-01-00 ASP2022-01-00 UIC2151-10-00 UIC1805-02-00,ECO1104-06-00 STA2102-05-00,ME ME,18.0,금,0,1,0,6+5+4,1+1
4691,9.258,MR,YCA1006-01-00,UIC1561-01-00 ASP2022-01-00 UIC2151-04-00 UIC1805-02-00,ECO1104-06-00 STA2102-05-00,ME ME,18.0,금,0,1,0,6+5+4,1+1
4692,9.258,MR,YCA1006-01-00,UIC1561-01-00 ASP2022-01-00 UIC2151-10-00 UIC1805-02-00,ECO1104-06-00 STA2102-05-00,ME ME,18.0,금,0,1,0,6+5+4,1+1
4693,9.258,MR,YCA1006-01-00,UIC1561-01-00 ASP2022-01-00 UIC2151-04-00 UIC1805-02-00,ECO1104-06-00 STA2102-05-00,ME ME,18.0,금,0,1,0,6+5+4,1+1
4694,9.257,SciRD,YCA1006-01-00,QRM1001-01-00 UIC1561-01-00 UIC1551-04-00 UIC1806-01-00,QRM2004-01-00 UCD1101-01-00,ME FREE,18.0,월수금,1,1,2,8,1+1
4695,9.257,Lang,YCA1006-01-00,QRM1001-01-00 UIC1561-01-00 UIC1551-01-00 UIC2151-05-00,QRM2004-01-00 STA1002-04-00,ME FREE,18.0,월금,1,1,1,4+5,2+1+2+1
4696,9.257,LHP,YCA1006-01-00,QRM1001-01-00 UIC1561-01-00 UIC2151-12-00 UIC1805-01-00,QRM2004-01-00 BIZ1101-09-00,ME FREE,18.0,월금,2,1,0,5,1+1
4697,9.257,LHP,YCA1006-02-00,QRM1001-01-00 UIC1561-01-00 UIC2151-14-00 UIC1805-01-00,STA2102-05-00 YCK1998-03-00,ME FREE,18.0,월금,1,1,1,4+5,1+3
4698,9.257,LHP,YCA1006-02-00,QRM1001-01-00 UIC1561-01-00 UIC2151-14-00 UIC1806-01-00,STA2102-05-00 YCK1998-03-00,ME FREE,18.0,월금,1,1,1,4+5,1+3
4699,9.257,LHP,YCA1006-01-00,QRM1001-01-00 UIC1561-01-00 UIC2151-12-00 UIC1805-01-00,QRM2004-01-00 BIZ1101-09-00,ME FREE,18.0,월금,2,1,0,5,1+1
4700,9.257,LHP,YCA1006-01-00,QRM1001-01-00 UIC1561-01-00 UIC2151-12-00 UIC1806-01-00,QRM2004-01-00 BIZ1101-09-00,ME FREE,18.0,월금,2,1,0,5,1+1
4701,9.257,SciRD,YCA1006-01-00,QRM1001-01-00 UIC1561-01-00 UIC1551-01-00 UIC1806-01-00,QRM2004-01-00 STA1002-04-00,ME FREE,18.0,월금,1,1,1,4+5,2+1+2+1
4702,9.257,LHP,YCA1006-01-00,QRM1001-01-00 UIC1561-01-00 UIC2151-12-00 UIC1806-01-00,QRM2004-01-00 BIZ1101-09-00,ME FREE,18.0,월금,2,1,0,5,1+1
4703,9.257,SciRD,YCA1006-01-00,QRM1001-01-00 UIC1561-01-00 UIC1551-01-00 UIC1806-01-00,QRM2004-01-00 STA1002-04-00,ME FREE,18.0,월금,1,1,1,4+5,2+1+2+1
4704,9.257,SciRD,YCA1006-01-00,QRM1001-01-00 UIC1561-01-00 UIC1551-04-00 UIC1806-01-00,QRM2004-01-00 UCD1101-01-00,ME FREE,18.0,월수금,1,1,2,8,1+1
4705,9.257,Lang,YCA1006-01-00,QRM1001-01-00 UIC1561-01-00 UIC1501-04-00 UIC2151-12-00,QRM2004-01-00 BIZ1101-09-00,ME FREE,18.0,월금,2,1,0,5,1+1
4706,9.257,Lang,YCA1006-02-00,QRM1001-01-00 UIC1561-01-00 UIC1501-04-00 UIC2151-14-00,STA2102-05-00 YCK1998-03-00,ME FREE,18.0,월금,1,1,1,4+5,1+3
4707,9.257,LHP,YCA1006-02-00,QRM1001-01-00 UIC1561-01-00 UIC2151-14-00 UIC1806-01-00,STA2102-05-00 YCK1998-03-00,ME FREE,18.0,월금,1,1,1,4+5,1+3
4708,9.257,SciRD,YCA1006-01-00,QRM1001-01-00 UIC1561-01-00 UIC1551-04-00 UIC1805-01-00,QRM2004-01-00 UCD1101-01-00,ME FREE,18.0,월수금,1,1,2,8,1+1
4709,9.257,SciRD,YCA1006-01-00,QRM1001-01-00 UIC1561-01-00 UIC1551-01-00 UIC1805-01-00,QRM2004-01-00 STA1002-04-00,ME FREE,18.0,월금,1,1,1,4+5,2+1+2+1
4710,9.257,SciRD,YCA1006-01-00,QRM1001-01-00 UIC1561-01-00 UIC1551-04-00 UIC1805-01-00,QRM2004-01-00 UCD1101-01-00,ME FREE,18.0,월수금,1,1,2,8,1+1
4711,9.257,SciRD,YCA1006-01-00,QRM1001-01-00 UIC1561-01-00 UIC1551-01-00 UIC1805-01-00,QRM2004-01-00 STA1002-04-00,ME FREE,18.0,월금,1,1,1,4+5,2+1+2+1
4712,9.257,LHP,YCA1006-02-00,QRM1001-01-00 UIC1561-01-00 UIC2151-14-00 UIC1805-01-00,STA2102-05-00 YCK1998-03-00,ME FREE,18.0,월금,1,1,1,4+5,1+3
4713,9.257,Lang,YCA1006-01-00,QRM1001-01-00 UIC1561-01-00 UIC1551-04-00 UIC2151-05-00,QRM2004-01-00 UCD1101-01-00,ME FREE,18.0,월수금,1,1,2,8,1+1
4714,9.25,Lang,YCA1006-01-00,QRM1001-01-00 UIC1561-01-00 UIC1501-03-00 UIC2151-12-00,QRM2004-01-00 QRM2001-01-00,ME ME,18.0,금,2,1,0,4+5,1+2
4715,9.24,MR,-,UIC1561-01-00 UIC1401-02-00 UIC2151-14-00 UIC1806-02-00,STA2102-05-00 YCK1998-03-00,ME FREE,18.0,월금,0,0,1,4+6,
4716,9.24,MR,-,UIC1561-01-00 UIC1251-02-00 UIC2151-14-00 UIC1805-02-00,STA2102-05-00 YCK1998-03-00,ME FREE,18.0,월금,0,0,1,4+6,
4717,9.24,MR,-,UIC1561-01-00 UIC1401-02-00 UIC2151-14-00 UIC1806-02-00,STA2102-05-00 YCK1998-03-00,ME FREE,18.0,월금,0,0,1,4+6,
4718,9.24,MR,-,UIC1561-01-00 UIC1251-02-00 UIC2151-14-00 UIC1805-02-00,STA2102-05-00 YCK1998-03-00,ME FREE,18.0,월금,0,0,1,4+6,
4719,9.232,Lang,YCA1006-01-00,QRM1001-01-00 UIC1561-01-00 UIC1551-04-00 UIC2151-12-00,QRM2004-01-00 ECO1002-04-00,ME FREE,18.0,월금,1,1,1,6,1+1+3
4720,9.225,WCiv,YCA1006-01-00,QRM1001-01-00 UIC1551-04-00 UIC1751-01-00 UIC1805-01-00,QRM2004-01-00 STA2102-05-00,ME ME,18.0,월,1,1,1,6,1+1+2
4721,9.225,WCiv,YCA1006-01-00,QRM1001-01-00 UIC1551-04-00 UIC1751-01-00 UIC1806-01-00,QRM2004-01-00 STA2102-05-00,ME ME,18.0,월,1,1,1,6,1+1+2
4722,9.225,WCiv,YCA1006-01-00,QRM1001-01-00 UIC1551-04-00 UIC1751-01-00 UIC1805-01-00,QRM2004-01-00 STA2102-05-00,ME ME,18.0,월,1,1,1,6,1+1+2
4723,9.225,WCiv,YCA1006-01-00,QRM1001-01-00 UIC1551-04-00 UIC1751-01-00 UIC1806-01-00,QRM2004-01-00 STA2102-05-00,ME ME,18.0,월,1,1,1,6,1+1+2
4724,9.225,Lang,-,QRM1001-01-00 UIC1561-01-00 UIC1551-04-00 UIC2151-11-00,ECO1103-02-00 QRM2004-01-00,ME ME,18.0,금,1,0,1,4+4,2+1+3
4725,9.225,Lang,-,QRM1001-01-00 UIC1561-01-00 UIC1551-01-00 UIC2151-11-00,ECO1103-02-00 QRM2004-01-00,ME ME,18.0,금,1,0,1,4+4,2+3+1
4726,9.215,MR,YCA1006-02-00,UIC1561-01-00 UIC1551-04-00 UIC2151-12-00 UIC1805-02-00,STA2102-05-00 YCJ1305-01-00,ME FREE,18.0,월금,1,0,2,4+5,1+2+2
4727,9.215,MR,YCA1006-02-00,UIC1561-01-00 UIC1551-04-00 UIC2151-12-00 UIC1805-02-00,STA2102-05-00 YCB1101-43-00,ME FREE,18.0,월금,1,0,2,4+5,1+2+2
4728,9.215,MR,YCA1006-02-00,UIC1561-01-00 UIC1551-01-00 UIC2151-12-00 UIC1805-02-00,STA2102-05-00 YCB1101-13-00,ME FREE,18.0,월금,1,0,2,4+5,1+2+2
4729,9.215,MR,YCA1006-02-00,UIC1561-01-00 UIC1551-04-00 UIC2151-12-00 UIC1805-02-00,STA2102-05-00 YCB1101-43-00,ME FREE,18.0,월금,1,0,2,4+5,1+2+2
4730,9.215,MR,YCA1006-02-00,UIC1561-01-00 UIC1551-04-00 UIC2151-12-00 UIC1805-02-00,STA2102-05-00 YCJ1305-01-00,ME FREE,18.0,월금,1,0,2,4+5,1+2+2
4731,9.215,MR,YCA1006-02-00,UIC1561-01-00 UIC1551-01-00 UIC2151-12-00 UIC1805-02-00,STA2102-05-00 YCB1101-13-00,ME FREE,18.0,월금,1,0,2,4+5,1+2+2
4732,9.215,MR,YCA1006-01-00,UIC1561-01-00 ASP2022-01-00 UIC2151-09-00 UIC1806-02-00,STA2102-05-00 YCK1998-03-00,ME FREE,18.0,월금,0,0,0,4+5+4,1
4733,9.215,MR,YCA1006-01-00,UIC1561-01-00 ASP2022-01-00 UIC2151-06-00 UIC1805-02-00,STA2102-05-00 YCK1998-03-00,ME FREE,18.0,월금,0,0,0,4+5+4,1
4734,9.215,MR,YCA1006-01-00,UIC1561-01-00 ASP2022-01-00 UIC2151-08-00 UIC1806-02-00,STA2102-05-00 YCK1998-03-00,ME FREE,18.0,월금,0,0,0,4+5+4,1
4735,9.215,MR,YCA1006-01-00,UIC1561-01-00 ASP2022-01-00 UIC2151-07-00 UIC1805-02-00,STA2102-05-00 YCK1998-03-00,ME FREE,18.0,월금,0,0,0,4+5+4,1
4736,9.215,MR,YCA1006-01-00,UIC1561-01-00 ASP2022-01-00 UIC2151-08-00 UIC1806-02-00,STA2102-05-00 YCK1998-03-00,ME FREE,18.0,월금,0,0,0,4+5+4,1
4737,9.215,MR,YCA1006-01-00,UIC1561-01-00 ASP2022-01-00 UIC2151-09-00 UIC1806-02-00,STA2102-05-00 YCK1998-03-00,ME FREE,18.0,월금,0,0,0,4+5+4,1
4738,9.215,MR,YCA1006-01-00,UIC1561-01-00 ASP2022-01-00 UIC2151-06-00 UIC1805-02-00,STA2102-05-00 YCK1998-03-00,ME FREE,18.0,월금,0,0,0,4+5+4,1
4739,9.215,MR,YCA1006-01-00,UIC1561-01-00 ASP2022-01-00 UIC2151-07-00 UIC1805-02-00,STA2102-05-00 YCK1998-03-00,ME FREE,18.0,월금,0,0,0,4+5+4,1
4740,9.208,MR,YCA1006-02-00,UIC1561-01-00 UIC1551-04-00 UIC2151-11-00 UIC1805-02-00,ECO1101-06-00 ECO1103-02-00,ECO1101 ME,18.0,금,1,0,3,6,2+1+1+3+2+2
4741,9.208,MR,YCA1006-02-00,UIC1561-01-00 UIC1551-04-00 UIC2151-11-00 UIC1805-02-00,ECO1101-06-00 ECO1103-02-00,ECO1101 ME,18.0,금,1,0,3,6,2+1+1+3+2+2
4742,9.19,MR,-,UIC1561-01-00 UIC1551-04-00 UIC2151-12-00 UIC1805-02-00,ECO1104-06-00 BIZ1101-09-00,ME FREE,18.0,월금,1,0,1,4,1+1
4743,9.19,MR,-,UIC1561-01-00 UIC1551-04-00 UIC2151-12-00 UIC1805-02-00,ECO1104-06-00 BIZ1101-09-00,ME FREE,18.0,월금,1,0,1,4,1+1
4744,9.19,MR,-,UIC1561-01-00 UIC1551-01-00 UIC2151-12-00 UIC1805-02-00,ECO1104-06-00 BIZ1101-09-00,ME FREE,18.0,월금,1,0,1,4,1+1
4745,9.19,MR,-,UIC1561-01-00 UIC1551-01-00 UIC2151-12-00 UIC1805-02-00,ECO1104-06-00 BIZ1101-09-00,ME FREE,18.0,월금,1,0,1,4,1+1
4746,9.19,MR,YCA1006-01-00,UIC1561-01-00 UIC1551-04-00 UIC2151-05-00 UIC1805-02-00,ECO1104-06-00 BIZ1101-09-00,ME FREE,18.0,월금,1,1,1,6,1+1
4747,9.19,MR,YCA1006-01-00,UIC1561-01-00 UIC1551-04-00 UIC2151-06-00 UIC1805-02-00,QRM2001-01-00 YCK1998-03-00,ME FREE,18.0,월금,1,1,1,6,1+1
4748,9.19,MR,YCA1006-01-00,UIC1561-01-00 UIC1551-04-00 UIC2151-08-00 UIC1806-01-00,STA2102-04-00 YCH1605-01-00,ME FREE,18.0,월수금,1,1,1,6,1+1
4749,9.19,MR,YCA1006-01-00,UIC1561-01-00 UIC1551-04-00 UIC2151-07-00 UIC1805-02-00,QRM2001-01-00 YCK1998-03-00,ME FREE,18.0,월금,1,1,1,6,1+1
4750,9.19,MR,YCA1006-01-00,UIC1561-01-00 UIC1551-04-00 UIC2151-09-00 UIC1805-01-00,STA2102-04-00 YCH1605-01-00,ME FREE,18.0,월수금,1,1,1,6,1+1
4751,9.19,MR,YCA1006-01-00,UIC1561-01-00 UIC1551-04-00 UIC2151-05-00 UIC1805-02-00,ECO1104-06-00 BIZ1101-09-00,ME FREE,18.0,월금,1,1,1,6,1+1
4752,9.19,MR,YCA1006-01-00,UIC1561-01-00 UIC1551-04-00 UIC2151-06-00 UIC1805-02-00,QRM2001-01-00 YCK1998-03-00,ME FREE,18.0,월금,1,1,1,6,1+1
4753,9.19,MR,YCA1006-01-00,UIC1561-01-00 UIC1551-04-00 UIC2151-09-00 UIC1806-02-00,QRM2001-01-00 YCK1998-03-00,ME FREE,18.0,월금,1,1,1,6,1+1
4754,9.19,MR,YCA1006-01-00,UIC1561-01-00 UIC1551-04-00 UIC2151-08-00 UIC1805-01-00,ECO1104-06-00 BIZ1101-09-00,ME FREE,18.0,월금,1,1,1,6,1+1
4755,9.19,MR,YCA1006-01-00,UIC1561-01-00 UIC1551-04-00 UIC2151-09-00 UIC1806-01-00,STA2102-04-00 YCH1605-01-00,ME FREE,18.0,월수금,1,1,1,6,1+1
4756,9.19,MR,YCA1006-01-00,UIC1561-01-00 UIC1551-04-00 UIC2151-08-00 UIC1806-01-00,STA2102-04-00 YCH1605-01-00,ME FREE,18.0,월수금,1,1,1,6,1+1
4757,9.19,MR,YCA1006-01-00,UIC1561-01-00 UIC1551-04-00 UIC2151-08-00 UIC1806-02-00,QRM2001-01-00 YCK1998-03-00,ME FREE,18.0,월금,1,1,1,6,1+1
4758,9.19,MR,YCA1006-01-00,UIC1561-01-00 UIC1551-04-00 UIC2151-09-00 UIC1805-01-00,STA2102-04-00 YCH1605-01-00,ME FREE,18.0,월수금,1,1,1,6,1+1
4759,9.19,MR,YCA1006-01-00,UIC1561-01-00 UIC1551-04-00 UIC2151-08-00 UIC1806-01-00,ECO1104-06-00 BIZ1101-09-00,ME FREE,18.0,월금,1,1,1,6,1+1
4760,9.19,MR,YCA1006-01-00,UIC1561-01-00 UIC1551-04-00 UIC2151-09-00 UIC1806-01-00,STA2102-04-00 YCH1605-01-00,ME FREE,18.0,월수금,1,1,1,6,1+1
4761,9.19,MR,YCA1006-01-00,UIC1561-01-00 UIC1551-04-00 UIC2151-08-00 UIC1806-02-00,QRM2001-01-00 YCK1998-03-00,ME FREE,18.0,월금,1,1,1,6,1+1
4762,9.19,MR,YCA1006-01-00,UIC1561-01-00 UIC1551-04-00 UIC2151-09-00 UIC1805-01-00,ECO1104-06-00 BIZ1101-09-00,ME FREE,18.0,월금,1,1,1,6,1+1
4763,9.19,MR,YCA1006-01-00,UIC1561-01-00 UIC1551-04-00 UIC2151-08-00 UIC1805-01-00,ECO1104-06-00 BIZ1101-09-00,ME FREE,18.0,월금,1,1,1,6,1+1
4764,9.19,MR,YCA1006-01-00,UIC1561-01-00 UIC1551-04-00 UIC2151-08-00 UIC1806-01-00,ECO1104-06-00 BIZ1101-09-00,ME FREE,18.0,월금,1,1,1,6,1+1
4765,9.19,MR,YCA1006-01-00,UIC1561-01-00 UIC1551-04-00 UIC2151-08-00 UIC1805-01-00,STA2102-04-00 YCH1605-01-00,ME FREE,18.0,월수금,1,1,1,6,1+1
4766,9.19,MR,YCA1006-01-00,UIC1561-01-00 UIC1551-04-00 UIC2151-05-00 UIC1805-02-00,STA2102-04-00 YCH1605-01-00,ME FREE,18.0,월수금,1,1,1,6,1+1
4767,9.19,MR,YCA1006-01-00,UIC1561-01-00 UIC1551-04-00 UIC2151-05-00 UIC1805-02-00,STA2102-04-00 YCH1605-01-00,ME FREE,18.0,월수금,1,1,1,6,1+1
4768,9.19,MR,YCA1006-01-00,UIC1561-01-00 UIC1551-04-00 UIC2151-09-00 UIC1806-02-00,QRM2001-01-00 YCK1998-03-00,ME FREE,18.0,월금,1,1,1,6,1+1
4769,9.19,MR,YCA1006-01-00,UIC1561-01-00 UIC1551-04-00 UIC2151-09-00 UIC1806-01-00,ECO1104-06-00 BIZ1101-09-00,ME FREE,18.0,월금,1,1,1,6,1+1
4770,9.19,MR,YCA1006-01-00,UIC1561-01-00 UIC1551-04-00 UIC2151-09-00 UIC1805-01-00,ECO1104-06-00 BIZ1101-09-00,ME FREE,18.0,월금,1,1,1,6,1+1
4771,9.19,MR,YCA1006-01-00,UIC1561-01-00 UIC1551-04-00 UIC2151-07-00 UIC1805-02-00,QRM2001-01-00 YCK1998-03-00,ME FREE,18.0,월금,1,1,1,6,1+1
4772,9.19,MR,YCA1006-01-00,UIC1561-01-00 UIC1551-04-00 UIC2151-08-00 UIC1805-01-00,STA2102-04-00 YCH1605-01-00,ME FREE,18.0,월수금,1,1,1,6,1+1
4773,9.19,MR,YCA1006-01-00,UIC1561-01-00 UIC1551-04-00 UIC2151-09-00 UIC1806-01-00,ECO1104-06-00 BIZ1101-09-00,ME FREE,18.0,월금,1,1,1,6,1+1
4774,9.173,MR,YCA1006-02-00,UIC1561-01-00 UIC1551-01-00 UIC1751-01-00 UIC1805-02-00,STA2102-04-00 QRM3001-01-00,ME ME,18.0,월,0,0,1,,1+3+1+2
4775,9.173,MR,YCA1006-02-00,UIC1561-01-00 UIC1551-01-00 UIC1751-01-00 UIC1805-02-00,STA2102-04-00 QRM3001-01-00,ME ME,18.0,월,0,0,1,,1+3+1+2
4776,9.165,MR,YCA1006-02-00,UIC1561-01-00 UIC1551-04-00 UIC2151-12-00 UIC1806-02-00,ECO1101-06-00 BIZ1101-09-00,ECO1101 FREE,18.0,월금,1,0,3,4,3+1+2
4777,9.165,Lang,YCA1006-01-00,QRM1001-01-00 UIC1561-01-00 UIC1551-01-00 UIC2151-12-00,ECO1101-06-00 YCI1901-01-00,ECO1101 FREE,18.0,월금,1,0,4,4,4+3+2+1
4778,9.165,MR,YCA1006-02-00,UIC1561-01-00 UIC1551-04-00 UIC2151-12-00 UIC1806-02-00,ECO1101-06-00 BIZ1101-09-00,ECO1101 FREE,18.0,월금,1,0,3,4,3+1+2
4779,9.161,SciRD,YCA1006-01-00,QRM1001-01-00 UIC1561-01-00 UIC1551-04-00 UIC1806-01-00,QRM2004-01-00 ANT2105-01-00,ME FREE,18.0,월금,1,1,2,4+6,1+1
4780,9.161,SciRD,YCA1006-01-00,QRM1001-01-00 UIC1561-01-00 UIC1551-04-00 UIC1805-01-00,QRM2004-01-00 ANT2105-01-00,ME FREE,18.0,월금,1,1,2,4+6,1+1
4781,9.161,SciRD,YCA1006-01-00,QRM1001-01-00 UIC1561-01-00 UIC1551-04-00 UIC1806-01-00,QRM2004-01-00 ANT2105-01-00,ME FREE,18.0,월금,1,1,2,4+6,1+1
4782,9.161,SciRD,YCA1006-01-00,QRM1001-01-00 UIC1561-01-00 UIC1551-04-00 UIC1805-01-00,QRM2004-01-00 ANT2105-01-00,ME FREE,18.0,월금,1,1,2,4+6,1+1
4783,9.161,Lang,YCA1006-01-00,QRM1001-01-00 UIC1561-01-00 UIC1551-04-00 UIC2151-05-00,QRM2004-01-00 ANT2105-01-00,ME FREE,18.0,월금,1,1,2,4+6,1+1
4784,9.15,Lang,-,QRM1001-01-00 UIC1561-01-00 UIC1551-03-00 UIC2151-14-00,ECO1103-02-00 QRM2004-01-00,ME ME,18.0,금,1,0,1,4+6,2+1+2
4785,9.15,Lang,-,QRM1001-01-00 UIC1561-01-00 UIC1501-02-00 UIC2151-14-00,ECO1103-02-00 QRM2004-01-00,ME ME,18.0,금,1,0,1,4+6,2+1+2
4786,9.149,Lang,-,QRM1001-01-00 UIC1561-01-00 UIC1401-03-00 UIC2151-12-00,STA2102-05-00 YCK1998-03-00,ME FREE,18.0,월화,1,0,0,4+4,1
4787,9.149,Lang,-,QRM1001-01-00 UIC1561-01-00 UIC1401-03-00 UIC2151-12-00,STA2102-05-00 UCB1105-02-00,ME FREE,18.0,월화,1,0,0,4+4,1
4788,9.142,Lang,YCA1006-02-00,QRM1001-01-00 UIC1561-01-00 ASP2022-01-00 UIC1751-01-00,QRM2004-01-00 STA2102-05-00,ME ME,18.0,월,0,1,0,4+6+4,2
4789,9.14,MR,YCA1006-02-00,UIC1561-01-00 UIC1551-04-00 UIC2151-07-00 UIC1805-02-00,ECO1101-06-00 QRM2001-01-00,ECO1101 ME,18.0,월금,1,2,3,4+4+6,1+1+2
4790,9.14,MR,YCA1006-02-00,UIC1561-01-00 UIC1551-04-00 UIC2151-06-00 UIC1805-02-00,ECO1101-06-00 QRM2001-01-00,ECO1101 ME,18.0,월금,1,2,3,4+4+6,1+1+2
4791,9.14,MR,YCA1006-02-00,UIC1561-01-00 UIC1551-04-00 UIC2151-06-00 UIC1805-02-00,ECO1101-06-00 QRM2001-01-00,ECO1101 ME,18.0,월금,1,2,3,4+4+6,1+1+2
4792,9.14,MR,YCA1006-02-00,UIC1561-01-00 UIC1551-04-00 UIC2151-07-00 UIC1805-02-00,ECO1101-06-00 QRM2001-01-00,ECO1101 ME,18.0,월금,1,2,3,4+4+6,1+1+2
4793,9.14,MR,YCA1006-02-00,UIC1561-01-00 UIC1551-04-00 UIC2151-08-00 UIC1806-02-00,ECO1101-06-00 QRM2001-01-00,ECO1101 ME,18.0,월금,1,2,3,4+4+6,1+1+2
4794,9.14,MR,YCA1006-02-00,UIC1561-01-00 UIC1551-04-00 UIC2151-09-00 UIC1806-02-00,ECO1101-06-00 QRM2001-01-00,ECO1101 ME,18.0,월금,1,2,3,4+4+6,1+1+2
4795,9.14,MR,YCA1006-02-00,UIC1561-01-00 UIC1551-04-00 UIC2151-09-00 UIC1806-02-00,ECO1101-06-00 QRM2001-01-00,ECO1101 ME,18.0,월금,1,2,3,4+4+6,1+1+2
4796,9.14,MR,YCA1006-02-00,UIC1561-01-00 UIC1551-04-00 UIC2151-08-00 UIC1806-02-00,ECO1101-06-00 QRM2001-01-00,ECO1101 ME,18.0,월금,1,2,3,4+4+6,1+1+2
4797,9.14,MR,YCA1006-02-00,UIC1561-01-00 UIC1251-02-00 UIC2151-12-00 UIC1805-02-00,STA2102-05-00 YCK1998-03-00,ME FREE,18.0,월금,1,1,0,4+4,2
4798,9.14,MR,YCA1006-02-00,UIC1561-01-00 UIC1401-02-00 UIC2151-12-00 UIC1806-02-00,STA2102-05-00 YCK1998-03-00,ME FREE,18.0,월금,1,1,0,4+4,2
4799,9.14,MR,YCA1006-02-00,UIC1561-01-00 UIC1551-04-00 UIC2151-12-00 UIC1806-01-00,ECO1104-06-00 YCK1998-03-00,ME FREE,18.0,월금,2,0,1,,1+3+3+1
4800,9.14,MR,YCA1006-01-00,UIC1561-01-00 UIC1551-04-00 UIC2151-12-00 UIC1806-01-00,ECO1104-06-00 YCK1998-03-00,ME FREE,18.0,월금,2,0,1,,1+3+3+1
4801,9.14,MR,YCA1006-02-00,UIC1561-01-00 UIC1401-02-00 UIC2151-12-00 UIC1806-02-00,STA2102-05-00 YCK1998-03-00,ME FREE,18.0,월금,1,1,0,4+4,2
4802,9.14,MR,YCA1006-01-00,UIC1561-01-00 UIC1551-04-00 UIC2151-12-00 UIC1806-01-00,ECO1104-06-00 YCK1998-03-00,ME FREE,18.0,월금,2,0,1,,1+3+3+1
4803,9.14,MR,YCA1006-01-00,UIC1561-01-00 UIC1551-04-00 UIC2151-12-00 UIC1805-01-00,ECO1104-06-00 YCK1998-03-00,ME FREE,18.0,월금,2,0,1,,1+3+3+1
4804,9.14,MR,YCA1006-02-00,UIC1561-01-00 UIC1551-04-00 UIC2151-12-00 UIC1805-01-00,ECO1104-06-00 YCK1998-03-00,ME FREE,18.0,월금,2,0,1,,1+3+3+1
4805,9.14,MR,YCA1006-02-00,UIC1561-01-00 UIC1551-04-00 UIC2151-12-00 UIC1805-01-00,ECO1104-06-00 YCK1998-03-00,ME FREE,18.0,월금,2,0,1,,1+3+3+1
4806,9.14,MR,YCA1006-02-00,UIC1561-01-00 UIC1251-02-00 UIC2151-12-00 UIC1805-02-00,STA2102-05-00 YCK1998-03-00,ME FREE,18.0,월금,1,1,0,4+4,2
4807,9.14,MR,YCA1006-01-00,UIC1561-01-00 UIC1551-04-00 UIC2151-12-00 UIC1805-01-00,ECO1104-06-00 YCK1998-03-00,ME FREE,18.0,월금,2,0,1,,1+3+3+1
4808,9.14,MR,YCA1006-02-00,UIC1561-01-00 UIC1551-04-00 UIC2151-12-00 UIC1806-01-00,ECO1104-06-00 YCK1998-03-00,ME FREE,18.0,월금,2,0,1,,1+3+3+1
4809,9.133,MR,YCA1006-01-00,UIC1561-01-00 UIC1501-02-00 UIC2151-14-00 UIC1806-01-00,ECO1104-06-00 ECO1103-02-00,ME ME,18.0,금,2,0,1,4,2+1+2+1+2+1
4810,9.133,MR,YCA1006-02-00,UIC1561-01-00 UIC1551-03-00 UIC2151-14-00 UIC1805-01-00,ECO1104-06-00 ECO1103-02-00,ME ME,18.0,금,2,0,1,4,2+1+2+1+2+1
4811,9.133,MR,YCA1006-02-00,UIC1561-01-00 UIC1501-02-00 UIC2151-14-00 UIC1806-01-00,ECO1104-06-00 ECO1103-02-00,ME ME,18.0,금,2,0,1,4,2+1+2+1+2+1
4812,9.133,MR,YCA1006-01-00,UIC1561-01-00 UIC1551-03-00 UIC2151-14-00 UIC1806-01-00,ECO1104-06-00 ECO1103-02-00,ME ME,18.0,금,2,0,1,4,2+1+2+1+2+1
4813,9.133,MR,YCA1006-02-00,UIC1561-01-00 UIC1501-02-00 UIC2151-14-00 UIC1806-01-00,ECO1104-06-00 ECO1103-02-00,ME ME,18.0,금,2,0,1,4,2+1+2+1+2+1
4814,9.133,MR,YCA1006-01-00,UIC1561-01-00 UIC1501-02-00 UIC2151-14-00 UIC1805-01-00,ECO1104-06-00 ECO1103-02-00,ME ME,18.0,금,2,0,1,4,2+1+2+1+2+1
4815,9.133,MR,YCA1006-01-00,UIC1561-01-00 UIC1551-03-00 UIC2151-14-00 UIC1805-01-00,ECO1104-06-00 ECO1103-02-00,ME ME,18.0,금,2,0,1,4,2+1+2+1+2+1
4816,9.133,MR,YCA1006-02-00,UIC1561-01-00 UIC1551-03-00 UIC2151-14-00 UIC1805-01-00,ECO1104-06-00 ECO1103-02-00,ME ME,18.0,금,2,0,1,4,2+1+2+1+2+1
4817,9.133,MR,YCA1006-01-00,UIC1561-01-00 UIC1551-03-00 UIC2151-14-00 UIC1806-01-00,ECO1104-06-00 ECO1103-02-00,ME ME,18.0,금,2,0,1,4,2+1+2+1+2+1
4818,9.133,MR,YCA1006-02-00,UIC1561-01-00 UIC1551-03-00 UIC2151-14-00 UIC1806-01-00,ECO1104-06-00 ECO1103-02-00,ME ME,18.0,금,2,0,1,4,2+1+2+1+2+1
4819,9.133,MR,YCA1006-01-00,UIC1561-01-00 UIC1551-03-00 UIC2151-14-00 UIC1805-01-00,ECO1104-06-00 ECO1103-02-00,ME ME,18.0,금,2,0,1,4,2+1+2+1+2+1
4820,9.133,MR,YCA1006-02-00,UIC1561-01-00 UIC1501-02-00 UIC2151-14-00 UIC1805-01-00,ECO1104-06-00 ECO1103-02-00,ME ME,18.0,금,2,0,1,4,2+1+2+1+2+1
4821,9.133,MR,YCA1006-01-00,UIC1561-01-00 UIC1501-02-00 UIC2151-14-00 UIC1806-01-00,ECO1104-06-00 ECO1103-02-00,ME ME,18.0,금,2,0,1,4,2+1+2+1+2+1
4822,9.133,MR,YCA1006-02-00,UIC1561-01-00 UIC1551-03-00 UIC2151-14-00 UIC1806-01-00,ECO1104-06-00 ECO1103-02-00,ME ME,18.0,금,2,0,1,4,2+1+2+1+2+1
4823,9.133,MR,YCA1006-01-00,UIC1561-01-00 UIC1501-02-00 UIC2151-14-00 UIC1805-01-00,ECO1104-06-00 ECO1103-02-00,ME ME,18.0,금,2,0,1,4,2+1+2+1+2+1
4824,9.133,MR,YCA1006-02-00,UIC1561-01-00 UIC1501-02-00 UIC2151-14-00 UIC1805-01-00,ECO1104-06-00 ECO1103-02-00,ME ME,18.0,금,2,0,1,4,2+1+2+1+2+1
4825,9.125,Lang,YCA1006-02-00,QRM1001-01-00 UIC1561-01-00 UIC1351-02-00 UIC2151-14-00,ECO1101-06-00 QRM2004-01-00,ECO1101 ME,18.0,월,0,1,3,4+7,3+2
4826,9.125,Lang,YCA1006-02-00,QRM1001-01-00 UIC1561-01-00 UIC1501-01-00 UIC2151-14-00,ECO1101-06-00 QRM2004-01-00,ECO1101 ME,18.0,월,0,1,3,4+7,3+2
4827,9.125,MR,YCA1006-02-00,UIC1561-01-00 UIC1401-03-00 UIC2151-14-00 UIC1805-02-00,QRM2002-01-00 STA2102-05-00,ME ME,18.0,월,1,0,1,4+5,1+1
4828,9.125,MR,YCA1006-02-00,UIC1561-01-00 UIC1401-03-00 UIC2151-14-00 UIC1805-02-00,QRM2002-01-00 STA2102-05-00,ME ME,18.0,월,1,0,1,4+5,1+1
4829,9.125,Lang,YCA1006-01-00,QRM1001-01-00 UIC1561-01-00 ASP2022-01-00 UIC2151-10-00,ECO1103-02-00 QRM2004-01-00,ME ME,18.0,금,1,0,0,4+5+4,2+1+1+2
4830,9.125,Lang,YCA1006-01-00,QRM1001-01-00 UIC1561-01-00 ASP2022-01-00 UIC2151-04-00,ECO1103-02-00 QRM2004-01-00,ME ME,18.0,금,1,0,0,4+5+4,2+1+1+2
4831,9.1,MR,YCA1006-01-00,UIC1561-01-00 UIC1401-03-00 UIC2151-14-00 UIC1806-01-00,STA2102-04-00 QRM2004-01-00,ME ME,18.0,월,1,0,1,6,1+1+1
4832,9.1,MR,YCA1006-01-00,UIC1561-01-00 UIC1401-03-00 UIC2151-14-00 UIC1806-01-00,STA2102-04-00 QRM2004-01-00,ME ME,18.0,월,1,0,1,6,1+1+1
4833,9.1,MR,YCA1006-01-00,UIC1561-01-00 UIC1401-03-00 UIC2151-14-00 UIC1805-01-00,STA2102-04-00 QRM2004-01-00,ME ME,18.0,월,1,0,1,6,1+1+1
4834,9.1,MR,YCA1006-01-00,UIC1561-01-00 UIC1401-03-00 UIC2151-14-00 UIC1805-01-00,STA2102-04-00 QRM2004-01-00,ME ME,18.0,월,1,0,1,6,1+1+1
4835,9.099,-,YCA1006-01-00,QRM1001-01-00 UIC1561-01-00 ASP2022-01-00 UIC2151-12-00 UIC1806-01-00,ECO1101-06-00,ECO1101,18.0,월금,2,1,2,4+6,4+3+2
4836,9.099,-,YCA1006-01-00,QRM1001-01-00 UIC1561-01-00 ASP2022-01-00 UIC2151-12-00 UIC1805-01-00,ECO1101-06-00,ECO1101,18.0,월금,2,1,2,4+6,4+3+2
4837,9.099,-,YCA1006-01-00,QRM1001-01-00 UIC1561-01-00 ASP2022-01-00 UIC2151-12-00 UIC1805-01-00,ECO1101-06-00,ECO1101,18.0,월금,2,1,2,4+6,4+3+2
4838,9.099,-,YCA1006-01-00,QRM1001-01-00 UIC1561-01-00 ASP2022-01-00 UIC2151-12-00 UIC1806-01-00,ECO1101-06-00,ECO1101,18.0,월금,2,1,2,4+6,4+3+2
4839,9.09,Lang,-,QRM1001-01-00 UIC1561-01-00 ASP2033-01-00 UIC2151-14-00,ECO1101-06-00 CTM1001-02-00,ECO1101 FREE,18.0,월금,0,1,3,4,2+1+2
4840,9.09,MR,YCA1006-01-00,UIC1561-01-00 UIC1551-01-00 UIC2151-12-00 UIC1805-02-00,STA2102-04-00 YCI1901-01-00,ME FREE,18.0,월금,1,0,2,5,2+3+1
4841,9.09,MR,YCA1006-01-00,UIC1561-01-00 UIC1551-01-00 UIC2151-12-00 UIC1805-02-00,STA2102-04-00 YCI1901-01-00,ME FREE,18.0,월금,1,0,2,5,2+3+1
4842,9.083,MR,-,UIC1561-01-00 UIC1501-03-00 UIC2151-14-00 UIC1805-02-00,ECO1101-06-00 STA2102-04-00,ECO1101 ME,18.0,금,0,0,3,6+5,2
4843,9.083,MR,-,UIC1561-01-00 UIC1501-03-00 UIC2151-14-00 UIC1805-02-00,ECO1101-06-00 STA2102-04-00,ECO1101 ME,18.0,금,0,0,3,6+5,2
4844,9.075,MR,YCA1006-02-00,UIC1561-01-00 UIC1401-03-00 UIC1751-01-00 UIC1805-02-00,ECO1101-06-00 STA2102-04-00,ECO1101 ME,18.0,월,0,1,2,4+4,1+1+1+2
4845,9.075,MR,YCA1006-02-00,UIC1561-01-00 UIC1401-03-00 UIC1751-01-00 UIC1805-02-00,ECO1101-06-00 STA2102-04-00,ECO1101 ME,18.0,월,0,1,2,4+4,1+1+1+2
4846,9.075,MR,YCA1006-02-00,UIC1561-01-00 UIC1551-04-00 UIC1751-01-00 UIC1805-02-00,ECO1101-06-00 STA2102-04-00,ECO1101 ME,18.0,월,0,0,3,4+4,1+1+3+2
4847,9.075,MR,YCA1006-02-00,UIC1561-01-00 UIC1551-04-00 UIC1751-01-00 UIC1805-02-00,ECO1101-06-00 STA2102-04-00,ECO1101 ME,18.0,월,0,0,3,4+4,1+1+3+2
4848,9.058,MR,-,UIC1561-01-00 UIC1551-01-00 UIC2151-04-00 UIC1805-02-00,ECO1103-02-00 STA2102-04-00,ME ME,18.0,금,1,0,1,4,2+1+2+1
4849,9.058,MR,-,UIC1561-01-00 UIC1551-01-00 UIC2151-04-00 UIC1805-02-00,ECO1103-02-00 STA2102-04-00,ME ME,18.0,금,1,0,1,4,2+1+2+1
4850,9.058,MR,-,UIC1561-01-00 UIC1551-01-00 UIC2151-10-00 UIC1805-02-00,ECO1103-02-00 STA2102-04-00,ME ME,18.0,금,1,0,1,4,2+1+2+1
4851,9.058,MR,-,UIC1561-01-00 UIC1551-01-00 UIC2151-10-00 UIC1805-02-00,ECO1103-02-00 STA2102-04-00,ME ME,18.0,금,1,0,1,4,2+1+2+1
4852,9.04,MR,YCA1006-02-00,UIC1561-01-00 UIC1551-04-00 UIC2151-08-00 UIC1806-01-00,ECO1101-06-00 UCD1101-01-00,ECO1101 FREE,18.0,월금,1,0,4,4,1+1+1+2+2
4853,9.04,MR,YCA1006-02-00,UIC1561-01-00 UIC1551-01-00 UIC2151-06-00 UIC1805-01-00,ECO1101-06-00 YCI1901-01-00,ECO1101 FREE,18.0,월금,1,0,4,4,1+2+2+1+1
4854,9.04,MR,YCA1006-02-00,UIC1561-01-00 UIC1551-01-00 UIC2151-07-00 UIC1805-01-00,ECO1101-06-00 YCI1901-01-00,ECO1101 FREE,18.0,월금,1,0,4,4,1+2+2+1+1
4855,9.04,MR,YCA1006-02-00,UIC1561-01-00 UIC1551-04-00 UIC2151-05-00 UIC1805-02-00,ECO1101-06-00 UCD1101-01-00,ECO1101 FREE,18.0,월금,1,0,4,4,1+1+1+2+2
4856,9.04,MR,YCA1006-01-00,UIC1561-01-00 UIC1551-01-00 UIC2151-07-00 UIC1806-01-00,ECO1101-06-00 YCI1901-01-00,ECO1101 FREE,18.0,월금,1,0,4,4,1+2+2+1+1
4857,9.04,MR,YCA1006-02-00,UIC1561-01-00 UIC1551-04-00 UIC2151-09-00 UIC1806-01-00,ECO1101-06-00 UCD1101-01-00,ECO1101 FREE,18.0,월금,1,0,4,4,1+1+1+2+2
4858,9.04,MR,YCA1006-02-00,UIC1561-01-00 UIC1551-01-00 UIC2151-05-00 UIC1806-02-00,ECO1101-06-00 YCI1901-01-00,ECO1101 FREE,18.0,월금,1,0,4,4,1+2+2+1+1
4859,9.04,MR,YCA1006-01-00,UIC1561-01-00 UIC1551-01-00 UIC2151-06-00 UIC1805-01-00,ECO1101-06-00 YCI1901-01-00,ECO1101 FREE,18.0,월금,1,0,4,4,1+2+2+1+1
4860,9.04,MR,YCA1006-01-00,UIC1561-01-00 UIC1551-01-00 UIC2151-05-00 UIC1806-02-00,ECO1101-06-00 YCI1901-01-00,ECO1101 FREE,18.0,월금,1,0,4,4,1+2+2+1+1
4861,9.04,MR,YCA1006-02-00,UIC1561-01-00 UIC1551-04-00 UIC2151-08-00 UIC1805-01-00,ECO1101-06-00 UCD1101-01-00,ECO1101 FREE,18.0,월금,1,0,4,4,1+1+1+2+2
4862,9.04,MR,YCA1006-01-00,UIC1561-01-00 UIC1551-01-00 UIC2151-05-00 UIC1806-02-00,ECO1101-06-00 YCI1901-01-00,ECO1101 FREE,18.0,월금,1,0,4,4,1+2+2+1+1
4863,9.04,MR,YCA1006-02-00,UIC1561-01-00 UIC1551-01-00 UIC2151-06-00 UIC1805-01-00,ECO1101-06-00 YCI1901-01-00,ECO1101 FREE,18.0,월금,1,0,4,4,1+2+2+1+1
4864,9.04,MR,YCA1006-01-00,UIC1561-01-00 UIC1251-02-00 UIC2151-14-00 UIC1805-01-00,ECO1101-06-00 UCD1101-01-00,ECO1101 FREE,18.0,월금,1,0,4,4,1+2+2+1+1
4865,9.04,MR,YCA1006-02-00,UIC1561-01-00 UIC1551-04-00 UIC2151-08-00 UIC1805-01-00,ECO1101-06-00 UCD1101-01-00,ECO1101 FREE,18.0,월금,1,0,4,4,1+1+1+2+2
4866,9.04,MR,YCA1006-01-00,UIC1561-01-00 UIC1551-01-00 UIC2151-06-00 UIC1806-01-00,ECO1101-06-00 YCI1901-01-00,ECO1101 FREE,18.0,월금,1,0,4,4,1+2+2+1+1
4867,9.04,MR,YCA1006-01-00,UIC1561-01-00 UIC1551-01-00 UIC2151-07-00 UIC1806-01-00,ECO1101-06-00 YCI1901-01-00,ECO1101 FREE,18.0,월금,1,0,4,4,1+2+2+1+1
4868,9.04,MR,YCA1006-01-00,UIC1561-01-00 UIC1251-02-00 UIC2151-14-00 UIC1806-01-00,ECO1101-06-00 UCD1101-01-00,ECO1101 FREE,18.0,월금,1,0,4,4,1+2+2+1+1
4869,9.04,MR,YCA1006-02-00,UIC1561-01-00 UIC1551-04-00 UIC2151-09-00 UIC1806-01-00,ECO1101-06-00 UCD1101-01-00,ECO1101 FREE,18.0,월금,1,0,4,4,1+1+1+2+2
4870,9.04,MR,YCA1006-02-00,UIC1561-01-00 UIC1551-01-00 UIC2151-07-00 UIC1806-01-00,ECO1101-06-00 YCI1901-01-00,ECO1101 FREE,18.0,월금,1,0,4,4,1+2+2+1+1
4871,9.04,MR,YCA1006-02-00,UIC1561-01-00 UIC1251-02-00 UIC2151-14-00 UIC1805-01-00,ECO1101-06-00 UCD1101-01-00,ECO1101 FREE,18.0,월금,1,0,4,4,1+2+2+1+1
4872,9.04,MR,YCA1006-02-00,UIC1561-01-00 UIC1551-01-00 UIC2151-06-00 UIC1806-01-00,ECO1101-06-00 YCI1901-01-00,ECO1101 FREE,18.0,월금,1,0,4,4,1+2+2+1+1
4873,9.04,MR,YCA1006-02-00,UIC1561-01-00 UIC1551-04-00 UIC2151-05-00 UIC1805-02-00,ECO1101-06-00 UCD1101-01-00,ECO1101 FREE,18.0,월금,1,0,4,4,1+1+1+2+2
4874,9.04,MR,YCA1006-02-00,UIC1561-01-00 UIC1251-02-00 UIC2151-14-00 UIC1806-01-00,ECO1101-06-00 UCD1101-01-00,ECO1101 FREE,18.0,월금,1,0,4,4,1+2+2+1+1
4875,9.04,MR,YCA1006-02-00,UIC1561-01-00 UIC1551-04-00 UIC2151-09-00 UIC1805-01-00,ECO1101-06-00 UCD1101-01-00,ECO1101 FREE,18.0,월금,1,0,4,4,1+1+1+2+2
4876,9.04,MR,YCA1006-02-00,UIC1561-01-00 UIC1501-04-00 UIC2151-14-00 UIC1806-02-00,ECO1101-06-00 UCD1101-01-00,ECO1101 FREE,18.0,월금,1,0,4,4,1+2+2+1+1
4877,9.04,MR,YCA1006-02-00,UIC1561-01-00 UIC1501-04-00 UIC2151-14-00 UIC1806-02-00,ECO1101-06-00 UCD1101-01-00,ECO1101 FREE,18.0,월금,1,0,4,4,1+2+2+1+1
4878,9.04,MR,YCA1006-01-00,UIC1561-01-00 UIC1551-01-00 UIC2151-07-00 UIC1805-01-00,ECO1101-06-00 YCI1901-01-00,ECO1101 FREE,18.0,월금,1,0,4,4,1+2+2+1+1
4879,9.04,MR,YCA1006-02-00,UIC1561-01-00 UIC1551-01-00 UIC2151-06-00 UIC1806-01-00,ECO1101-06-00 YCI1901-01-00,ECO1101 FREE,18.0,월금,1,0,4,4,1+2+2+1+1
4880,9.04,MR,YCA1006-01-00,UIC1561-01-00 UIC1501-04-00 UIC2151-14-00 UIC1806-02-00,ECO1101-06-00 UCD1101-01-00,ECO1101 FREE,18.0,월금,1,0,4,4,1+2+2+1+1
4881,9.04,MR,YCA1006-02-00,UIC1561-01-00 UIC1551-01-00 UIC2151-05-00 UIC1806-02-00,ECO1101-06-00 YCI1901-01-00,ECO1101 FREE,18.0,월금,1,0,4,4,1+2+2+1+1
4882,9.04,MR,YCA1006-02-00,UIC1561-01-00 UIC1251-02-00 UIC2151-14-00 UIC1806-01-00,ECO1101-06-00 UCD1101-01-00,ECO1101 FREE,18.0,월금,1,0,4,4,1+2+2+1+1
4883,9.04,MR,YCA1006-01-00,UIC1561-01-00 UIC1251-02-00 UIC2151-14-00 UIC1805-01-00,ECO1101-06-00 UCD1101-01-00,ECO1101 FREE,18.0,월금,1,0,4,4,1+2+2+1+1
4884,9.04,MR,YCA1006-02-00,UIC1561-01-00 UIC1551-04-00 UIC2151-12-00 UIC1805-02-00,ECO1101-06-00 UCD1101-01-00,ECO1101 FREE,18.0,월금,1,0,4,4,1+1+3+2+2
4885,9.04,MR,YCA1006-01-00,UIC1561-01-00 UIC1551-01-00 UIC2151-07-00 UIC1805-01-00,ECO1101-06-00 YCI1901-01-00,ECO1101 FREE,18.0,월금,1,0,4,4,1+2+2+1+1
4886,9.04,MR,YCA1006-01-00,UIC1561-01-00 UIC1551-01-00 UIC2151-06-00 UIC1806-01-00,ECO1101-06-00 YCI1901-01-00,ECO1101 FREE,18.0,월금,1,0,4,4,1+2+2+1+1
4887,9.04,MR,YCA1006-02-00,UIC1561-01-00 UIC1551-01-00 UIC2151-07-00 UIC1805-01-00,ECO1101-06-00 YCI1901-01-00,ECO1101 FREE,18.0,월금,1,0,4,4,1+2+2+1+1
4888,9.04,MR,YCA1006-02-00,UIC1561-01-00 UIC1551-01-00 UIC2151-07-00 UIC1806-01-00,ECO1101-06-00 YCI1901-01-00,ECO1101 FREE,18.0,월금,1,0,4,4,1+2+2+1+1
4889,9.04,MR,YCA1006-02-00,UIC1561-01-00 UIC1251-02-00 UIC2151-14-00 UIC1805-01-00,ECO1101-06-00 UCD1101-01-00,ECO1101 FREE,18.0,월금,1,0,4,4,1+2+2+1+1
4890,9.04,MR,YCA1006-01-00,UIC1561-01-00 UIC1501-04-00 UIC2151-14-00 UIC1806-02-00,ECO1101-06-00 UCD1101-01-00,ECO1101 FREE,18.0,월금,1,0,4,4,1+2+2+1+1
4891,9.04,MR,YCA1006-02-00,UIC1561-01-00 UIC1551-04-00 UIC2151-09-00 UIC1805-01-00,ECO1101-06-00 UCD1101-01-00,ECO1101 FREE,18.0,월금,1,0,4,4,1+1+1+2+2
4892,9.04,MR,YCA1006-02-00,UIC1561-01-00 UIC1551-04-00 UIC2151-12-00 UIC1805-02-00,ECO1101-06-00 UCD1101-01-00,ECO1101 FREE,18.0,월금,1,0,4,4,1+1+3+2+2
4893,9.04,MR,YCA1006-01-00,UIC1561-01-00 UIC1551-01-00 UIC2151-06-00 UIC1805-01-00,ECO1101-06-00 YCI1901-01-00,ECO1101 FREE,18.0,월금,1,0,4,4,1+2+2+1+1
4894,9.04,MR,YCA1006-01-00,UIC1561-01-00 UIC1251-02-00 UIC2151-14-00 UIC1806-01-00,ECO1101-06-00 UCD1101-01-00,ECO1101 FREE,18.0,월금,1,0,4,4,1+2+2+1+1
4895,9.04,MR,YCA1006-02-00,UIC1561-01-00 UIC1551-04-00 UIC2151-08-00 UIC1806-01-00,ECO1101-06-00 UCD1101-01-00,ECO1101 FREE,18.0,월금,1,0,4,4,1+1+1+2+2
4896,9.015,MR,YCA1006-01-00,UIC1561-01-00 UIC1551-01-00 UIC2151-12-00 UIC1805-02-00,STA2102-05-00 YCK1998-03-00,ME FREE,18.0,월금,1,0,1,4,2+2+3
4897,9.015,MR,YCA1006-01-00,UIC1561-01-00 UIC1551-01-00 UIC2151-12-00 UIC1805-02-00,STA2102-05-00 YCK1998-03-00,ME FREE,18.0,월금,1,0,1,4,2+2+3
4898,8.99,MR,YCA1006-02-00,UIC1561-01-00 UIC1551-01-00 UIC2151-06-00 UIC1805-02-00,ECO1101-06-00 STA1002-04-00,ECO1101 FREE,18.0,월금,0,1,3,4+5,2+2+2+1
4899,8.99,MR,YCA1006-02-00,UIC1561-01-00 UIC1551-01-00 UIC2151-08-00 UIC1806-02-00,ECO1101-06-00 STA1002-04-00,ECO1101 FREE,18.0,월금,0,1,3,4+5,2+2+2+1
4900,8.99,MR,YCA1006-02-00,UIC1561-01-00 UIC1551-01-00 UIC2151-06-00 UIC1805-02-00,ECO1101-06-00 STA1002-04-00,ECO1101 FREE,18.0,월금,0,1,3,4+5,2+2+2+1
4901,8.99,MR,YCA1006-02-00,UIC1561-01-00 UIC1551-01-00 UIC2151-08-00 UIC1806-02-00,ECO1101-06-00 STA1002-04-00,ECO1101 FREE,18.0,월금,0,1,3,4+5,2+2+2+1
4902,8.99,MR,YCA1006-02-00,UIC1561-01-00 UIC1551-01-00 UIC2151-09-00 UIC1806-02-00,ECO1101-06-00 STA1002-04-00,ECO1101 FREE,18.0,월금,0,1,3,4+5,2+2+2+1
4903,8.99,MR,YCA1006-02-00,UIC1561-01-00 UIC1551-01-00 UIC2151-07-00 UIC1805-02-00,ECO1101-06-00 STA1002-04-00,ECO1101 FREE,18.0,월금,0,1,3,4+5,2+2+2+1
4904,8.99,MR,YCA1006-02-00,UIC1561-01-00 UIC1551-01-00 UIC2151-07-00 UIC1805-02-00,ECO1101-06-00 STA1002-04-00,ECO1101 FREE,18.0,월금,0,1,3,4+5,2+2+2+1
4905,8.99,MR,YCA1006-02-00,UIC1561-01-00 UIC1551-01-00 UIC2151-09-00 UIC1806-02-00,ECO1101-06-00 STA1002-04-00,ECO1101 FREE,18.0,월금,0,1,3,4+5,2+2+2+1
4906,8.99,MR,-,UIC1561-01-00 UIC1501-05-00 UIC2151-14-00 UIC1805-02-00,STA2102-04-00 QRM2001-01-00,ME ME,18.0,월수금,2,1,1,5+6,1
4907,8.99,MR,-,UIC1561-01-00 UIC1501-05-00 UIC2151-14-00 UIC1805-02-00,STA2102-04-00 QRM2001-01-00,ME ME,18.0,월수금,2,1,1,5+6,1
4908,8.982,Lang,-,QRM1001-01-00 UIC1561-01-00 ASP2033-01-00 UIC2151-12-00,STA2102-05-00 UCD1101-01-00,ME FREE,18.0,월금,1,0,1,4,2+1
4909,8.965,MR,YCA1006-02-00,UIC1561-01-00 UIC1401-02-00 UIC2151-14-00 UIC1806-01-00,ECO1104-06-00 ECO1101-06-00,ME ECO1101,18.0,월금,1,2,3,4+7+5,1+2
4910,8.965,MR,YCA1006-02-00,UIC1561-01-00 UIC1401-02-00 UIC2151-14-00 UIC1806-01-00,ECO1104-06-00 ECO1101-06-00,ME ECO1101,18.0,월금,1,2,3,4+7+5,1+2
4911,8.965,MR,YCA1006-02-00,UIC1561-01-00 UIC1401-02-00 UIC2151-14-00 UIC1805-01-00,ECO1104-06-00 ECO1101-06-00,ME ECO1101,18.0,월금,1,2,3,4+7+5,1+2
4912,8.965,MR,YCA1006-02-00,UIC1561-01-00 UIC1501-04-00 UIC2151-14-00 UIC1805-02-00,ECO1104-06-00 ECO1101-06-00,ME ECO1101,18.0,월금,1,2,3,4+7+5,1+2
4913,8.965,MR,YCA1006-02-00,UIC1561-01-00 UIC1501-04-00 UIC2151-14-00 UIC1805-02-00,ECO1104-06-00 ECO1101-06-00,ME ECO1101,18.0,월금,1,2,3,4+7+5,1+2
4914,8.965,MR,YCA1006-02-00,UIC1561-01-00 UIC1401-02-00 UIC2151-14-00 UIC1805-01-00,ECO1104-06-00 ECO1101-06-00,ME ECO1101,18.0,월금,1,2,3,4+7+5,1+2
4915,8.965,Lang,YCA1006-02-00,QRM1001-01-00 UIC1561-01-00 UIC1551-01-00 UIC2151-12-00,ECO1101-06-00 UCB1105-02-00,ECO1101 FREE,18.0,월금,1,0,3,4+6,3+3+2
4916,8.958,MR,YCA1006-01-00,UIC1561-01-00 UIC1551-01-00 UIC2151-11-00 UIC1805-02-00,ECO1101-06-00 QRM2001-01-00,ECO1101 ME,18.0,금,1,0,3,6,2+2+3
4917,8.958,MR,YCA1006-01-00,UIC1561-01-00 UIC1551-01-00 UIC2151-11-00 UIC1805-02-00,ECO1101-06-00 QRM2001-01-00,ECO1101 ME,18.0,금,1,0,3,6,2+2+3
4918,8.94,MR,-,UIC1561-01-00 UIC1401-02-00 UIC2151-12-00 UIC1806-02-00,STA2102-05-00 YCK1998-03-00,ME FREE,18.0,월금,1,0,0,4,2
4919,8.94,MR,-,UIC1561-01-00 UIC1251-02-00 UIC2151-12-00 UIC1805-02-00,STA2102-05-00 YCK1998-03-00,ME FREE,18.0,월금,1,0,0,4,2
4920,8.94,MR,-,UIC1561-01-00 UIC1401-02-00 UIC2151-12-00 UIC1806-02-00,STA2102-05-00 YCK1998-03-00,ME FREE,18.0,월금,1,0,0,4,2
4921,8.94,MR,-,UIC1561-01-00 UIC1251-02-00 UIC2151-12-00 UIC1805-02-00,STA2102-05-00 YCK1998-03-00,ME FREE,18.0,월금,1,0,0,4,2
4922,8.933,MR,YCA1006-02-00,UIC1561-01-00 ASP2022-01-00 UIC2151-10-00 UIC1806-02-00,STA2102-05-00 QRM2001-01-00,ME ME,18.0,금,1,1,0,6,1+2+1+1
4923,8.933,MR,YCA1006-02-00,UIC1561-01-00 ASP2022-01-00 UIC2151-04-00 UIC1806-02-00,STA2102-05-00 QRM2001-01-00,ME ME,18.0,금,1,1,0,6,1+2+1+1
4924,8.933,MR,YCA1006-02-00,UIC1561-01-00 ASP2022-01-00 UIC2151-04-00 UIC1806-02-00,STA2102-05-00 QRM2001-01-00,ME ME,18.0,금,1,1,0,6,1+2+1+1
4925,8.933,MR,YCA1006-01-00,UIC1561-01-00 ASP2022-01-00 UIC2151-04-00 UIC1806-02-00,STA2102-05-00 QRM2001-01-00,ME ME,18.0,금,1,1,0,6,1+2+1+1
4926,8.933,MR,YCA1006-02-00,UIC1561-01-00 ASP2022-01-00 UIC2151-10-00 UIC1806-02-00,STA2102-05-00 QRM2001-01-00,ME ME,18.0,금,1,1,0,6,1+2+1+1
4927,8.933,MR,YCA1006-01-00,UIC1561-01-00 ASP2022-01-00 UIC2151-10-00 UIC1806-02-00,STA2102-05-00 QRM2001-01-00,ME ME,18.0,금,1,1,0,6,1+2+1+1
4928,8.933,MR,YCA1006-01-00,UIC1561-01-00 ASP2022-01-00 UIC2151-04-00 UIC1806-02-00,STA2102-05-00 QRM2001-01-00,ME ME,18.0,금,1,1,0,6,1+2+1+1
4929,8.933,MR,YCA1006-01-00,UIC1561-01-00 ASP2022-01-00 UIC2151-10-00 UIC1806-02-00,STA2102-05-00 QRM2001-01-00,ME ME,18.0,금,1,1,0,6,1+2+1+1
4930,8.929,Lang,YCA1006-02-00,QRM1001-01-00 UIC1561-01-00 UIC1551-01-00 UIC2151-12-00,STA2102-05-00 SED3007-01-00,ME FREE,18.0,월금,1,0,1,4,1+2+1
4931,8.925,MR,YCA1006-01-00,UIC1561-01-00 UIC1551-04-00 UIC2151-04-00 UIC1805-02-00,ECO1104-06-00 QRM2102-01-00,ME ME,18.0,,0,0,1,4,2+1+1+2
4932,8.925,MR,YCA1006-02-00,UIC1561-01-00 UIC1401-03-00 UIC2151-12-00 UIC1806-02-00,QRM2002-01-00 STA2102-05-00,ME ME,18.0,월,2,0,0,4,1+1
4933,8.925,MR,YCA1006-01-00,UIC1561-01-00 ASP2022-01-00 UIC1751-01-00 UIC1805-01-00,ECO1104-06-00 STA2102-05-00,ME ME,18.0,월,1,0,0,4,1+2+2+1
4934,8.925,MR,YCA1006-01-00,UIC1561-01-00 UIC1551-01-00 UIC2151-04-00 UIC1805-02-00,ECO1104-06-00 QRM2102-01-00,ME ME,18.0,,0,0,1,4,2+1+2+1
4935,8.925,MR,YCA1006-02-00,UIC1561-01-00 ASP2022-01-00 UIC1751-01-00 UIC1805-01-00,ECO1104-06-00 STA2102-05-00,ME ME,18.0,월,1,0,0,4,1+2+2+1
4936,8.925,MR,YCA1006-02-00,UIC1561-01-00 ASP2022-01-00 UIC1751-01-00 UIC1805-01-00,ECO1104-06-00 STA2102-05-00,ME ME,18.0,월,1,0,0,4,1+2+2+1
4937,8.925,MR,YCA1006-01-00,UIC1561-01-00 UIC1551-01-00 UIC2151-10-00 UIC1805-02-00,ECO1104-06-00 QRM2102-01-00,ME ME,18.0,,0,0,1,4,2+1+2+1
4938,8.925,MR,YCA1006-02-00,UIC1561-01-00 UIC1401-03-00 UIC2151-12-00 UIC1806-02-00,QRM2002-01-00 STA2102-05-00,ME ME,18.0,월,2,0,0,4,1+1
4939,8.925,MR,YCA1006-01-00,UIC1561-01-00 UIC1551-04-00 UIC2151-10-00 UIC1805-02-00,ECO1104-06-00 QRM2102-01-00,ME ME,18.0,,0,0,1,4,2+1+1+2
4940,8.925,MR,YCA1006-02-00,UIC1561-01-00 ASP2022-01-00 UIC1751-01-00 UIC1806-01-00,ECO1104-06-00 STA2102-05-00,ME ME,18.0,월,1,0,0,4,1+2+2+1
4941,8.925,MR,YCA1006-01-00,UIC1561-01-00 UIC1551-01-00 UIC2151-04-00 UIC1805-02-00,ECO1104-06-00 QRM2102-01-00,ME ME,18.0,,0,0,1,4,2+1+2+1
4942,8.925,MR,YCA1006-01-00,UIC1561-01-00 ASP2022-01-00 UIC1751-01-00 UIC1806-01-00,ECO1104-06-00 STA2102-05-00,ME ME,18.0,월,1,0,0,4,1+2+2+1
4943,8.925,MR,YCA1006-02-00,UIC1561-01-00 ASP2022-01-00 UIC1751-01-00 UIC1806-01-00,ECO1104-06-00 STA2102-05-00,ME ME,18.0,월,1,0,0,4,1+2+2+1
4944,8.925,MR,YCA1006-01-00,UIC1561-01-00 UIC1551-01-00 UIC2151-10-00 UIC1805-02-00,ECO1104-06-00 QRM2102-01-00,ME ME,18.0,,0,0,1,4,2+1+2+1
4945,8.925,MR,YCA1006-01-00,UIC1561-01-00 ASP2022-01-00 UIC1751-01-00 UIC1805-01-00,ECO1104-06-00 STA2102-05-00,ME ME,18.0,월,1,0,0,4,1+2+2+1
4946,8.925,MR,YCA1006-01-00,UIC1561-01-00 UIC1551-04-00 UIC2151-04-00 UIC1805-02-00,ECO1104-06-00 QRM2102-01-00,ME ME,18.0,,0,0,1,4,2+1+1+2
4947,8.925,MR,YCA1006-01-00,UIC1561-01-00 ASP2022-01-00 UIC1751-01-00 UIC1806-01-00,ECO1104-06-00 STA2102-05-00,ME ME,18.0,월,1,0,0,4,1+2+2+1
4948,8.925,MR,YCA1006-01-00,UIC1561-01-00 UIC1551-04-00 UIC2151-10-00 UIC1805-02-00,ECO1104-06-00 QRM2102-01-00,ME ME,18.0,,0,0,1,4,2+1+1+2
4949,8.917,Lang,YCA1006-02-00,QRM1001-01-00 UIC1561-01-00 UIC1551-01-00 UIC1751-01-00,STA2102-05-00 YCE1253-01-00,ME FREE,18.0,월,0,0,1,4,1+2+1
4950,8.9,MR,YCA1006-02-00,UIC1561-01-00 UIC1501-01-00 UIC2151-14-00 UIC1805-02-00,ECO1101-06-00 STA2102-04-00,ECO1101 ME,18.0,월,0,0,3,4+5,1+3+2
4951,8.9,MR,YCA1006-02-00,UIC1561-01-00 UIC1351-02-00 UIC2151-14-00 UIC1805-02-00,ECO1101-06-00 STA2102-04-00,ECO1101 ME,18.0,월,0,0,3,4+5,1+3+2
4952,8.9,MR,YCA1006-02-00,UIC1561-01-00 UIC1351-02-00 UIC2151-14-00 UIC1805-02-00,ECO1101-06-00 STA2102-04-00,ECO1101 ME,18.0,월,0,0,3,4+5,1+3+2
4953,8.9,MR,YCA1006-02-00,UIC1561-01-00 UIC1501-01-00 UIC2151-14-00 UIC1805-02-00,ECO1101-06-00 STA2102-04-00,ECO1101 ME,18.0,월,0,0,3,4+5,1+3+2
4954,8.894,MR,YCA1006-01-00,UIC1561-01-00 UIC1551-01-00 UIC2151-06-00 UIC1805-02-00,STA2102-05-00 ANT2105-01-00,ME FREE,18.0,월금,0,0,2,4+4+5,1+1
4955,8.894,MR,YCA1006-01-00,UIC1561-01-00 UIC1551-04-00 UIC2151-07-00 UIC1805-02-00,STA2102-05-00 ANT2105-01-00,ME FREE,18.0,월금,0,0,2,4+5+4,1+1
4956,8.894,MR,YCA1006-01-00,UIC1561-01-00 UIC1551-04-00 UIC2151-08-00 UIC1806-02-00,STA2102-05-00 ANT2105-01-00,ME FREE,18.0,월금,0,0,2,4+5+4,1+1
4957,8.894,MR,YCA1006-01-00,UIC1561-01-00 UIC1551-01-00 UIC2151-07-00 UIC1805-02-00,STA2102-05-00 ANT2105-01-00,ME FREE,18.0,월금,0,0,2,4+4+5,1+1
4958,8.894,MR,YCA1006-01-00,UIC1561-01-00 UIC1551-04-00 UIC2151-07-00 UIC1805-02-00,STA2102-05-00 ANT2105-01-00,ME FREE,18.0,월금,0,0,2,4+5+4,1+1
4959,8.894,MR,YCA1006-01-00,UIC1561-01-00 UIC1551-01-00 UIC2151-08-00 UIC1806-02-00,STA2102-05-00 ANT2105-01-00,ME FREE,18.0,월금,0,0,2,4+4+5,1+1
4960,8.894,MR,YCA1006-01-00,UIC1561-01-00 UIC1551-04-00 UIC2151-08-00 UIC1806-02-00,STA2102-05-00 ANT2105-01-00,ME FREE,18.0,월금,0,0,2,4+5+4,1+1
4961,8.894,MR,YCA1006-01-00,UIC1561-01-00 UIC1551-01-00 UIC2151-07-00 UIC1805-02-00,STA2102-05-00 ANT2105-01-00,ME FREE,18.0,월금,0,0,2,4+4+5,1+1
4962,8.894,MR,YCA1006-01-00,UIC1561-01-00 UIC1551-04-00 UIC2151-06-00 UIC1805-02-00,STA2102-05-00 ANT2105-01-00,ME FREE,18.0,월금,0,0,2,4+5+4,1+1
4963,8.894,MR,YCA1006-01-00,UIC1561-01-00 UIC1551-04-00 UIC2151-06-00 UIC1805-02-00,STA2102-05-00 ANT2105-01-00,ME FREE,18.0,월금,0,0,2,4+5+4,1+1
4964,8.894,MR,YCA1006-01-00,UIC1561-01-00 UIC1551-01-00 UIC2151-08-00 UIC1806-02-00,STA2102-05-00 ANT2105-01-00,ME FREE,18.0,월금,0,0,2,4+4+5,1+1
4965,8.894,MR,YCA1006-01-00,UIC1561-01-00 UIC1551-01-00 UIC2151-06-00 UIC1805-02-00,STA2102-05-00 ANT2105-01-00,ME FREE,18.0,월금,0,0,2,4+4+5,1+1
4966,8.894,MR,YCA1006-01-00,UIC1561-01-00 UIC1551-04-00 UIC2151-09-00 UIC1806-02-00,STA2102-05-00 ANT2105-01-00,ME FREE,18.0,월금,0,0,2,4+5+4,1+1
4967,8.894,MR,YCA1006-01-00,UIC1561-01-00 UIC1551-04-00 UIC2151-09-00 UIC1806-02-00,STA2102-05-00 ANT2105-01-00,ME FREE,18.0,월금,0,0,2,4+5+4,1+1
4968,8.894,MR,YCA1006-01-00,UIC1561-01-00 UIC1551-01-00 UIC2151-09-00 UIC1806-02-00,STA2102-05-00 ANT2105-01-00,ME FREE,18.0,월금,0,0,2,4+4+5,1+1
4969,8.894,MR,YCA1006-01-00,UIC1561-01-00 UIC1551-01-00 UIC2151-09-00 UIC1806-02-00,STA2102-05-00 ANT2105-01-00,ME FREE,18.0,월금,0,0,2,4+4+5,1+1
4970,8.89,MR,YCA1006-02-00,UIC1561-01-00 UIC1551-01-00 UIC2151-12-00 UIC1805-01-00,QRM2004-01-00 STA2102-05-00,ME ME,18.0,월금,2,1,1,4+5,1+2+4
4971,8.89,MR,YCA1006-02-00,UIC1561-01-00 UIC1551-01-00 UIC2151-12-00 UIC1806-01-00,QRM2004-01-00 STA2102-05-00,ME ME,18.0,월금,2,1,1,4+5,1+2+4
4972,8.89,MR,YCA1006-02-00,UIC1561-01-00 UIC1551-01-00 UIC2151-12-00 UIC1806-01-00,QRM2004-01-00 STA2102-05-00,ME ME,18.0,월금,2,1,1,4+5,1+2+4
4973,8.89,MR,YCA1006-02-00,UIC1561-01-00 UIC1551-01-00 UIC2151-12-00 UIC1805-01-00,QRM2004-01-00 STA2102-05-00,ME ME,18.0,월금,2,1,1,4+5,1+2+4
4974,8.883,MR,-,UIC1561-01-00 UIC1551-03-00 UIC2151-14-00 UIC1805-02-00,ECO1104-06-00 ECO1101-06-00,ME ECO1101,18.0,금,0,0,3,4+6,2+2+2
4975,8.883,MR,-,UIC1561-01-00 UIC1501-02-00 UIC2151-14-00 UIC1805-02-00,ECO1104-06-00 ECO1101-06-00,ME ECO1101,18.0,금,0,0,3,4+6,2+2+2
4976,8.883,MR,-,UIC1561-01-00 UIC1501-02-00 UIC2151-14-00 UIC1805-02-00,ECO1104-06-00 ECO1101-06-00,ME ECO1101,18.0,금,0,0,3,4+6,2+2+2
4977,8.883,MR,-,UIC1561-01-00 UIC1551-03-00 UIC2151-14-00 UIC1805-02-00,ECO1104-06-00 ECO1101-06-00,ME ECO1101,18.0,금,0,0,3,4+6,2+2+2
4978,8.882,Lang,-,QRM1001-01-00 UIC1561-01-00 UIC1401-03-00 UIC2151-12-00,ECO1101-06-00 SED2104-01-00,ECO1101 FREE,18.0,월화,1,0,3,4,1+1+1+1
4979,8.865,MR,-,UIC1561-01-00 UIC1551-01-00 UIC2151-12-00 UIC1805-02-00,STA2102-05-00 QRM2001-01-00,ME ME,18.0,월금,2,0,1,4,3+2+3
4980,8.865,MR,-,UIC1561-01-00 UIC1551-01-00 UIC2151-12-00 UIC1805-02-00,STA2102-05-00 QRM2001-01-00,ME ME,18.0,월금,2,0,1,4,3+2+3
4981,8.858,MR,YCA1006-01-00,UIC1561-01-00 ASP2022-01-00 UIC2151-10-00 UIC1805-02-00,ECO1104-06-00 ECO1101-06-00,ME ECO1101,18.0,금,0,0,2,4+5+4,2+1+2+2
4982,8.858,MR,YCA1006-01-00,UIC1561-01-00 ASP2022-01-00 UIC2151-04-00 UIC1805-02-00,ECO1104-06-00 ECO1101-06-00,ME ECO1101,18.0,금,0,0,2,4+5+4,2+1+2+2
4983,8.858,MR,YCA1006-01-00,UIC1561-01-00 ASP2022-01-00 UIC2151-10-00 UIC1805-02-00,ECO1104-06-00 ECO1101-06-00,ME ECO1101,18.0,금,0,0,2,4+5+4,2+1+2+2
4984,8.858,MR,YCA1006-01-00,UIC1561-01-00 ASP2022-01-00 UIC2151-04-00 UIC1805-02-00,ECO1104-06-00 ECO1101-06-00,ME ECO1101,18.0,금,0,0,2,4+5+4,2+1+2+2
4985,8.84,MR,YCA1006-01-00,UIC1561-01-00 UIC1251-02-00 UIC2151-14-00 UIC1805-02-00,ECO1101-06-00 SED2104-01-00,ECO1101 FREE,18.0,월금,0,0,4,4+6,1+1+1
4986,8.84,MR,YCA1006-01-00,UIC1561-01-00 UIC1401-02-00 UIC2151-14-00 UIC1806-02-00,ECO1101-06-00 SED2104-01-00,ECO1101 FREE,18.0,월금,0,0,4,4+6,1+1+1
4987,8.84,MR,YCA1006-01-00,UIC1561-01-00 UIC1251-02-00 UIC2151-14-00 UIC1805-02-00,ECO1101-06-00 SED2104-01-00,ECO1101 FREE,18.0,월금,0,0,4,4+6,1+1+1
4988,8.84,MR,YCA1006-01-00,UIC1561-01-00 UIC1401-02-00 UIC2151-14-00 UIC1806-02-00,ECO1101-06-00 SED2104-01-00,ECO1101 FREE,18.0,월금,0,0,4,4+6,1+1+1
4989,8.84,MR,YCA1006-01-00,UIC1561-01-00 UIC1551-04-00 UIC2151-08-00 UIC1806-02-00,ECO1101-06-00 SED2104-01-00,ECO1101 FREE,18.0,월금,0,0,4,4+6,1+1+1
4990,8.84,MR,YCA1006-01-00,UIC1561-01-00 UIC1551-04-00 UIC2151-06-00 UIC1805-02-00,ECO1101-06-00 SED2104-01-00,ECO1101 FREE,18.0,월금,0,0,4,4+6,1+1+1
4991,8.84,MR,YCA1006-01-00,UIC1561-01-00 UIC1551-04-00 UIC2151-08-00 UIC1806-02-00,ECO1101-06-00 SED2104-01-00,ECO1101 FREE,18.0,월금,0,0,4,4+6,1+1+1
4992,8.84,MR,YCA1006-01-00,UIC1561-01-00 UIC1551-04-00 UIC2151-09-00 UIC1806-02-00,ECO1101-06-00 SED2104-01-00,ECO1101 FREE,18.0,월금,0,0,4,4+6,1+1+1
4993,8.84,MR,YCA1006-01-00,UIC1561-01-00 UIC1551-04-00 UIC2151-09-00 UIC1806-02-00,ECO1101-06-00 SED2104-01-00,ECO1101 FREE,18.0,월금,0,0,4,4+6,1+1+1
4994,8.84,MR,YCA1006-01-00,UIC1561-01-00 UIC1551-04-00 UIC2151-07-00 UIC1805-02-00,ECO1101-06-00 SED2104-01-00,ECO1101 FREE,18.0,월금,0,0,4,4+6,1+1+1
4995,8.84,MR,YCA1006-01-00,UIC1561-01-00 UIC1551-04-00 UIC2151-07-00 UIC1805-02-00,ECO1101-06-00 SED2104-01-00,ECO1101 FREE,18.0,월금,0,0,4,4+6,1+1+1
4996,8.84,MR,YCA1006-01-00,UIC1561-01-00 UIC1551-04-00 UIC2151-06-00 UIC1805-02-00,ECO1101-06-00 SED2104-01-00,ECO1101 FREE,18.0,월금,0,0,4,4+6,1+1+1
4997,8.833,MR,YCA1006-01-00,UIC1561-01-00 UIC1501-03-00 UIC2151-10-00 UIC1805-02-00,ECO1104-06-00 ECO1103-02-00,ME ME,18.0,금,1,1,0,8,1+1+1
4998,8.833,MR,YCA1006-01-00,UIC1561-01-00 UIC1501-03-00 UIC2151-10-00 UIC1805-02-00,ECO1104-06-00 ECO1103-02-00,ME ME,18.0,금,1,1,0,8,1+1+1
4999,8.833,MR,YCA1006-01-00,UIC1561-01-00 UIC1551-03-00 UIC2151-11-00 UIC1805-02-00,ECO1104-06-00 ECO1103-02-00,ME ME,18.0,금,1,1,0,8,1+1+1
5000,8.833,MR,YCA1006-01-00,UIC1561-01-00 UIC1551-03-00 UIC2151-11-00 UIC1805-02-00,ECO1104-06-00 ECO1103-02-00,ME ME,18.0,금,1,1,0,8,1+1+1
